// Auto-generated asset data (batch 2)
// Generated by tools/pc/gen_asset_data.py

unsigned short ui_status_pow_star_6_pal[] = {0xB512, 0x0001, 0x0001, 0x0001, 0x0001, 0x0001, 0x0001, 0x0001, 0x0001, 0xD553, 0xD553, 0x8393, 0xC035, 0xE8FF, 0xF2BF, 0x0001};
unsigned char ui_status_pow_star_7_png[] = {
    0x00, 0x0C, 0xA0, 0x00, 0x00, 0xCE, 0xCA, 0x00, 0xDE, 0xEE, 0xEE, 0xDA, 0xBC, 0xED, 0xEC, 0xBB,
    0x0D, 0xDD, 0xDD, 0xBA, 0x0D, 0xCB, 0xCD, 0xBA, 0x0C, 0xBB, 0xAC, 0xBA, 0x00, 0xBA, 0x00, 0xBA,
};
unsigned short ui_status_pow_star_7_pal[] = {0xB512, 0x0001, 0x0001, 0x0001, 0x0001, 0x0001, 0x0001, 0x0001, 0xC515, 0xD553, 0xD553, 0x738D, 0xD141, 0xF981, 0xFB57, 0x0001};
unsigned char ui_status_pow_star_empty_png[] = {
    0x00, 0x00, 0x00, 0x00, 0x00, 0x00, 0xBA, 0x00, 0x00, 0x0B, 0xBB, 0xA0, 0x0B, 0xBB, 0xBB, 0xBB,
    0x00, 0xBB, 0xBB, 0xB0, 0x00, 0xBB, 0xBB, 0xB0, 0x00, 0xBB, 0x0B, 0xB0, 0x00, 0xB0, 0x00, 0xB0,
};
unsigned short ui_status_pow_star_empty_pal[] = {0xB512, 0xB513, 0x0001, 0x0001, 0x0001, 0x0001, 0x0001, 0x0001, 0x0001, 0xD553, 0xD553, 0x9B8B, 0x3641, 0x3743, 0x67CB, 0x0001};
unsigned char ui_status_coin_0_png[] = {
    0x00, 0x00, 0x00, 0x00, 0x00, 0x00, 0x00, 0x00, 0x00, 0x00, 0x04, 0x33, 0x40, 0x00, 0x00, 0x00,
    0x00, 0x04, 0x33, 0x33, 0x33, 0x40, 0x00, 0x00, 0x00, 0x43, 0x33, 0x33, 0x33, 0x34, 0x00, 0x00,
    0x00, 0x22, 0x27, 0x22, 0x12, 0x22, 0x00, 0x00, 0x03, 0x22, 0x27, 0x22, 0x12, 0x22, 0x30, 0x00,
    0x03, 0x33, 0x37, 0x33, 0x13, 0x33, 0x30, 0x00, 0x04, 0x44, 0x47, 0x44, 0x14, 0x44, 0x40, 0x00,
    0x04, 0x44, 0x47, 0x44, 0x14, 0x44, 0x50, 0x00, 0x00, 0x55, 0x57, 0x55, 0x15, 0x45, 0x00, 0x00,
    0x00, 0x65, 0x56, 0x11, 0x15, 0x56, 0x00, 0x00, 0x00, 0x06, 0x55, 0x55, 0x55, 0x60, 0x00, 0x00,
    0x00, 0x00, 0x0A, 0x55, 0xA0, 0x00, 0x00, 0x00, 0x00, 0x00, 0x00, 0x00, 0x00, 0x00, 0x00, 0x00,
    0x00, 0x00, 0x00, 0x00, 0x00, 0x00, 0x00, 0x00, 0x00, 0x00, 0x00, 0x00, 0x00, 0x00, 0x00, 0x00,
};
unsigned short ui_status_coin_0_pal[] = {0x294A, 0xE739, 0xEED5, 0xE64F, 0xE5CD, 0xDD49, 0xBC49, 0xAB87, 0x92C7, 0x6A09, 0xC4CB, 0x8289, 0x0001, 0x0001, 0x0001, 0x0001};
unsigned char ui_status_coin_1_png[] = {
    0x00, 0x00, 0x00, 0x00, 0x00, 0x00, 0x00, 0x00, 0x00, 0x00, 0x0A, 0x44, 0x56, 0x00, 0x00, 0x00,
    0x00, 0x00, 0x44, 0x44, 0x45, 0x60, 0x00, 0x00, 0x00, 0x03, 0x33, 0x33, 0x33, 0x66, 0x00, 0x00,
    0x00, 0x02, 0x22, 0x71, 0x22, 0x66, 0x00, 0x00, 0x00, 0x42, 0x22, 0x61, 0x22, 0x36, 0x60, 0x00,
    0x00, 0x43, 0x33, 0x61, 0x33, 0x36, 0x60, 0x00, 0x00, 0x54, 0x44, 0x61, 0x44, 0x46, 0x60, 0x00,
    0x00, 0x54, 0x44, 0x61, 0x44, 0x46, 0x60, 0x00, 0x00, 0x05, 0x55, 0x61, 0x55, 0x66, 0x00, 0x00,
    0x00, 0x0A, 0x55, 0x61, 0x55, 0x66, 0x00, 0x00, 0x00, 0x00, 0xA5, 0x55, 0x55, 0x60, 0x00, 0x00,
    0x00, 0x00, 0x06, 0x55, 0x60, 0x00, 0x00, 0x00, 0x00, 0x00, 0x00, 0x00, 0x00, 0x00, 0x00, 0x00,
    0x00, 0x00, 0x00, 0x00, 0x00, 0x00, 0x00, 0x00, 0x00, 0x00, 0x00, 0x00, 0x00, 0x00, 0x00, 0x00,
};
unsigned short ui_status_coin_1_pal[] = {0x294A, 0xE739, 0xEED5, 0xE64F, 0xE5CD, 0xDD49, 0xBC49, 0xAB87, 0x92C7, 0x6A09, 0xC4CB, 0x8289, 0x0001, 0x0001, 0x0001, 0x0001};
unsigned char ui_status_coin_2_png[] = {
    0x00, 0x00, 0x00, 0x00, 0x00, 0x00, 0x00, 0x00, 0x00, 0x00, 0x04, 0x24, 0x60, 0x00, 0x00, 0x00,
    0x00, 0x00, 0x42, 0x22, 0x46, 0x00, 0x00, 0x00, 0x00, 0x00, 0x22, 0x22, 0x26, 0x60, 0x00, 0x00,
    0x00, 0x02, 0x22, 0x42, 0x24, 0x60, 0x00, 0x00, 0x00, 0x02, 0x22, 0x42, 0x11, 0x66, 0x00, 0x00,
    0x00, 0x02, 0x22, 0x41, 0x11, 0x66, 0x00, 0x00, 0x00, 0x02, 0x22, 0x31, 0x11, 0x66, 0x00, 0x00,
    0x00, 0x02, 0x22, 0x31, 0x11, 0x66, 0x00, 0x00, 0x00, 0x02, 0x21, 0x31, 0x14, 0x60, 0x00, 0x00,
    0x00, 0x00, 0x11, 0x31, 0x16, 0x60, 0x00, 0x00, 0x00, 0x00, 0x11, 0x11, 0x46, 0x00, 0x00, 0x00,
    0x00, 0x00, 0x0A, 0x24, 0x60, 0x00, 0x00, 0x00, 0x00, 0x00, 0x00, 0x00, 0x00, 0x00, 0x00, 0x00,
    0x00, 0x00, 0x00, 0x00, 0x00, 0x00, 0x00, 0x00, 0x00, 0x00, 0x00, 0x00, 0x00, 0x00, 0x00, 0x00,
};
unsigned short ui_status_coin_2_pal[] = {0x294A, 0xE739, 0xEED5, 0xE64F, 0xE5CD, 0xDD49, 0xBC49, 0xAB87, 0x92C7, 0x6A09, 0xC4CB, 0x8289, 0x0001, 0x0001, 0x0001, 0x0001};
unsigned char ui_status_coin_3_png[] = {
    0x00, 0x00, 0x00, 0x00, 0x00, 0x00, 0x00, 0x00, 0x00, 0x00, 0x04, 0x26, 0x00, 0x00, 0x00, 0x00,
    0x00, 0x00, 0x01, 0x26, 0x60, 0x00, 0x00, 0x00, 0x00, 0x00, 0x11, 0x15, 0x66, 0x00, 0x00, 0x00,
    0x00, 0x00, 0x11, 0x11, 0x66, 0x00, 0x00, 0x00, 0x00, 0x00, 0x11, 0x11, 0x66, 0x00, 0x00, 0x00,
    0x00, 0x00, 0x11, 0x11, 0x66, 0x00, 0x00, 0x00, 0x00, 0x00, 0x12, 0x11, 0x66, 0x00, 0x00, 0x00,
    0x00, 0x00, 0x12, 0x12, 0x66, 0x00, 0x00, 0x00, 0x00, 0x00, 0x12, 0x22, 0x66, 0x00, 0x00, 0x00,
    0x00, 0x00, 0x12, 0x25, 0x66, 0x00, 0x00, 0x00, 0x00, 0x00, 0x02, 0x26, 0x60, 0x00, 0x00, 0x00,
    0x00, 0x00, 0x05, 0x26, 0x00, 0x00, 0x00, 0x00, 0x00, 0x00, 0x00, 0x00, 0x00, 0x00, 0x00, 0x00,
    0x00, 0x00, 0x00, 0x00, 0x00, 0x00, 0x00, 0x00, 0x00, 0x00, 0x00, 0x00, 0x00, 0x00, 0x00, 0x00,
};
unsigned short ui_status_coin_3_pal[] = {0x294A, 0xE739, 0xEED5, 0xE64F, 0xE5CD, 0xDD49, 0xBC49, 0xAB87, 0x92C7, 0x6A09, 0xC4CB, 0x8289, 0x0001, 0x0001, 0x0001, 0x0001};
unsigned char ui_status_coin_4_png[] = {
    0x00, 0x00, 0x00, 0x00, 0x00, 0x00, 0x00, 0x00, 0x00, 0x00, 0x06, 0x46, 0x00, 0x00, 0x00, 0x00,
    0x00, 0x00, 0x04, 0x46, 0x60, 0x00, 0x00, 0x00, 0x00, 0x00, 0x33, 0x3A, 0x66, 0x00, 0x00, 0x00,
    0x00, 0x00, 0x22, 0x12, 0x66, 0x00, 0x00, 0x00, 0x00, 0x00, 0x22, 0x12, 0x66, 0x00, 0x00, 0x00,
    0x00, 0x00, 0x33, 0x23, 0x66, 0x00, 0x00, 0x00, 0x00, 0x00, 0x44, 0x24, 0x66, 0x00, 0x00, 0x00,
    0x00, 0x00, 0x44, 0x24, 0x66, 0x00, 0x00, 0x00, 0x00, 0x00, 0x55, 0x25, 0x66, 0x00, 0x00, 0x00,
    0x00, 0x00, 0x42, 0x35, 0x66, 0x00, 0x00, 0x00, 0x00, 0x00, 0x04, 0x46, 0x60, 0x00, 0x00, 0x00,
    0x00, 0x00, 0x06, 0x46, 0x00, 0x00, 0x00, 0x00, 0x00, 0x00, 0x00, 0x00, 0x00, 0x00, 0x00, 0x00,
    0x00, 0x00, 0x00, 0x00, 0x00, 0x00, 0x00, 0x00, 0x00, 0x00, 0x00, 0x00, 0x00, 0x00, 0x00, 0x00,
};
unsigned short ui_status_coin_4_pal[] = {0x294A, 0xE739, 0xEED5, 0xE64F, 0xE5CD, 0xDD49, 0xBC49, 0xAB87, 0x92C7, 0x6A09, 0xC4CB, 0x8289, 0x0001, 0x0001, 0x0001, 0x0001};
unsigned char ui_status_coin_5_png[] = {
    0x00, 0x00, 0x00, 0x00, 0x00, 0x00, 0x00, 0x00, 0x00, 0x00, 0x05, 0x66, 0x00, 0x00, 0x00, 0x00,
    0x00, 0x00, 0x02, 0x46, 0x60, 0x00, 0x00, 0x00, 0x00, 0x00, 0x02, 0x56, 0x60, 0x00, 0x00, 0x00,
    0x00, 0x00, 0x02, 0x16, 0x60, 0x00, 0x00, 0x00, 0x00, 0x00, 0x02, 0x16, 0x60, 0x00, 0x00, 0x00,
    0x00, 0x00, 0x02, 0x16, 0x60, 0x00, 0x00, 0x00, 0x00, 0x00, 0x02, 0x16, 0x60, 0x00, 0x00, 0x00,
    0x00, 0x00, 0x02, 0x16, 0x60, 0x00, 0x00, 0x00, 0x00, 0x00, 0x02, 0x16, 0x60, 0x00, 0x00, 0x00,
    0x00, 0x00, 0x02, 0x16, 0x60, 0x00, 0x00, 0x00, 0x00, 0x00, 0x04, 0x46, 0x60, 0x00, 0x00, 0x00,
    0x00, 0x00, 0x05, 0x66, 0x00, 0x00, 0x00, 0x00, 0x00, 0x00, 0x00, 0x00, 0x00, 0x00, 0x00, 0x00,
    0x00, 0x00, 0x00, 0x00, 0x00, 0x00, 0x00, 0x00, 0x00, 0x00, 0x00, 0x00, 0x00, 0x00, 0x00, 0x00,
};
unsigned short ui_status_coin_5_pal[] = {0x294A, 0xE739, 0xEED5, 0xE64F, 0xE5CD, 0xDD49, 0xBC49, 0xAB87, 0x92C7, 0x6A09, 0xC4CB, 0x8289, 0x0001, 0x0001, 0x0001, 0x0001};
unsigned char ui_status_coin_6_png[] = {
    0x00, 0x00, 0x00, 0x00, 0x00, 0x00, 0x00, 0x00, 0x00, 0x00, 0x00, 0x66, 0x00, 0x00, 0x00, 0x00,
    0x00, 0x00, 0x00, 0x55, 0x00, 0x00, 0x00, 0x00, 0x00, 0x00, 0x00, 0x33, 0x00, 0x00, 0x00, 0x00,
    0x00, 0x00, 0x00, 0x11, 0x00, 0x00, 0x00, 0x00, 0x00, 0x00, 0x00, 0x22, 0x00, 0x00, 0x00, 0x00,
    0x00, 0x00, 0x00, 0x22, 0x00, 0x00, 0x00, 0x00, 0x00, 0x00, 0x00, 0x33, 0x00, 0x00, 0x00, 0x00,
    0x00, 0x00, 0x00, 0x44, 0x00, 0x00, 0x00, 0x00, 0x00, 0x00, 0x00, 0x44, 0x00, 0x00, 0x00, 0x00,
    0x00, 0x00, 0x00, 0x66, 0x00, 0x00, 0x00, 0x00, 0x00, 0x00, 0x00, 0x66, 0x00, 0x00, 0x00, 0x00,
    0x00, 0x00, 0x00, 0x77, 0x00, 0x00, 0x00, 0x00, 0x00, 0x00, 0x00, 0x00, 0x00, 0x00, 0x00, 0x00,
    0x00, 0x00, 0x00, 0x00, 0x00, 0x00, 0x00, 0x00, 0x00, 0x00, 0x00, 0x00, 0x00, 0x00, 0x00, 0x00,
};
unsigned short ui_status_coin_6_pal[] = {0x294A, 0xE739, 0xEED5, 0xE64F, 0xE5CD, 0xDD49, 0xBC49, 0xAB87, 0x92C7, 0x6A09, 0xC4CB, 0x8289, 0x0001, 0x0001, 0x0001, 0x0001};
unsigned char ui_status_coin_7_png[] = {
    0x00, 0x00, 0x00, 0x00, 0x00, 0x00, 0x00, 0x00, 0x00, 0x00, 0x00, 0x68, 0x00, 0x00, 0x00, 0x00,
    0x00, 0x00, 0x05, 0x58, 0x80, 0x00, 0x00, 0x00, 0x00, 0x00, 0x03, 0x78, 0x80, 0x00, 0x00, 0x00,
    0x00, 0x00, 0x11, 0x88, 0x80, 0x00, 0x00, 0x00, 0x00, 0x00, 0x22, 0x88, 0x80, 0x00, 0x00, 0x00,
    0x00, 0x00, 0x22, 0x88, 0x80, 0x00, 0x00, 0x00, 0x00, 0x00, 0x33, 0x88, 0x80, 0x00, 0x00, 0x00,
    0x00, 0x00, 0x44, 0x88, 0x80, 0x00, 0x00, 0x00, 0x00, 0x00, 0x44, 0x88, 0x80, 0x00, 0x00, 0x00,
    0x00, 0x00, 0x76, 0x88, 0x80, 0x00, 0x00, 0x00, 0x00, 0x00, 0x06, 0x78, 0x80, 0x00, 0x00, 0x00,
    0x00, 0x00, 0x00, 0x68, 0x00, 0x00, 0x00, 0x00, 0x00, 0x00, 0x00, 0x00, 0x00, 0x00, 0x00, 0x00,
    0x00, 0x00, 0x00, 0x00, 0x00, 0x00, 0x00, 0x00, 0x00, 0x00, 0x00, 0x00, 0x00, 0x00, 0x00, 0x00,
};
unsigned short ui_status_coin_7_pal[] = {0x294A, 0xE739, 0xEED5, 0xE64F, 0xE5CD, 0xDD49, 0xBC49, 0xAB87, 0x92C7, 0x6A09, 0xC4CB, 0x8289, 0x0001, 0x0001, 0x0001, 0x0001};
unsigned char ui_status_coin_8_png[] = {
    0x00, 0x00, 0x00, 0x00, 0x00, 0x00, 0x00, 0x00, 0x00, 0x00, 0x06, 0x67, 0x00, 0x00, 0x00, 0x00,
    0x00, 0x00, 0x55, 0x77, 0x70, 0x00, 0x00, 0x00, 0x00, 0x04, 0x44, 0x77, 0x70, 0x00, 0x00, 0x00,
    0x00, 0x03, 0x37, 0x76, 0x77, 0x00, 0x00, 0x00, 0x00, 0x03, 0x37, 0x76, 0x77, 0x00, 0x00, 0x00,
    0x00, 0x03, 0x37, 0x76, 0x77, 0x00, 0x00, 0x00, 0x00, 0x04, 0x47, 0x76, 0x77, 0x00, 0x00, 0x00,
    0x00, 0x04, 0x47, 0x76, 0x77, 0x00, 0x00, 0x00, 0x00, 0x05, 0x57, 0x76, 0x77, 0x00, 0x00, 0x00,
    0x00, 0x06, 0x66, 0x76, 0x70, 0x00, 0x00, 0x00, 0x00, 0x00, 0x66, 0x77, 0x70, 0x00, 0x00, 0x00,
    0x00, 0x00, 0x06, 0x67, 0x00, 0x00, 0x00, 0x00, 0x00, 0x00, 0x00, 0x00, 0x00, 0x00, 0x00, 0x00,
    0x00, 0x00, 0x00, 0x00, 0x00, 0x00, 0x00, 0x00, 0x00, 0x00, 0x00, 0x00, 0x00, 0x00, 0x00, 0x00,
};
unsigned short ui_status_coin_8_pal[] = {0x294A, 0xE739, 0xEED5, 0xE64F, 0xE5CD, 0xDD49, 0xBC49, 0xAB87, 0x92C7, 0x6A09, 0xC4CB, 0x8289, 0x0001, 0x0001, 0x0001, 0x0001};
unsigned char ui_status_coin_9_png[] = {
    0x00, 0x00, 0x00, 0x00, 0x00, 0x00, 0x00, 0x00, 0x00, 0x00, 0x05, 0x66, 0x00, 0x00, 0x00, 0x00,
    0x00, 0x05, 0x56, 0xAA, 0xA6, 0x00, 0x00, 0x00, 0x00, 0x55, 0x6A, 0xAA, 0xA6, 0x60, 0x00, 0x00,
    0x00, 0x36, 0xAA, 0x55, 0xAA, 0x60, 0x00, 0x00, 0x03, 0x3A, 0xAA, 0x65, 0xAA, 0x66, 0x00, 0x00,
    0x03, 0x3A, 0xAA, 0x65, 0xAA, 0x66, 0x00, 0x00, 0x05, 0x5A, 0xAA, 0x65, 0xAA, 0x66, 0x00, 0x00,
    0x05, 0x56, 0xA6, 0x65, 0x6A, 0x66, 0x00, 0x00, 0x00, 0x6A, 0x6A, 0x65, 0xA6, 0x60, 0x00, 0x00,
    0x00, 0x77, 0x66, 0x65, 0x6A, 0x70, 0x00, 0x00, 0x00, 0x07, 0x76, 0x66, 0x67, 0x00, 0x00, 0x00,
    0x00, 0x00, 0x07, 0x76, 0x70, 0x00, 0x00, 0x00, 0x00, 0x00, 0x00, 0x00, 0x00, 0x00, 0x00, 0x00,
    0x00, 0x00, 0x00, 0x00, 0x00, 0x00, 0x00, 0x00, 0x00, 0x00, 0x00, 0x00, 0x00, 0x00, 0x00, 0x00,
};
unsigned short ui_status_coin_9_pal[] = {0x294A, 0xE739, 0xEED5, 0xE64F, 0xE5CD, 0xDD49, 0xBC49, 0xAB87, 0x92C7, 0x6A09, 0xC4CB, 0x8289, 0x0001, 0x0001, 0x0001, 0x0001};
unsigned char ui_status_star_point_0_png[] = {
    0x00, 0x00, 0x00, 0x00, 0x00, 0x00, 0x00, 0x00, 0x00, 0x00, 0x0C, 0xBB, 0xC0, 0x00, 0x00, 0x00,
    0x00, 0x0D, 0xBB, 0x55, 0xBB, 0xD0, 0x00, 0x00, 0x00, 0xDB, 0xBC, 0x33, 0xCC, 0xBD, 0x00, 0x00,
    0x00, 0xBB, 0xB4, 0x11, 0x4D, 0xCB, 0x00, 0x00, 0x0C, 0x44, 0x42, 0x11, 0x24, 0x44, 0xC0, 0x00,
    0x0B, 0x52, 0x22, 0x22, 0x22, 0x35, 0xB0, 0x00, 0x0B, 0xC6, 0x33, 0x23, 0x33, 0x6C, 0xB0, 0x00,
    0x0C, 0xBC, 0x33, 0x33, 0x33, 0xCB, 0xC0, 0x00, 0x00, 0xB5, 0x33, 0x55, 0x33, 0x5B, 0x00, 0x00,
    0x00, 0xD3, 0x46, 0xDD, 0x64, 0x3D, 0x00, 0x00, 0x00, 0x06, 0xBB, 0xCC, 0xBB, 0x60, 0x00, 0x00,
    0x00, 0x00, 0x0C, 0xBB, 0xC0, 0x00, 0x00, 0x00, 0x00, 0x00, 0x00, 0x00, 0x00, 0x00, 0x00, 0x00,
    0x00, 0x00, 0x00, 0x00, 0x00, 0x00, 0x00, 0x00, 0x00, 0x00, 0x00, 0x00, 0x00, 0x00, 0x00, 0x00,
};
unsigned short ui_status_star_point_0_pal[] = {0x318C, 0xE739, 0xFF9B, 0xFED1, 0xE5CD, 0xDD09, 0xA48D, 0x7C4D, 0xD7BD, 0xA7BB, 0x76EF, 0x3DE1, 0x355F, 0x2D1F, 0x5E69, 0x0001};
unsigned char ui_status_star_point_1_png[] = {
    0x00, 0x00, 0x00, 0x00, 0x00, 0x00, 0x00, 0x00, 0x00, 0x00, 0x0C, 0xBB, 0xC0, 0x00, 0x00, 0x00,
    0x00, 0x0D, 0xBB, 0x55, 0xBB, 0xD0, 0x00, 0x00, 0x00, 0xDB, 0xBC, 0x33, 0x7C, 0xBD, 0x00, 0x00,
    0x00, 0xBB, 0xB5, 0x21, 0x5D, 0xCB, 0x00, 0x00, 0x0C, 0xB4, 0x44, 0x21, 0x44, 0x4B, 0xC0, 0x00,
    0x0B, 0xC5, 0x22, 0x22, 0x22, 0x5C, 0xB0, 0x00, 0x0B, 0xCD, 0x53, 0x22, 0x25, 0xDC, 0xB0, 0x00,
    0x0C, 0xBC, 0x53, 0x32, 0x27, 0xCB, 0xC0, 0x00, 0x00, 0xBC, 0x33, 0x44, 0x34, 0xCB, 0x00, 0x00,
    0x00, 0xDB, 0x35, 0x7D, 0x44, 0xBD, 0x00, 0x00, 0x00, 0x0D, 0x57, 0xCC, 0xB5, 0xD0, 0x00, 0x00,
    0x00, 0x00, 0x0C, 0xBB, 0xC0, 0x00, 0x00, 0x00, 0x00, 0x00, 0x00, 0x00, 0x00, 0x00, 0x00, 0x00,
    0x00, 0x00, 0x00, 0x00, 0x00, 0x00, 0x00, 0x00, 0x00, 0x00, 0x00, 0x00, 0x00, 0x00, 0x00, 0x00,
};
unsigned short ui_status_star_point_1_pal[] = {0x318C, 0xE739, 0xFF9B, 0xFED1, 0xE5CD, 0xDD09, 0xA48D, 0x7C4D, 0xD7BD, 0xA7BB, 0x76EF, 0x3DE1, 0x355F, 0x2D1F, 0x5E69, 0x0001};
unsigned char ui_status_star_point_2_png[] = {
    0x00, 0x00, 0x00, 0x00, 0x00, 0x00, 0x00, 0x00, 0x00, 0x00, 0x0C, 0xBB, 0xC0, 0x00, 0x00, 0x00,
    0x00, 0x0D, 0xBB, 0x55, 0xBB, 0xD0, 0x00, 0x00, 0x00, 0xDB, 0xBC, 0x33, 0xCC, 0xBD, 0x00, 0x00,
    0x00, 0xBB, 0xB4, 0x22, 0x4D, 0xCB, 0x00, 0x00, 0x0C, 0xBC, 0x33, 0x22, 0x23, 0x5B, 0xC0, 0x00,
    0x0B, 0xCC, 0x42, 0x22, 0x22, 0x6C, 0xB0, 0x00, 0x0B, 0xCD, 0x73, 0x22, 0x35, 0xDC, 0xB0, 0x00,
    0x0C, 0xBC, 0xD3, 0x32, 0x26, 0xCB, 0xC0, 0x00, 0x00, 0xBC, 0x73, 0x32, 0x25, 0xCB, 0x00, 0x00,
    0x00, 0xDB, 0x63, 0x56, 0x35, 0xBD, 0x00, 0x00, 0x00, 0x0D, 0x64, 0xCC, 0x43, 0xD0, 0x00, 0x00,
    0x00, 0x00, 0x0C, 0xBB, 0xC0, 0x00, 0x00, 0x00, 0x00, 0x00, 0x00, 0x00, 0x00, 0x00, 0x00, 0x00,
    0x00, 0x00, 0x00, 0x00, 0x00, 0x00, 0x00, 0x00, 0x00, 0x00, 0x00, 0x00, 0x00, 0x00, 0x00, 0x00,
};
unsigned short ui_status_star_point_2_pal[] = {0x318C, 0xE739, 0xFF9B, 0xFED1, 0xE5CD, 0xDD09, 0xA48D, 0x7C4D, 0xD7BD, 0xA7BB, 0x76EF, 0x3DE1, 0x355F, 0x2D1F, 0x5E69, 0x0001};
unsigned char ui_status_star_point_3_png[] = {
    0x00, 0x00, 0x00, 0x00, 0x00, 0x00, 0x00, 0x00, 0x00, 0x00, 0x0C, 0xBB, 0xC0, 0x00, 0x00, 0x00,
    0x00, 0x0D, 0xBB, 0x55, 0xBB, 0xD0, 0x00, 0x00, 0x00, 0xDB, 0xBC, 0x33, 0xCC, 0xBD, 0x00, 0x00,
    0x00, 0xBB, 0xB6, 0x22, 0x6D, 0xCB, 0x00, 0x00, 0x0C, 0xBC, 0x64, 0x22, 0x44, 0xCB, 0xC0, 0x00,
    0x0B, 0xCC, 0x42, 0x22, 0x22, 0xDC, 0xB0, 0x00, 0x0B, 0xCD, 0xD3, 0x22, 0x3D, 0xDC, 0xB0, 0x00,
    0x0C, 0xBC, 0xD4, 0x22, 0x4D, 0xCB, 0xC0, 0x00, 0x00, 0xBC, 0xD3, 0x44, 0x2D, 0xCB, 0x00, 0x00,
    0x00, 0xDB, 0xC3, 0x65, 0x2C, 0xBD, 0x00, 0x00, 0x00, 0x0D, 0xB3, 0x6C, 0x3B, 0xD0, 0x00, 0x00,
    0x00, 0x00, 0x0C, 0xBB, 0xC0, 0x00, 0x00, 0x00, 0x00, 0x00, 0x00, 0x00, 0x00, 0x00, 0x00, 0x00,
    0x00, 0x00, 0x00, 0x00, 0x00, 0x00, 0x00, 0x00, 0x00, 0x00, 0x00, 0x00, 0x00, 0x00, 0x00, 0x00,
};
unsigned short ui_status_star_point_3_pal[] = {0x318C, 0xE739, 0xFF9B, 0xFED1, 0xE5CD, 0xDD09, 0xA48D, 0x7C4D, 0xD7BD, 0xA7BB, 0x76EF, 0x3DE1, 0x355F, 0x2D1F, 0x5E69, 0x0001};
unsigned char ui_status_star_point_4_png[] = {
    0x00, 0x00, 0x00, 0x00, 0x00, 0x00, 0x00, 0x00, 0x00, 0x00, 0x0C, 0xBB, 0xC0, 0x00, 0x00, 0x00,
    0x00, 0x0D, 0xBB, 0x55, 0xBB, 0xD0, 0x00, 0x00, 0x00, 0xDB, 0xBC, 0x44, 0xCC, 0xBD, 0x00, 0x00,
    0x00, 0xBB, 0xB7, 0x33, 0x7D, 0xCB, 0x00, 0x00, 0x0C, 0xBC, 0xB6, 0x33, 0x6D, 0xCB, 0xC0, 0x00,
    0x0B, 0xCC, 0xC4, 0x11, 0x4D, 0xDC, 0xB0, 0x00, 0x0B, 0xCD, 0xD6, 0x34, 0x6D, 0xDC, 0xB0, 0x00,
    0x0C, 0xBC, 0xD7, 0x55, 0x7D, 0xCB, 0xC0, 0x00, 0x00, 0xBC, 0xDD, 0x44, 0xDD, 0xCB, 0x00, 0x00,
    0x00, 0xDB, 0xCC, 0x44, 0xCC, 0xBD, 0x00, 0x00, 0x00, 0x0D, 0xBB, 0x33, 0xBB, 0xD0, 0x00, 0x00,
    0x00, 0x00, 0x0C, 0xBB, 0xC0, 0x00, 0x00, 0x00, 0x00, 0x00, 0x00, 0x00, 0x00, 0x00, 0x00, 0x00,
    0x00, 0x00, 0x00, 0x00, 0x00, 0x00, 0x00, 0x00, 0x00, 0x00, 0x00, 0x00, 0x00, 0x00, 0x00, 0x00,
};
unsigned short ui_status_star_point_4_pal[] = {0x318C, 0xE739, 0xFF9B, 0xFED1, 0xE5CD, 0xDD09, 0xA48D, 0x7C4D, 0xD7BD, 0xA7BB, 0x76EF, 0x3DE1, 0x355F, 0x2D1F, 0x5E69, 0x0001};
unsigned char ui_status_star_point_5_png[] = {
    0x00, 0x00, 0x00, 0x00, 0x00, 0x00, 0x00, 0x00, 0x00, 0x00, 0x0C, 0xBB, 0xC0, 0x00, 0x00, 0x00,
    0x00, 0x0D, 0xBB, 0x65, 0xBB, 0xD0, 0x00, 0x00, 0x00, 0xDB, 0xBC, 0x55, 0xCC, 0xBD, 0x00, 0x00,
    0x00, 0xBB, 0xBB, 0x45, 0x6D, 0xCB, 0x00, 0x00, 0x0C, 0xBC, 0x44, 0x34, 0x55, 0xCB, 0xC0, 0x00,
    0x0B, 0xCC, 0x53, 0x34, 0x47, 0xDC, 0xB0, 0x00, 0x0B, 0xCD, 0xD5, 0x34, 0x57, 0xDC, 0xB0, 0x00,
    0x0C, 0xBC, 0xD4, 0x55, 0x5D, 0xCB, 0xC0, 0x00, 0x00, 0xBC, 0xD4, 0x56, 0x5D, 0xCB, 0x00, 0x00,
    0x00, 0xDB, 0xC4, 0x66, 0x5C, 0xBD, 0x00, 0x00, 0x00, 0x0D, 0xB5, 0x7C, 0x6B, 0xD0, 0x00, 0x00,
    0x00, 0x00, 0x0C, 0xBB, 0xC0, 0x00, 0x00, 0x00, 0x00, 0x00, 0x00, 0x00, 0x00, 0x00, 0x00, 0x00,
    0x00, 0x00, 0x00, 0x00, 0x00, 0x00, 0x00, 0x00, 0x00, 0x00, 0x00, 0x00, 0x00, 0x00, 0x00, 0x00,
};
unsigned short ui_status_star_point_5_pal[] = {0x318C, 0xE739, 0xFF9B, 0xFED1, 0xE5CD, 0xDD09, 0xA48D, 0x7C4D, 0xD7BD, 0xA7BB, 0x76EF, 0x3DE1, 0x355F, 0x2D1F, 0x5E69, 0x0001};
unsigned char ui_status_star_point_6_png[] = {
    0x00, 0x00, 0x00, 0x00, 0x00, 0x00, 0x00, 0x00, 0x00, 0x00, 0x0C, 0xBB, 0xC0, 0x00, 0x00, 0x00,
    0x00, 0x0D, 0xBB, 0x55, 0xBB, 0xD0, 0x00, 0x00, 0x00, 0xDB, 0xBC, 0x33, 0xCC, 0xBD, 0x00, 0x00,
    0x00, 0xBB, 0xB4, 0x23, 0x4D, 0xCB, 0x00, 0x00, 0x0C, 0xB4, 0x43, 0x23, 0x44, 0x5B, 0xC0, 0x00,
    0x0B, 0xC5, 0x22, 0x23, 0x44, 0x4C, 0xB0, 0x00, 0x0B, 0xCD, 0x64, 0x33, 0x45, 0xDC, 0xB0, 0x00,
    0x0C, 0xBC, 0x63, 0x34, 0x45, 0xCB, 0xC0, 0x00, 0x00, 0xBC, 0x43, 0x45, 0x45, 0xCB, 0x00, 0x00,
    0x00, 0xDB, 0x34, 0x7D, 0x44, 0xBD, 0x00, 0x00, 0x00, 0x0D, 0x47, 0xCC, 0xB4, 0xD0, 0x00, 0x00,
    0x00, 0x00, 0x0C, 0xBB, 0xC0, 0x00, 0x00, 0x00, 0x00, 0x00, 0x00, 0x00, 0x00, 0x00, 0x00, 0x00,
    0x00, 0x00, 0x00, 0x00, 0x00, 0x00, 0x00, 0x00, 0x00, 0x00, 0x00, 0x00, 0x00, 0x00, 0x00, 0x00,
};
unsigned short ui_status_star_point_6_pal[] = {0x318C, 0xE739, 0xFF9B, 0xFED1, 0xE5CD, 0xDD09, 0xA48D, 0x7C4D, 0xD7BD, 0xA7BB, 0x76EF, 0x3DE1, 0x355F, 0x2D1F, 0x5E69, 0x0001};
unsigned char ui_status_star_point_7_png[] = {
    0x00, 0x00, 0x00, 0x00, 0x00, 0x00, 0x00, 0x00, 0x00, 0x00, 0x0C, 0xBB, 0xC0, 0x00, 0x00, 0x00,
    0x00, 0x0D, 0xBB, 0x55, 0xBB, 0xD0, 0x00, 0x00, 0x00, 0xDB, 0xBC, 0x33, 0xCC, 0xBD, 0x00, 0x00,
    0x00, 0xBB, 0x73, 0x22, 0x36, 0xCB, 0x00, 0x00, 0x0C, 0x43, 0x33, 0x22, 0x34, 0x45, 0xC0, 0x00,
    0x0B, 0x74, 0x22, 0x22, 0x33, 0x46, 0xB0, 0x00, 0x0B, 0xCD, 0x42, 0x33, 0x44, 0x6C, 0xB0, 0x00,
    0x0C, 0xBC, 0x43, 0x34, 0x45, 0xCB, 0xC0, 0x00, 0x00, 0xB7, 0x33, 0x55, 0x44, 0xCB, 0x00, 0x00,
    0x00, 0xD4, 0x35, 0xDD, 0x55, 0x7D, 0x00, 0x00, 0x00, 0x06, 0x5B, 0xCC, 0xB5, 0x60, 0x00, 0x00,
    0x00, 0x00, 0x0C, 0xBB, 0xC0, 0x00, 0x00, 0x00, 0x00, 0x00, 0x00, 0x00, 0x00, 0x00, 0x00, 0x00,
    0x00, 0x00, 0x00, 0x00, 0x00, 0x00, 0x00, 0x00, 0x00, 0x00, 0x00, 0x00, 0x00, 0x00, 0x00, 0x00,
};
unsigned short ui_status_star_point_7_pal[] = {0x318C, 0xE739, 0xFF9B, 0xFED1, 0xE5CD, 0xDD09, 0xA48D, 0x7C4D, 0xD7BD, 0xA7BB, 0x76EF, 0x3DE1, 0x355F, 0x2D1F, 0x5E69, 0x0001};
unsigned char ui_bluepip_png[] = {
    0x00, 0x09, 0x99, 0x90, 0x00, 0x00, 0x00, 0x00, 0x00, 0x94, 0x11, 0x49, 0x00, 0x00, 0x00, 0x00,
    0x09, 0x22, 0x44, 0x22, 0x90, 0x00, 0x00, 0x00, 0x94, 0x24, 0x66, 0x42, 0x49, 0x00, 0x00, 0x00,
    0x91, 0x46, 0x77, 0x64, 0x19, 0x00, 0x00, 0x00, 0x91, 0x46, 0x77, 0x64, 0x19, 0x00, 0x00, 0x00,
    0x94, 0x24, 0x66, 0x42, 0x39, 0x00, 0x00, 0x00, 0x09, 0x22, 0x44, 0x22, 0x90, 0x00, 0x00, 0x00,
    0x00, 0x94, 0x11, 0x49, 0x00, 0x00, 0x00, 0x00, 0x00, 0x09, 0x99, 0x90, 0x00, 0x00, 0x00, 0x00,
    0x00, 0x00, 0x00, 0x00, 0x00, 0x00, 0x00, 0x00, 0x00, 0x00, 0x00, 0x00, 0x00, 0x00, 0x00, 0x00,
    0x00, 0x00, 0x00, 0x00, 0x00, 0x00, 0x00, 0x00, 0x00, 0x00, 0x00, 0x00, 0x00, 0x00, 0x00, 0x00,
    0x00, 0x00, 0x00, 0x00, 0x00, 0x00, 0x00, 0x00, 0x00, 0x00, 0x00, 0x00, 0x00, 0x00, 0x00, 0x00,
};
unsigned short ui_bluepip_pal[] = {0x5C9E, 0x863F, 0x75BD, 0x5CFB, 0x54BB, 0x4C39, 0x3BF7, 0x3375, 0x2B33, 0x336B, 0x0001, 0x0001, 0x0001, 0x0001, 0x0001, 0x0001};
unsigned char ui_bluepip2_png[] = {
    0x00, 0x09, 0x99, 0x90, 0x00, 0x00, 0x00, 0x00, 0x00, 0x94, 0x11, 0x49, 0x00, 0x00, 0x00, 0x00,
    0x09, 0x22, 0x44, 0x22, 0x90, 0x00, 0x00, 0x00, 0x94, 0x24, 0x66, 0x42, 0x49, 0x00, 0x00, 0x00,
    0x91, 0x46, 0x77, 0x64, 0x19, 0x00, 0x00, 0x00, 0x91, 0x46, 0x77, 0x64, 0x19, 0x00, 0x00, 0x00,
    0x94, 0x24, 0x66, 0x42, 0x39, 0x00, 0x00, 0x00, 0x09, 0x22, 0x44, 0x22, 0x90, 0x00, 0x00, 0x00,
    0x00, 0x94, 0x11, 0x49, 0x00, 0x00, 0x00, 0x00, 0x00, 0x09, 0x99, 0x90, 0x00, 0x00, 0x00, 0x00,
    0x00, 0x00, 0x00, 0x00, 0x00, 0x00, 0x00, 0x00, 0x00, 0x00, 0x00, 0x00, 0x00, 0x00, 0x00, 0x00,
    0x00, 0x00, 0x00, 0x00, 0x00, 0x00, 0x00, 0x00, 0x00, 0x00, 0x00, 0x00, 0x00, 0x00, 0x00, 0x00,
    0x00, 0x00, 0x00, 0x00, 0x00, 0x00, 0x00, 0x00, 0x00, 0x00, 0x00, 0x00, 0x00, 0x00, 0x00, 0x00,
};
unsigned short ui_bluepip2_pal[] = {0x5C9E, 0x863F, 0x75BD, 0x5CFB, 0x54BB, 0x4C39, 0x3BF7, 0x3375, 0x2B33, 0x336B, 0x0001, 0x0001, 0x0001, 0x0001, 0x0001, 0x0001};
unsigned char ui_battle_status_charge_jump_png[] = {
    0x00, 0x00, 0x00, 0x01, 0x11, 0x11, 0x11, 0x11, 0x00, 0x00, 0x00, 0x00, 0x00, 0x00, 0x01, 0x13,
    0x45, 0x22, 0x25, 0x43, 0x11, 0x00, 0x00, 0x00, 0x00, 0x01, 0x14, 0x52, 0x22, 0x22, 0x22, 0x22,
    0x54, 0x11, 0x00, 0x00, 0x00, 0x13, 0x42, 0x22, 0x22, 0x22, 0x22, 0x22, 0x22, 0x53, 0x10, 0x00,
    0x01, 0x34, 0x22, 0xDC, 0xD2, 0x22, 0x22, 0x88, 0x88, 0x24, 0x31, 0x00, 0x01, 0x52, 0x25, 0xCC,
    0xC2, 0x22, 0x27, 0x69, 0x97, 0x82, 0x41, 0x00, 0x13, 0x22, 0x2D, 0xCC, 0xC2, 0x22, 0x27, 0x66,
    0x66, 0x82, 0x23, 0x10, 0x14, 0x22, 0x2C, 0xCC, 0xD2, 0x99, 0x79, 0x77, 0x78, 0x92, 0x24, 0x10,
    0x14, 0x22, 0x2C, 0xCC, 0x29, 0x76, 0x99, 0xAA, 0xAA, 0xA2, 0x24, 0x10, 0x14, 0x22, 0x2C, 0xC2,
    0x29, 0x69, 0x99, 0x99, 0xAA, 0xA2, 0x24, 0x10, 0x14, 0x22, 0x22, 0x22, 0x29, 0x99, 0x99, 0xAA,
    0xAA, 0xA2, 0x24, 0x10, 0x13, 0x22, 0xCC, 0x22, 0x26, 0x66, 0x66, 0x66, 0x68, 0x82, 0x23, 0x10,
    0x01, 0x42, 0xCC, 0x22, 0x28, 0x66, 0x66, 0x66, 0x88, 0x82, 0x41, 0x00, 0x01, 0x32, 0x22, 0x22,
    0x22, 0x88, 0x88, 0x88, 0x88, 0x22, 0x31, 0x00, 0x00, 0x13, 0x42, 0x22, 0x22, 0x22, 0x22, 0x22,
    0x22, 0x43, 0x10, 0x00, 0x00, 0x01, 0x13, 0x42, 0x22, 0x22, 0x22, 0x22, 0x43, 0x11, 0x00, 0x00,
    0x00, 0x00, 0x01, 0x11, 0x35, 0x22, 0x25, 0x31, 0x11, 0x00, 0x00, 0x00, 0x00, 0x00, 0x00, 0x00,
    0x14, 0x22, 0x24, 0x10, 0x00, 0x00, 0x00, 0x00, 0x00, 0x00, 0x00, 0x00, 0x01, 0x42, 0x41, 0x00,
    0x00, 0x00, 0x00, 0x00, 0x00, 0x00, 0x00, 0x00, 0x01, 0x32, 0x31, 0x00, 0x00, 0x00, 0x00, 0x00,
    0x00, 0x00, 0x00, 0x00, 0x00, 0x12, 0x10, 0x00, 0x00, 0x00, 0x00, 0x00, 0x00, 0x00, 0x00, 0x00,
    0x00, 0x01, 0x00, 0x00, 0x00, 0x00, 0x00, 0x00, 0x00, 0x00, 0x00, 0x00, 0x00, 0x00, 0x00, 0x00,
    0x00, 0x00, 0x00, 0x00, 0x00, 0x00, 0x00, 0x00, 0x00, 0x00, 0x00, 0x00, 0x00, 0x00, 0x00, 0x00,
};
unsigned short ui_battle_status_charge_jump_pal[] = {0x0000, 0x0001, 0xFFFF, 0x5AD7, 0xAD6B, 0xC631, 0xC4C7, 0x9341, 0x92C5, 0x6181, 0x4881, 0x3107, 0x18B7, 0x73F9, 0x0001, 0x0001};
unsigned char ui_battle_status_charge_hammer_png[] = {
    0x00, 0x00, 0x00, 0x01, 0x11, 0x11, 0x11, 0x11, 0x00, 0x00, 0x00, 0x00, 0x00, 0x00, 0x01, 0x13,
    0x45, 0x22, 0x25, 0x43, 0x11, 0x00, 0x00, 0x00, 0x00, 0x01, 0x14, 0x52, 0x22, 0x22, 0x22, 0x22,
    0x54, 0x11, 0x00, 0x00, 0x00, 0x13, 0x52, 0x22, 0x22, 0x22, 0x22, 0x22, 0x22, 0x53, 0x10, 0x00,
    0x01, 0x35, 0x22, 0xDC, 0xD2, 0x22, 0x88, 0xA2, 0xAA, 0x25, 0x31, 0x00, 0x01, 0x52, 0x25, 0xCC,
    0xC2, 0x28, 0x78, 0xA8, 0xAA, 0x22, 0x51, 0x00, 0x13, 0x22, 0x2D, 0xCC, 0xC2, 0x87, 0x78, 0xA7,
    0x88, 0x92, 0x23, 0x10, 0x14, 0x22, 0x2C, 0xCC, 0xD2, 0x87, 0x78, 0xA7, 0x77, 0x89, 0x24, 0x10,
    0x14, 0x22, 0x2C, 0xCC, 0x22, 0x87, 0x8A, 0x87, 0x77, 0x89, 0x24, 0x10, 0x14, 0x22, 0x2C, 0xC2,
    0x22, 0x88, 0xAA, 0x77, 0x78, 0x89, 0x24, 0x10, 0x14, 0x22, 0x22, 0x22, 0x22, 0x2A, 0xA8, 0x77,
    0x88, 0x99, 0x24, 0x10, 0x13, 0x22, 0xCC, 0x22, 0x22, 0x22, 0x4A, 0x88, 0x89, 0x95, 0x23, 0x10,
    0x01, 0x42, 0xCC, 0x22, 0x22, 0x24, 0xAA, 0xA9, 0x99, 0x52, 0x41, 0x00, 0x01, 0x32, 0x22, 0x22,
    0x22, 0x2A, 0xAA, 0x22, 0x22, 0x22, 0x31, 0x00, 0x00, 0x13, 0x42, 0x22, 0x22, 0x2A, 0xA2, 0x22,
    0x22, 0x43, 0x10, 0x00, 0x00, 0x01, 0x13, 0x42, 0x22, 0x22, 0x22, 0x22, 0x43, 0x11, 0x00, 0x00,
    0x00, 0x00, 0x01, 0x11, 0x35, 0x22, 0x25, 0x31, 0x11, 0x00, 0x00, 0x00, 0x00, 0x00, 0x00, 0x00,
    0x14, 0x22, 0x24, 0x10, 0x00, 0x00, 0x00, 0x00, 0x00, 0x00, 0x00, 0x00, 0x01, 0x42, 0x51, 0x00,
    0x00, 0x00, 0x00, 0x00, 0x00, 0x00, 0x00, 0x00, 0x01, 0x32, 0x31, 0x00, 0x00, 0x00, 0x00, 0x00,
    0x00, 0x00, 0x00, 0x00, 0x00, 0x12, 0x10, 0x00, 0x00, 0x00, 0x00, 0x00, 0x00, 0x00, 0x00, 0x00,
    0x00, 0x01, 0x00, 0x00, 0x00, 0x00, 0x00, 0x00, 0x00, 0x00, 0x00, 0x00, 0x00, 0x00, 0x00, 0x00,
    0x00, 0x00, 0x00, 0x00, 0x00, 0x00, 0x00, 0x00, 0x00, 0x00, 0x00, 0x00, 0x00, 0x00, 0x00, 0x00,
};
unsigned short ui_battle_status_charge_hammer_pal[] = {0x0000, 0x0001, 0xFFFF, 0x5AD7, 0xAD6B, 0xC631, 0xAC05, 0x9B43, 0x8281, 0x79C1, 0x5101, 0x3905, 0x18B7, 0x73F9, 0x0001, 0x0001};
unsigned char ui_battle_status_charge_goombario_png[] = {
    0x00, 0x00, 0x00, 0x01, 0x11, 0x11, 0x11, 0x11, 0x00, 0x00, 0x00, 0x00, 0x00, 0x00, 0x01, 0x13,
    0x45, 0x22, 0x25, 0x43, 0x11, 0x00, 0x00, 0x00, 0x00, 0x01, 0x14, 0x52, 0x22, 0x22, 0x22, 0x22,
    0x54, 0x11, 0x00, 0x00, 0x00, 0x13, 0x52, 0x22, 0x22, 0x22, 0x22, 0x22, 0x22, 0x53, 0x10, 0x00,
    0x01, 0x35, 0x22, 0xDC, 0xD2, 0x22, 0x2D, 0xBC, 0xCD, 0x25, 0x31, 0x00, 0x01, 0x52, 0x25, 0xCC,
    0xC2, 0xCE, 0xCB, 0xBB, 0xCE, 0xD2, 0x51, 0x00, 0x13, 0x22, 0x2D, 0xCC, 0xC2, 0xCB, 0xEE, 0x9E,
    0xEB, 0xD2, 0x23, 0x10, 0x14, 0x22, 0x2C, 0xCC, 0xD2, 0x29, 0xAA, 0x8A, 0xA9, 0x22, 0x24, 0x10,
    0x14, 0x22, 0x2C, 0xCC, 0x22, 0x29, 0xAE, 0x8E, 0xA9, 0x22, 0x24, 0x10, 0x14, 0x22, 0x2C, 0xC2,
    0x22, 0x97, 0xAA, 0x8A, 0xA7, 0x92, 0x24, 0x10, 0x14, 0x22, 0x22, 0x22, 0x22, 0x9A, 0x88, 0x88,
    0x8A, 0x92, 0x24, 0x10, 0x13, 0x22, 0xCC, 0x22, 0x22, 0x27, 0x99, 0x99, 0x97, 0x22, 0x23, 0x10,
    0x01, 0x42, 0xCC, 0x22, 0x22, 0x99, 0x86, 0x66, 0x89, 0x92, 0x41, 0x00, 0x01, 0x32, 0x22, 0x22,
    0x22, 0x99, 0x92, 0x22, 0x99, 0x90, 0x31, 0x00, 0x00, 0x13, 0x42, 0x22, 0x22, 0x22, 0x22, 0x22,
    0x22, 0x43, 0x10, 0x00, 0x00, 0x01, 0x13, 0x42, 0x22, 0x22, 0x22, 0x22, 0x43, 0x11, 0x00, 0x00,
    0x00, 0x00, 0x01, 0x11, 0x35, 0x22, 0x25, 0x31, 0x11, 0x00, 0x00, 0x00, 0x00, 0x00, 0x00, 0x00,
    0x14, 0x22, 0x24, 0x10, 0x00, 0x00, 0x00, 0x00, 0x00, 0x00, 0x00, 0x00, 0x01, 0x42, 0x51, 0x00,
    0x00, 0x00, 0x00, 0x00, 0x00, 0x00, 0x00, 0x00, 0x01, 0x32, 0x31, 0x00, 0x00, 0x00, 0x00, 0x00,
    0x00, 0x00, 0x00, 0x00, 0x00, 0x12, 0x10, 0x00, 0x00, 0x00, 0x00, 0x00, 0x00, 0x00, 0x00, 0x00,
    0x00, 0x01, 0x00, 0x00, 0x00, 0x00, 0x00, 0x00, 0x00, 0x00, 0x00, 0x00, 0x00, 0x00, 0x00, 0x00,
    0x00, 0x00, 0x00, 0x00, 0x00, 0x00, 0x00, 0x00, 0x00, 0x00, 0x00, 0x00, 0x00, 0x00, 0x00, 0x00,
};
unsigned short ui_battle_status_charge_goombario_pal[] = {0x0000, 0x0001, 0xFFFF, 0x5AD7, 0xAD6B, 0xC631, 0xCC0F, 0xAAC9, 0x9203, 0x6943, 0xB5AF, 0x111B, 0x18B7, 0x73F9, 0x2805, 0x0001};
unsigned char ui_battle_status_exclamation_png[] = {
    0x00, 0x00, 0x01, 0x11, 0x11, 0x11, 0x00, 0x00, 0x00, 0x00, 0x00, 0x00, 0x00, 0x01, 0x13, 0x45,
    0x25, 0x43, 0x11, 0x00, 0x00, 0x00, 0x00, 0x00, 0x00, 0x13, 0x52, 0x22, 0x22, 0x22, 0x53, 0x10,
    0x00, 0x00, 0x00, 0x00, 0x01, 0x35, 0x22, 0x22, 0x76, 0x72, 0x25, 0x31, 0x00, 0x00, 0x00, 0x00,
    0x01, 0x52, 0x22, 0x25, 0x66, 0x62, 0x22, 0x51, 0x00, 0x00, 0x00, 0x00, 0x13, 0x22, 0x22, 0x27,
    0x66, 0x62, 0x22, 0x23, 0x10, 0x00, 0x00, 0x00, 0x14, 0x22, 0x22, 0x26, 0x66, 0x72, 0x22, 0x24,
    0x10, 0x00, 0x00, 0x00, 0x14, 0x22, 0x22, 0x26, 0x66, 0x22, 0x22, 0x24, 0x10, 0x00, 0x00, 0x00,
    0x14, 0x22, 0x22, 0x26, 0x62, 0x22, 0x22, 0x24, 0x10, 0x00, 0x00, 0x00, 0x13, 0x22, 0x22, 0x22,
    0x22, 0x22, 0x22, 0x23, 0x10, 0x00, 0x00, 0x00, 0x01, 0x42, 0x22, 0x66, 0x22, 0x22, 0x22, 0x41,
    0x00, 0x00, 0x00, 0x00, 0x01, 0x34, 0x22, 0x66, 0x22, 0x22, 0x24, 0x31, 0x00, 0x00, 0x00, 0x00,
    0x00, 0x11, 0x35, 0x22, 0x22, 0x25, 0x31, 0x10, 0x00, 0x00, 0x00, 0x00, 0x00, 0x00, 0x11, 0x32,
    0x22, 0x31, 0x10, 0x00, 0x00, 0x00, 0x00, 0x00, 0x00, 0x00, 0x00, 0x14, 0x24, 0x10, 0x00, 0x00,
    0x00, 0x00, 0x00, 0x00, 0x00, 0x00, 0x00, 0x13, 0x23, 0x10, 0x00, 0x00, 0x00, 0x00, 0x00, 0x00,
    0x00, 0x00, 0x00, 0x01, 0x21, 0x00, 0x00, 0x00, 0x00, 0x00, 0x00, 0x00, 0x00, 0x00, 0x00, 0x01,
    0x41, 0x00, 0x00, 0x00, 0x00, 0x00, 0x00, 0x00, 0x00, 0x00, 0x00, 0x00, 0x10, 0x00, 0x00, 0x00,
    0x00, 0x00, 0x00, 0x00, 0x00, 0x00, 0x00, 0x00, 0x00, 0x00, 0x00, 0x00, 0x00, 0x00, 0x00, 0x00,
    0x00, 0x00, 0x00, 0x00, 0x00, 0x00, 0x00, 0x00, 0x00, 0x00, 0x00, 0x00, 0x00, 0x00, 0x00, 0x00,
    0x00, 0x00, 0x00, 0x00, 0x00, 0x00, 0x00, 0x00, 0x00, 0x00, 0x00, 0x00, 0x00, 0x00, 0x00, 0x00,
    0x00, 0x00, 0x00, 0x00, 0x00, 0x00, 0x00, 0x00, 0x00, 0x00, 0x00, 0x00, 0x00, 0x00, 0x00, 0x00,
};
unsigned short ui_battle_status_exclamation_pal[] = {0x0000, 0x0001, 0xFFFF, 0x5AD7, 0xAD6B, 0xC631, 0x18B7, 0x73F9, 0x0001, 0x0001, 0x0001, 0x0001, 0x0001, 0x0001, 0x0001, 0x0001};
unsigned char ui_battle_status_sleep_0_png[] = {
    0x00, 0x00, 0x05, 0x55, 0x55, 0x50, 0x00, 0x00, 0x00, 0x05, 0x42, 0x11, 0x11, 0x24, 0x50, 0x00,
    0x00, 0x52, 0x11, 0x11, 0x11, 0x11, 0x25, 0x00, 0x05, 0x21, 0x11, 0x99, 0x99, 0x11, 0x12, 0x50,
    0x04, 0x11, 0x99, 0x99, 0x99, 0x88, 0x88, 0x40, 0xF2, 0x11, 0x99, 0x99, 0x99, 0x99, 0x8A, 0x25,
    0xF1, 0x19, 0x99, 0x88, 0x89, 0xA8, 0x91, 0x15, 0xF1, 0x19, 0x99, 0x9A, 0x89, 0x88, 0x88, 0x15,
    0xF1, 0x88, 0x89, 0xA8, 0x99, 0x99, 0x91, 0x15, 0xF1, 0x18, 0x99, 0x88, 0x89, 0x99, 0x91, 0x15,
    0xF1, 0x88, 0x89, 0x99, 0x99, 0x99, 0x11, 0x25, 0xF1, 0x11, 0x19, 0x99, 0x99, 0x99, 0x11, 0x40,
    0xF1, 0x11, 0x11, 0x99, 0x99, 0x11, 0x12, 0x50, 0xF1, 0x11, 0x11, 0x11, 0x11, 0x11, 0x25, 0x00,
    0xF1, 0x11, 0x11, 0x11, 0x11, 0x24, 0x50, 0x00, 0xFF, 0xFF, 0xFF, 0xFF, 0xFF, 0xF0, 0x00, 0x00,
};
unsigned short ui_battle_status_sleep_0_pal[] = {0x4210, 0xDEF7, 0xB5AD, 0x94A5, 0x5295, 0x4211, 0x886F, 0x6867, 0x481F, 0xDD3D, 0xA333, 0x0001, 0x0001, 0x0001, 0x0001, 0x2109};
unsigned char ui_battle_status_sleep_1_png[] = {
    0x00, 0x00, 0x05, 0x55, 0x55, 0x50, 0x00, 0x00, 0x00, 0x05, 0x42, 0x11, 0x11, 0x24, 0x50, 0x00,
    0x00, 0x52, 0x11, 0x11, 0x11, 0x11, 0x25, 0x00, 0x05, 0x21, 0x11, 0x99, 0x99, 0x11, 0x12, 0x50,
    0x04, 0x11, 0x99, 0x99, 0x99, 0x99, 0x11, 0x40, 0xF2, 0x11, 0x99, 0x99, 0x99, 0x77, 0x77, 0x25,
    0xF1, 0x19, 0x99, 0x99, 0x99, 0x99, 0x7A, 0x15, 0xF1, 0x19, 0x99, 0x77, 0x79, 0xA7, 0x91, 0x15,
    0xF1, 0x19, 0x99, 0x9A, 0x79, 0x77, 0x77, 0x15, 0xF1, 0x77, 0x89, 0xA7, 0x99, 0x99, 0x91, 0x15,
    0xF1, 0xA6, 0x99, 0x77, 0x79, 0x99, 0x11, 0x25, 0xF1, 0x87, 0x79, 0x99, 0x99, 0x91, 0x11, 0x40,
    0xF1, 0x11, 0x11, 0x99, 0x99, 0x11, 0x12, 0x50, 0xF1, 0x11, 0x11, 0x11, 0x11, 0x11, 0x25, 0x00,
    0xF1, 0x11, 0x11, 0x11, 0x11, 0x24, 0x50, 0x00, 0xFF, 0xFF, 0xFF, 0xFF, 0xFF, 0xF0, 0x00, 0x00,
};
unsigned short ui_battle_status_sleep_1_pal[] = {0x4210, 0xDEF7, 0xB5AD, 0x94A5, 0x5295, 0x4211, 0x886F, 0x6867, 0x481F, 0xDD3D, 0xA333, 0x0001, 0x0001, 0x0001, 0x0001, 0x2109};
unsigned char ui_battle_status_sleep_2_png[] = {
    0x00, 0x00, 0x05, 0x55, 0x55, 0x50, 0x00, 0x00, 0x00, 0x05, 0x42, 0x11, 0x11, 0x24, 0x50, 0x00,
    0x00, 0x52, 0x11, 0x11, 0x11, 0x11, 0x25, 0x00, 0x05, 0x21, 0x11, 0x99, 0x99, 0x11, 0x12, 0x50,
    0x04, 0x11, 0x99, 0x99, 0x99, 0x99, 0x91, 0x40, 0xF2, 0x11, 0x99, 0x99, 0x99, 0x99, 0x91, 0x25,
    0xF1, 0x19, 0x99, 0x99, 0x99, 0x66, 0x66, 0x15, 0xF1, 0x19, 0x99, 0x99, 0x99, 0x99, 0x6A, 0x15,
    0xF1, 0x19, 0x99, 0x66, 0x69, 0xA6, 0x91, 0x15, 0xF1, 0x19, 0x99, 0x9A, 0x69, 0x66, 0x66, 0x15,
    0xF1, 0x66, 0x69, 0xA6, 0x99, 0x99, 0x11, 0x25, 0xF1, 0x16, 0x99, 0x66, 0x69, 0x91, 0x11, 0x40,
    0xF1, 0x66, 0x61, 0x99, 0x99, 0x11, 0x12, 0x50, 0xF1, 0x11, 0x11, 0x11, 0x11, 0x11, 0x25, 0x00,
    0xF1, 0x11, 0x11, 0x11, 0x11, 0x24, 0x50, 0x00, 0xFF, 0xFF, 0xFF, 0xFF, 0xFF, 0xF0, 0x00, 0x00,
};
unsigned short ui_battle_status_sleep_2_pal[] = {0x4210, 0xDEF7, 0xB5AD, 0x94A5, 0x5295, 0x4211, 0x886F, 0x6867, 0x481F, 0xDD3D, 0xA333, 0x0001, 0x0001, 0x0001, 0x0001, 0x2109};
unsigned char ui_battle_status_static_0_png[] = {
    0x00, 0x00, 0x05, 0x55, 0x55, 0x40, 0x00, 0x00, 0x00, 0x05, 0x42, 0x11, 0x11, 0x24, 0x50, 0x00,
    0x00, 0x52, 0x11, 0x11, 0x1A, 0xA1, 0x25, 0x00, 0x05, 0x21, 0x11, 0x11, 0xA8, 0xA6, 0x12, 0x50,
    0x04, 0x11, 0x11, 0x1A, 0x8B, 0x66, 0x11, 0x40, 0xF2, 0x11, 0x11, 0xA8, 0xAA, 0x61, 0x11, 0x25,
    0xF1, 0x11, 0x1A, 0x88, 0xB6, 0x61, 0x11, 0x15, 0xF1, 0x11, 0xA9, 0x89, 0xA7, 0x61, 0x11, 0x15,
    0xF1, 0x11, 0x19, 0xA8, 0x8A, 0xB1, 0x11, 0x15, 0xF1, 0x11, 0x11, 0x9A, 0x98, 0x9B, 0x11, 0x15,
    0xF1, 0x11, 0x11, 0x1A, 0x89, 0xB6, 0x11, 0x25, 0xF1, 0x11, 0x11, 0xA8, 0xAB, 0x66, 0x11, 0x40,
    0xF1, 0x11, 0x1A, 0x8B, 0x76, 0x61, 0x12, 0x50, 0xF1, 0x11, 0xBA, 0xB6, 0x61, 0x11, 0x25, 0x00,
    0xF1, 0x11, 0x11, 0x11, 0x11, 0x24, 0x50, 0x00, 0xFF, 0xFF, 0xFF, 0xFF, 0xFF, 0xF0, 0x00, 0x00,
};
unsigned short ui_battle_status_static_0_pal[] = {0x4210, 0xDEF1, 0xB5A9, 0x949D, 0x5AD3, 0x420D, 0xC4F5, 0xBC1D, 0xEDC7, 0xDC85, 0xC383, 0xB241, 0xFE87, 0xF801, 0xF801, 0x2109};
unsigned char ui_battle_status_static_1_png[] = {
    0x00, 0x00, 0x05, 0x55, 0x55, 0x40, 0x00, 0x00, 0x00, 0x05, 0x42, 0x11, 0x11, 0x24, 0x50, 0x00,
    0x00, 0x52, 0x11, 0x11, 0x11, 0x99, 0x25, 0x00, 0x05, 0x21, 0x11, 0x11, 0x19, 0xC9, 0x62, 0x50,
    0x04, 0x11, 0x11, 0x11, 0x9C, 0xA6, 0x61, 0x40, 0xF2, 0x11, 0x11, 0x19, 0xC9, 0x96, 0x11, 0x25,
    0xF1, 0x11, 0x11, 0x9C, 0xCA, 0x66, 0x11, 0x15, 0xF1, 0x11, 0x19, 0x8C, 0x89, 0x76, 0x11, 0x15,
    0xF1, 0x11, 0x11, 0x89, 0xCC, 0x9A, 0x11, 0x15, 0xF1, 0x11, 0x11, 0x18, 0x98, 0xC8, 0xA1, 0x15,
    0xF1, 0x11, 0x11, 0x11, 0x9C, 0x8A, 0x61, 0x25, 0xF1, 0x11, 0x11, 0x19, 0xC9, 0xA6, 0x61, 0x40,
    0xF1, 0x11, 0x11, 0x9C, 0xA7, 0x66, 0x12, 0x50, 0xF1, 0x11, 0x1A, 0xAA, 0x66, 0x11, 0x25, 0x00,
    0xF1, 0x11, 0x11, 0x11, 0x11, 0x24, 0x50, 0x00, 0xFF, 0xFF, 0xFF, 0xFF, 0xFF, 0xF0, 0x00, 0x00,
};
unsigned short ui_battle_status_static_1_pal[] = {0x4210, 0xDEF1, 0xB5A9, 0x949D, 0x5AD3, 0x420D, 0xC4F5, 0xBC1D, 0xEDC7, 0xDC85, 0xC383, 0xB241, 0xFE87, 0xF801, 0xF801, 0x2109};
unsigned char ui_battle_status_paralyze_0_png[] = {
    0x00, 0x00, 0x05, 0x55, 0x55, 0x50, 0x00, 0x00, 0x00, 0x05, 0x42, 0x11, 0x11, 0x24, 0x50, 0x00,
    0x00, 0x52, 0x11, 0x11, 0x1B, 0x11, 0x25, 0x00, 0x05, 0x21, 0x11, 0x11, 0xB9, 0x61, 0x12, 0x50,
    0x04, 0x11, 0x11, 0x1B, 0x8B, 0x61, 0x11, 0x40, 0xF2, 0x11, 0x11, 0xA8, 0x96, 0x71, 0x11, 0x25,
    0xF1, 0x11, 0x1A, 0x88, 0xB7, 0x71, 0x11, 0x15, 0xF1, 0x11, 0xB8, 0x88, 0xA6, 0x71, 0x11, 0x15,
    0xF1, 0x11, 0x1B, 0x88, 0x8A, 0x77, 0x11, 0x15, 0xF1, 0x11, 0x11, 0x18, 0x88, 0xB6, 0x11, 0x15,
    0xF1, 0x11, 0x11, 0xB8, 0x8A, 0x76, 0x11, 0x25, 0xF1, 0x11, 0x11, 0x89, 0xA6, 0x71, 0x11, 0x40,
    0xF1, 0x11, 0x18, 0xA7, 0x67, 0x11, 0x12, 0x50, 0xF1, 0x11, 0xAB, 0x76, 0x71, 0x11, 0x25, 0x00,
    0xF1, 0x11, 0x11, 0x11, 0x11, 0x24, 0x50, 0x00, 0xFF, 0xFF, 0xFF, 0xFF, 0xFF, 0xF0, 0x00, 0x00,
};
unsigned short ui_battle_status_paralyze_0_pal[] = {0x4210, 0xC8C1, 0xB101, 0x9881, 0x8801, 0x6801, 0x8201, 0xAA81, 0xD74B, 0xC605, 0xB503, 0x9441, 0xE71F, 0xDEF7, 0xB5AD, 0x2109};
unsigned char ui_battle_status_paralyze_1_png[] = {
    0x00, 0x00, 0x05, 0x55, 0x55, 0x50, 0x00, 0x00, 0x00, 0x05, 0x42, 0x11, 0x11, 0x24, 0x50, 0x00,
    0x00, 0x52, 0x11, 0x11, 0x11, 0xB1, 0x25, 0x00, 0x05, 0x21, 0x11, 0x11, 0x1B, 0x96, 0x12, 0x50,
    0x04, 0x11, 0x11, 0x11, 0xB8, 0xB6, 0x11, 0x40, 0xF2, 0x11, 0x11, 0x1A, 0x89, 0x67, 0x11, 0x25,
    0xF1, 0x11, 0x11, 0xA8, 0x8B, 0x77, 0x11, 0x15, 0xF1, 0x11, 0x1B, 0x88, 0x8A, 0x67, 0x11, 0x15,
    0xF1, 0x11, 0x11, 0xB8, 0x88, 0xA7, 0x71, 0x15, 0xF1, 0x11, 0x11, 0x11, 0x88, 0x8B, 0x61, 0x15,
    0xF1, 0x11, 0x11, 0x1B, 0x88, 0xA7, 0x61, 0x25, 0xF1, 0x11, 0x11, 0x18, 0x9A, 0x67, 0x11, 0x40,
    0xF1, 0x11, 0x11, 0x8A, 0x76, 0x71, 0x12, 0x50, 0xF1, 0x11, 0x1A, 0xB7, 0x67, 0x11, 0x25, 0x00,
    0xF1, 0x11, 0x11, 0x11, 0x11, 0x24, 0x50, 0x00, 0xFF, 0xFF, 0xFF, 0xFF, 0xFF, 0xF0, 0x00, 0x00,
};
unsigned short ui_battle_status_paralyze_1_pal[] = {0x4210, 0xC8C1, 0xB101, 0x9881, 0x8801, 0x6801, 0x8201, 0xAA81, 0xD74B, 0xC605, 0xB503, 0x9441, 0xE71F, 0xDEF7, 0xB5AD, 0x2109};
unsigned char ui_battle_status_dizzy_0_png[] = {
    0x00, 0x00, 0x05, 0x55, 0x55, 0x50, 0x00, 0x00, 0x00, 0x05, 0x42, 0x11, 0x11, 0x24, 0x50, 0x00,
    0x00, 0x52, 0x11, 0x11, 0x11, 0x11, 0x25, 0x00, 0x05, 0x21, 0x16, 0x73, 0x37, 0x61, 0x12, 0x50,
    0x04, 0x11, 0x76, 0x21, 0x11, 0x73, 0x11, 0x40, 0xF2, 0x17, 0x61, 0x73, 0x36, 0x17, 0x61, 0x25,
    0xF1, 0x16, 0x13, 0x21, 0x17, 0x61, 0x31, 0x15, 0xF1, 0x11, 0x32, 0x17, 0x31, 0x31, 0x31, 0x15,
    0xF1, 0x11, 0x31, 0x31, 0x61, 0x31, 0x31, 0x15, 0xF1, 0x11, 0x31, 0x32, 0x16, 0x71, 0x31, 0x15,
    0xF1, 0x11, 0x67, 0x13, 0x37, 0x17, 0x61, 0x25, 0xF1, 0x11, 0x13, 0x61, 0x11, 0x73, 0x11, 0x40,
    0xF1, 0x11, 0x11, 0x73, 0x33, 0x61, 0x12, 0x50, 0xF1, 0x11, 0x11, 0x11, 0x11, 0x11, 0x25, 0x00,
    0xF1, 0x11, 0x11, 0x11, 0x11, 0x24, 0x50, 0x00, 0xFF, 0xFF, 0xFF, 0xFF, 0xFF, 0xF0, 0x00, 0x00,
};
unsigned short ui_battle_status_dizzy_0_pal[] = {0x4210, 0x9F7F, 0x7639, 0x786F, 0x5927, 0x381F, 0x6373, 0x8233, 0xF801, 0xF801, 0xF801, 0xF801, 0xF801, 0xF801, 0xF801, 0x2109};
unsigned char ui_battle_status_dizzy_1_png[] = {
    0x00, 0x00, 0x05, 0x55, 0x55, 0x50, 0x00, 0x00, 0x00, 0x05, 0x42, 0x11, 0x11, 0x24, 0x50, 0x00,
    0x00, 0x52, 0x11, 0x11, 0x11, 0x11, 0x25, 0x00, 0x05, 0x21, 0x11, 0x11, 0x16, 0x71, 0x12, 0x50,
    0x04, 0x11, 0x16, 0x33, 0x31, 0x67, 0x11, 0x40, 0xF2, 0x11, 0x37, 0x11, 0x23, 0x16, 0x61, 0x25,
    0xF1, 0x17, 0x61, 0x33, 0x12, 0x72, 0x71, 0x15, 0xF1, 0x13, 0x13, 0x21, 0x71, 0x31, 0x31, 0x15,
    0xF1, 0x13, 0x13, 0x16, 0x31, 0x31, 0x31, 0x15, 0xF1, 0x13, 0x17, 0x61, 0x17, 0x61, 0x71, 0x15,
    0xF1, 0x16, 0x71, 0x73, 0x36, 0x17, 0x61, 0x25, 0xF1, 0x11, 0x37, 0x11, 0x11, 0x73, 0x11, 0x40,
    0xF1, 0x11, 0x16, 0x33, 0x33, 0x61, 0x12, 0x50, 0xF1, 0x11, 0x11, 0x11, 0x11, 0x11, 0x25, 0x00,
    0xF1, 0x11, 0x11, 0x11, 0x11, 0x24, 0x50, 0x00, 0xFF, 0xFF, 0xFF, 0xFF, 0xFF, 0xF0, 0x00, 0x00,
};
unsigned short ui_battle_status_dizzy_1_pal[] = {0x4210, 0x9F7F, 0x7639, 0x786F, 0x5927, 0x381F, 0x6373, 0x8233, 0xF801, 0xF801, 0xF801, 0xF801, 0xF801, 0xF801, 0xF801, 0x2109};
unsigned char ui_battle_status_dizzy_2_png[] = {
    0x00, 0x00, 0x05, 0x55, 0x55, 0x50, 0x00, 0x00, 0x00, 0x05, 0x42, 0x11, 0x11, 0x24, 0x50, 0x00,
    0x00, 0x52, 0x11, 0x11, 0x11, 0x11, 0x25, 0x00, 0x05, 0x21, 0x16, 0x33, 0x37, 0x11, 0x12, 0x50,
    0x04, 0x11, 0x37, 0x11, 0x16, 0x31, 0x11, 0x40, 0xF2, 0x16, 0x71, 0x73, 0x31, 0x76, 0x11, 0x25,
    0xF1, 0x13, 0x17, 0x61, 0x23, 0x13, 0x11, 0x15, 0xF1, 0x13, 0x13, 0x16, 0x13, 0x13, 0x11, 0x15,
    0xF1, 0x13, 0x13, 0x13, 0x71, 0x23, 0x11, 0x15, 0xF1, 0x13, 0x16, 0x71, 0x12, 0x31, 0x61, 0x15,
    0xF1, 0x16, 0x71, 0x63, 0x37, 0x16, 0x71, 0x25, 0xF1, 0x11, 0x37, 0x11, 0x12, 0x67, 0x11, 0x40,
    0xF1, 0x11, 0x16, 0x73, 0x37, 0x61, 0x12, 0x50, 0xF1, 0x11, 0x11, 0x11, 0x11, 0x11, 0x25, 0x00,
    0xF1, 0x11, 0x11, 0x11, 0x11, 0x24, 0x50, 0x00, 0xFF, 0xFF, 0xFF, 0xFF, 0xFF, 0xF0, 0x00, 0x00,
};
unsigned short ui_battle_status_dizzy_2_pal[] = {0x4210, 0x9F7F, 0x7639, 0x786F, 0x5927, 0x381F, 0x6373, 0x8233, 0xF801, 0xF801, 0xF801, 0xF801, 0xF801, 0xF801, 0xF801, 0x2109};
unsigned char ui_battle_status_dizzy_3_png[] = {
    0x00, 0x00, 0x05, 0x55, 0x55, 0x50, 0x00, 0x00, 0x00, 0x05, 0x42, 0x11, 0x11, 0x24, 0x50, 0x00,
    0x00, 0x52, 0x11, 0x11, 0x11, 0x11, 0x25, 0x00, 0x05, 0x21, 0x16, 0x33, 0x33, 0x61, 0x12, 0x50,
    0x04, 0x11, 0x37, 0x11, 0x11, 0x73, 0x11, 0x40, 0xF2, 0x16, 0x71, 0x63, 0x37, 0x17, 0x61, 0x25,
    0xF1, 0x17, 0x16, 0x71, 0x16, 0x71, 0x31, 0x15, 0xF1, 0x13, 0x13, 0x13, 0x61, 0x31, 0x31, 0x15,
    0xF1, 0x13, 0x13, 0x17, 0x12, 0x31, 0x31, 0x15, 0xF1, 0x17, 0x27, 0x21, 0x33, 0x16, 0x71, 0x15,
    0xF1, 0x16, 0x61, 0x32, 0x11, 0x73, 0x11, 0x25, 0xF1, 0x11, 0x76, 0x13, 0x33, 0x61, 0x11, 0x40,
    0xF1, 0x11, 0x17, 0x61, 0x11, 0x11, 0x12, 0x50, 0xF1, 0x11, 0x11, 0x11, 0x11, 0x11, 0x25, 0x00,
    0xF1, 0x11, 0x11, 0x11, 0x11, 0x24, 0x50, 0x00, 0xFF, 0xFF, 0xFF, 0xFF, 0xFF, 0xF0, 0x00, 0x00,
};
unsigned short ui_battle_status_dizzy_3_pal[] = {0x4210, 0x9F7F, 0x7639, 0x786F, 0x5927, 0x381F, 0x6373, 0x8233, 0xF801, 0xF801, 0xF801, 0xF801, 0xF801, 0xF801, 0xF801, 0x2109};
unsigned char ui_battle_status_poison_0_png[] = {
    0x00, 0x00, 0x05, 0x55, 0x55, 0x50, 0x00, 0x00, 0x00, 0x05, 0x42, 0x11, 0x11, 0x24, 0x50, 0x00,
    0x00, 0x52, 0x29, 0xAA, 0xA9, 0x21, 0x25, 0x00, 0x05, 0x22, 0xA7, 0x66, 0x67, 0xA2, 0x12, 0x50,
    0x04, 0x1A, 0x66, 0x66, 0x66, 0x6A, 0x21, 0x40, 0xF2, 0x97, 0x66, 0x66, 0x66, 0x67, 0x91, 0x25,
    0xF1, 0xA6, 0xAB, 0x16, 0x1B, 0xA6, 0xA1, 0x15, 0xF1, 0xA6, 0xEE, 0xE6, 0xEE, 0xE6, 0xA1, 0x15,
    0xF1, 0xA6, 0x2B, 0xB6, 0xBB, 0x26, 0xA1, 0x15, 0xF1, 0x97, 0x66, 0x66, 0x66, 0x67, 0x91, 0x15,
    0xF1, 0x2A, 0x68, 0x68, 0x68, 0x6A, 0x21, 0x25, 0xF1, 0x12, 0xA6, 0x96, 0x96, 0xA2, 0x11, 0x40,
    0xF1, 0x11, 0xA6, 0xB6, 0xB6, 0xA1, 0x12, 0x50, 0xF1, 0x11, 0x2A, 0x9A, 0x9A, 0x21, 0x25, 0x00,
    0xF1, 0x11, 0x11, 0x11, 0x11, 0x24, 0x50, 0x00, 0xFF, 0xFF, 0xFF, 0xFF, 0xFF, 0xF0, 0x00, 0x00,
};
unsigned short ui_battle_status_poison_0_pal[] = {0x4210, 0x5581, 0x44C3, 0x3BC3, 0x1A41, 0x1201, 0xDEF7, 0xB5AD, 0x8C63, 0x3BC3, 0x2B43, 0x2203, 0xF801, 0xF801, 0x210D, 0x2109};
unsigned char ui_battle_status_poison_1_png[] = {
    0x00, 0x00, 0x05, 0x55, 0x55, 0x50, 0x00, 0x00, 0x00, 0x05, 0x42, 0x11, 0x11, 0x24, 0x50, 0x00,
    0x00, 0x52, 0x29, 0xAA, 0xA9, 0x21, 0x25, 0x00, 0x05, 0x22, 0xA7, 0x66, 0x67, 0xA2, 0x12, 0x50,
    0x04, 0x1A, 0x66, 0x66, 0x66, 0x6A, 0x21, 0x40, 0xF2, 0x97, 0xAB, 0x76, 0x7B, 0xA7, 0x91, 0x25,
    0xF1, 0xA6, 0xEE, 0xE6, 0xEE, 0xE6, 0xA1, 0x15, 0xF1, 0xA6, 0x7B, 0xB6, 0xBB, 0x76, 0xA1, 0x15,
    0xF1, 0xA6, 0x66, 0x66, 0x66, 0x66, 0xA1, 0x15, 0xF1, 0x91, 0x67, 0x67, 0x67, 0x61, 0x91, 0x15,
    0xF1, 0x1A, 0x26, 0x86, 0x86, 0x2A, 0x11, 0x25, 0xF1, 0x11, 0xA6, 0xA6, 0xA6, 0xA1, 0x11, 0x40,
    0xF1, 0x11, 0x2A, 0x9A, 0x9A, 0x21, 0x12, 0x50, 0xF1, 0x11, 0x11, 0x11, 0x11, 0x11, 0x25, 0x00,
    0xF1, 0x11, 0x11, 0x11, 0x11, 0x24, 0x50, 0x00, 0xFF, 0xFF, 0xFF, 0xFF, 0xFF, 0xF0, 0x00, 0x00,
};
unsigned short ui_battle_status_poison_1_pal[] = {0x4210, 0x5581, 0x44C3, 0x3BC3, 0x1A41, 0x1201, 0xDEF7, 0xB5AD, 0x8C63, 0x3BC3, 0x2B43, 0x2203, 0xF801, 0xF801, 0x210D, 0x2109};
unsigned char ui_battle_status_frozen_0_png[] = {
    0x00, 0x00, 0x05, 0x55, 0x55, 0x50, 0x00, 0x00, 0x00, 0x05, 0x42, 0x11, 0x11, 0x24, 0x50, 0x00,
    0x00, 0x52, 0x11, 0x11, 0x11, 0x11, 0x25, 0x00, 0x05, 0x21, 0x11, 0x16, 0x61, 0x11, 0x12, 0x50,
    0x04, 0x11, 0x11, 0x66, 0x67, 0x11, 0x11, 0x40, 0xF2, 0x11, 0x68, 0x66, 0x67, 0x81, 0x11, 0x25,
    0xF1, 0x11, 0x69, 0x77, 0x77, 0x89, 0x11, 0x15, 0xF1, 0x16, 0x77, 0x87, 0x78, 0x79, 0x11, 0x15,
    0xF1, 0x18, 0x77, 0x98, 0x98, 0x99, 0x81, 0x15, 0xF1, 0x16, 0x87, 0x86, 0x69, 0x98, 0x81, 0x15,
    0xF1, 0x16, 0x78, 0x66, 0x78, 0x98, 0x81, 0x25, 0xF1, 0x17, 0x78, 0x67, 0x78, 0x98, 0x11, 0x40,
    0xF1, 0x11, 0x17, 0x67, 0x77, 0x11, 0x12, 0x50, 0xF1, 0x11, 0x11, 0x11, 0x11, 0x11, 0x25, 0x00,
    0xF1, 0x11, 0x11, 0x11, 0x11, 0x24, 0x50, 0x00, 0xFF, 0xFF, 0xFF, 0xFF, 0xFF, 0xF0, 0x00, 0x00,
};
unsigned short ui_battle_status_frozen_0_pal[] = {0x4210, 0x2127, 0x2961, 0x18DD, 0x1097, 0x0011, 0xA7BD, 0x76BB, 0x45F7, 0x14F5, 0xE7BD, 0x0001, 0x0001, 0x0001, 0x0001, 0x2109};
unsigned char ui_battle_status_frozen_1_png[] = {
    0x00, 0x00, 0x05, 0x55, 0x55, 0x50, 0x00, 0x00, 0x00, 0x05, 0x42, 0x11, 0x11, 0x24, 0x50, 0x00,
    0x00, 0x52, 0x11, 0x11, 0x11, 0x11, 0x25, 0x00, 0x05, 0x21, 0x11, 0x1A, 0xA1, 0x11, 0x12, 0x50,
    0x04, 0x11, 0x11, 0xAA, 0xA6, 0x11, 0x11, 0x40, 0xF2, 0x11, 0xA7, 0xAA, 0xA6, 0x71, 0x11, 0x25,
    0xF1, 0x11, 0xA8, 0x66, 0x66, 0x79, 0x11, 0x15, 0xF1, 0x1A, 0xA6, 0x76, 0x67, 0x79, 0x11, 0x15,
    0xF1, 0x17, 0x67, 0x88, 0x88, 0x99, 0x81, 0x15, 0xF1, 0x16, 0x87, 0x86, 0x69, 0x98, 0x81, 0x15,
    0xF1, 0x16, 0x78, 0x66, 0x78, 0x98, 0x81, 0x25, 0xF1, 0x17, 0x78, 0x67, 0x78, 0x98, 0x11, 0x40,
    0xF1, 0x11, 0x17, 0x67, 0x77, 0x11, 0x12, 0x50, 0xF1, 0x11, 0x11, 0x11, 0x11, 0x11, 0x25, 0x00,
    0xF1, 0x11, 0x11, 0x11, 0x11, 0x24, 0x50, 0x00, 0xFF, 0xFF, 0xFF, 0xFF, 0xFF, 0xF0, 0x00, 0x00,
};
unsigned short ui_battle_status_frozen_1_pal[] = {0x4210, 0x2127, 0x2961, 0x18DD, 0x1097, 0x0011, 0xA7BD, 0x76BB, 0x45F7, 0x14F5, 0xE7BD, 0x0001, 0x0001, 0x0001, 0x0001, 0x2109};
unsigned char ui_battle_status_frozen_2_png[] = {
    0x00, 0x00, 0x05, 0x55, 0x55, 0x50, 0x00, 0x00, 0x00, 0x05, 0x42, 0x11, 0x11, 0x24, 0x50, 0x00,
    0x00, 0x52, 0x11, 0x11, 0x11, 0x11, 0x25, 0x00, 0x05, 0x21, 0x11, 0x16, 0x61, 0x11, 0x12, 0x50,
    0x04, 0x11, 0x11, 0x66, 0x67, 0x11, 0x11, 0x40, 0xF2, 0x11, 0x67, 0x66, 0x6A, 0x81, 0x11, 0x25,
    0xF1, 0x11, 0x68, 0x6A, 0xAA, 0x68, 0x11, 0x15, 0xF1, 0x17, 0x6A, 0x6A, 0xA6, 0xA8, 0x11, 0x15,
    0xF1, 0x18, 0x7A, 0x76, 0x7A, 0x68, 0x81, 0x15, 0xF1, 0x17, 0x86, 0x7A, 0xA6, 0x88, 0x81, 0x15,
    0xF1, 0x1A, 0xA6, 0xAA, 0x67, 0x88, 0x81, 0x25, 0xF1, 0x1A, 0xA6, 0xA6, 0x77, 0x98, 0x11, 0x40,
    0xF1, 0x11, 0x1A, 0x67, 0x77, 0x11, 0x12, 0x50, 0xF1, 0x11, 0x11, 0x11, 0x11, 0x11, 0x25, 0x00,
    0xF1, 0x11, 0x11, 0x11, 0x11, 0x24, 0x50, 0x00, 0xFF, 0xFF, 0xFF, 0xFF, 0xFF, 0xF0, 0x00, 0x00,
};
unsigned short ui_battle_status_frozen_2_pal[] = {0x4210, 0x2127, 0x2961, 0x18DD, 0x1097, 0x0011, 0xA7BD, 0x76BB, 0x45F7, 0x14F5, 0xE7BD, 0x0001, 0x0001, 0x0001, 0x0001, 0x2109};
unsigned char ui_battle_status_frozen_3_png[] = {
    0x00, 0x00, 0x05, 0x55, 0x55, 0x50, 0x00, 0x00, 0x00, 0x05, 0x42, 0x11, 0x11, 0x24, 0x50, 0x00,
    0x00, 0x52, 0x11, 0x11, 0x11, 0x11, 0x25, 0x00, 0x05, 0x21, 0x11, 0x16, 0x61, 0x11, 0x12, 0x50,
    0x04, 0x11, 0x11, 0x66, 0x67, 0x11, 0x11, 0x40, 0xF2, 0x11, 0x68, 0x66, 0x67, 0x81, 0x11, 0x25,
    0xF1, 0x11, 0x69, 0x77, 0x77, 0x89, 0x11, 0x15, 0xF1, 0x16, 0x77, 0x87, 0x78, 0x89, 0x11, 0x15,
    0xF1, 0x18, 0x77, 0x98, 0x98, 0x97, 0xA1, 0x15, 0xF1, 0x16, 0x87, 0x86, 0x68, 0x76, 0xA1, 0x15,
    0xF1, 0x16, 0x78, 0x66, 0x6A, 0x76, 0x61, 0x25, 0xF1, 0x17, 0x78, 0x6A, 0xA6, 0x66, 0x11, 0x40,
    0xF1, 0x11, 0x17, 0xA6, 0xA6, 0x11, 0x12, 0x50, 0xF1, 0x11, 0x11, 0x11, 0x11, 0x11, 0x25, 0x00,
    0xF1, 0x11, 0x11, 0x11, 0x11, 0x24, 0x50, 0x00, 0xFF, 0xFF, 0xFF, 0xFF, 0xFF, 0xF0, 0x00, 0x00,
};
unsigned short ui_battle_status_frozen_3_pal[] = {0x4210, 0x2127, 0x2961, 0x18DD, 0x1097, 0x0011, 0xA7BD, 0x76BB, 0x45F7, 0x14F5, 0xE7BD, 0x0001, 0x0001, 0x0001, 0x0001, 0x2109};
unsigned char ui_battle_status_stop_0_png[] = {
    0x00, 0x00, 0x05, 0x55, 0x55, 0x50, 0x00, 0x00, 0x00, 0x05, 0x42, 0x1C, 0xCC, 0x24, 0x50, 0x00,
    0x00, 0x52, 0x11, 0xDD, 0xDD, 0xCC, 0x25, 0x00, 0x05, 0x2C, 0xC1, 0xDD, 0xDD, 0xCC, 0xC2, 0x50,
    0x04, 0xCC, 0x2D, 0x97, 0xA9, 0xD2, 0xCC, 0x40, 0xF2, 0x1C, 0xDA, 0xB7, 0xAB, 0xAD, 0xCC, 0x25,
    0xF1, 0x1D, 0x9B, 0xB7, 0xAB, 0xB9, 0xDC, 0xC5, 0xF1, 0x1D, 0xAB, 0xB7, 0xAB, 0xBA, 0xDC, 0xC5,
    0xFC, 0x1D, 0xAB, 0xB6, 0x77, 0x77, 0xD1, 0xC5, 0xFC, 0xCD, 0x9B, 0xBB, 0xAA, 0xA9, 0xD1, 0x15,
    0xFC, 0xCC, 0xDA, 0xBB, 0xBB, 0xAD, 0x11, 0x25, 0xFC, 0xCC, 0x2D, 0x9A, 0xA9, 0xD2, 0xC1, 0x40,
    0xF1, 0xCC, 0xCC, 0xDD, 0xDD, 0xCC, 0xC2, 0x50, 0xF1, 0x1C, 0xCC, 0xC1, 0x11, 0x1C, 0x25, 0x00,
    0xF1, 0x11, 0xCC, 0xCC, 0x11, 0x24, 0x50, 0x00, 0xFF, 0xFF, 0xFF, 0xFF, 0xFF, 0xF0, 0x00, 0x00,
};
unsigned short ui_battle_status_stop_0_pal[] = {0x4210, 0xA273, 0x892D, 0x78A9, 0x5923, 0x381B, 0x39D5, 0x7BA1, 0x94A5, 0xACEB, 0xD673, 0xF7BB, 0xC3F7, 0x5295, 0x0001, 0x2109};
unsigned char ui_battle_status_stop_1_png[] = {
    0x00, 0x00, 0x05, 0x55, 0x55, 0x50, 0x00, 0x00, 0x00, 0x05, 0x42, 0x11, 0x1C, 0x24, 0x50, 0x00,
    0x00, 0x52, 0xCC, 0xDD, 0xDD, 0xCC, 0x25, 0x00, 0x05, 0x2C, 0xCC, 0xDD, 0xDD, 0x1C, 0xC2, 0x50,
    0x04, 0x11, 0x2D, 0x97, 0xA9, 0xD2, 0xCC, 0x40, 0xF2, 0x11, 0xDA, 0xB7, 0xAB, 0xAD, 0x1C, 0x25,
    0xFC, 0x1D, 0x9B, 0xB7, 0xAB, 0xB9, 0xD1, 0xC5, 0xFC, 0xCD, 0xAB, 0xB7, 0xAB, 0xBA, 0xD1, 0x15,
    0xFC, 0xCD, 0xAB, 0xB6, 0x77, 0x77, 0xD1, 0x15, 0xFC, 0xCD, 0x9B, 0xBB, 0xAA, 0xA9, 0xD1, 0x15,
    0xF1, 0xCC, 0xDA, 0xBB, 0xBB, 0xAD, 0xCC, 0x25, 0xF1, 0x1C, 0x2D, 0x9A, 0xA9, 0xD2, 0xCC, 0x40,
    0xF1, 0x11, 0xCC, 0xDD, 0xDD, 0x11, 0xC2, 0x50, 0xF1, 0x11, 0x1C, 0xCC, 0xC1, 0x11, 0x25, 0x00,
    0xFC, 0x11, 0x11, 0xCC, 0xCC, 0x24, 0x50, 0x00, 0xFF, 0xFF, 0xFF, 0xFF, 0xFF, 0xF0, 0x00, 0x00,
};
unsigned short ui_battle_status_stop_1_pal[] = {0x4210, 0xA273, 0x892D, 0x78A9, 0x5923, 0x381B, 0x39D5, 0x7BA1, 0x94A5, 0xACEB, 0xD673, 0xF7BB, 0xC3F7, 0x5295, 0x0001, 0x2109};
unsigned char ui_battle_status_stop_2_png[] = {
    0x00, 0x00, 0x05, 0x55, 0x55, 0x50, 0x00, 0x00, 0x00, 0x05, 0x42, 0xC1, 0x11, 0x24, 0x50, 0x00,
    0x00, 0x52, 0xCC, 0xDD, 0xDD, 0x11, 0x25, 0x00, 0x05, 0x21, 0x1C, 0xDD, 0xDD, 0x11, 0x12, 0x50,
    0x04, 0x11, 0x2D, 0x97, 0xA9, 0xD2, 0x11, 0x40, 0xF2, 0xC1, 0xDA, 0xB7, 0xAB, 0xAD, 0x11, 0x25,
    0xFC, 0xCD, 0x9B, 0xB7, 0xAB, 0xB9, 0xD1, 0x15, 0xFC, 0xCD, 0xAB, 0xB7, 0xAB, 0xBA, 0xD1, 0x15,
    0xF1, 0xCD, 0xAB, 0xB6, 0x77, 0x77, 0xDC, 0x15, 0xF1, 0x1D, 0x9B, 0xBB, 0xAA, 0xA9, 0xDC, 0x15,
    0xF1, 0x11, 0xDA, 0xBB, 0xBB, 0xAD, 0xCC, 0x25, 0xF1, 0x11, 0x2D, 0x9A, 0xA9, 0xD2, 0x1C, 0x40,
    0xFC, 0x11, 0x11, 0xDD, 0xDD, 0x11, 0x12, 0x50, 0xFC, 0xC1, 0x11, 0x1C, 0xCC, 0xC1, 0x25, 0x00,
    0xFC, 0xCC, 0x11, 0x11, 0xCC, 0x24, 0x50, 0x00, 0xFF, 0xFF, 0xFF, 0xFF, 0xFF, 0xF0, 0x00, 0x00,
};
unsigned short ui_battle_status_stop_2_pal[] = {0x4210, 0xA273, 0x892D, 0x78A9, 0x5923, 0x381B, 0x39D5, 0x7BA1, 0x94A5, 0xACEB, 0xD673, 0xF7BB, 0xC3F7, 0x5295, 0x0001, 0x2109};
unsigned char ui_battle_status_stop_3_png[] = {
    0x00, 0x00, 0x05, 0x55, 0x55, 0x50, 0x00, 0x00, 0x00, 0x05, 0x42, 0xCC, 0xC1, 0x24, 0x50, 0x00,
    0x00, 0x52, 0x11, 0xDD, 0xDD, 0x11, 0x25, 0x00, 0x05, 0x21, 0x11, 0xDD, 0xDD, 0xC1, 0x12, 0x50,
    0x04, 0xCC, 0x2D, 0x97, 0xA9, 0xD2, 0x11, 0x40, 0xF2, 0xCC, 0xDA, 0xB7, 0xAB, 0xAD, 0xC1, 0x25,
    0xF1, 0xCD, 0x9B, 0xB7, 0xAB, 0xB9, 0xDC, 0x15, 0xF1, 0x1D, 0xAB, 0xB7, 0xAB, 0xBA, 0xDC, 0xC5,
    0xF1, 0x1D, 0xAB, 0xB6, 0x77, 0x77, 0xDC, 0xC5, 0xF1, 0x1D, 0x9B, 0xBB, 0xAA, 0xA9, 0xDC, 0xC5,
    0xFC, 0x11, 0xDA, 0xBB, 0xBB, 0xAD, 0x11, 0x25, 0xFC, 0xC1, 0x2D, 0x9A, 0xA9, 0xD2, 0x11, 0x40,
    0xFC, 0xCC, 0x11, 0xDD, 0xDD, 0xCC, 0x12, 0x50, 0xFC, 0xCC, 0xC1, 0x11, 0x1C, 0xCC, 0x25, 0x00,
    0xF1, 0xCC, 0xCC, 0x11, 0x11, 0x24, 0x50, 0x00, 0xFF, 0xFF, 0xFF, 0xFF, 0xFF, 0xF0, 0x00, 0x00,
};
unsigned short ui_battle_status_stop_3_pal[] = {0x4210, 0xA273, 0x892D, 0x78A9, 0x5923, 0x381B, 0x39D5, 0x7BA1, 0x94A5, 0xACEB, 0xD673, 0xF7BB, 0xC3F7, 0x5295, 0x0001, 0x2109};
unsigned char ui_battle_status_pdown_0_png[] = {
    0x00, 0x00, 0x05, 0x55, 0x55, 0x50, 0x00, 0x00, 0x00, 0x05, 0x42, 0x11, 0x11, 0x24, 0x50, 0x00,
    0x00, 0x52, 0x11, 0x11, 0x11, 0x11, 0x25, 0x00, 0x05, 0x21, 0x11, 0x77, 0x78, 0x11, 0x12, 0x50,
    0x04, 0x11, 0x11, 0x76, 0x68, 0x11, 0x11, 0x40, 0xF2, 0x11, 0x11, 0x76, 0x68, 0x11, 0x11, 0x25,
    0xF1, 0x11, 0x11, 0x76, 0x68, 0x11, 0x11, 0x15, 0xF1, 0x11, 0x11, 0x76, 0x68, 0x11, 0x11, 0x15,
    0xF1, 0x17, 0x77, 0x76, 0x68, 0x88, 0x81, 0x15, 0xF1, 0x11, 0x76, 0x66, 0x66, 0x68, 0x11, 0x15,
    0xF1, 0x11, 0x17, 0x66, 0x66, 0x81, 0x11, 0x25, 0xF1, 0x11, 0x11, 0x76, 0x68, 0x11, 0x11, 0x40,
    0xF1, 0x11, 0x11, 0x17, 0x81, 0x11, 0x12, 0x50, 0xF1, 0x11, 0x11, 0x11, 0x11, 0x11, 0x25, 0x00,
    0xF1, 0x11, 0x11, 0x11, 0x11, 0x24, 0x50, 0x00, 0xFF, 0xFF, 0xFF, 0xFF, 0xFF, 0xF0, 0x00, 0x00,
};
unsigned short ui_battle_status_pdown_0_pal[] = {0x4210, 0xDEF7, 0xB5AD, 0x94A5, 0x5295, 0x4211, 0xF801, 0xC8C1, 0x8801, 0x0001, 0x0001, 0x0001, 0x0001, 0x0001, 0x0001, 0x2109};
unsigned char ui_battle_status_pdown_1_png[] = {
    0x00, 0x00, 0x05, 0x55, 0x55, 0x50, 0x00, 0x00, 0x00, 0x05, 0x42, 0x11, 0x11, 0x24, 0x50, 0x00,
    0x00, 0x52, 0x11, 0x11, 0x11, 0x11, 0x25, 0x00, 0x05, 0x21, 0x11, 0x11, 0x11, 0x11, 0x12, 0x50,
    0x04, 0x11, 0x11, 0x77, 0x78, 0x11, 0x11, 0x40, 0xF2, 0x11, 0x11, 0x76, 0x68, 0x11, 0x11, 0x25,
    0xF1, 0x11, 0x11, 0x76, 0x68, 0x11, 0x11, 0x15, 0xF1, 0x11, 0x11, 0x76, 0x68, 0x11, 0x11, 0x15,
    0xF1, 0x11, 0x11, 0x76, 0x68, 0x11, 0x11, 0x15, 0xF1, 0x17, 0x77, 0x76, 0x68, 0x88, 0x81, 0x15,
    0xF1, 0x11, 0x76, 0x66, 0x66, 0x68, 0x11, 0x25, 0xF1, 0x11, 0x17, 0x66, 0x66, 0x81, 0x11, 0x40,
    0xF1, 0x11, 0x11, 0x76, 0x68, 0x11, 0x12, 0x50, 0xF1, 0x11, 0x11, 0x17, 0x81, 0x11, 0x25, 0x00,
    0xF1, 0x11, 0x11, 0x11, 0x11, 0x24, 0x50, 0x00, 0xFF, 0xFF, 0xFF, 0xFF, 0xFF, 0xF0, 0x00, 0x00,
};
unsigned short ui_battle_status_pdown_1_pal[] = {0x4210, 0xDEF7, 0xB5AD, 0x94A5, 0x5295, 0x4211, 0xF801, 0xC8C1, 0x8801, 0x0001, 0x0001, 0x0001, 0x0001, 0x0001, 0x0001, 0x2109};
unsigned char ui_battle_status_shrink_0_png[] = {
    0x00, 0x00, 0x05, 0x55, 0x55, 0x50, 0x00, 0x00, 0x00, 0x05, 0x69, 0x11, 0x11, 0x96, 0x50, 0x00,
    0x00, 0x59, 0x11, 0x11, 0x11, 0x11, 0x95, 0x00, 0x05, 0x91, 0x11, 0x77, 0x77, 0x11, 0x19, 0x50,
    0x06, 0x11, 0x87, 0x77, 0x77, 0x78, 0x11, 0x60, 0xF9, 0x11, 0x77, 0x11, 0x11, 0x77, 0x11, 0x95,
    0xF1, 0x17, 0x71, 0x13, 0x31, 0x17, 0x71, 0x15, 0xF1, 0x17, 0x71, 0x32, 0x34, 0x17, 0x71, 0x15,
    0xF1, 0x17, 0x71, 0x33, 0x34, 0x17, 0x71, 0x15, 0xF1, 0x17, 0x71, 0x14, 0x41, 0x17, 0x71, 0x15,
    0xF1, 0x11, 0x77, 0x11, 0x11, 0x77, 0x11, 0x95, 0xF8, 0x11, 0x87, 0x77, 0x77, 0x78, 0x11, 0x60,
    0xF7, 0x11, 0x11, 0x77, 0x77, 0x11, 0x19, 0x50, 0xF7, 0x81, 0x11, 0x11, 0x11, 0x11, 0x95, 0x00,
    0xF7, 0x77, 0x81, 0x11, 0x11, 0x96, 0x50, 0x00, 0xFF, 0xFF, 0xFF, 0xFF, 0xFF, 0xF0, 0x00, 0x00,
};
unsigned short ui_battle_status_shrink_0_pal[] = {0x4210, 0xE731, 0xCFBB, 0x2F31, 0x05E7, 0x4211, 0x5295, 0xF3BB, 0xED67, 0xB5A7, 0xBB6F, 0x0001, 0x0001, 0x0001, 0x0001, 0x2109};
unsigned char ui_battle_status_shrink_1_png[] = {
    0x00, 0x00, 0x05, 0x55, 0x55, 0x50, 0x00, 0x00, 0x00, 0x05, 0x6A, 0x77, 0x77, 0xA6, 0x50, 0x00,
    0x00, 0x5A, 0x78, 0x11, 0x11, 0x87, 0xA5, 0x00, 0x05, 0xA7, 0x11, 0x11, 0x11, 0x11, 0x7A, 0x50,
    0x06, 0x71, 0x11, 0x87, 0x78, 0x11, 0x17, 0x60, 0xFA, 0x81, 0x17, 0x77, 0x77, 0x71, 0x18, 0xA5,
    0xF7, 0x11, 0x87, 0x83, 0x38, 0x78, 0x11, 0x75, 0xF7, 0x11, 0x77, 0x32, 0x34, 0x77, 0x11, 0x75,
    0xF7, 0x11, 0x77, 0x33, 0x34, 0x77, 0x11, 0x75, 0xF7, 0x11, 0x87, 0x84, 0x48, 0x78, 0x11, 0x75,
    0xF7, 0x81, 0x17, 0x77, 0x77, 0x71, 0x18, 0xA5, 0xF7, 0x71, 0x11, 0x87, 0x78, 0x11, 0x17, 0x60,
    0xF7, 0x77, 0x11, 0x11, 0x11, 0x11, 0x7A, 0x50, 0xF8, 0x77, 0x78, 0x11, 0x11, 0x87, 0xA5, 0x00,
    0xF1, 0x87, 0x77, 0x77, 0x77, 0xA6, 0x50, 0x00, 0xFF, 0xFF, 0xFF, 0xFF, 0xFF, 0xF0, 0x00, 0x00,
};
unsigned short ui_battle_status_shrink_1_pal[] = {0x4210, 0xE731, 0xCFBB, 0x2F31, 0x05E7, 0x4211, 0x5295, 0xF3BB, 0xED67, 0xB5A7, 0xBB6F, 0x0001, 0x0001, 0x0001, 0x0001, 0x2109};
unsigned char ui_battle_status_shrink_2_png[] = {
    0x00, 0x00, 0x05, 0x55, 0x55, 0x50, 0x00, 0x00, 0x00, 0x05, 0x6A, 0x77, 0x77, 0xA6, 0x50, 0x00,
    0x00, 0x5A, 0x77, 0x77, 0x77, 0x77, 0xA5, 0x00, 0x05, 0xA7, 0x78, 0x11, 0x11, 0x87, 0x7A, 0x50,
    0x06, 0x77, 0x11, 0x11, 0x11, 0x11, 0x77, 0x60, 0xFA, 0x78, 0x11, 0x87, 0x78, 0x11, 0x87, 0xA5,
    0xF7, 0x71, 0x18, 0x73, 0x37, 0x81, 0x17, 0x75, 0xF7, 0x71, 0x17, 0x32, 0x34, 0x71, 0x17, 0x75,
    0xF7, 0x71, 0x17, 0x33, 0x34, 0x71, 0x17, 0x75, 0xF7, 0x71, 0x18, 0x74, 0x47, 0x81, 0x17, 0x75,
    0xF7, 0x78, 0x11, 0x87, 0x78, 0x11, 0x87, 0xA5, 0xF8, 0x77, 0x11, 0x11, 0x11, 0x11, 0x77, 0x60,
    0xF1, 0x77, 0x78, 0x11, 0x11, 0x87, 0x7A, 0x50, 0xF1, 0x17, 0x77, 0x77, 0x77, 0x77, 0xA5, 0x00,
    0xF1, 0x11, 0x87, 0x77, 0x77, 0xA6, 0x50, 0x00, 0xFF, 0xFF, 0xFF, 0xFF, 0xFF, 0xF0, 0x00, 0x00,
};
unsigned short ui_battle_status_shrink_2_pal[] = {0x4210, 0xE731, 0xCFBB, 0x2F31, 0x05E7, 0x4211, 0x5295, 0xF3BB, 0xED67, 0xB5A7, 0xBB6F, 0x0001, 0x0001, 0x0001, 0x0001, 0x2109};
unsigned char ui_battle_status_shrink_3_png[] = {
    0x00, 0x00, 0x05, 0x55, 0x55, 0x50, 0x00, 0x00, 0x00, 0x05, 0x69, 0x88, 0x88, 0x96, 0x50, 0x00,
    0x00, 0x59, 0x88, 0x77, 0x77, 0x88, 0x95, 0x00, 0x05, 0x98, 0x77, 0x77, 0x77, 0x77, 0x89, 0x50,
    0x06, 0x87, 0x77, 0x81, 0x18, 0x77, 0x78, 0x60, 0xF9, 0x87, 0x71, 0x11, 0x11, 0x17, 0x78, 0x95,
    0xF8, 0x77, 0x81, 0x13, 0x31, 0x18, 0x77, 0x85, 0xF8, 0x77, 0x11, 0x32, 0x34, 0x11, 0x77, 0x85,
    0xF8, 0x77, 0x11, 0x33, 0x34, 0x11, 0x77, 0x85, 0xF8, 0x77, 0x81, 0x14, 0x41, 0x18, 0x77, 0x85,
    0xF1, 0x87, 0x71, 0x11, 0x11, 0x17, 0x78, 0x95, 0xF1, 0x87, 0x77, 0x81, 0x18, 0x77, 0x78, 0x60,
    0xF1, 0x18, 0x77, 0x77, 0x77, 0x77, 0x89, 0x50, 0xF8, 0x11, 0x88, 0x77, 0x77, 0x88, 0x95, 0x00,
    0xF7, 0x81, 0x11, 0x88, 0x88, 0x96, 0x50, 0x00, 0xFF, 0xFF, 0xFF, 0xFF, 0xFF, 0xF0, 0x00, 0x00,
};
unsigned short ui_battle_status_shrink_3_pal[] = {0x4210, 0xE731, 0xCFBB, 0x2F31, 0x05E7, 0x4211, 0x5295, 0xF3BB, 0xED67, 0xB5A7, 0xBB6F, 0x0001, 0x0001, 0x0001, 0x0001, 0x2109};
unsigned char ui_battle_status_transparent_0_png[] = {
    0x00, 0x00, 0x05, 0x55, 0x55, 0x50, 0x00, 0x00, 0x00, 0x05, 0x66, 0x66, 0x66, 0x66, 0x50, 0x00,
    0x00, 0x56, 0x66, 0x66, 0x66, 0x66, 0x65, 0x00, 0x05, 0x66, 0x66, 0x11, 0x11, 0x66, 0x66, 0x50,
    0x06, 0x66, 0x91, 0x11, 0x11, 0x19, 0x66, 0x60, 0xF6, 0x66, 0x11, 0x96, 0x69, 0x11, 0x66, 0x65,
    0xF6, 0x61, 0x19, 0x66, 0x66, 0x91, 0x16, 0x65, 0xF1, 0x16, 0x61, 0x11, 0x11, 0x16, 0x61, 0x15,
    0xF1, 0x16, 0x61, 0x11, 0x11, 0x16, 0x61, 0x15, 0xF1, 0x16, 0x69, 0x11, 0x11, 0x96, 0x61, 0x15,
    0xF1, 0x11, 0x66, 0x91, 0x19, 0x66, 0x11, 0x95, 0xF1, 0x11, 0x96, 0x66, 0x66, 0x69, 0x11, 0x60,
    0xF1, 0x11, 0x11, 0x66, 0x66, 0x11, 0x19, 0x50, 0xF1, 0x11, 0x11, 0x11, 0x11, 0x11, 0x95, 0x00,
    0xF1, 0x11, 0x11, 0x11, 0x11, 0x96, 0x50, 0x00, 0xFF, 0xFF, 0xFF, 0xFF, 0xFF, 0xF0, 0x00, 0x00,
};
unsigned short ui_battle_status_transparent_0_pal[] = {0x4210, 0xE731, 0xCFBB, 0x2F31, 0x05E7, 0x4211, 0x5295, 0xF3BB, 0xED67, 0xB5A7, 0xBB6F, 0x0001, 0x0001, 0x0001, 0x0001, 0x2109};
unsigned char ui_battle_status_transparent_1_png[] = {
    0x00, 0x00, 0x05, 0x55, 0x55, 0x50, 0x00, 0x00, 0x00, 0x05, 0x66, 0x66, 0x66, 0x66, 0x50, 0x00,
    0x00, 0x56, 0x66, 0x66, 0x66, 0x66, 0x65, 0x00, 0x05, 0x66, 0x66, 0x11, 0x11, 0x66, 0x66, 0x50,
    0x06, 0x11, 0x96, 0x66, 0x66, 0x69, 0x11, 0x60, 0xF1, 0x11, 0x66, 0x91, 0x19, 0x66, 0x11, 0x15,
    0xF1, 0x16, 0x69, 0x11, 0x11, 0x96, 0x61, 0x15, 0xF1, 0x16, 0x61, 0x11, 0x11, 0x16, 0x61, 0x15,
    0xF1, 0x16, 0x61, 0x11, 0x11, 0x16, 0x61, 0x15, 0xF1, 0x16, 0x69, 0x11, 0x11, 0x96, 0x61, 0x15,
    0xF1, 0x11, 0x66, 0x91, 0x19, 0x66, 0x11, 0x95, 0xF1, 0x11, 0x96, 0x66, 0x66, 0x69, 0x11, 0x60,
    0xF6, 0x66, 0x66, 0x11, 0x11, 0x66, 0x66, 0x50, 0xF6, 0x66, 0x66, 0x66, 0x66, 0x66, 0x65, 0x00,
    0xF6, 0x66, 0x66, 0x66, 0x66, 0x66, 0x50, 0x00, 0xFF, 0xFF, 0xFF, 0xFF, 0xFF, 0xF0, 0x00, 0x00,
};
unsigned short ui_battle_status_transparent_1_pal[] = {0x4210, 0xE731, 0xCFBB, 0x2F31, 0x05E7, 0x4211, 0x5295, 0xF3BB, 0xED67, 0xB5A7, 0xBB6F, 0x0001, 0x0001, 0x0001, 0x0001, 0x2109};
unsigned char ui_battle_status_transparent_2_png[] = {
    0x00, 0x00, 0x05, 0x55, 0x55, 0x50, 0x00, 0x00, 0x00, 0x05, 0x69, 0x11, 0x11, 0x96, 0x50, 0x00,
    0x00, 0x59, 0x11, 0x11, 0x11, 0x11, 0x95, 0x00, 0x05, 0x91, 0x11, 0x66, 0x66, 0x11, 0x19, 0x50,
    0x06, 0x11, 0x96, 0x66, 0x66, 0x69, 0x11, 0x60, 0xF9, 0x11, 0x66, 0x91, 0x19, 0x66, 0x11, 0x95,
    0xF1, 0x16, 0x69, 0x11, 0x11, 0x96, 0x61, 0x15, 0xF1, 0x16, 0x61, 0x11, 0x11, 0x16, 0x61, 0x15,
    0xF1, 0x16, 0x61, 0x11, 0x11, 0x16, 0x61, 0x15, 0xF6, 0x61, 0x19, 0x66, 0x66, 0x91, 0x16, 0x65,
    0xF6, 0x66, 0x11, 0x96, 0x69, 0x11, 0x66, 0x65, 0xF6, 0x66, 0x91, 0x11, 0x11, 0x19, 0x66, 0x60,
    0xF6, 0x66, 0x66, 0x11, 0x11, 0x66, 0x66, 0x50, 0xF6, 0x66, 0x66, 0x66, 0x66, 0x66, 0x65, 0x00,
    0xF6, 0x66, 0x66, 0x66, 0x66, 0x66, 0x50, 0x00, 0xFF, 0xFF, 0xFF, 0xFF, 0xFF, 0xF0, 0x00, 0x00,
};
unsigned short ui_battle_status_transparent_2_pal[] = {0x4210, 0xE731, 0xCFBB, 0x2F31, 0x05E7, 0x4211, 0x5295, 0xF3BB, 0xED67, 0xB5A7, 0xBB6F, 0x0001, 0x0001, 0x0001, 0x0001, 0x2109};
unsigned char ui_battle_status_transparent_3_png[] = {
    0x00, 0x00, 0x05, 0x55, 0x55, 0x50, 0x00, 0x00, 0x00, 0x05, 0x69, 0x11, 0x11, 0x96, 0x50, 0x00,
    0x00, 0x59, 0x11, 0x11, 0x11, 0x11, 0x95, 0x00, 0x05, 0x91, 0x11, 0x66, 0x66, 0x11, 0x19, 0x50,
    0x06, 0x11, 0x96, 0x66, 0x66, 0x69, 0x11, 0x60, 0xF9, 0x11, 0x66, 0x91, 0x19, 0x66, 0x11, 0x95,
    0xF1, 0x16, 0x69, 0x11, 0x11, 0x96, 0x61, 0x15, 0xF6, 0x61, 0x16, 0x66, 0x66, 0x61, 0x16, 0x65,
    0xF6, 0x61, 0x16, 0x66, 0x66, 0x61, 0x16, 0x65, 0xF6, 0x61, 0x19, 0x66, 0x66, 0x91, 0x16, 0x65,
    0xF6, 0x66, 0x11, 0x96, 0x69, 0x11, 0x66, 0x65, 0xF6, 0x66, 0x91, 0x11, 0x11, 0x19, 0x66, 0x60,
    0xF6, 0x66, 0x66, 0x11, 0x11, 0x66, 0x66, 0x50, 0xF6, 0x66, 0x66, 0x66, 0x66, 0x66, 0x65, 0x00,
    0xF9, 0x11, 0x11, 0x11, 0x11, 0x96, 0x50, 0x00, 0xFF, 0xFF, 0xFF, 0xFF, 0xFF, 0xF0, 0x00, 0x00,
};
unsigned short ui_battle_status_transparent_3_pal[] = {0x4210, 0xE731, 0xCFBB, 0x2F31, 0x05E7, 0x4211, 0x5295, 0xF3BB, 0xED67, 0xB5A7, 0xBB6F, 0x0001, 0x0001, 0x0001, 0x0001, 0x2109};
unsigned char ui_battle_status_transparent_4_png[] = {
    0x00, 0x00, 0x05, 0x55, 0x55, 0x50, 0x00, 0x00, 0x00, 0x05, 0x59, 0x11, 0x11, 0x95, 0x50, 0x00,
    0x00, 0x59, 0x11, 0x11, 0x11, 0x11, 0x95, 0x00, 0x05, 0x91, 0x11, 0x66, 0x66, 0x11, 0x11, 0x50,
    0x06, 0x66, 0x91, 0x11, 0x11, 0x19, 0x66, 0x60, 0xF6, 0x66, 0x11, 0x96, 0x69, 0x11, 0x66, 0x65,
    0xF6, 0x61, 0x19, 0x66, 0x66, 0x91, 0x16, 0x65, 0xF6, 0x61, 0x16, 0x66, 0x66, 0x61, 0x16, 0x65,
    0xF6, 0x61, 0x16, 0x66, 0x66, 0x61, 0x16, 0x65, 0xF6, 0x61, 0x19, 0x66, 0x66, 0x91, 0x16, 0x65,
    0xF6, 0x66, 0x11, 0x96, 0x69, 0x11, 0x66, 0x65, 0xF6, 0x66, 0x91, 0x11, 0x11, 0x19, 0x66, 0x60,
    0xF1, 0x11, 0x11, 0x66, 0x66, 0x11, 0x19, 0x50, 0xF1, 0x11, 0x11, 0x11, 0x11, 0x11, 0x95, 0x00,
    0xF9, 0x11, 0x11, 0x11, 0x11, 0x96, 0x50, 0x00, 0xFF, 0xFF, 0xFF, 0xFF, 0xFF, 0xF0, 0x00, 0x00,
};
unsigned short ui_battle_status_transparent_4_pal[] = {0x4210, 0xE731, 0xCFBB, 0x2F31, 0x05E7, 0x4211, 0x5295, 0xF3BB, 0xED67, 0xB5A7, 0xBB6F, 0x0001, 0x0001, 0x0001, 0x0001, 0x2109};
unsigned char ui_battle_status_transparent_5_png[] = {
    0x00, 0x00, 0x05, 0x55, 0x55, 0x50, 0x00, 0x00, 0x00, 0x05, 0x56, 0x66, 0x66, 0x65, 0x50, 0x00,
    0x00, 0x56, 0x66, 0x66, 0x66, 0x66, 0x65, 0x00, 0x05, 0x66, 0x66, 0x11, 0x11, 0x66, 0x66, 0x50,
    0x06, 0x66, 0x91, 0x11, 0x11, 0x19, 0x66, 0x60, 0xF6, 0x66, 0x11, 0x96, 0x69, 0x11, 0x66, 0x65,
    0xF6, 0x61, 0x19, 0x66, 0x66, 0x91, 0x16, 0x65, 0xF6, 0x61, 0x16, 0x66, 0x66, 0x61, 0x16, 0x65,
    0xF6, 0x61, 0x16, 0x66, 0x66, 0x61, 0x16, 0x65, 0xF1, 0x66, 0x69, 0x11, 0x11, 0x96, 0x66, 0x15,
    0xF1, 0x16, 0x66, 0x91, 0x19, 0x66, 0x61, 0x95, 0xF1, 0x11, 0x96, 0x66, 0x66, 0x69, 0x11, 0x60,
    0xF1, 0x11, 0x11, 0x66, 0x66, 0x11, 0x19, 0x50, 0xF1, 0x11, 0x11, 0x11, 0x11, 0x11, 0x95, 0x00,
    0xF9, 0x11, 0x11, 0x11, 0x11, 0x96, 0x50, 0x00, 0xFF, 0xFF, 0xFF, 0xFF, 0xFF, 0xF0, 0x00, 0x00,
};
unsigned short ui_battle_status_transparent_5_pal[] = {0x4210, 0xE731, 0xCFBB, 0x2F31, 0x05E7, 0x4211, 0x5295, 0xF3BB, 0xED67, 0xB5A7, 0xBB6F, 0x0001, 0x0001, 0x0001, 0x0001, 0x2109};
unsigned char ui_battle_status_peril_png[] = {
    0x00, 0x00, 0x01, 0x00, 0x01, 0x00, 0x01, 0x00, 0x01, 0x00, 0x01, 0x00, 0x01, 0x00, 0x01, 0x00,
    0x01, 0x00, 0x00, 0x00, 0x01, 0x10, 0x11, 0x10, 0x11, 0x10, 0x11, 0x10, 0x11, 0x10, 0x11, 0x10,
    0x11, 0x10, 0x11, 0x10, 0x11, 0x10, 0x11, 0x00, 0x0B, 0x11, 0x11, 0xBB, 0x11, 0x11, 0x11, 0x11,
    0x11, 0x11, 0x11, 0x11, 0x11, 0x11, 0x11, 0x11, 0x11, 0x11, 0x1B, 0xF0, 0x0F, 0x11, 0x1B, 0xDE,
    0xEB, 0x11, 0x11, 0x11, 0x11, 0x11, 0x11, 0x11, 0x11, 0x11, 0xBE, 0x11, 0x1B, 0xB1, 0x1F, 0xF0,
    0x00, 0x11, 0x1B, 0xEB, 0x1E, 0x11, 0xBE, 0xE1, 0x11, 0x11, 0x11, 0x11, 0xBE, 0x11, 0xBE, 0x11,
    0x1D, 0xE1, 0x1F, 0x00, 0x01, 0x11, 0x1B, 0xE1, 0xDC, 0x1B, 0xE1, 0xBE, 0x11, 0xEB, 0x1E, 0xE1,
    0x1B, 0x11, 0xBE, 0x11, 0x1E, 0xD1, 0x11, 0x00, 0x11, 0x11, 0x1B, 0xEE, 0xC1, 0x1B, 0xEE, 0xEE,
    0x11, 0xBE, 0xEB, 0x11, 0xBE, 0x11, 0xBE, 0x11, 0x1E, 0xB1, 0x11, 0x1F, 0xF1, 0x11, 0x1B, 0xEB,
    0x11, 0x1B, 0xDC, 0x11, 0x11, 0xBE, 0xB1, 0x11, 0xBC, 0xC1, 0xBC, 0xC1, 0x11, 0x11, 0x11, 0xFF,
    0x0F, 0x11, 0x1B, 0xE1, 0x11, 0x11, 0xBD, 0xEE, 0xB1, 0xBE, 0x11, 0x11, 0x1B, 0xE1, 0x1B, 0xE1,
    0xED, 0x11, 0x1F, 0xF0, 0x00, 0x11, 0x1B, 0xB1, 0x11, 0x11, 0x1B, 0xBB, 0x11, 0x1B, 0x11, 0x11,
    0x11, 0x11, 0x11, 0x11, 0xBB, 0x11, 0x1F, 0x00, 0x01, 0x11, 0x11, 0x11, 0x11, 0x11, 0x11, 0x11,
    0x11, 0x11, 0x11, 0x11, 0x11, 0x11, 0x11, 0x11, 0x11, 0x11, 0x1B, 0xF0, 0x01, 0xBF, 0x11, 0x1F,
    0x11, 0x1F, 0x11, 0x1F, 0x11, 0x1F, 0x11, 0x1F, 0x11, 0x1F, 0x11, 0x1F, 0x11, 0x1F, 0xB1, 0xF0,
    0x0F, 0xFF, 0xF1, 0xFF, 0xF1, 0xFF, 0xF1, 0xFF, 0xF1, 0xFF, 0xF1, 0xFF, 0xF1, 0xFF, 0xF1, 0xFF,
    0xF1, 0xFF, 0xFF, 0xF0, 0x00, 0x00, 0xFF, 0xF0, 0xFF, 0xF0, 0xFF, 0xF0, 0xFF, 0xF0, 0xFF, 0xF0,
    0xFF, 0xF0, 0xFF, 0xF0, 0xFF, 0xF0, 0x00, 0x00, 0x00, 0x00, 0x0F, 0x00, 0x0F, 0x00, 0x0F, 0x00,
    0x0F, 0x00, 0x0F, 0x00, 0x0F, 0x00, 0x0F, 0x00, 0x0F, 0x00, 0x00, 0x00, 0x00, 0x00, 0x00, 0x00,
    0x00, 0x00, 0x00, 0x00, 0x00, 0x00, 0x00, 0x00, 0x00, 0x00, 0x00, 0x00, 0x00, 0x00, 0x00, 0x00,
};
unsigned short ui_battle_status_peril_pal[] = {0x739C, 0xD615, 0x0001, 0x0001, 0x0001, 0x0001, 0x0001, 0x0001, 0x0001, 0x0001, 0x0001, 0xD4D1, 0xCB0B, 0xC985, 0xC841, 0x48C7};
unsigned char ui_battle_status_danger_png[] = {
    0x00, 0x00, 0x00, 0x00, 0x00, 0x00, 0x00, 0x00, 0x00, 0x00, 0x00, 0x00, 0x00, 0x00, 0x00, 0x00,
    0x00, 0x00, 0x00, 0x00, 0x00, 0x00, 0x00, 0x00, 0x00, 0x00, 0x00, 0x00, 0x00, 0x00, 0x00, 0x00,
    0x00, 0x00, 0x00, 0x00, 0x00, 0x00, 0x00, 0x00, 0x00, 0x11, 0x11, 0x11, 0x11, 0x11, 0x11, 0x11,
    0x11, 0x11, 0x11, 0x11, 0x11, 0x11, 0x11, 0x11, 0x1F, 0x00, 0x00, 0x00, 0x01, 0x1B, 0xB1, 0x11,
    0x1B, 0x11, 0x11, 0x11, 0x11, 0x11, 0x11, 0x1B, 0xB1, 0x11, 0xBB, 0x1B, 0xB1, 0xF0, 0x00, 0x00,
    0x01, 0xDE, 0xEB, 0x11, 0xBE, 0xD1, 0xB1, 0x1E, 0x11, 0xDE, 0xE1, 0xBE, 0xE1, 0xBD, 0xEB, 0x1D,
    0xE1, 0xFF, 0x00, 0x00, 0x0B, 0xEB, 0x1E, 0x1B, 0xEB, 0xE1, 0xEB, 0x1E, 0x1D, 0xD1, 0x11, 0xEB,
    0x11, 0xDB, 0x1E, 0x1E, 0xD1, 0xFF, 0x00, 0x00, 0x0B, 0xE1, 0x1E, 0xBC, 0xD1, 0xE1, 0xED, 0xBE,
    0xBE, 0x1E, 0xE1, 0xEE, 0xE1, 0xE1, 0xDD, 0x1E, 0xB1, 0xFF, 0x00, 0x00, 0x0B, 0xE1, 0xDC, 0xBD,
    0xEE, 0xEB, 0xEB, 0xDE, 0xBE, 0xB1, 0xEB, 0xE1, 0x1B, 0xEE, 0xE1, 0x11, 0x11, 0xFF, 0x00, 0x00,
    0x0B, 0xEE, 0xC1, 0xBD, 0xBB, 0xEB, 0xE1, 0xBE, 0xBC, 0xEE, 0xEB, 0xDE, 0xEB, 0xEB, 0xDE, 0x1E,
    0xD1, 0xFF, 0x00, 0x00, 0x0B, 0xBB, 0x11, 0xBB, 0xBB, 0xBB, 0xB1, 0x1B, 0x1B, 0xBB, 0xBB, 0xBB,
    0xB1, 0xB1, 0xBB, 0x1B, 0xB1, 0xFF, 0x00, 0x00, 0x0F, 0x11, 0x11, 0x11, 0x11, 0x11, 0x11, 0x11,
    0x11, 0x11, 0x11, 0x11, 0x11, 0x11, 0x11, 0x11, 0x1F, 0xFF, 0x00, 0x00, 0x00, 0xFF, 0xFF, 0xFF,
    0xFF, 0xFF, 0xFF, 0xFF, 0xFF, 0xFF, 0xFF, 0xFF, 0xFF, 0xFF, 0xFF, 0xFF, 0xFF, 0xF0, 0x00, 0x00,
    0x00, 0x0F, 0xFF, 0xFF, 0xFF, 0xFF, 0xFF, 0xFF, 0xFF, 0xFF, 0xFF, 0xFF, 0xFF, 0xFF, 0xFF, 0xFF,
    0xFF, 0x00, 0x00, 0x00, 0x00, 0x00, 0x00, 0x00, 0x00, 0x00, 0x00, 0x00, 0x00, 0x00, 0x00, 0x00,
    0x00, 0x00, 0x00, 0x00, 0x00, 0x00, 0x00, 0x00, 0x00, 0x00, 0x00, 0x00, 0x00, 0x00, 0x00, 0x00,
    0x00, 0x00, 0x00, 0x00, 0x00, 0x00, 0x00, 0x00, 0x00, 0x00, 0x00, 0x00, 0x00, 0x00, 0x00, 0x00,
    0x00, 0x00, 0x00, 0x00, 0x00, 0x00, 0x00, 0x00, 0x00, 0x00, 0x00, 0x00, 0x00, 0x00, 0x00, 0x00,
};
unsigned short ui_battle_status_danger_pal[] = {0x739C, 0xADB5, 0x0001, 0x0001, 0x0001, 0x0001, 0x0001, 0x0001, 0x0001, 0x0001, 0x0001, 0x94B5, 0x6B35, 0x51F3, 0x2873, 0x1913};
unsigned char ui_battle_status_refund_png[] = {
    0x00, 0x00, 0x00, 0x00, 0x00, 0x00, 0x00, 0x00, 0x00, 0x00, 0x00, 0x00, 0x00, 0x00, 0x00, 0x00,
    0x00, 0x00, 0x00, 0x00, 0x00, 0x00, 0x01, 0x00, 0x01, 0x00, 0x01, 0x00, 0x01, 0x00, 0x01, 0x00,
    0x01, 0x00, 0x01, 0x00, 0x00, 0x00, 0x00, 0x00, 0x01, 0x10, 0x11, 0x10, 0x11, 0x10, 0x11, 0x10,
    0x11, 0x10, 0x11, 0x10, 0x11, 0x10, 0x11, 0x10, 0x11, 0xF0, 0x00, 0x00, 0x01, 0x11, 0x11, 0x11,
    0x11, 0x11, 0x11, 0x11, 0x11, 0x11, 0x11, 0x11, 0x11, 0x11, 0x11, 0x11, 0x11, 0xF0, 0x00, 0x00,
    0x0F, 0x11, 0x11, 0x11, 0x11, 0x11, 0x11, 0x11, 0x11, 0x11, 0x11, 0x11, 0x11, 0x11, 0x11, 0x11,
    0x1F, 0xF0, 0x00, 0x00, 0x01, 0x11, 0x11, 0x11, 0x11, 0x11, 0x11, 0x11, 0x11, 0x11, 0x11, 0x11,
    0x11, 0x11, 0x11, 0x11, 0x11, 0xFF, 0x00, 0x00, 0x11, 0x11, 0x11, 0x11, 0x11, 0x11, 0x11, 0x11,
    0x11, 0x11, 0x11, 0x11, 0x11, 0x11, 0x11, 0x11, 0x11, 0x1F, 0xF0, 0x00, 0xF1, 0x1E, 0xEE, 0x11,
    0x11, 0x11, 0x11, 0x1E, 0xE1, 0x11, 0x11, 0x11, 0x11, 0x11, 0x11, 0xBE, 0x11, 0xFF, 0x00, 0x00,
    0x0F, 0x1E, 0x11, 0xE1, 0xBE, 0xE1, 0x11, 0xEB, 0x11, 0x11, 0x11, 0x11, 0x11, 0x11, 0x11, 0xBE,
    0x1F, 0xF0, 0x00, 0x00, 0x01, 0x1E, 0x1B, 0xEB, 0xE1, 0xBE, 0xBE, 0xEE, 0xEB, 0x1B, 0xE1, 0xBE,
    0xED, 0x11, 0x1D, 0xEE, 0x11, 0xFF, 0x00, 0x00, 0x11, 0x1E, 0xBE, 0x1B, 0xEE, 0xEE, 0x1B, 0xE1,
    0xBE, 0x1B, 0xE1, 0xBE, 0x1C, 0xD1, 0xDC, 0xBE, 0x11, 0x1F, 0xF0, 0x00, 0xF1, 0x1E, 0xEE, 0xCB,
    0xDC, 0x11, 0x1B, 0xE1, 0xBD, 0xCB, 0xE1, 0xBE, 0x1B, 0xE1, 0xE1, 0xBE, 0x11, 0xFF, 0x00, 0x00,
    0x0F, 0x1E, 0x1D, 0xE1, 0xBD, 0xEE, 0x1B, 0xE1, 0x1B, 0xDE, 0x1E, 0xBE, 0x1B, 0xE1, 0x1E, 0xEE,
    0x1F, 0xF0, 0x00, 0x00, 0x01, 0x11, 0x11, 0x11, 0x11, 0x11, 0x11, 0x11, 0x11, 0x11, 0x11, 0x11,
    0x11, 0x11, 0x11, 0x11, 0x11, 0xFF, 0x00, 0x00, 0x11, 0x11, 0x11, 0x11, 0x11, 0x11, 0x11, 0x11,
    0x11, 0x11, 0x11, 0x11, 0x11, 0x11, 0x11, 0x11, 0x11, 0x1F, 0xF0, 0x00, 0xF1, 0x11, 0x11, 0x11,
    0x11, 0x11, 0x11, 0x11, 0x11, 0x11, 0x11, 0x11, 0x11, 0x11, 0x11, 0x11, 0x11, 0xFF, 0x00, 0x00,
    0x01, 0x11, 0x11, 0x11, 0x11, 0x11, 0x11, 0x11, 0x11, 0x11, 0x11, 0x11, 0x11, 0x11, 0x11, 0x11,
    0x11, 0xFF, 0x00, 0x00, 0x01, 0x1F, 0x11, 0x1F, 0x11, 0x1F, 0x11, 0x1F, 0x11, 0x1F, 0x11, 0x1F,
    0x11, 0x1F, 0x11, 0x1F, 0x11, 0xFF, 0x00, 0x00, 0x0F, 0xFF, 0xF1, 0xFF, 0xF1, 0xFF, 0xF1, 0xFF,
    0xF1, 0xFF, 0xF1, 0xFF, 0xF1, 0xFF, 0xF1, 0xFF, 0xFF, 0xFF, 0x00, 0x00, 0x00, 0xFF, 0xFF, 0xF0,
    0xFF, 0xF0, 0xFF, 0xF0, 0xFF, 0xF0, 0xFF, 0xF0, 0xFF, 0xF0, 0xFF, 0xFF, 0xFF, 0xFF, 0x00, 0x00,
    0x00, 0x00, 0x0F, 0x00, 0x0F, 0x00, 0x0F, 0x00, 0x0F, 0x00, 0x0F, 0x00, 0x0F, 0x00, 0x0F, 0x00,
    0x00, 0x00, 0x00, 0x00, 0x00, 0x00, 0x00, 0x00, 0x00, 0x00, 0x00, 0x00, 0x00, 0x00, 0x00, 0x00,
    0x00, 0x00, 0x00, 0x00, 0x00, 0x00, 0x00, 0x00, 0x00, 0x00, 0x00, 0x00, 0x00, 0x00, 0x00, 0x00,
    0x00, 0x00, 0x00, 0x00, 0x00, 0x00, 0x00, 0x00, 0x00, 0x00, 0x00, 0x00, 0x00, 0x00, 0x00, 0x00,
    0x00, 0x00, 0x00, 0x00, 0x00, 0x00, 0x00, 0x00, 0x00, 0x00, 0x00, 0x00, 0x00, 0x00, 0x00, 0x00,
};
unsigned short ui_battle_status_refund_pal[] = {0x739C, 0xB841, 0x0001, 0x0001, 0x0001, 0x0001, 0x0001, 0x0001, 0x0001, 0x0001, 0x0001, 0xC9C3, 0xDC05, 0xEE07, 0xF709, 0x30C5};
unsigned char ui_battle_status_happy_png[] = {
    0x00, 0x00, 0x00, 0x00, 0x00, 0x00, 0x00, 0x00, 0x00, 0x00, 0x00, 0x00, 0x00, 0x00, 0x00, 0x00,
    0x00, 0x00, 0x00, 0x00, 0x00, 0x00, 0x00, 0x00, 0x00, 0x00, 0x00, 0x00, 0x00, 0x00, 0x00, 0x00,
    0x00, 0x00, 0x00, 0x00, 0x00, 0x00, 0x00, 0x00, 0x00, 0x00, 0x00, 0x00, 0x00, 0x00, 0x00, 0x00,
    0x00, 0x00, 0x00, 0x00, 0x00, 0x00, 0x00, 0x00, 0x00, 0x00, 0x00, 0x00, 0x00, 0x00, 0x11, 0x11,
    0x11, 0x11, 0x11, 0x11, 0x11, 0x11, 0x11, 0x11, 0x11, 0x11, 0x11, 0x11, 0x1F, 0x00, 0x00, 0x00,
    0x00, 0x01, 0x1C, 0x11, 0xE1, 0x1B, 0xED, 0x1D, 0xEE, 0xB1, 0xDE, 0xEB, 0x1E, 0x1B, 0xE1, 0xDE,
    0x11, 0xF0, 0x00, 0x00, 0x11, 0x11, 0x1E, 0x11, 0xE1, 0xBE, 0xBE, 0xBE, 0x11, 0xEB, 0xE1, 0x1E,
    0x1E, 0xBD, 0xD1, 0xED, 0x11, 0xF0, 0x00, 0x00, 0xF1, 0x11, 0x1E, 0xCE, 0xE1, 0xCD, 0x1E, 0xBE,
    0xBD, 0xCB, 0xEB, 0xDC, 0x1B, 0xEE, 0x11, 0xE1, 0x11, 0xF0, 0x00, 0x00, 0x0F, 0xF1, 0x1E, 0xCB,
    0xEB, 0xDE, 0xEE, 0xBE, 0xDC, 0x1B, 0xED, 0xC1, 0x1B, 0xE1, 0x11, 0x11, 0x11, 0xF0, 0x00, 0x00,
    0x00, 0x01, 0x1E, 0x1B, 0xEB, 0xDB, 0xBE, 0xBE, 0x11, 0x1B, 0xE1, 0x11, 0x1E, 0xB1, 0x1E, 0xD1,
    0x11, 0xF0, 0x00, 0x00, 0x00, 0x0F, 0x11, 0x11, 0x11, 0x11, 0x11, 0x11, 0x11, 0x11, 0x11, 0x11,
    0x11, 0x11, 0x11, 0x11, 0x1F, 0xF0, 0x00, 0x00, 0x00, 0x00, 0xFF, 0xFF, 0xFF, 0xFF, 0xFF, 0xFF,
    0xFF, 0xFF, 0xFF, 0xFF, 0xFF, 0xFF, 0xFF, 0xFF, 0xFF, 0x00, 0x00, 0x00, 0x00, 0x00, 0x00, 0x00,
    0x00, 0x00, 0x00, 0x00, 0x00, 0x00, 0x00, 0x00, 0x00, 0x00, 0x00, 0x00, 0x00, 0x00, 0x00, 0x00,
    0x00, 0x00, 0x00, 0x00, 0x00, 0x00, 0x00, 0x00, 0x00, 0x00, 0x00, 0x00, 0x00, 0x00, 0x00, 0x00,
    0x00, 0x00, 0x00, 0x00, 0x00, 0x00, 0x00, 0x00, 0x00, 0x00, 0x00, 0x00, 0x00, 0x00, 0x00, 0x00,
    0x00, 0x00, 0x00, 0x00, 0x00, 0x00, 0x00, 0x00, 0x00, 0x00, 0x00, 0x00, 0x00, 0x00, 0x00, 0x00,
    0x00, 0x00, 0x00, 0x00, 0x00, 0x00, 0x00, 0x00, 0x00, 0x00, 0x00, 0x00, 0x00, 0x00, 0x00, 0x00,
    0x00, 0x00, 0x00, 0x00, 0x00, 0x00, 0x00, 0x00, 0x00, 0x00, 0x00, 0x00, 0x00, 0x00, 0x00, 0x00,
};
unsigned short ui_battle_status_happy_pal[] = {0x739C, 0xDE35, 0x0001, 0x0001, 0x0001, 0x0001, 0x0001, 0x0001, 0x0001, 0x0001, 0x0001, 0xD571, 0xCB25, 0xB95B, 0xB013, 0x48C7};
unsigned char ui_battle_status_hp_drain_png[] = {
    0x00, 0x00, 0x00, 0x00, 0x00, 0x00, 0x00, 0x00, 0x00, 0x00, 0x00, 0x00, 0x00, 0x00, 0x00, 0x00,
    0x00, 0x00, 0x00, 0x00, 0x00, 0x00, 0x00, 0x00, 0x00, 0x00, 0x00, 0x00, 0x00, 0x00, 0x00, 0x00,
    0x00, 0x00, 0x00, 0x00, 0x00, 0x00, 0x00, 0x00, 0x00, 0x00, 0x11, 0x11, 0x11, 0x11, 0x11, 0x11,
    0x11, 0x11, 0x11, 0x11, 0x11, 0x11, 0x11, 0x11, 0x11, 0x1F, 0x00, 0x00, 0x00, 0x01, 0xC1, 0x1E,
    0x1D, 0xEE, 0xB1, 0xEE, 0xC1, 0x11, 0x11, 0x11, 0x11, 0x11, 0x11, 0x11, 0x1D, 0xE1, 0xF0, 0x00,
    0x00, 0x01, 0xE1, 0x1E, 0x1E, 0x11, 0xE1, 0xE1, 0xCC, 0x11, 0x11, 0x11, 0x11, 0x1E, 0x11, 0x11,
    0x1E, 0xD1, 0xF0, 0x00, 0x11, 0x11, 0xEC, 0xEE, 0x1E, 0xBD, 0xC1, 0xE1, 0x1E, 0x1E, 0x11, 0x1E,
    0xEC, 0x11, 0x11, 0x11, 0x1E, 0xD1, 0xF0, 0x00, 0xF1, 0x11, 0xEC, 0xBE, 0x1E, 0xDC, 0x11, 0xE1,
    0x1E, 0x1E, 0xEE, 0x11, 0xEE, 0x1E, 0x1C, 0xEC, 0x1E, 0x11, 0xF0, 0x00, 0x0F, 0xF1, 0xE1, 0xBE,
    0x1E, 0x11, 0x11, 0xE1, 0xCC, 0x1E, 0xC1, 0x1E, 0x1E, 0x1E, 0x1E, 0x1E, 0x11, 0x11, 0xF0, 0x00,
    0x00, 0x01, 0xE1, 0xBE, 0xBE, 0x11, 0x11, 0xEE, 0xC1, 0x1E, 0x11, 0x1E, 0xEE, 0x1E, 0x1E, 0x1E,
    0x1D, 0x11, 0xF0, 0x00, 0x00, 0x0F, 0x11, 0x11, 0x11, 0x11, 0x11, 0x11, 0x11, 0x11, 0x11, 0x11,
    0x11, 0x11, 0x11, 0x11, 0x11, 0x1F, 0xF0, 0x00, 0x00, 0x00, 0xFF, 0xFF, 0xFF, 0xFF, 0xFF, 0xFF,
    0xFF, 0xFF, 0xFF, 0xFF, 0xFF, 0xFF, 0xFF, 0xFF, 0xFF, 0xFF, 0x00, 0x00, 0x00, 0x00, 0x00, 0x00,
    0x00, 0x00, 0x00, 0x00, 0x00, 0x00, 0x00, 0x00, 0x00, 0x00, 0x00, 0x00, 0x00, 0x00, 0x00, 0x00,
    0x00, 0x00, 0x00, 0x00, 0x00, 0x00, 0x00, 0x00, 0x00, 0x00, 0x00, 0x00, 0x00, 0x00, 0x00, 0x00,
    0x00, 0x00, 0x00, 0x00, 0x00, 0x00, 0x00, 0x00, 0x00, 0x00, 0x00, 0x00, 0x00, 0x00, 0x00, 0x00,
    0x00, 0x00, 0x00, 0x00, 0x00, 0x00, 0x00, 0x00, 0x00, 0x00, 0x00, 0x00, 0x00, 0x00, 0x00, 0x00,
    0x00, 0x00, 0x00, 0x00, 0x00, 0x00, 0x00, 0x00, 0x00, 0x00, 0x00, 0x00, 0x00, 0x00, 0x00, 0x00,
    0x00, 0x00, 0x00, 0x00, 0x00, 0x00, 0x00, 0x00, 0x00, 0x00, 0x00, 0x00, 0x00, 0x00, 0x00, 0x00,
};
unsigned short ui_battle_status_hp_drain_pal[] = {0x739C, 0xE6A7, 0x0001, 0x0001, 0x0001, 0x0001, 0x0001, 0x0001, 0x0001, 0x0001, 0x0001, 0xD5A5, 0xC319, 0xB1CD, 0xA841, 0x48C7};
unsigned char ui_move_basic_png[] = {
    0x00, 0x00, 0x00, 0x00, 0x00, 0x00, 0x00, 0x00, 0x00, 0x00, 0x00, 0x00, 0x00, 0x00, 0x00, 0x00,
    0x00, 0x00, 0x00, 0x00, 0x00, 0x00, 0x00, 0x00, 0x00, 0x00, 0x00, 0x00, 0x00, 0x00, 0x00, 0x00,
    0x00, 0x00, 0x00, 0x00, 0x00, 0x00, 0x00, 0x00, 0x00, 0x00, 0x00, 0x00, 0x00, 0x00, 0x00, 0x00,
    0x00, 0x00, 0x00, 0x00, 0x00, 0x00, 0x00, 0x00, 0x00, 0x00, 0x00, 0x00, 0x00, 0x00, 0x00, 0x00,
    0x00, 0x00, 0x00, 0x00, 0x00, 0x00, 0x00, 0x00, 0x00, 0x00, 0x00, 0x00, 0x00, 0x00, 0x00, 0x00,
    0x00, 0x00, 0x00, 0x00, 0x00, 0x00, 0x00, 0x0A, 0xA0, 0x00, 0x00, 0x00, 0x00, 0x00, 0x00, 0x00,
    0x00, 0x00, 0x00, 0x00, 0x00, 0x00, 0x00, 0xAA, 0xAA, 0x00, 0x00, 0x00, 0x00, 0x00, 0x00, 0x00,
    0x00, 0x00, 0x00, 0x00, 0x00, 0x00, 0x0A, 0xA1, 0x1A, 0xA0, 0x00, 0x00, 0x00, 0x00, 0x00, 0x00,
    0x00, 0x00, 0x00, 0x00, 0x00, 0x00, 0xAA, 0x11, 0x22, 0xAA, 0x00, 0x00, 0x00, 0x00, 0x00, 0x00,
    0x00, 0x00, 0x00, 0x00, 0x00, 0x0A, 0xA1, 0x12, 0x23, 0x3A, 0xA0, 0x00, 0x00, 0x00, 0x00, 0x00,
    0x00, 0x00, 0x00, 0x00, 0x00, 0xAA, 0x11, 0x22, 0x33, 0x44, 0xAA, 0x00, 0x00, 0x00, 0x00, 0x00,
    0x00, 0x00, 0x00, 0x00, 0x0A, 0xA1, 0x12, 0x23, 0x34, 0x44, 0x5A, 0xA0, 0x00, 0x00, 0x00, 0x00,
    0x00, 0x00, 0x00, 0x00, 0xAA, 0x11, 0x22, 0x33, 0x44, 0x45, 0x55, 0xAA, 0x00, 0x00, 0x00, 0x00,
    0x00, 0x00, 0x00, 0x0A, 0xA1, 0x12, 0x23, 0x34, 0x44, 0x55, 0x56, 0x6A, 0xA0, 0x00, 0x00, 0x00,
    0x00, 0x00, 0x00, 0xAA, 0x11, 0x22, 0x33, 0x44, 0x45, 0x55, 0x66, 0x77, 0xAA, 0x00, 0x00, 0x00,
    0x00, 0x00, 0x0A, 0xA1, 0x12, 0x23, 0x34, 0x44, 0x55, 0x56, 0x67, 0x78, 0x9A, 0xA0, 0x00, 0x00,
    0x00, 0x00, 0x0A, 0xA1, 0x22, 0x33, 0x44, 0x45, 0x55, 0x66, 0x77, 0x88, 0x9A, 0xA0, 0x00, 0x00,
    0x00, 0x00, 0x00, 0xAA, 0x33, 0x34, 0x44, 0x55, 0x56, 0x67, 0x78, 0x89, 0xAA, 0x00, 0x00, 0x00,
    0x00, 0x00, 0x00, 0x0A, 0xA3, 0x44, 0x45, 0x55, 0x66, 0x77, 0x88, 0x9A, 0xA0, 0x00, 0x00, 0x00,
    0x00, 0x00, 0x00, 0x00, 0xAA, 0x44, 0x55, 0x56, 0x67, 0x78, 0x89, 0xAA, 0x00, 0x00, 0x00, 0x00,
    0x00, 0x00, 0x00, 0x00, 0x0A, 0xA5, 0x55, 0x66, 0x77, 0x88, 0x9A, 0xA0, 0x00, 0x00, 0x00, 0x00,
    0x00, 0x00, 0x00, 0x00, 0x00, 0xAA, 0x56, 0x67, 0x78, 0x89, 0xAA, 0x00, 0x00, 0x00, 0x00, 0x00,
    0x00, 0x00, 0x00, 0x00, 0x00, 0x0A, 0xA6, 0x77, 0x88, 0x9A, 0xA0, 0x00, 0x00, 0x00, 0x00, 0x00,
    0x00, 0x00, 0x00, 0x00, 0x00, 0x00, 0xAA, 0x78, 0x89, 0xAA, 0x00, 0x00, 0x00, 0x00, 0x00, 0x00,
    0x00, 0x00, 0x00, 0x00, 0x00, 0x00, 0x0A, 0xA9, 0x9A, 0xA0, 0x00, 0x00, 0x00, 0x00, 0x00, 0x00,
    0x00, 0x00, 0x00, 0x00, 0x00, 0x00, 0x00, 0xAA, 0xAA, 0x00, 0x00, 0x00, 0x00, 0x00, 0x00, 0x00,
    0x00, 0x00, 0x00, 0x00, 0x00, 0x00, 0x00, 0x0A, 0xA0, 0x00, 0x00, 0x00, 0x00, 0x00, 0x00, 0x00,
    0x00, 0x00, 0x00, 0x00, 0x00, 0x00, 0x00, 0x00, 0x00, 0x00, 0x00, 0x00, 0x00, 0x00, 0x00, 0x00,
    0x00, 0x00, 0x00, 0x00, 0x00, 0x00, 0x00, 0x00, 0x00, 0x00, 0x00, 0x00, 0x00, 0x00, 0x00, 0x00,
    0x00, 0x00, 0x00, 0x00, 0x00, 0x00, 0x00, 0x00, 0x00, 0x00, 0x00, 0x00, 0x00, 0x00, 0x00, 0x00,
    0x00, 0x00, 0x00, 0x00, 0x00, 0x00, 0x00, 0x00, 0x00, 0x00, 0x00, 0x00, 0x00, 0x00, 0x00, 0x00,
    0x00, 0x00, 0x00, 0x00, 0x00, 0x00, 0x00, 0x00, 0x00, 0x00, 0x00, 0x00, 0x00, 0x00, 0x00, 0x00,
};
unsigned short ui_move_basic_pal[] = {0x294A, 0xF72B, 0xCDE1, 0xBD5D, 0xA497, 0x9413, 0x8BD1, 0x838F, 0x7B4D, 0x6AC9, 0x4181, 0x0001, 0x0001, 0x0001, 0x0001, 0x0001};
unsigned short ui_move_basic_disabled_pal[] = {0x7BDE, 0xCE73, 0xBDEF, 0xAD6B, 0x9CE7, 0x8C63, 0x7BDF, 0x6319, 0x6319, 0x6319, 0x6319, 0x6319, 0x6319, 0x6319, 0x6319, 0x6319};
unsigned char ui_move_partner_1_png[] = {
    0x00, 0x00, 0x00, 0x00, 0x00, 0x00, 0x00, 0x00, 0x00, 0x00, 0x00, 0x00, 0x00, 0x00, 0x00, 0x00,
    0x00, 0x00, 0x00, 0x00, 0x00, 0x00, 0x00, 0x00, 0x00, 0x00, 0x00, 0x00, 0x00, 0x00, 0x00, 0x00,
    0x00, 0x00, 0x00, 0x00, 0x00, 0x00, 0x00, 0x00, 0x00, 0x00, 0x00, 0x00, 0x00, 0x00, 0x00, 0x00,
    0x00, 0x00, 0x00, 0x00, 0x00, 0x00, 0x00, 0x00, 0x00, 0x00, 0x00, 0x00, 0x00, 0x00, 0x00, 0x00,
    0x00, 0x00, 0x00, 0x00, 0x00, 0x00, 0x00, 0x00, 0x00, 0x00, 0x00, 0x00, 0x00, 0x00, 0x00, 0x00,
    0x00, 0x00, 0x00, 0x00, 0x00, 0x00, 0x0A, 0xAA, 0xAA, 0xA0, 0x00, 0x00, 0x00, 0x00, 0x00, 0x00,
    0x00, 0x00, 0x00, 0x00, 0x00, 0x0A, 0xAA, 0xAA, 0xAA, 0xAA, 0xA0, 0x00, 0x00, 0x00, 0x00, 0x00,
    0x00, 0x00, 0x00, 0x00, 0x0A, 0xAA, 0xA6, 0x65, 0x56, 0x6A, 0xAA, 0xA0, 0x00, 0x00, 0x00, 0x00,
    0x00, 0x00, 0x00, 0x00, 0xAA, 0xA6, 0x64, 0x34, 0x45, 0x56, 0x7A, 0xAA, 0x00, 0x00, 0x00, 0x00,
    0x00, 0x00, 0x00, 0x0A, 0xAA, 0x63, 0x33, 0x33, 0x34, 0x55, 0x67, 0xAA, 0xA0, 0x00, 0x00, 0x00,
    0x00, 0x00, 0x00, 0x0A, 0xA6, 0x22, 0x22, 0x22, 0x33, 0x45, 0x66, 0x7A, 0xA0, 0x00, 0x00, 0x00,
    0x00, 0x00, 0x00, 0xAA, 0x63, 0x21, 0x1B, 0x22, 0x33, 0x45, 0x56, 0x77, 0xAA, 0x00, 0x00, 0x00,
    0x00, 0x00, 0x00, 0xAA, 0x63, 0x21, 0x1B, 0x22, 0x33, 0x45, 0x66, 0x67, 0xAA, 0x00, 0x00, 0x00,
    0x00, 0x00, 0x0A, 0xA9, 0x43, 0x2B, 0xBB, 0x22, 0x33, 0x45, 0x56, 0x67, 0x9A, 0xA0, 0x00, 0x00,
    0x00, 0x00, 0x0A, 0xA6, 0x43, 0x22, 0x22, 0x22, 0x34, 0x45, 0x66, 0x67, 0x8A, 0xA0, 0x00, 0x00,
    0x00, 0x00, 0x0A, 0xA5, 0x43, 0x23, 0x23, 0x23, 0x34, 0x45, 0x56, 0x67, 0x8A, 0xA0, 0x00, 0x00,
    0x00, 0x00, 0x0A, 0xA5, 0x43, 0x33, 0x33, 0x33, 0x44, 0x55, 0x66, 0x67, 0x8A, 0xA0, 0x00, 0x00,
    0x00, 0x00, 0x0A, 0xA6, 0x54, 0x34, 0x34, 0x34, 0x44, 0x55, 0x56, 0x67, 0x8A, 0xA0, 0x00, 0x00,
    0x00, 0x00, 0x0A, 0xA9, 0x65, 0x44, 0x44, 0x44, 0x55, 0x55, 0x66, 0x67, 0x9A, 0xA0, 0x00, 0x00,
    0x00, 0x00, 0x00, 0xAA, 0x65, 0x55, 0x55, 0x55, 0x55, 0x56, 0x66, 0x77, 0xAA, 0x00, 0x00, 0x00,
    0x00, 0x00, 0x00, 0xAA, 0x76, 0x55, 0x65, 0x65, 0x65, 0x66, 0x66, 0x78, 0xAA, 0x00, 0x00, 0x00,
    0x00, 0x00, 0x00, 0x0A, 0xA7, 0x66, 0x66, 0x66, 0x66, 0x66, 0x67, 0x8A, 0xA0, 0x00, 0x00, 0x00,
    0x00, 0x00, 0x00, 0x0A, 0xAA, 0x76, 0x66, 0x66, 0x66, 0x67, 0x78, 0xAA, 0xA0, 0x00, 0x00, 0x00,
    0x00, 0x00, 0x00, 0x00, 0xAA, 0xA7, 0x77, 0x77, 0x77, 0x78, 0x8A, 0xAA, 0x00, 0x00, 0x00, 0x00,
    0x00, 0x00, 0x00, 0x00, 0x0A, 0xAA, 0xA9, 0x88, 0x88, 0x9A, 0xAA, 0xA0, 0x00, 0x00, 0x00, 0x00,
    0x00, 0x00, 0x00, 0x00, 0x00, 0x0A, 0xAA, 0xAA, 0xAA, 0xAA, 0xA0, 0x00, 0x00, 0x00, 0x00, 0x00,
    0x00, 0x00, 0x00, 0x00, 0x00, 0x00, 0x0A, 0xAA, 0xAA, 0xA0, 0x00, 0x00, 0x00, 0x00, 0x00, 0x00,
    0x00, 0x00, 0x00, 0x00, 0x00, 0x00, 0x00, 0x00, 0x00, 0x00, 0x00, 0x00, 0x00, 0x00, 0x00, 0x00,
    0x00, 0x00, 0x00, 0x00, 0x00, 0x00, 0x00, 0x00, 0x00, 0x00, 0x00, 0x00, 0x00, 0x00, 0x00, 0x00,
    0x00, 0x00, 0x00, 0x00, 0x00, 0x00, 0x00, 0x00, 0x00, 0x00, 0x00, 0x00, 0x00, 0x00, 0x00, 0x00,
    0x00, 0x00, 0x00, 0x00, 0x00, 0x00, 0x00, 0x00, 0x00, 0x00, 0x00, 0x00, 0x00, 0x00, 0x00, 0x00,
    0x00, 0x00, 0x00, 0x00, 0x00, 0x00, 0x00, 0x00, 0x00, 0x00, 0x00, 0x00, 0x00, 0x00, 0x00, 0x00,
};
unsigned short ui_move_partner_1_pal[] = {0x294A, 0xC77F, 0x5D3B, 0x54B7, 0x4C35, 0x43B1, 0x3AEF, 0x326B, 0x29E9, 0x2165, 0x1091, 0x863B, 0x0001, 0x0001, 0x0001, 0x0001};
unsigned short ui_move_partner_1_disabled_pal[] = {0x7BDE, 0xC631, 0xAD6B, 0xA529, 0x94A5, 0x8C63, 0x739D, 0x7BDF, 0x6319, 0x6319, 0x6319, 0x6319, 0x6319, 0x6319, 0x6319, 0x6319};
unsigned char ui_move_partner_2_png[] = {
    0x00, 0x00, 0x00, 0x00, 0x00, 0x00, 0x00, 0x00, 0x00, 0x00, 0x00, 0x00, 0x00, 0x00, 0x00, 0x00,
    0x00, 0x00, 0x00, 0x00, 0x00, 0x00, 0x00, 0x00, 0x00, 0x00, 0x00, 0x00, 0x00, 0x00, 0x00, 0x00,
    0x00, 0x00, 0x00, 0x00, 0x00, 0x00, 0x00, 0x00, 0x00, 0x00, 0x00, 0x00, 0x00, 0x00, 0x00, 0x00,
    0x00, 0x00, 0x00, 0x00, 0x00, 0x00, 0x00, 0x00, 0x00, 0x00, 0x00, 0x00, 0x00, 0x00, 0x00, 0x00,
    0x00, 0x00, 0x00, 0x00, 0x00, 0x00, 0x00, 0x00, 0x00, 0x00, 0x00, 0x00, 0x00, 0x00, 0x00, 0x00,
    0x00, 0x00, 0x00, 0x00, 0x00, 0x00, 0x0A, 0xAA, 0xAA, 0xA0, 0x00, 0x00, 0x00, 0x00, 0x00, 0x00,
    0x00, 0x00, 0x00, 0x00, 0x00, 0x0A, 0xAA, 0xAA, 0xAA, 0xAA, 0xA0, 0x00, 0x00, 0x00, 0x00, 0x00,
    0x00, 0x00, 0x00, 0x00, 0x0A, 0xAA, 0xA6, 0x65, 0x56, 0x6A, 0xAA, 0xA0, 0x00, 0x00, 0x00, 0x00,
    0x00, 0x00, 0x00, 0x00, 0xAA, 0xA6, 0x64, 0x34, 0x45, 0x56, 0x7A, 0xAA, 0x00, 0x00, 0x00, 0x00,
    0x00, 0x00, 0x00, 0x0A, 0xAA, 0x63, 0x33, 0x33, 0x34, 0x55, 0x67, 0xAA, 0xA0, 0x00, 0x00, 0x00,
    0x00, 0x00, 0x00, 0x0A, 0xA6, 0x22, 0x22, 0x22, 0x33, 0x45, 0x66, 0x7A, 0xA0, 0x00, 0x00, 0x00,
    0x00, 0x00, 0x00, 0xAA, 0x63, 0x21, 0x1B, 0x22, 0x33, 0x45, 0x56, 0x77, 0xAA, 0x00, 0x00, 0x00,
    0x00, 0x00, 0x00, 0xAA, 0x63, 0x21, 0x1B, 0x22, 0x33, 0x45, 0x66, 0x67, 0xAA, 0x00, 0x00, 0x00,
    0x00, 0x00, 0x0A, 0xA9, 0x43, 0x2B, 0xBB, 0x22, 0x33, 0x45, 0x56, 0x67, 0x9A, 0xA0, 0x00, 0x00,
    0x00, 0x00, 0x0A, 0xA6, 0x43, 0x22, 0x22, 0x22, 0x34, 0x45, 0x66, 0x67, 0x8A, 0xA0, 0x00, 0x00,
    0x00, 0x00, 0x0A, 0xA5, 0x43, 0x23, 0x23, 0x23, 0x34, 0x45, 0x56, 0x67, 0x8A, 0xA0, 0x00, 0x00,
    0x00, 0x00, 0x0A, 0xA5, 0x43, 0x33, 0x33, 0x33, 0x44, 0x55, 0x66, 0x67, 0x8A, 0xA0, 0x00, 0x00,
    0x00, 0x00, 0x0A, 0xA6, 0x54, 0x34, 0x34, 0x34, 0x44, 0x55, 0x56, 0x67, 0x8A, 0xA0, 0x00, 0x00,
    0x00, 0x00, 0x0A, 0xA9, 0x65, 0x44, 0x44, 0x44, 0x55, 0x55, 0x66, 0x67, 0x9A, 0xA0, 0x00, 0x00,
    0x00, 0x00, 0x00, 0xAA, 0x65, 0x55, 0x55, 0x55, 0x55, 0x56, 0x66, 0x77, 0xAA, 0x00, 0x00, 0x00,
    0x00, 0x00, 0x00, 0xAA, 0x76, 0x55, 0x65, 0x65, 0x65, 0x66, 0x66, 0x78, 0xAA, 0x00, 0x00, 0x00,
    0x00, 0x00, 0x00, 0x0A, 0xA7, 0x66, 0x66, 0x66, 0x66, 0x66, 0x67, 0x8A, 0xA0, 0x00, 0x00, 0x00,
    0x00, 0x00, 0x00, 0x0A, 0xAA, 0x76, 0x66, 0x66, 0x66, 0x67, 0x78, 0xAA, 0xA0, 0x00, 0x00, 0x00,
    0x00, 0x00, 0x00, 0x00, 0xAA, 0xA7, 0x77, 0x77, 0x77, 0x78, 0x8A, 0xAA, 0x00, 0x00, 0x00, 0x00,
    0x00, 0x00, 0x00, 0x00, 0x0A, 0xAA, 0xA9, 0x88, 0x88, 0x9A, 0xAA, 0xA0, 0x00, 0x00, 0x00, 0x00,
    0x00, 0x00, 0x00, 0x00, 0x00, 0x0A, 0xAA, 0xAA, 0xAA, 0xAA, 0xA0, 0x00, 0x00, 0x00, 0x00, 0x00,
    0x00, 0x00, 0x00, 0x00, 0x00, 0x00, 0x0A, 0xAA, 0xAA, 0xA0, 0x00, 0x00, 0x00, 0x00, 0x00, 0x00,
    0x00, 0x00, 0x00, 0x00, 0x00, 0x00, 0x00, 0x00, 0x00, 0x00, 0x00, 0x00, 0x00, 0x00, 0x00, 0x00,
    0x00, 0x00, 0x00, 0x00, 0x00, 0x00, 0x00, 0x00, 0x00, 0x00, 0x00, 0x00, 0x00, 0x00, 0x00, 0x00,
    0x00, 0x00, 0x00, 0x00, 0x00, 0x00, 0x00, 0x00, 0x00, 0x00, 0x00, 0x00, 0x00, 0x00, 0x00, 0x00,
    0x00, 0x00, 0x00, 0x00, 0x00, 0x00, 0x00, 0x00, 0x00, 0x00, 0x00, 0x00, 0x00, 0x00, 0x00, 0x00,
    0x00, 0x00, 0x00, 0x00, 0x00, 0x00, 0x00, 0x00, 0x00, 0x00, 0x00, 0x00, 0x00, 0x00, 0x00, 0x00,
};
unsigned short ui_move_partner_2_pal[] = {0x294A, 0xCFB7, 0x5E9D, 0x5619, 0x4597, 0x3D13, 0x2C51, 0x23CD, 0x134B, 0x0AC7, 0x0943, 0xA76F, 0x0001, 0x0001, 0x0001, 0x0001};
unsigned short ui_move_partner_2_disabled_pal[] = {0x7BDE, 0xCE73, 0xB5AD, 0xA529, 0x94A5, 0x8421, 0x739D, 0x7BDF, 0x6319, 0x6319, 0x6319, 0x6319, 0x6319, 0x6319, 0x6319, 0x6319};
unsigned char ui_move_partner_3_png[] = {
    0x00, 0x00, 0x00, 0x00, 0x00, 0x00, 0x00, 0x00, 0x00, 0x00, 0x00, 0x00, 0x00, 0x00, 0x00, 0x00,
    0x00, 0x00, 0x00, 0x00, 0x00, 0x00, 0x00, 0x00, 0x00, 0x00, 0x00, 0x00, 0x00, 0x00, 0x00, 0x00,
    0x00, 0x00, 0x00, 0x00, 0x00, 0x00, 0x00, 0x00, 0x00, 0x00, 0x00, 0x00, 0x00, 0x00, 0x00, 0x00,
    0x00, 0x00, 0x00, 0x00, 0x00, 0x00, 0x00, 0x00, 0x00, 0x00, 0x00, 0x00, 0x00, 0x00, 0x00, 0x00,
    0x00, 0x00, 0x00, 0x00, 0x00, 0x00, 0x00, 0x00, 0x00, 0x00, 0x00, 0x00, 0x00, 0x00, 0x00, 0x00,
    0x00, 0x00, 0x00, 0x00, 0x00, 0x00, 0x0A, 0xAA, 0xAA, 0xA0, 0x00, 0x00, 0x00, 0x00, 0x00, 0x00,
    0x00, 0x00, 0x00, 0x00, 0x00, 0x0A, 0xAA, 0xAA, 0xAA, 0xAA, 0xA0, 0x00, 0x00, 0x00, 0x00, 0x00,
    0x00, 0x00, 0x00, 0x00, 0x0A, 0xAA, 0xA6, 0x65, 0x56, 0x6A, 0xAA, 0xA0, 0x00, 0x00, 0x00, 0x00,
    0x00, 0x00, 0x00, 0x00, 0xAA, 0xA6, 0x64, 0x34, 0x45, 0x56, 0x7A, 0xAA, 0x00, 0x00, 0x00, 0x00,
    0x00, 0x00, 0x00, 0x0A, 0xAA, 0x63, 0x33, 0x33, 0x34, 0x55, 0x67, 0xAA, 0xA0, 0x00, 0x00, 0x00,
    0x00, 0x00, 0x00, 0x0A, 0xA6, 0x22, 0x22, 0x22, 0x33, 0x45, 0x66, 0x7A, 0xA0, 0x00, 0x00, 0x00,
    0x00, 0x00, 0x00, 0xAA, 0x63, 0x21, 0x1B, 0x22, 0x33, 0x45, 0x56, 0x77, 0xAA, 0x00, 0x00, 0x00,
    0x00, 0x00, 0x00, 0xAA, 0x63, 0x21, 0x1B, 0x22, 0x33, 0x45, 0x66, 0x67, 0xAA, 0x00, 0x00, 0x00,
    0x00, 0x00, 0x0A, 0xA9, 0x43, 0x2B, 0xBB, 0x22, 0x33, 0x45, 0x56, 0x67, 0x9A, 0xA0, 0x00, 0x00,
    0x00, 0x00, 0x0A, 0xA6, 0x43, 0x22, 0x22, 0x22, 0x34, 0x45, 0x66, 0x67, 0x8A, 0xA0, 0x00, 0x00,
    0x00, 0x00, 0x0A, 0xA5, 0x43, 0x23, 0x23, 0x23, 0x34, 0x45, 0x56, 0x67, 0x8A, 0xA0, 0x00, 0x00,
    0x00, 0x00, 0x0A, 0xA5, 0x43, 0x33, 0x33, 0x33, 0x44, 0x55, 0x66, 0x67, 0x8A, 0xA0, 0x00, 0x00,
    0x00, 0x00, 0x0A, 0xA6, 0x54, 0x34, 0x34, 0x34, 0x44, 0x55, 0x56, 0x67, 0x8A, 0xA0, 0x00, 0x00,
    0x00, 0x00, 0x0A, 0xA9, 0x65, 0x44, 0x44, 0x44, 0x55, 0x55, 0x66, 0x67, 0x9A, 0xA0, 0x00, 0x00,
    0x00, 0x00, 0x00, 0xAA, 0x65, 0x55, 0x55, 0x55, 0x55, 0x56, 0x66, 0x77, 0xAA, 0x00, 0x00, 0x00,
    0x00, 0x00, 0x00, 0xAA, 0x76, 0x55, 0x65, 0x65, 0x65, 0x66, 0x66, 0x78, 0xAA, 0x00, 0x00, 0x00,
    0x00, 0x00, 0x00, 0x0A, 0xA7, 0x66, 0x66, 0x66, 0x66, 0x66, 0x67, 0x8A, 0xA0, 0x00, 0x00, 0x00,
    0x00, 0x00, 0x00, 0x0A, 0xAA, 0x76, 0x66, 0x66, 0x66, 0x67, 0x78, 0xAA, 0xA0, 0x00, 0x00, 0x00,
    0x00, 0x00, 0x00, 0x00, 0xAA, 0xA7, 0x77, 0x77, 0x77, 0x78, 0x8A, 0xAA, 0x00, 0x00, 0x00, 0x00,
    0x00, 0x00, 0x00, 0x00, 0x0A, 0xAA, 0xA9, 0x88, 0x88, 0x9A, 0xAA, 0xA0, 0x00, 0x00, 0x00, 0x00,
    0x00, 0x00, 0x00, 0x00, 0x00, 0x0A, 0xAA, 0xAA, 0xAA, 0xAA, 0xA0, 0x00, 0x00, 0x00, 0x00, 0x00,
    0x00, 0x00, 0x00, 0x00, 0x00, 0x00, 0x0A, 0xAA, 0xAA, 0xA0, 0x00, 0x00, 0x00, 0x00, 0x00, 0x00,
    0x00, 0x00, 0x00, 0x00, 0x00, 0x00, 0x00, 0x00, 0x00, 0x00, 0x00, 0x00, 0x00, 0x00, 0x00, 0x00,
    0x00, 0x00, 0x00, 0x00, 0x00, 0x00, 0x00, 0x00, 0x00, 0x00, 0x00, 0x00, 0x00, 0x00, 0x00, 0x00,
    0x00, 0x00, 0x00, 0x00, 0x00, 0x00, 0x00, 0x00, 0x00, 0x00, 0x00, 0x00, 0x00, 0x00, 0x00, 0x00,
    0x00, 0x00, 0x00, 0x00, 0x00, 0x00, 0x00, 0x00, 0x00, 0x00, 0x00, 0x00, 0x00, 0x00, 0x00, 0x00,
    0x00, 0x00, 0x00, 0x00, 0x00, 0x00, 0x00, 0x00, 0x00, 0x00, 0x00, 0x00, 0x00, 0x00, 0x00, 0x00,
};
unsigned short ui_move_partner_3_pal[] = {0x294A, 0xF5F7, 0xF321, 0xE2DD, 0xD25B, 0xC217, 0xB193, 0xA14F, 0x90CD, 0x8089, 0x4881, 0xF4EF, 0x0001, 0x0001, 0x0001, 0x0001};
unsigned short ui_move_partner_3_disabled_pal[] = {0x7BDE, 0xCE73, 0xAD6B, 0xA529, 0x94A5, 0x8421, 0x7BDF, 0x8421, 0x6319, 0x6319, 0x6319, 0x6319, 0x6319, 0x6319, 0x6319, 0x6319};
unsigned char ui_stat_heart_png[] = {
    0x76, 0x0E, 0x0A, 0x00, 0x76, 0x0E, 0x0A, 0x00, 0x76, 0x0E, 0x0A, 0x00, 0x76, 0x0E, 0x0A, 0x00,
    0x76, 0x0E, 0x0A, 0x00, 0x76, 0x0E, 0x0A, 0x00, 0x76, 0x0E, 0x0A, 0x00, 0x76, 0x0E, 0x0A, 0x00,
    0x76, 0x0E, 0x0A, 0x00, 0x76, 0x0E, 0x0A, 0x00, 0x76, 0x0E, 0x0A, 0x00, 0x76, 0x0E, 0x0A, 0x00,
    0x76, 0x0E, 0x0A, 0x00, 0x76, 0x0E, 0x0A, 0x00, 0x76, 0x0E, 0x0A, 0x00, 0x76, 0x0E, 0x0A, 0x00,
    0x76, 0x0E, 0x0A, 0x00, 0x76, 0x0E, 0x0A, 0x00, 0x76, 0x0E, 0x0A, 0x00, 0x76, 0x0E, 0x0A, 0x00,
    0x76, 0x0E, 0x0A, 0x00, 0x76, 0x0E, 0x0A, 0x00, 0x76, 0x0E, 0x0A, 0x00, 0x76, 0x0E, 0x0A, 0x00,
    0x76, 0x0E, 0x0A, 0x00, 0x76, 0x0E, 0x0A, 0x00, 0x76, 0x0E, 0x0A, 0x00, 0x76, 0x0E, 0x0A, 0x00,
    0x76, 0x0E, 0x0A, 0x00, 0x76, 0x0E, 0x0A, 0x00, 0x76, 0x0E, 0x0A, 0x00, 0x76, 0x0E, 0x0A, 0x00,
    0x76, 0x0E, 0x0A, 0x00, 0x76, 0x0E, 0x0A, 0x00, 0x76, 0x0E, 0x0A, 0x00, 0x76, 0x0E, 0x0A, 0x00,
    0x76, 0x0E, 0x0A, 0x00, 0x76, 0x0E, 0x0A, 0x02, 0x76, 0x0E, 0x0A, 0x00, 0x76, 0x0E, 0x0A, 0x00,
    0x76, 0x0E, 0x0A, 0x00, 0x76, 0x0E, 0x0A, 0x00, 0x76, 0x0E, 0x0A, 0x02, 0x76, 0x0E, 0x0A, 0x00,
    0x76, 0x0E, 0x0A, 0x00, 0x76, 0x0E, 0x0A, 0x00, 0x76, 0x0E, 0x0A, 0x00, 0x76, 0x0E, 0x0A, 0x00,
    0x76, 0x0E, 0x0A, 0x00, 0x76, 0x0E, 0x0A, 0x00, 0x77, 0x0F, 0x0A, 0x02, 0x6B, 0x12, 0x0A, 0x21,
    0x58, 0x0E, 0x09, 0x71, 0x5E, 0x14, 0x0F, 0xA5, 0x5B, 0x11, 0x0B, 0x6F, 0x6A, 0x12, 0x0A, 0x20,
    0x6F, 0x13, 0x0A, 0x20, 0x5B, 0x0F, 0x08, 0x6B, 0x5C, 0x11, 0x0B, 0xA7, 0x5A, 0x0E, 0x0B, 0x7D,
    0x67, 0x11, 0x0B, 0x29, 0x77, 0x11, 0x0A, 0x04, 0x76, 0x0E, 0x0A, 0x00, 0x76, 0x0E, 0x0A, 0x00,
    0x76, 0x0E, 0x0A, 0x00, 0x76, 0x0E, 0x0A, 0x00, 0x69, 0x16, 0x0B, 0x35, 0x6C, 0x18, 0x0C, 0xB1,
    0xB8, 0x4A, 0x29, 0xFD, 0xCF, 0x71, 0x48, 0xFF, 0xB8, 0x69, 0x40, 0xF9, 0x77, 0x30, 0x20, 0xB3,
    0x6B, 0x23, 0x16, 0xAE, 0xAA, 0x4D, 0x2A, 0xF6, 0xCC, 0x6D, 0x4F, 0xFF, 0xC1, 0x42, 0x2E, 0xFF,
    0x82, 0x0E, 0x0B, 0xB9, 0x60, 0x14, 0x0B, 0x3A, 0x77, 0x11, 0x0A, 0x04, 0x76, 0x0E, 0x0A, 0x00,
    0x76, 0x0E, 0x0A, 0x00, 0x76, 0x0E, 0x0A, 0x00, 0x60, 0x13, 0x0B, 0x89, 0xCC, 0x4D, 0x2A, 0xFF,
    0xEF, 0x9C, 0x6D, 0xFF, 0xF1, 0xB0, 0x7B, 0xFF, 0xF0, 0xA7, 0x72, 0xFF, 0xE1, 0x89, 0x5B, 0xFF,
    0xDB, 0x83, 0x55, 0xFF, 0xEE, 0x92, 0x64, 0xFF, 0xF4, 0x9D, 0x77, 0xFF, 0xEC, 0x66, 0x46, 0xFF,
    0xDD, 0x22, 0x12, 0xFF, 0x6D, 0x11, 0x0C, 0x93, 0x70, 0x10, 0x0A, 0x04, 0x76, 0x0E, 0x0A, 0x00,
    0x76, 0x0E, 0x0A, 0x00, 0x76, 0x0E, 0x0A, 0x00, 0x82, 0x19, 0x0F, 0xA1, 0xED, 0x6C, 0x44, 0xFF,
    0xE3, 0xAD, 0x7C, 0xFF, 0xDB, 0x83, 0x55, 0xFF, 0xD2, 0x71, 0x4A, 0xFF, 0xEA, 0x7A, 0x4F, 0xFF,
    0xEA, 0x79, 0x4F, 0xFF, 0xD2, 0x71, 0x4A, 0xFF, 0xA4, 0x48, 0x2E, 0xFF, 0xDB, 0x46, 0x28, 0xFF,
    0xEC, 0x31, 0x19, 0xFF, 0xA3, 0x18, 0x10, 0xB3, 0x6C, 0x18, 0x0B, 0x21, 0x76, 0x0E, 0x0A, 0x00,
    0x76, 0x0E, 0x0A, 0x00, 0x76, 0x0E, 0x0A, 0x00, 0x8A, 0x1C, 0x11, 0xA3, 0xE7, 0x68, 0x44, 0xFF,
    0xEE, 0x8F, 0x60, 0xFF, 0xD2, 0x71, 0x4A, 0xFF, 0x8B, 0x40, 0x29, 0xFF, 0xEC, 0x72, 0x49, 0xFF,
    0xE9, 0x68, 0x41, 0xFF, 0xC4, 0x58, 0x38, 0xFF, 0x77, 0x2F, 0x1E, 0xFF, 0xD6, 0x44, 0x27, 0xFF,
    0xE9, 0x32, 0x1A, 0xFF, 0xA9, 0x19, 0x10, 0xBB, 0x70, 0x21, 0x0D, 0x4B, 0x76, 0x0E, 0x0A, 0x00,
    0x76, 0x0E, 0x0A, 0x00, 0x76, 0x0E, 0x0A, 0x00, 0x73, 0x19, 0x0E, 0x95, 0xE5, 0x5A, 0x37, 0xFF,
    0xE9, 0x76, 0x4E, 0xFF, 0xD2, 0x71, 0x4A, 0xFF, 0x8B, 0x40, 0x29, 0xFF, 0xEC, 0x68, 0x41, 0xFF,
    0xE9, 0x65, 0x40, 0xFF, 0xC5, 0x5C, 0x3C, 0xFF, 0x78, 0x31, 0x20, 0xFF, 0xD8, 0x43, 0x27, 0xFF,
    0xEC, 0x2D, 0x19, 0xFF, 0x8B, 0x15, 0x0E, 0xA7, 0x72, 0x1B, 0x0C, 0x27, 0x76, 0x0E, 0x0A, 0x00,
    0x76, 0x0E, 0x0A, 0x00, 0x76, 0x0E, 0x0A, 0x00, 0x62, 0x1C, 0x0B, 0x77, 0xAB, 0x31, 0x1B, 0xE6,
    0xE7, 0x66, 0x42, 0xFF, 0xE3, 0x5F, 0x3B, 0xFF, 0xC5, 0x5C, 0x3C, 0xFF, 0xE5, 0x64, 0x3F, 0xFF,
    0xE4, 0x61, 0x3D, 0xFF, 0xDC, 0x61, 0x3E, 0xFF, 0xC5, 0x5C, 0x3C, 0xFF, 0xE1, 0x35, 0x1A, 0xFF,
    0xC8, 0x1F, 0x14, 0xE8, 0x60, 0x1B, 0x0D, 0x95, 0x79, 0x1A, 0x0B, 0x14, 0x76, 0x0E, 0x0A, 0x00,
    0x76, 0x0E, 0x0A, 0x00, 0x76, 0x0E, 0x0A, 0x00, 0x74, 0x1B, 0x0B, 0x2E, 0x67, 0x15, 0x0C, 0x88,
    0xD1, 0x41, 0x24, 0xFB, 0xEC, 0x66, 0x3F, 0xFF, 0xE4, 0x64, 0x41, 0xFF, 0xE3, 0x5F, 0x3B, 0xFF,
    0xE3, 0x5E, 0x39, 0xFF, 0xE2, 0x5D, 0x39, 0xFF, 0xEB, 0x4A, 0x29, 0xFF, 0xE4, 0x28, 0x16, 0xFC,
    0x7D, 0x15, 0x0F, 0xB3, 0x7C, 0x33, 0x0E, 0x70, 0x79, 0x13, 0x0B, 0x08, 0x76, 0x0E, 0x0A, 0x00,
    0x76, 0x0E, 0x0A, 0x00, 0x76, 0x0E, 0x0A, 0x00, 0x78, 0x11, 0x0A, 0x04, 0x6C, 0x1B, 0x0B, 0x3B,
    0x6B, 0x13, 0x0C, 0x9A, 0xCF, 0x36, 0x1E, 0xF1, 0xEA, 0x4A, 0x2C, 0xFF, 0xE4, 0x4A, 0x2C, 0xFF,
    0xE2, 0x47, 0x27, 0xFF, 0xE8, 0x3E, 0x21, 0xFF, 0xDB, 0x27, 0x16, 0xED, 0x89, 0x15, 0x0E, 0xBE,
    0x79, 0x3B, 0x0F, 0xA3, 0x7E, 0x1C, 0x0C, 0x17, 0x76, 0x0E, 0x0A, 0x00, 0x76, 0x0E, 0x0A, 0x00,
    0x76, 0x0E, 0x0A, 0x00, 0x76, 0x0E, 0x0A, 0x00, 0x76, 0x0E, 0x0A, 0x00, 0x7A, 0x14, 0x0B, 0x0A,
    0x72, 0x21, 0x0C, 0x41, 0x62, 0x11, 0x0A, 0x87, 0xB1, 0x1D, 0x11, 0xE5, 0xE9, 0x29, 0x16, 0xFF,
    0xEC, 0x29, 0x16, 0xFE, 0xBF, 0x1B, 0x11, 0xDF, 0x6D, 0x15, 0x0E, 0xB6, 0x8F, 0x58, 0x14, 0xCF,
    0x87, 0x2C, 0x0D, 0x3F, 0x76, 0x0E, 0x0A, 0x00, 0x76, 0x0E, 0x0A, 0x00, 0x76, 0x0E, 0x0A, 0x00,
    0x76, 0x0E, 0x0A, 0x00, 0x76, 0x0E, 0x0A, 0x00, 0x76, 0x0E, 0x0A, 0x00, 0x76, 0x0E, 0x0A, 0x00,
    0x79, 0x13, 0x0B, 0x08, 0x7E, 0x27, 0x0D, 0x47, 0x67, 0x20, 0x0D, 0x80, 0x82, 0x14, 0x0E, 0xAF,
    0x89, 0x14, 0x0F, 0xB9, 0x76, 0x34, 0x13, 0xD2, 0xA6, 0x71, 0x16, 0xDA, 0x87, 0x2D, 0x0E, 0x45,
    0x77, 0x0F, 0x0A, 0x02, 0x76, 0x0E, 0x0A, 0x00, 0x76, 0x0E, 0x0A, 0x00, 0x76, 0x0E, 0x0A, 0x00,
    0x76, 0x0E, 0x0A, 0x00, 0x76, 0x0E, 0x0A, 0x00, 0x76, 0x0E, 0x0A, 0x00, 0x76, 0x0E, 0x0A, 0x00,
    0x76, 0x0E, 0x0A, 0x00, 0x78, 0x10, 0x0A, 0x04, 0x82, 0x23, 0x0D, 0x30, 0x87, 0x3D, 0x10, 0x84,
    0x99, 0x5A, 0x13, 0xBF, 0xA1, 0x5C, 0x13, 0xA7, 0x81, 0x22, 0x0C, 0x26, 0x76, 0x0E, 0x0A, 0x00,
    0x76, 0x0E, 0x0A, 0x00, 0x76, 0x0E, 0x0A, 0x00, 0x76, 0x0E, 0x0A, 0x00, 0x76, 0x0E, 0x0A, 0x00,
    0x76, 0x0E, 0x0A, 0x00, 0x76, 0x0E, 0x0A, 0x00, 0x76, 0x0E, 0x0A, 0x00, 0x76, 0x0E, 0x0A, 0x00,
    0x76, 0x0E, 0x0A, 0x00, 0x76, 0x0E, 0x0A, 0x00, 0x76, 0x0E, 0x0A, 0x00, 0x7A, 0x15, 0x0B, 0x0C,
    0x7C, 0x18, 0x0B, 0x12, 0x77, 0x10, 0x0A, 0x04, 0x76, 0x0E, 0x0A, 0x00, 0x76, 0x0E, 0x0A, 0x00,
    0x76, 0x0E, 0x0A, 0x00, 0x76, 0x0E, 0x0A, 0x00, 0x76, 0x0E, 0x0A, 0x00, 0x76, 0x0E, 0x0A, 0x00,
};
unsigned char ui_stat_flower_png[] = {
    0xDF, 0xB0, 0x1D, 0x00, 0xDF, 0xB0, 0x1D, 0x00, 0xDF, 0xB0, 0x1D, 0x00, 0xDF, 0xB0, 0x1D, 0x00,
    0xDF, 0xB0, 0x1D, 0x00, 0xDF, 0xB0, 0x1D, 0x00, 0xDF, 0xB0, 0x1D, 0x00, 0xDF, 0xB0, 0x1D, 0x00,
    0xDF, 0xB0, 0x1D, 0x00, 0xDF, 0xB0, 0x1D, 0x00, 0xDF, 0xB0, 0x1D, 0x00, 0xDF, 0xB0, 0x1D, 0x00,
    0xDF, 0xB0, 0x1D, 0x00, 0xDF, 0xB0, 0x1D, 0x00, 0xDF, 0xB0, 0x1D, 0x00, 0xDF, 0xB0, 0x1D, 0x00,
    0xDF, 0xB0, 0x1D, 0x00, 0xDF, 0xB0, 0x1D, 0x00, 0xDF, 0xB0, 0x1D, 0x00, 0xDF, 0xB0, 0x1D, 0x00,
    0xDF, 0xB0, 0x1D, 0x00, 0xB4, 0x8D, 0x28, 0x5D, 0x72, 0x5F, 0x57, 0xDE, 0x78, 0x80, 0x93, 0xFC,
    0x74, 0x78, 0x8A, 0xFA, 0x78, 0x60, 0x49, 0xD0, 0xC8, 0x9C, 0x24, 0x37, 0xDF, 0xB0, 0x1D, 0x00,
    0xDF, 0xB0, 0x1D, 0x00, 0xDF, 0xB0, 0x1D, 0x00, 0xDF, 0xB0, 0x1D, 0x00, 0xDF, 0xB0, 0x1D, 0x00,
    0xDF, 0xB0, 0x1D, 0x00, 0xDF, 0xB0, 0x1D, 0x00, 0xDF, 0xB0, 0x1D, 0x00, 0xDF, 0xB0, 0x1D, 0x00,
    0xCC, 0xA1, 0x21, 0x2A, 0x70, 0x79, 0x8C, 0xF6, 0xBB, 0xE5, 0xE4, 0xFF, 0xF1, 0xFF, 0xD7, 0xFF,
    0xEF, 0xFF, 0xD9, 0xFF, 0xB4, 0xD9, 0xDF, 0xFF, 0x6B, 0x66, 0x72, 0xED, 0xCE, 0xA3, 0x20, 0x25,
    0xDF, 0xB0, 0x1D, 0x00, 0xDF, 0xB0, 0x1D, 0x00, 0xDF, 0xB0, 0x1D, 0x00, 0xDF, 0xB0, 0x1D, 0x00,
    0xDF, 0xB0, 0x1D, 0x00, 0xDF, 0xB0, 0x1D, 0x00, 0xDD, 0xAF, 0x1D, 0x04, 0xA9, 0x84, 0x32, 0x7C,
    0x6B, 0x5C, 0x56, 0xDC, 0x8A, 0xC8, 0xE9, 0xFF, 0xD1, 0xFB, 0xEF, 0xFF, 0xE9, 0xD4, 0x9C, 0xFF,
    0xE7, 0xD7, 0xA1, 0xFF, 0xD3, 0xFE, 0xF6, 0xFF, 0x71, 0xA3, 0xD4, 0xFF, 0x60, 0x54, 0x50, 0xE1,
    0xA3, 0x82, 0x3A, 0x8B, 0xD6, 0xA8, 0x1F, 0x16, 0xDF, 0xB0, 0x1D, 0x00, 0xDF, 0xB0, 0x1D, 0x00,
    0xDF, 0xB0, 0x1D, 0x00, 0xDF, 0xB0, 0x1D, 0x00, 0x8C, 0x6B, 0x37, 0xA7, 0x82, 0xA0, 0xBA, 0xFE,
    0xA2, 0xCB, 0xDF, 0xFF, 0x6A, 0x85, 0xAB, 0xFF, 0xA5, 0x9D, 0x69, 0xFF, 0xCD, 0x95, 0x2C, 0xFF,
    0xD2, 0x99, 0x2E, 0xFF, 0xA2, 0x93, 0x62, 0xFF, 0x69, 0x7F, 0xA8, 0xFF, 0xA6, 0xCE, 0xDE, 0xFF,
    0x8F, 0xB7, 0xCB, 0xFF, 0x7D, 0x65, 0x45, 0xC4, 0xDF, 0xB0, 0x1D, 0x00, 0xDF, 0xB0, 0x1D, 0x00,
    0xDF, 0xB0, 0x1D, 0x00, 0xDF, 0xB0, 0x1D, 0x00, 0x67, 0x6F, 0x8B, 0xF9, 0xCF, 0xFD, 0xF1, 0xFF,
    0xE5, 0xEB, 0xBF, 0xFF, 0xAF, 0x82, 0x39, 0xFF, 0xBE, 0x7C, 0x05, 0xFF, 0xF9, 0xC0, 0x12, 0xFF,
    0xEB, 0xB6, 0x10, 0xFF, 0xA6, 0x68, 0x00, 0xFF, 0xA8, 0x84, 0x43, 0xFF, 0xEC, 0xF0, 0xC0, 0xFF,
    0xDD, 0xFF, 0xE5, 0xFF, 0x70, 0x82, 0x9F, 0xFD, 0xDF, 0xB0, 0x1D, 0x00, 0xDF, 0xB0, 0x1D, 0x00,
    0xDF, 0xB0, 0x1D, 0x00, 0xDF, 0xB0, 0x1D, 0x00, 0x7D, 0xA1, 0xBD, 0xFE, 0xE3, 0xFF, 0xEE, 0xFF,
    0xF4, 0xD6, 0x8F, 0xFF, 0xEA, 0xA1, 0x25, 0xFF, 0x9B, 0x74, 0x13, 0xFF, 0xFA, 0xD1, 0x01, 0xFF,
    0xCE, 0xB0, 0x05, 0xFF, 0x91, 0x6F, 0x26, 0xFF, 0xD0, 0x8B, 0x17, 0xFF, 0xE5, 0xC5, 0x7A, 0xFF,
    0xF4, 0xFF, 0xE6, 0xFF, 0x87, 0xB0, 0xCC, 0xFF, 0xDF, 0xB0, 0x1D, 0x00, 0xDF, 0xB0, 0x1D, 0x00,
    0xDF, 0xB0, 0x1D, 0x00, 0xDF, 0xB0, 0x1D, 0x00, 0x6C, 0x75, 0x8F, 0xF8, 0xB1, 0xDF, 0xEB, 0xFF,
    0xA0, 0x95, 0x86, 0xFF, 0xE1, 0x99, 0x23, 0xFF, 0xD6, 0xA2, 0x13, 0xFF, 0xFD, 0xD1, 0x00, 0xFF,
    0xE7, 0xC1, 0x02, 0xFF, 0xD5, 0xA3, 0x1D, 0xFF, 0xD3, 0x8A, 0x16, 0xFF, 0x8F, 0x7F, 0x6D, 0xFF,
    0xBE, 0xE1, 0xE7, 0xFF, 0x72, 0x89, 0xAB, 0xFE, 0xDF, 0xB0, 0x1D, 0x00, 0xDF, 0xB0, 0x1D, 0x00,
    0xDF, 0xB0, 0x1D, 0x00, 0xDF, 0xB0, 0x1D, 0x00, 0xA2, 0x7D, 0x2F, 0x81, 0x66, 0x73, 0x97, 0xFB,
    0x8D, 0xA6, 0xB4, 0xFF, 0xBB, 0x8D, 0x37, 0xFF, 0xF3, 0xAD, 0x0A, 0xFF, 0xFF, 0xC9, 0x10, 0xFF,
    0xFF, 0xCB, 0x11, 0xFF, 0xF5, 0xAA, 0x09, 0xFF, 0xBB, 0x92, 0x3E, 0xFF, 0x8A, 0xA9, 0xBE, 0xFF,
    0x5C, 0x70, 0xA0, 0xFE, 0x93, 0x74, 0x38, 0xA0, 0xDF, 0xB0, 0x1D, 0x00, 0xDF, 0xB0, 0x1D, 0x00,
    0xDF, 0xB0, 0x1D, 0x00, 0xDF, 0xB0, 0x1D, 0x00, 0xDF, 0xB0, 0x1D, 0x00, 0x84, 0x7B, 0x73, 0xDF,
    0xDF, 0xFF, 0xF6, 0xFF, 0xE2, 0xD0, 0x94, 0xFF, 0xC5, 0x90, 0x34, 0xFF, 0xD2, 0x9C, 0x27, 0xFF,
    0xD0, 0x96, 0x22, 0xFF, 0xC4, 0x8E, 0x30, 0xFF, 0xDD, 0xD5, 0xA3, 0xFF, 0xCB, 0xFB, 0xFC, 0xFF,
    0x66, 0x5E, 0x6E, 0xEB, 0xDF, 0xB0, 0x1D, 0x00, 0xDF, 0xB0, 0x1D, 0x00, 0xDF, 0xB0, 0x1D, 0x00,
    0xDF, 0xB0, 0x1D, 0x00, 0xDF, 0xB0, 0x1D, 0x00, 0x8F, 0x80, 0x1B, 0x97, 0x48, 0x57, 0x46, 0xF3,
    0xA1, 0xB6, 0xCD, 0xFF, 0xF1, 0xFB, 0xE2, 0xFF, 0xE0, 0xEB, 0xCF, 0xFF, 0x68, 0x69, 0x86, 0xFF,
    0x87, 0x8A, 0x94, 0xFF, 0xEE, 0xF3, 0xD2, 0xFF, 0xE5, 0xF7, 0xE5, 0xFF, 0x7F, 0x97, 0xAC, 0xFF,
    0x3C, 0x4F, 0x2E, 0xF4, 0x94, 0x84, 0x1C, 0x8F, 0xDF, 0xB0, 0x1D, 0x00, 0xDF, 0xB0, 0x1D, 0x00,
    0xDF, 0xB0, 0x1D, 0x00, 0xDF, 0xB0, 0x1D, 0x00, 0x54, 0x68, 0x1C, 0xDC, 0x1E, 0x5E, 0x12, 0xFE,
    0x31, 0x57, 0x4A, 0xFF, 0x7F, 0x9F, 0xA2, 0xFF, 0x7D, 0x9E, 0xA4, 0xFF, 0x14, 0x38, 0x49, 0xFF,
    0x37, 0x5D, 0x68, 0xFF, 0x8E, 0xAF, 0xB5, 0xFF, 0x71, 0x94, 0x93, 0xFF, 0x2C, 0x5E, 0x35, 0xFF,
    0x26, 0x74, 0x10, 0xFF, 0x42, 0x5E, 0x1C, 0xE8, 0xDF, 0xB0, 0x1D, 0x00, 0xDF, 0xB0, 0x1D, 0x00,
    0xDF, 0xB0, 0x1D, 0x00, 0xDF, 0xB0, 0x1D, 0x00, 0xDC, 0xAE, 0x1D, 0x06, 0x54, 0x6E, 0x1C, 0xE0,
    0x6C, 0xB1, 0x0C, 0xFF, 0x63, 0xA5, 0x11, 0xFF, 0x2F, 0x80, 0x14, 0xFF, 0x05, 0x57, 0x14, 0xFF,
    0x05, 0x51, 0x16, 0xFF, 0x2D, 0x7E, 0x16, 0xFF, 0x65, 0xAA, 0x0D, 0xFF, 0x62, 0xA8, 0x10, 0xFF,
    0x35, 0x5B, 0x1E, 0xF2, 0xD6, 0xAB, 0x1D, 0x14, 0xDF, 0xB0, 0x1D, 0x00, 0xDF, 0xB0, 0x1D, 0x00,
    0xDF, 0xB0, 0x1D, 0x00, 0xDF, 0xB0, 0x1D, 0x00, 0x5B, 0x64, 0x1E, 0xD5, 0x3E, 0x84, 0x19, 0xFD,
    0x7D, 0xCB, 0x15, 0xFF, 0x6C, 0xBF, 0x10, 0xFF, 0x3C, 0x9C, 0x11, 0xFF, 0x12, 0x54, 0x1C, 0xFE,
    0x17, 0x59, 0x1B, 0xFE, 0x3B, 0x9E, 0x11, 0xFF, 0x6F, 0xC0, 0x11, 0xFF, 0x7A, 0xC7, 0x16, 0xFF,
    0x3B, 0x85, 0x19, 0xFE, 0x4F, 0x5E, 0x1D, 0xDF, 0xDF, 0xB0, 0x1D, 0x00, 0xDF, 0xB0, 0x1D, 0x00,
    0xDF, 0xB0, 0x1D, 0x00, 0xDF, 0xB0, 0x1D, 0x00, 0x70, 0x71, 0x1E, 0xC0, 0x37, 0x6B, 0x1B, 0xF7,
    0x3E, 0x86, 0x19, 0xFD, 0x41, 0x89, 0x19, 0xFD, 0x39, 0x6A, 0x1C, 0xF5, 0x9B, 0x87, 0x1D, 0x84,
    0x8D, 0x7F, 0x1D, 0x99, 0x32, 0x69, 0x1C, 0xFA, 0x45, 0x90, 0x18, 0xFD, 0x45, 0x8F, 0x18, 0xFD,
    0x32, 0x6E, 0x1B, 0xFB, 0x58, 0x65, 0x1E, 0xD7, 0xDF, 0xB0, 0x1D, 0x00, 0xDF, 0xB0, 0x1D, 0x00,
    0xDF, 0xB0, 0x1D, 0x00, 0xDF, 0xB0, 0x1D, 0x00, 0xDF, 0xB0, 0x1D, 0x00, 0xDF, 0xB0, 0x1D, 0x00,
    0xDF, 0xB0, 0x1D, 0x00, 0xDF, 0xB0, 0x1D, 0x00, 0xDF, 0xB0, 0x1D, 0x00, 0xDF, 0xB0, 0x1D, 0x00,
    0xDF, 0xB0, 0x1D, 0x00, 0xDF, 0xB0, 0x1D, 0x00, 0xDF, 0xB0, 0x1D, 0x00, 0xDF, 0xB0, 0x1D, 0x00,
    0xDF, 0xB0, 0x1D, 0x00, 0xDF, 0xB0, 0x1D, 0x00, 0xDF, 0xB0, 0x1D, 0x00, 0xDF, 0xB0, 0x1D, 0x00,
};
unsigned char inspect_icon_img[] = {
    0x00, 0x00, 0x00, 0x00, 0x00, 0x00, 0x00, 0x00, 0x00, 0x00, 0x00, 0x00, 0x00, 0x00, 0x00, 0x00,
    0x00, 0x00, 0x00, 0x00, 0x00, 0x00, 0x03, 0x33, 0x33, 0x30, 0x00, 0x00, 0x00, 0x00, 0x00, 0x00,
    0x00, 0x00, 0x00, 0x00, 0x00, 0x03, 0x33, 0x33, 0x33, 0x33, 0x30, 0x00, 0x00, 0x00, 0x00, 0x00,
    0x00, 0x00, 0x00, 0x00, 0x00, 0x33, 0x34, 0x11, 0x11, 0x43, 0x33, 0x00, 0x00, 0x00, 0x00, 0x00,
    0x00, 0x00, 0x00, 0x00, 0x03, 0x33, 0x11, 0x11, 0x11, 0x11, 0x33, 0x30, 0x00, 0x00, 0x00, 0x00,
    0x00, 0x00, 0x00, 0x00, 0x03, 0x31, 0x11, 0x11, 0x11, 0x11, 0x13, 0x30, 0x00, 0x00, 0x00, 0x00,
    0x00, 0x00, 0x00, 0x00, 0x33, 0x21, 0x11, 0x11, 0x11, 0x11, 0x12, 0x33, 0x00, 0x00, 0x00, 0x00,
    0x00, 0x00, 0x00, 0x00, 0x33, 0x41, 0x11, 0x11, 0x11, 0x11, 0x14, 0x33, 0x00, 0x00, 0x00, 0x00,
    0x00, 0x00, 0x00, 0x00, 0x33, 0x11, 0x11, 0x11, 0x11, 0x11, 0x11, 0x33, 0x00, 0x00, 0x00, 0x00,
    0x00, 0x00, 0x00, 0x00, 0x33, 0x11, 0x11, 0x11, 0x11, 0x11, 0x11, 0x33, 0x00, 0x00, 0x00, 0x00,
    0x00, 0x00, 0x00, 0x00, 0x33, 0x11, 0x11, 0x11, 0x11, 0x11, 0x11, 0x33, 0x00, 0x00, 0x00, 0x00,
    0x00, 0x00, 0x00, 0x00, 0x33, 0x41, 0x11, 0x11, 0x11, 0x11, 0x14, 0x33, 0x00, 0x00, 0x00, 0x00,
    0x00, 0x00, 0x00, 0x00, 0x33, 0x21, 0x11, 0x11, 0x11, 0x11, 0x12, 0x33, 0x00, 0x00, 0x00, 0x00,
    0x00, 0x00, 0x00, 0x00, 0x03, 0x31, 0x11, 0x11, 0x11, 0x11, 0x13, 0x30, 0x00, 0x00, 0x00, 0x00,
    0x00, 0x00, 0x00, 0x00, 0x03, 0x32, 0x11, 0x11, 0x11, 0x11, 0x23, 0x30, 0x00, 0x00, 0x00, 0x00,
    0x00, 0x00, 0x00, 0x00, 0x00, 0x33, 0x11, 0x11, 0x11, 0x11, 0x33, 0x00, 0x00, 0x00, 0x00, 0x00,
    0x00, 0x00, 0x00, 0x00, 0x00, 0x33, 0x21, 0x11, 0x11, 0x12, 0x33, 0x00, 0x00, 0x00, 0x00, 0x00,
    0x00, 0x00, 0x00, 0x00, 0x00, 0x03, 0x31, 0x11, 0x11, 0x13, 0x30, 0x00, 0x00, 0x00, 0x00, 0x00,
    0x00, 0x00, 0x00, 0x00, 0x00, 0x03, 0x33, 0x11, 0x11, 0x33, 0x30, 0x00, 0x00, 0x00, 0x00, 0x00,
    0x00, 0x00, 0x00, 0x00, 0x00, 0x00, 0x33, 0x21, 0x12, 0x33, 0x00, 0x00, 0x00, 0x00, 0x00, 0x00,
    0x00, 0x00, 0x00, 0x00, 0x00, 0x00, 0x03, 0x33, 0x33, 0x30, 0x00, 0x00, 0x00, 0x00, 0x00, 0x00,
    0x00, 0x00, 0x00, 0x00, 0x00, 0x00, 0x00, 0x33, 0x33, 0x00, 0x00, 0x00, 0x00, 0x00, 0x00, 0x00,
    0x00, 0x00, 0x00, 0x00, 0x00, 0x00, 0x00, 0x00, 0x00, 0x00, 0x00, 0x00, 0x00, 0x00, 0x00, 0x00,
    0x00, 0x00, 0x00, 0x00, 0x00, 0x00, 0x00, 0x33, 0x33, 0x00, 0x00, 0x00, 0x00, 0x00, 0x00, 0x00,
    0x00, 0x00, 0x00, 0x00, 0x00, 0x00, 0x03, 0x33, 0x33, 0x30, 0x00, 0x00, 0x00, 0x00, 0x00, 0x00,
    0x00, 0x00, 0x00, 0x00, 0x00, 0x00, 0x33, 0x21, 0x12, 0x33, 0x00, 0x00, 0x00, 0x00, 0x00, 0x00,
    0x00, 0x00, 0x00, 0x00, 0x00, 0x00, 0x33, 0x11, 0x11, 0x33, 0x00, 0x00, 0x00, 0x00, 0x00, 0x00,
    0x00, 0x00, 0x00, 0x00, 0x00, 0x00, 0x33, 0x11, 0x11, 0x33, 0x00, 0x00, 0x00, 0x00, 0x00, 0x00,
    0x00, 0x00, 0x00, 0x00, 0x00, 0x00, 0x33, 0x21, 0x12, 0x33, 0x00, 0x00, 0x00, 0x00, 0x00, 0x00,
    0x00, 0x00, 0x00, 0x00, 0x00, 0x00, 0x03, 0x33, 0x33, 0x30, 0x00, 0x00, 0x00, 0x00, 0x00, 0x00,
    0x00, 0x00, 0x00, 0x00, 0x00, 0x00, 0x00, 0x33, 0x33, 0x00, 0x00, 0x00, 0x00, 0x00, 0x00, 0x00,
    0x00, 0x00, 0x00, 0x00, 0x00, 0x00, 0x00, 0x00, 0x00, 0x00, 0x00, 0x00, 0x00, 0x00, 0x00, 0x00,
};
unsigned short inspect_icon_pal[] = {0x294A, 0xC94B, 0x794B, 0x4085, 0xA14B, 0x0001, 0x0001, 0x0001, 0x0001, 0x0001, 0x0001, 0x0001, 0x0001, 0x0001, 0x0001, 0x0001};
unsigned char ispy_icon_img[] = {
    0x00, 0x00, 0x00, 0x00, 0x00, 0x00, 0x00, 0x00, 0x00, 0x00, 0x00, 0x00, 0x00, 0x00, 0x00, 0x00,
    0x00, 0x00, 0x00, 0x00, 0x00, 0x00, 0x00, 0x00, 0x00, 0x00, 0x00, 0x00, 0x00, 0x00, 0x00, 0x00,
    0x00, 0x00, 0x00, 0x00, 0x00, 0x00, 0x00, 0x00, 0x00, 0x00, 0x00, 0x00, 0x00, 0x00, 0x00, 0x00,
    0x00, 0x00, 0x00, 0x00, 0x00, 0x00, 0x00, 0x00, 0x00, 0x00, 0x00, 0x00, 0x00, 0x00, 0x00, 0x00,
    0x00, 0x00, 0x00, 0x00, 0x00, 0x00, 0x00, 0x00, 0x00, 0x00, 0x00, 0x00, 0x00, 0x00, 0x00, 0x00,
    0x00, 0x00, 0x00, 0x00, 0x00, 0x00, 0x00, 0x00, 0x00, 0x00, 0x00, 0x00, 0x00, 0x00, 0x00, 0x00,
    0x00, 0x0F, 0xFF, 0xFF, 0xFF, 0xFF, 0x00, 0x00, 0x00, 0x00, 0x00, 0x00, 0x00, 0x00, 0x00, 0x00,
    0x00, 0x00, 0x00, 0x00, 0x00, 0x00, 0x00, 0x00, 0x00, 0x00, 0x00, 0x0F, 0xFF, 0xFF, 0xFF, 0xFF,
    0xFF, 0xFF, 0xFF, 0xFF, 0x00, 0x00, 0x00, 0x00, 0x00, 0x00, 0x00, 0x00, 0x00, 0x00, 0x00, 0x00,
    0x00, 0x00, 0x00, 0x00, 0x00, 0x00, 0xFF, 0xFF, 0xFF, 0xFE, 0xDD, 0xCC, 0xCD, 0xDE, 0xFF, 0xFF,
    0xFF, 0xF0, 0x00, 0x00, 0x00, 0x00, 0x00, 0x00, 0x00, 0x00, 0x00, 0x00, 0x00, 0x00, 0x00, 0x00,
    0x00, 0xFF, 0xFF, 0xFE, 0xCC, 0xCC, 0xCC, 0xCC, 0xCC, 0xCC, 0xCC, 0xCE, 0xFF, 0xFF, 0xF0, 0x00,
    0x00, 0x00, 0x00, 0x00, 0x00, 0x00, 0x00, 0x00, 0x00, 0x00, 0x00, 0x00, 0x0F, 0xFF, 0xEC, 0xCC,
    0xCC, 0xCC, 0xCC, 0xCC, 0xCC, 0xCC, 0xCC, 0xCC, 0xCC, 0xEF, 0xFF, 0x00, 0x00, 0x00, 0x00, 0x00,
    0x00, 0x00, 0x00, 0x00, 0x00, 0x00, 0x00, 0x0F, 0xFF, 0xEC, 0xCC, 0xCC, 0xCC, 0xCC, 0xCC, 0xCC,
    0xCC, 0xCC, 0xCC, 0xCC, 0xCC, 0xCC, 0xEF, 0xFF, 0x00, 0x00, 0x00, 0x00, 0x00, 0x00, 0x00, 0x00,
    0x00, 0x00, 0x00, 0xFF, 0xFC, 0xCC, 0xCC, 0xCC, 0xCC, 0xCC, 0xCC, 0xCC, 0xCC, 0xCC, 0xCC, 0xCC,
    0xCC, 0xCC, 0xCC, 0xFF, 0xF0, 0x00, 0x00, 0x00, 0x00, 0x00, 0x00, 0x00, 0x00, 0x00, 0x0F, 0xFE,
    0xCC, 0xCC, 0xCC, 0xCC, 0xCC, 0xCC, 0xCC, 0xCC, 0xCC, 0xCC, 0xCC, 0xCC, 0xCC, 0xCC, 0xCC, 0xCE,
    0xFF, 0x00, 0x00, 0x00, 0x00, 0x00, 0x00, 0x00, 0x00, 0x00, 0xFF, 0xDC, 0xCC, 0xCC, 0xCC, 0xCC,
    0xCC, 0xCC, 0xCC, 0xCC, 0xCC, 0xCC, 0xCC, 0xCC, 0xCC, 0xCC, 0xCC, 0xCC, 0xDF, 0xF0, 0x00, 0x00,
    0x00, 0x00, 0x00, 0x00, 0x00, 0x0F, 0xFE, 0xCC, 0xCC, 0xCC, 0xCC, 0xCC, 0xCC, 0xCC, 0xCC, 0xCC,
    0xCC, 0xCC, 0xCC, 0xCC, 0xCC, 0xCC, 0xCC, 0xCC, 0xCE, 0xFF, 0x00, 0x00, 0x00, 0x00, 0x00, 0x00,
    0x00, 0x0F, 0xFC, 0xCC, 0xCC, 0xCC, 0xCC, 0xCC, 0xCC, 0xCC, 0xCC, 0xCC, 0xCC, 0xCC, 0xC9, 0x99,
    0x99, 0x9C, 0xCC, 0xCC, 0xCC, 0xFF, 0x00, 0x00, 0x00, 0x00, 0x00, 0x00, 0x00, 0xFF, 0xCC, 0xCC,
    0xCC, 0xCC, 0xCC, 0xCC, 0xCC, 0xCC, 0xCC, 0xCC, 0xCC, 0x99, 0x99, 0x99, 0x99, 0x9C, 0xCC, 0xCC,
    0xCC, 0xCF, 0xF0, 0x00, 0x00, 0x00, 0x00, 0x00, 0x0F, 0xFE, 0xCC, 0xCC, 0xCC, 0xCC, 0xCC, 0xCC,
    0xCC, 0xCC, 0xCC, 0xCC, 0x99, 0x99, 0x99, 0x32, 0x39, 0x9C, 0xCC, 0xCC, 0xCC, 0xCE, 0xFF, 0x00,
    0x00, 0x00, 0x00, 0x00, 0x0F, 0xFC, 0xCC, 0xCC, 0xCC, 0xCC, 0xCC, 0xCC, 0xCC, 0xCC, 0xCC, 0x99,
    0x99, 0x93, 0x11, 0x23, 0x79, 0x9C, 0xCC, 0xCC, 0xCC, 0xCC, 0xFF, 0x00, 0x00, 0x00, 0x00, 0x00,
    0xFF, 0xEC, 0xCC, 0xCC, 0xCC, 0xCC, 0xCC, 0xCC, 0xCC, 0xC9, 0x99, 0x99, 0x93, 0x11, 0x12, 0x38,
    0x59, 0x9C, 0xCC, 0xCC, 0xCC, 0xCC, 0xEF, 0xF0, 0x00, 0x00, 0x00, 0x00, 0xFF, 0xCC, 0xCC, 0xCC,
    0xCC, 0xCC, 0xCC, 0xCC, 0xC9, 0x99, 0x99, 0x41, 0x11, 0x11, 0x33, 0x88, 0x99, 0xCC, 0xCC, 0xCC,
    0xCC, 0xCC, 0xCF, 0xF0, 0x00, 0x00, 0x00, 0x00, 0xFF, 0xCC, 0xCC, 0xCC, 0xCC, 0xCC, 0xCC, 0xCC,
    0xC9, 0x99, 0x41, 0x11, 0x11, 0x13, 0x38, 0x88, 0x99, 0xCC, 0xCC, 0xCC, 0xCC, 0xCC, 0xCF, 0xF0,
    0x00, 0x00, 0x00, 0x0F, 0xFE, 0xCC, 0xCC, 0xCC, 0xCC, 0xCC, 0xCC, 0xCC, 0x99, 0x31, 0x11, 0x11,
    0x11, 0x23, 0x38, 0x87, 0x99, 0xCC, 0xCC, 0xCC, 0xCC, 0xCC, 0xCE, 0xFF, 0x00, 0x00, 0x00, 0x0F,
    0xFE, 0xCC, 0xCC, 0xCC, 0xCC, 0xCC, 0xCC, 0xCC, 0x99, 0x21, 0x11, 0x11, 0x11, 0x23, 0x38, 0x85,
    0x99, 0xCC, 0xCC, 0xCC, 0xCC, 0xCC, 0xCE, 0xFF, 0x00, 0x00, 0x00, 0x0F, 0xFC, 0xCC, 0xCC, 0xCC,
    0xCC, 0xCC, 0xCC, 0xCC, 0x99, 0x21, 0x11, 0x11, 0x11, 0x23, 0x38, 0x89, 0x9C, 0xCC, 0xCC, 0xCC,
    0xCC, 0xCC, 0xCC, 0xFF, 0x00, 0x00, 0x00, 0x0F, 0xFC, 0xCC, 0xCC, 0xCC, 0xCC, 0xCC, 0xCC, 0xCC,
    0x94, 0x21, 0x11, 0x11, 0x11, 0x23, 0x88, 0x89, 0x9C, 0xCC, 0xCC, 0xCC, 0xCC, 0xCC, 0xCC, 0xFF,
    0x00, 0x00, 0x00, 0x0F, 0xFE, 0xCC, 0xCC, 0xCC, 0xCC, 0xCC, 0xCC, 0xC9, 0x92, 0x11, 0x11, 0x12,
    0x22, 0x12, 0x38, 0x79, 0x9C, 0xCC, 0xCC, 0xCC, 0xCC, 0xCC, 0xCE, 0xFF, 0x00, 0x00, 0x00, 0x0F,
    0xFE, 0xCC, 0xCC, 0xCC, 0xCC, 0xCC, 0xCC, 0xC9, 0x92, 0x11, 0x11, 0x33, 0x33, 0x32, 0x33, 0x59,
    0x9C, 0xCC, 0xCC, 0xCC, 0xCC, 0xCC, 0xCE, 0xFF, 0x00, 0x00, 0x00, 0x00, 0xFF, 0xCC, 0xCC, 0xCC,
    0xCC, 0xCC, 0xCC, 0xC9, 0x92, 0x11, 0x23, 0x33, 0x88, 0x32, 0x23, 0x99, 0xCC, 0xCC, 0xCC, 0xCC,
    0xCC, 0xCC, 0xCF, 0xF0, 0x00, 0x00, 0x00, 0x00, 0xFF, 0xCC, 0xCC, 0xCC, 0xCC, 0xCC, 0xCC, 0x99,
    0x41, 0x11, 0x33, 0x88, 0x88, 0x83, 0x23, 0x99, 0xCC, 0xCC, 0xCC, 0xCC, 0xCC, 0xCC, 0xCF, 0xF0,
    0x00, 0x00, 0x00, 0x00, 0xFF, 0xEC, 0xCC, 0xCC, 0xCC, 0xCC, 0xCC, 0x99, 0x21, 0x13, 0x38, 0x88,
    0x88, 0x88, 0x75, 0x99, 0xCC, 0xCC, 0xCC, 0xCC, 0xCC, 0xCC, 0xEF, 0xF0, 0x00, 0x00, 0x00, 0x00,
    0x0F, 0xFC, 0xCC, 0xCC, 0xCC, 0xCC, 0xCC, 0x99, 0x11, 0x33, 0x88, 0x88, 0x87, 0x59, 0x99, 0x9C,
    0xCC, 0xCC, 0xCC, 0xCC, 0xCC, 0xCC, 0xFF, 0x00, 0x00, 0x00, 0x00, 0x00, 0x0F, 0xFE, 0xCC, 0xCC,
    0xCC, 0xCC, 0xC9, 0x99, 0x13, 0x38, 0x88, 0x75, 0x99, 0x99, 0x99, 0xCC, 0xCC, 0xCC, 0xCC, 0xCC,
    0xCC, 0xCE, 0xFF, 0x00, 0x00, 0x00, 0x00, 0x00, 0x00, 0xFF, 0xCC, 0xCC, 0xCC, 0xCC, 0xC9, 0x94,
    0x18, 0x88, 0x59, 0x99, 0x99, 0x9C, 0xCC, 0xCC, 0xCC, 0xCC, 0xCC, 0xCC, 0xCC, 0xCF, 0xF0, 0x00,
    0x00, 0x00, 0x00, 0x00, 0x00, 0x0F, 0xFC, 0xCC, 0xCC, 0xCC, 0xC9, 0x92, 0x87, 0x99, 0x99, 0x99,
    0xCC, 0xCC, 0xCC, 0xCC, 0xCC, 0xCC, 0xCC, 0xCC, 0xCC, 0xFF, 0x00, 0x00, 0x00, 0x00, 0x00, 0x00,
    0x00, 0x0F, 0xFE, 0xCC, 0xCC, 0xCC, 0xC9, 0x99, 0x99, 0x99, 0x9C, 0xCC, 0xCC, 0xCC, 0xCC, 0xCC,
    0xCC, 0xCC, 0xCC, 0xCC, 0xCE, 0xFF, 0x00, 0x00, 0x00, 0x00, 0x00, 0x00, 0x00, 0x00, 0xFF, 0xDC,
    0xCC, 0xCC, 0xC9, 0x99, 0x99, 0xCC, 0xCC, 0xCC, 0xCC, 0xCC, 0xCC, 0xCC, 0xCC, 0xCC, 0xCC, 0xCC,
    0xDF, 0xF0, 0x00, 0x00, 0x00, 0x00, 0x00, 0x00, 0x00, 0x00, 0x0F, 0xFE, 0xCC, 0xCC, 0xCC, 0xCC,
    0xCC, 0xCC, 0xCC, 0xCC, 0xCC, 0xCC, 0xCC, 0xCC, 0xCC, 0xCC, 0xCC, 0xCE, 0xFF, 0x00, 0x00, 0x00,
    0x00, 0x00, 0x00, 0x00, 0x00, 0x00, 0x00, 0xFF, 0xFC, 0xCC, 0xCC, 0xCC, 0xCC, 0xCC, 0xCC, 0xCC,
    0xCC, 0xCC, 0xCC, 0xCC, 0xCC, 0xCC, 0xCC, 0xFF, 0xF0, 0x00, 0x00, 0x00, 0x00, 0x00, 0x00, 0x00,
    0x00, 0x00, 0x00, 0x0F, 0xFF, 0xEC, 0xCC, 0xCC, 0xCC, 0xCC, 0xCC, 0xCC, 0xCC, 0xCC, 0xCC, 0xCC,
    0xCC, 0xCC, 0xEF, 0xFF, 0x00, 0x00, 0x00, 0x00, 0x00, 0x00, 0x00, 0x00, 0x00, 0x00, 0x00, 0x00,
    0x0F, 0xFF, 0xEC, 0xCC, 0xCC, 0xCC, 0xCC, 0xCC, 0xCC, 0xCC, 0xCC, 0xCC, 0xCC, 0xEF, 0xFF, 0x00,
    0x00, 0x00, 0x00, 0x00, 0x00, 0x00, 0x00, 0x00, 0x00, 0x00, 0x00, 0x00, 0x00, 0xFF, 0xFF, 0xFE,
    0xCC, 0xCC, 0xCC, 0xCC, 0xCC, 0xCC, 0xCC, 0xCE, 0xFF, 0xFF, 0xF0, 0x00, 0x00, 0x00, 0x00, 0x00,
    0x00, 0x00, 0x00, 0x00, 0x00, 0x00, 0x00, 0x00, 0x00, 0x00, 0xFF, 0xFF, 0xFF, 0xEC, 0xCC, 0xCC,
    0xCC, 0xCC, 0xEF, 0xFF, 0xFF, 0xF0, 0x00, 0x00, 0x00, 0x00, 0x00, 0x00, 0x00, 0x00, 0x00, 0x00,
    0x00, 0x00, 0x00, 0x00, 0x00, 0x00, 0x00, 0x0F, 0xFF, 0xFF, 0xCC, 0xCC, 0xCC, 0xCF, 0xFF, 0xFF,
    0x00, 0x00, 0x00, 0x00, 0x00, 0x00, 0x00, 0x00, 0x00, 0x00, 0x00, 0x00, 0x00, 0x00, 0x00, 0x00,
    0x00, 0x00, 0x00, 0x00, 0x00, 0xFF, 0xFC, 0xCC, 0xCC, 0xFF, 0xF0, 0x00, 0x00, 0x00, 0x00, 0x00,
    0x00, 0x00, 0x00, 0x00, 0x00, 0x00, 0x00, 0x00, 0x00, 0x00, 0x00, 0x00, 0x00, 0x00, 0x00, 0x00,
    0x00, 0x0F, 0xFC, 0xCC, 0xCC, 0xFF, 0x00, 0x00, 0x00, 0x00, 0x00, 0x00, 0x00, 0x00, 0x00, 0x00,
    0x00, 0x00, 0x00, 0x00, 0x00, 0x00, 0x00, 0x00, 0x00, 0x00, 0x00, 0x00, 0x00, 0x0F, 0xFE, 0xCC,
    0xCE, 0xFF, 0x00, 0x00, 0x00, 0x00, 0x00, 0x00, 0x00, 0x00, 0x00, 0x00, 0x00, 0x00, 0x00, 0x00,
    0x00, 0x00, 0x00, 0x00, 0x00, 0x00, 0x00, 0x00, 0x00, 0x00, 0xFF, 0xCC, 0xCF, 0xF0, 0x00, 0x00,
    0x00, 0x00, 0x00, 0x00, 0x00, 0x00, 0x00, 0x00, 0x00, 0x00, 0x00, 0x00, 0x00, 0x00, 0x00, 0x00,
    0x00, 0x00, 0x00, 0x00, 0x00, 0x00, 0xFF, 0xCC, 0xCF, 0xF0, 0x00, 0x00, 0x00, 0x00, 0x00, 0x00,
    0x00, 0x00, 0x00, 0x00, 0x00, 0x00, 0x00, 0x00, 0x00, 0x00, 0x00, 0x00, 0x00, 0x00, 0x00, 0x00,
    0x00, 0x00, 0xFF, 0xEC, 0xEF, 0xF0, 0x00, 0x00, 0x00, 0x00, 0x00, 0x00, 0x00, 0x00, 0x00, 0x00,
    0x00, 0x00, 0x00, 0x00, 0x00, 0x00, 0x00, 0x00, 0x00, 0x00, 0x00, 0x00, 0x00, 0x00, 0xFF, 0xEC,
    0xEF, 0xF0, 0x00, 0x00, 0x00, 0x00, 0x00, 0x00, 0x00, 0x00, 0x00, 0x00, 0x00, 0x00, 0x00, 0x00,
    0x00, 0x00, 0x00, 0x00, 0x00, 0x00, 0x00, 0x00, 0x00, 0x00, 0x0F, 0xFC, 0xFF, 0x00, 0x00, 0x00,
    0x00, 0x00, 0x00, 0x00, 0x00, 0x00, 0x00, 0x00, 0x00, 0x00, 0x00, 0x00, 0x00, 0x00, 0x00, 0x00,
    0x00, 0x00, 0x00, 0x00, 0x00, 0x00, 0x0F, 0xFC, 0xFF, 0x00, 0x00, 0x00, 0x00, 0x00, 0x00, 0x00,
    0x00, 0x00, 0x00, 0x00, 0x00, 0x00, 0x00, 0x00, 0x00, 0x00, 0x00, 0x00, 0x00, 0x00, 0x00, 0x00,
    0x00, 0x00, 0x0F, 0xFE, 0xFF, 0x00, 0x00, 0x00, 0x00, 0x00, 0x00, 0x00, 0x00, 0x00, 0x00, 0x00,
    0x00, 0x00, 0x00, 0x00, 0x00, 0x00, 0x00, 0x00, 0x00, 0x00, 0x00, 0x00, 0x00, 0x00, 0x00, 0xFF,
    0xF0, 0x00, 0x00, 0x00, 0x00, 0x00, 0x00, 0x00, 0x00, 0x00, 0x00, 0x00, 0x00, 0x00, 0x00, 0x00,
    0x00, 0x00, 0x00, 0x00, 0x00, 0x00, 0x00, 0x00, 0x00, 0x00, 0x00, 0xFF, 0xF0, 0x00, 0x00, 0x00,
    0x00, 0x00, 0x00, 0x00, 0x00, 0x00, 0x00, 0x00, 0x00, 0x00, 0x00, 0x00, 0x00, 0x00, 0x00, 0x00,
    0x00, 0x00, 0x00, 0x00, 0x00, 0x00, 0x00, 0x0F, 0x00, 0x00, 0x00, 0x00, 0x00, 0x00, 0x00, 0x00,
    0x00, 0x00, 0x00, 0x00, 0x00, 0x00, 0x00, 0x00, 0x00, 0x00, 0x00, 0x00, 0x00, 0x00, 0x00, 0x00,
    0x00, 0x00, 0x00, 0x00, 0x00, 0x00, 0x00, 0x00, 0x00, 0x00, 0x00, 0x00, 0x00, 0x00, 0x00, 0x00,
};
unsigned short ispy_icon_1_pal[] = {0x0000, 0xFFFF, 0xE7AB, 0xDF45, 0xB681, 0x4305, 0x1207, 0x7401, 0xC703, 0x2287, 0x0001, 0x0001, 0xE739, 0xB5AD, 0x8421, 0x0001};
unsigned short ispy_icon_2_pal[] = {0x0000, 0xFFFF, 0xE7AB, 0xDF45, 0xB681, 0x4305, 0x1207, 0x7401, 0xC703, 0x2287, 0x0001, 0x0001, 0xE739, 0xB5AD, 0x8421, 0x0001};
unsigned short ispy_icon_3_pal[] = {0x0000, 0xFFE7, 0xEF95, 0xDE85, 0xB681, 0x52C5, 0x1207, 0x9483, 0xD6C3, 0xBDC3, 0xAD83, 0x94C5, 0xE739, 0xB5AD, 0x8421, 0x0001};
unsigned char D_802A3488_7A8D08[] = {
    0x00, 0x00, 0x00, 0x00, 0x00, 0x00, 0x00, 0x00, 0x00, 0x00, 0x00, 0x00, 0x00, 0x00, 0x00, 0x00,
    0x00, 0x00, 0x00, 0x00, 0x00, 0x00, 0x00, 0x00, 0x00, 0x00, 0x00, 0x00, 0x00, 0x00, 0x00, 0x00,
    0x00, 0x00, 0x00, 0x00, 0x00, 0x00, 0x00, 0x00, 0x00, 0x00, 0x00, 0x00, 0x00, 0x00, 0x00, 0x00,
    0x00, 0x00, 0x00, 0x00, 0x00, 0x00, 0x00, 0x00, 0x00, 0x00, 0x00, 0x00, 0x00, 0x00, 0x00, 0x00,
    0x00, 0x00, 0x00, 0x00, 0x00, 0x00, 0x00, 0x00, 0x00, 0x00, 0x00, 0x00, 0x00, 0x00, 0x00, 0x00,
    0x00, 0x00, 0x00, 0x00, 0x00, 0x00, 0x00, 0x00, 0x00, 0x00, 0x00, 0x00, 0x00, 0x00, 0x00, 0x00,
    0x00, 0x00, 0x00, 0x00, 0x00, 0x00, 0x00, 0x00, 0x00, 0x00, 0x00, 0x00, 0x00, 0x00, 0x00, 0x00,
    0x00, 0x00, 0x00, 0x00, 0x00, 0x00, 0x00, 0x00, 0x00, 0x00, 0x00, 0x00, 0x00, 0x00, 0x00, 0x00,
    0x00, 0x00, 0x00, 0x00, 0x00, 0x00, 0x00, 0x00, 0x00, 0x00, 0x00, 0x00, 0x00, 0x00, 0x00, 0x00,
    0x00, 0x00, 0x00, 0x00, 0x00, 0x00, 0x00, 0x00, 0x00, 0x00, 0x00, 0x00, 0x00, 0x00, 0x00, 0x00,
    0x00, 0x00, 0x00, 0x00, 0x00, 0x00, 0x00, 0x00, 0x00, 0x00, 0x00, 0x00, 0x00, 0x00, 0x00, 0x00,
    0x00, 0x00, 0x00, 0x00, 0x00, 0x00, 0x00, 0x00, 0x00, 0x00, 0x00, 0x00, 0x00, 0x00, 0x00, 0x00,
    0x00, 0x00, 0x00, 0x00, 0x00, 0x00, 0x00, 0x00, 0x00, 0x00, 0x00, 0x00, 0x00, 0x00, 0x00, 0x00,
    0x00, 0x00, 0x00, 0x00, 0x00, 0x0F, 0x0F, 0x0F, 0x0F, 0x0F, 0x0F, 0x0F, 0x0F, 0x0F, 0x0F, 0x0F,
    0x0F, 0x0F, 0x0F, 0x0F, 0x0C, 0x01, 0x00, 0x00, 0x00, 0x00, 0x00, 0x00, 0x00, 0x00, 0x00, 0x00,
    0x00, 0x00, 0x00, 0x00, 0x00, 0x00, 0x00, 0x00, 0x00, 0x00, 0x00, 0x00, 0x00, 0x00, 0x00, 0x00,
    0x00, 0x00, 0x00, 0x00, 0x00, 0x00, 0x00, 0x00, 0x00, 0x00, 0x00, 0x00, 0x00, 0x00, 0x00, 0x00,
    0x00, 0x00, 0x00, 0x00, 0x00, 0x0F, 0x0F, 0x0F, 0x3F, 0x4F, 0x1F, 0x0F, 0x0F, 0x0F, 0x0F, 0x0F,
    0x0F, 0x0F, 0x0F, 0x0F, 0x0F, 0x04, 0x00, 0x00, 0x00, 0x00, 0x00, 0x00, 0x00, 0x00, 0x00, 0x00,
    0x00, 0x00, 0x00, 0x00, 0x00, 0x00, 0x00, 0x00, 0x00, 0x00, 0x00, 0x00, 0x00, 0x00, 0x00, 0x00,
    0x00, 0x00, 0x00, 0x00, 0x00, 0x00, 0x00, 0x00, 0x00, 0x00, 0x00, 0x00, 0x00, 0x00, 0x00, 0x00,
    0x00, 0x00, 0x00, 0x00, 0x00, 0x0F, 0x0F, 0x0F, 0xBF, 0xFF, 0xFF, 0xFF, 0xBF, 0xAF, 0x8F, 0x6F,
    0x4F, 0x2F, 0x0F, 0x0F, 0x0F, 0x04, 0x00, 0x00, 0x00, 0x00, 0x00, 0x00, 0x00, 0x00, 0x00, 0x00,
    0x00, 0x00, 0x00, 0x00, 0x00, 0x00, 0x00, 0x00, 0x00, 0x00, 0x00, 0x00, 0x00, 0x00, 0x00, 0x00,
    0x00, 0x00, 0x00, 0x00, 0x00, 0x00, 0x00, 0x00, 0x00, 0x00, 0x00, 0x00, 0x00, 0x00, 0x00, 0x00,
    0x00, 0x00, 0x00, 0x00, 0x00, 0x0F, 0x0F, 0x0F, 0xBF, 0xFF, 0xFF, 0xFF, 0xFF, 0xFF, 0xFF, 0xFF,
    0xFF, 0xBF, 0x0F, 0x0F, 0x0F, 0x00, 0x00, 0x00, 0x00, 0x00, 0x00, 0x00, 0x00, 0x00, 0x00, 0x00,
    0x00, 0x00, 0x00, 0x00, 0x00, 0x00, 0x00, 0x00, 0x00, 0x00, 0x00, 0x00, 0x00, 0x00, 0x00, 0x00,
    0x00, 0x00, 0x00, 0x00, 0x00, 0x00, 0x00, 0x00, 0x00, 0x00, 0x00, 0x00, 0x00, 0x00, 0x00, 0x00,
    0x00, 0x00, 0x00, 0x00, 0x00, 0x0F, 0x0F, 0x0F, 0xBF, 0xFF, 0xFF, 0xFF, 0xFF, 0xFF, 0xFF, 0xFF,
    0xFF, 0x8F, 0x0F, 0x0F, 0x0D, 0x00, 0x00, 0x00, 0x00, 0x00, 0x00, 0x00, 0x00, 0x00, 0x00, 0x00,
    0x00, 0x00, 0x00, 0x00, 0x00, 0x00, 0x00, 0x00, 0x00, 0x00, 0x00, 0x00, 0x00, 0x00, 0x00, 0x00,
    0x00, 0x00, 0x00, 0x00, 0x00, 0x00, 0x00, 0x00, 0x00, 0x00, 0x00, 0x00, 0x00, 0x00, 0x00, 0x00,
    0x00, 0x00, 0x00, 0x00, 0x00, 0x0F, 0x0F, 0x0F, 0xBF, 0xFF, 0xFF, 0xFF, 0xFF, 0xFF, 0xFF, 0xFF,
    0xFF, 0x7F, 0x0F, 0x0F, 0x0B, 0x00, 0x00, 0x00, 0x00, 0x00, 0x00, 0x00, 0x00, 0x00, 0x00, 0x00,
    0x00, 0x00, 0x00, 0x00, 0x00, 0x00, 0x00, 0x00, 0x00, 0x00, 0x00, 0x00, 0x00, 0x00, 0x00, 0x00,
    0x00, 0x00, 0x00, 0x00, 0x00, 0x00, 0x00, 0x00, 0x00, 0x00, 0x00, 0x00, 0x00, 0x00, 0x00, 0x00,
    0x00, 0x00, 0x00, 0x00, 0x00, 0x0F, 0x0F, 0x0F, 0xBF, 0xFF, 0xFF, 0xFF, 0xFF, 0xFF, 0xFF, 0xFF,
    0xFF, 0x4F, 0x0F, 0x0F, 0x08, 0x00, 0x00, 0x00, 0x00, 0x00, 0x00, 0x00, 0x00, 0x00, 0x00, 0x00,
    0x00, 0x00, 0x00, 0x00, 0x00, 0x00, 0x00, 0x00, 0x00, 0x00, 0x00, 0x00, 0x00, 0x00, 0x00, 0x00,
    0x00, 0x00, 0x00, 0x00, 0x00, 0x00, 0x00, 0x00, 0x00, 0x00, 0x00, 0x00, 0x00, 0x00, 0x00, 0x00,
    0x00, 0x00, 0x00, 0x00, 0x00, 0x0F, 0x0F, 0x0F, 0xBF, 0xFF, 0xFF, 0xFF, 0xFF, 0xFF, 0xFF, 0xFF,
    0xFF, 0x1F, 0x0F, 0x0F, 0x08, 0x00, 0x00, 0x00, 0x00, 0x00, 0x00, 0x00, 0x00, 0x00, 0x00, 0x00,
    0x00, 0x00, 0x00, 0x00, 0x00, 0x00, 0x00, 0x00, 0x00, 0x00, 0x00, 0x00, 0x00, 0x00, 0x00, 0x00,
    0x00, 0x00, 0x00, 0x00, 0x00, 0x00, 0x00, 0x00, 0x00, 0x00, 0x00, 0x00, 0x00, 0x00, 0x00, 0x00,
    0x00, 0x00, 0x00, 0x00, 0x00, 0x0F, 0x0F, 0x0F, 0xBF, 0xFF, 0xFF, 0xFF, 0xFF, 0xFF, 0xFF, 0xFF,
    0xFF, 0x0F, 0x0F, 0x0F, 0x04, 0x00, 0x00, 0x00, 0x00, 0x00, 0x00, 0x00, 0x00, 0x00, 0x00, 0x00,
    0x00, 0x00, 0x00, 0x00, 0x00, 0x00, 0x00, 0x00, 0x00, 0x00, 0x00, 0x00, 0x00, 0x00, 0x00, 0x00,
    0x00, 0x00, 0x00, 0x00, 0x00, 0x00, 0x00, 0x00, 0x00, 0x00, 0x00, 0x00, 0x00, 0x00, 0x00, 0x00,
    0x00, 0x00, 0x00, 0x00, 0x00, 0x0F, 0x0F, 0x0F, 0xBF, 0xFF, 0xFF, 0xFF, 0xFF, 0xFF, 0xFF, 0xFF,
    0xBF, 0x0F, 0x0F, 0x0F, 0x02, 0x00, 0x00, 0x00, 0x00, 0x00, 0x00, 0x00, 0x00, 0x00, 0x00, 0x00,
    0x00, 0x00, 0x00, 0x00, 0x00, 0x00, 0x00, 0x00, 0x00, 0x00, 0x00, 0x00, 0x00, 0x00, 0x00, 0x00,
    0x00, 0x00, 0x00, 0x00, 0x00, 0x00, 0x00, 0x00, 0x00, 0x00, 0x00, 0x00, 0x00, 0x00, 0x00, 0x00,
    0x00, 0x00, 0x00, 0x00, 0x00, 0x0F, 0x0F, 0x0F, 0xBF, 0xFF, 0xFF, 0xFF, 0xFF, 0xFF, 0xFF, 0xFF,
    0xAF, 0x0F, 0x0F, 0x0F, 0x00, 0x00, 0x00, 0x00, 0x00, 0x00, 0x00, 0x00, 0x00, 0x00, 0x00, 0x00,
    0x00, 0x00, 0x00, 0x00, 0x00, 0x00, 0x00, 0x00, 0x00, 0x00, 0x00, 0x00, 0x00, 0x00, 0x00, 0x00,
    0x00, 0x00, 0x00, 0x00, 0x00, 0x00, 0x00, 0x00, 0x00, 0x00, 0x00, 0x00, 0x00, 0x00, 0x00, 0x00,
    0x00, 0x00, 0x00, 0x00, 0x00, 0x0F, 0x0F, 0x0F, 0x6F, 0x8F, 0x8F, 0x8F, 0x8F, 0x8F, 0x8F, 0x8F,
    0x4F, 0x0F, 0x0F, 0x0C, 0x00, 0x00, 0x00, 0x00, 0x00, 0x00, 0x00, 0x00, 0x00, 0x00, 0x00, 0x00,
    0x00, 0x00, 0x00, 0x00, 0x00, 0x00, 0x00, 0x00, 0x00, 0x00, 0x00, 0x00, 0x00, 0x00, 0x00, 0x00,
    0x00, 0x00, 0x00, 0x00, 0x00, 0x00, 0x00, 0x00, 0x00, 0x00, 0x00, 0x00, 0x00, 0x00, 0x00, 0x00,
    0x00, 0x00, 0x00, 0x00, 0x00, 0x0F, 0x0F, 0x0F, 0x0F, 0x0F, 0x0F, 0x0F, 0x0F, 0x0F, 0x0F, 0x0F,
    0x0F, 0x0F, 0x0F, 0x0B, 0x00, 0x00, 0x00, 0x00, 0x00, 0x00, 0x00, 0x00, 0x00, 0x00, 0x00, 0x00,
    0x00, 0x00, 0x00, 0x00, 0x00, 0x00, 0x00, 0x00, 0x00, 0x00, 0x00, 0x00, 0x00, 0x00, 0x00, 0x00,
    0x00, 0x00, 0x00, 0x00, 0x00, 0x00, 0x00, 0x00, 0x00, 0x00, 0x00, 0x00, 0x00, 0x00, 0x00, 0x00,
    0x00, 0x00, 0x00, 0x00, 0x00, 0x0F, 0x0F, 0x0F, 0x0F, 0x0F, 0x0F, 0x0F, 0x0F, 0x0F, 0x0F, 0x0F,
    0x0F, 0x0F, 0x0F, 0x08, 0x00, 0x00, 0x00, 0x00, 0x00, 0x00, 0x00, 0x00, 0x00, 0x00, 0x00, 0x00,
    0x00, 0x00, 0x00, 0x00, 0x00, 0x00, 0x00, 0x00, 0x00, 0x00, 0x00, 0x00, 0x00, 0x00, 0x00, 0x00,
    0x00, 0x00, 0x00, 0x00, 0x00, 0x00, 0x00, 0x00, 0x00, 0x00, 0x00, 0x00, 0x00, 0x00, 0x00, 0x00,
    0x00, 0x00, 0x00, 0x00, 0x00, 0x05, 0x0B, 0x0B, 0x0B, 0x0B, 0x0B, 0x0B, 0x0B, 0x0B, 0x0B, 0x0B,
    0x0B, 0x0B, 0x09, 0x01, 0x00, 0x00, 0x00, 0x00, 0x00, 0x00, 0x00, 0x00, 0x00, 0x00, 0x00, 0x00,
    0x00, 0x00, 0x00, 0x00, 0x00, 0x00, 0x00, 0x00, 0x00, 0x00, 0x00, 0x00, 0x00, 0x00, 0x00, 0x00,
    0x00, 0x00, 0x00, 0x00, 0x00, 0x00, 0x00, 0x00, 0x00, 0x00, 0x00, 0x00, 0x00, 0x00, 0x00, 0x00,
    0x00, 0x00, 0x00, 0x00, 0x00, 0x00, 0x00, 0x00, 0x00, 0x00, 0x00, 0x00, 0x00, 0x00, 0x00, 0x00,
    0x00, 0x00, 0x00, 0x00, 0x00, 0x00, 0x00, 0x00, 0x00, 0x00, 0x00, 0x00, 0x00, 0x00, 0x00, 0x00,
    0x00, 0x00, 0x00, 0x00, 0x00, 0x00, 0x00, 0x00, 0x00, 0x00, 0x00, 0x00, 0x00, 0x00, 0x00, 0x00,
    0x00, 0x00, 0x00, 0x00, 0x00, 0x00, 0x00, 0x00, 0x00, 0x00, 0x00, 0x00, 0x00, 0x00, 0x00, 0x00,
    0x00, 0x00, 0x00, 0x00, 0x00, 0x00, 0x00, 0x00, 0x00, 0x00, 0x00, 0x00, 0x00, 0x00, 0x00, 0x00,
    0x00, 0x00, 0x00, 0x00, 0x00, 0x00, 0x00, 0x00, 0x00, 0x00, 0x00, 0x00, 0x00, 0x00, 0x00, 0x00,
    0x00, 0x00, 0x00, 0x00, 0x00, 0x00, 0x00, 0x00, 0x00, 0x00, 0x00, 0x00, 0x00, 0x00, 0x00, 0x00,
    0x00, 0x00, 0x00, 0x00, 0x00, 0x00, 0x00, 0x00, 0x00, 0x00, 0x00, 0x00, 0x00, 0x00, 0x00, 0x00,
    0x00, 0x00, 0x00, 0x00, 0x00, 0x05, 0x0B, 0x0B, 0x0B, 0x0B, 0x09, 0x08, 0x08, 0x08, 0x08, 0x06,
    0x04, 0x04, 0x03, 0x00, 0x00, 0x00, 0x00, 0x00, 0x00, 0x00, 0x00, 0x00, 0x00, 0x00, 0x00, 0x00,
    0x00, 0x00, 0x00, 0x00, 0x00, 0x00, 0x00, 0x00, 0x00, 0x00, 0x00, 0x00, 0x00, 0x00, 0x00, 0x00,
    0x00, 0x00, 0x00, 0x00, 0x00, 0x00, 0x00, 0x00, 0x00, 0x00, 0x00, 0x00, 0x00, 0x00, 0x00, 0x00,
    0x00, 0x00, 0x00, 0x00, 0x00, 0x0E, 0x0F, 0x0F, 0x0F, 0x0F, 0x0F, 0x0F, 0x0F, 0x0F, 0x0F, 0x0F,
    0x0F, 0x0F, 0x0F, 0x05, 0x00, 0x00, 0x00, 0x00, 0x00, 0x00, 0x00, 0x00, 0x00, 0x00, 0x00, 0x00,
    0x00, 0x00, 0x00, 0x00, 0x00, 0x00, 0x00, 0x00, 0x00, 0x00, 0x00, 0x00, 0x00, 0x00, 0x00, 0x00,
    0x00, 0x00, 0x00, 0x00, 0x00, 0x00, 0x00, 0x00, 0x00, 0x00, 0x00, 0x00, 0x00, 0x00, 0x00, 0x00,
    0x00, 0x00, 0x00, 0x00, 0x00, 0x0F, 0x0F, 0x0F, 0x0F, 0x0F, 0x0F, 0x0F, 0x0F, 0x0F, 0x0F, 0x0F,
    0x0F, 0x0F, 0x0F, 0x0A, 0x00, 0x00, 0x00, 0x00, 0x00, 0x00, 0x00, 0x00, 0x00, 0x00, 0x00, 0x00,
    0x00, 0x00, 0x00, 0x00, 0x00, 0x00, 0x00, 0x00, 0x00, 0x00, 0x00, 0x00, 0x00, 0x00, 0x00, 0x00,
    0x00, 0x00, 0x00, 0x00, 0x00, 0x00, 0x00, 0x00, 0x00, 0x00, 0x00, 0x00, 0x00, 0x00, 0x00, 0x00,
    0x00, 0x00, 0x00, 0x00, 0x00, 0x0F, 0x0F, 0x0F, 0x6F, 0x8F, 0x6F, 0x4F, 0x4F, 0x4F, 0x4F, 0x3F,
    0x0F, 0x0F, 0x0F, 0x0F, 0x01, 0x00, 0x00, 0x00, 0x00, 0x00, 0x00, 0x00, 0x00, 0x00, 0x00, 0x00,
    0x00, 0x00, 0x00, 0x00, 0x00, 0x00, 0x00, 0x00, 0x00, 0x00, 0x00, 0x00, 0x00, 0x00, 0x00, 0x00,
    0x00, 0x00, 0x00, 0x00, 0x00, 0x00, 0x00, 0x00, 0x00, 0x00, 0x00, 0x00, 0x00, 0x00, 0x00, 0x00,
    0x00, 0x00, 0x00, 0x00, 0x00, 0x0F, 0x0F, 0x0F, 0xBF, 0xFF, 0xFF, 0xFF, 0xFF, 0xFF, 0xFF, 0xFF,
    0xDF, 0x0F, 0x0F, 0x0F, 0x07, 0x00, 0x00, 0x00, 0x00, 0x00, 0x00, 0x00, 0x00, 0x00, 0x00, 0x00,
    0x00, 0x00, 0x00, 0x00, 0x00, 0x00, 0x00, 0x00, 0x00, 0x00, 0x00, 0x00, 0x00, 0x00, 0x00, 0x00,
    0x00, 0x00, 0x00, 0x00, 0x00, 0x00, 0x00, 0x00, 0x00, 0x00, 0x00, 0x00, 0x00, 0x00, 0x00, 0x00,
    0x00, 0x00, 0x00, 0x00, 0x00, 0x0F, 0x0F, 0x0F, 0xBF, 0xFF, 0xFF, 0xFF, 0xFF, 0xFF, 0xFF, 0xFF,
    0xFF, 0x3F, 0x0F, 0x0F, 0x0C, 0x00, 0x00, 0x00, 0x00, 0x00, 0x00, 0x00, 0x00, 0x00, 0x00, 0x00,
    0x00, 0x00, 0x00, 0x00, 0x00, 0x00, 0x00, 0x00, 0x00, 0x00, 0x00, 0x00, 0x00, 0x00, 0x00, 0x00,
    0x00, 0x00, 0x00, 0x00, 0x00, 0x00, 0x00, 0x00, 0x00, 0x00, 0x00, 0x00, 0x00, 0x00, 0x00, 0x00,
    0x00, 0x00, 0x00, 0x00, 0x00, 0x0F, 0x0F, 0x0F, 0xBF, 0xFF, 0xFF, 0xFF, 0xFF, 0xFF, 0xFF, 0xFF,
    0xFF, 0x9F, 0x0F, 0x0F, 0x0F, 0x02, 0x00, 0x00, 0x00, 0x00, 0x00, 0x00, 0x00, 0x00, 0x00, 0x00,
    0x00, 0x00, 0x00, 0x00, 0x00, 0x00, 0x00, 0x00, 0x00, 0x00, 0x00, 0x00, 0x00, 0x00, 0x00, 0x00,
    0x00, 0x00, 0x00, 0x00, 0x00, 0x00, 0x00, 0x00, 0x00, 0x00, 0x00, 0x00, 0x00, 0x00, 0x00, 0x00,
    0x00, 0x00, 0x00, 0x00, 0x00, 0x0F, 0x0F, 0x0F, 0xBF, 0xFF, 0xFF, 0xFF, 0xFF, 0xFF, 0xFF, 0xFF,
    0xFF, 0xEF, 0x0F, 0x0F, 0x0F, 0x07, 0x00, 0x00, 0x00, 0x00, 0x00, 0x00, 0x00, 0x00, 0x00, 0x00,
    0x00, 0x00, 0x00, 0x00, 0x00, 0x00, 0x00, 0x00, 0x00, 0x00, 0x00, 0x00, 0x00, 0x00, 0x00, 0x00,
    0x00, 0x00, 0x00, 0x00, 0x00, 0x00, 0x00, 0x00, 0x00, 0x00, 0x00, 0x00, 0x00, 0x00, 0x00, 0x00,
    0x00, 0x00, 0x00, 0x00, 0x00, 0x0F, 0x0F, 0x0F, 0xBF, 0xFF, 0xFF, 0xFF, 0xFF, 0xFF, 0xFF, 0xFF,
    0xFF, 0xFF, 0x5F, 0x0F, 0x0F, 0x0C, 0x00, 0x00, 0x00, 0x00, 0x00, 0x00, 0x00, 0x00, 0x00, 0x00,
    0x00, 0x00, 0x00, 0x00, 0x00, 0x00, 0x00, 0x00, 0x00, 0x00, 0x00, 0x00, 0x00, 0x00, 0x00, 0x00,
    0x00, 0x00, 0x00, 0x00, 0x00, 0x00, 0x00, 0x00, 0x00, 0x00, 0x00, 0x00, 0x00, 0x00, 0x00, 0x00,
    0x00, 0x00, 0x00, 0x00, 0x00, 0x0F, 0x0F, 0x0F, 0xBF, 0xFF, 0xFF, 0xFF, 0xFF, 0xFF, 0xFF, 0xFF,
    0xFF, 0xFF, 0x9F, 0x0F, 0x0F, 0x0F, 0x02, 0x00, 0x00, 0x00, 0x00, 0x00, 0x00, 0x00, 0x00, 0x00,
    0x00, 0x00, 0x00, 0x00, 0x00, 0x00, 0x00, 0x00, 0x00, 0x00, 0x00, 0x00, 0x00, 0x00, 0x00, 0x00,
    0x00, 0x00, 0x00, 0x00, 0x00, 0x00, 0x00, 0x00, 0x00, 0x00, 0x00, 0x00, 0x00, 0x00, 0x00, 0x00,
    0x00, 0x00, 0x00, 0x00, 0x00, 0x0F, 0x0F, 0x0F, 0xBF, 0xFF, 0xFF, 0xFF, 0xFF, 0xFF, 0xFF, 0xFF,
    0xFF, 0xFF, 0xEF, 0x0F, 0x0F, 0x0F, 0x07, 0x00, 0x00, 0x00, 0x00, 0x00, 0x00, 0x00, 0x00, 0x00,
    0x00, 0x00, 0x00, 0x00, 0x00, 0x00, 0x00, 0x00, 0x00, 0x00, 0x00, 0x00, 0x00, 0x00, 0x00, 0x00,
    0x00, 0x00, 0x00, 0x00, 0x00, 0x00, 0x00, 0x00, 0x00, 0x00, 0x00, 0x00, 0x00, 0x00, 0x00, 0x00,
    0x00, 0x00, 0x00, 0x00, 0x00, 0x0F, 0x0F, 0x0F, 0xBF, 0xFF, 0xFF, 0xFF, 0xFF, 0xFF, 0xFF, 0xFF,
    0xFF, 0xFF, 0xFF, 0x5F, 0x0F, 0x0F, 0x0D, 0x00, 0x00, 0x00, 0x00, 0x00, 0x00, 0x00, 0x00, 0x00,
    0x00, 0x00, 0x00, 0x00, 0x00, 0x00, 0x00, 0x00, 0x00, 0x00, 0x00, 0x00, 0x00, 0x00, 0x00, 0x00,
    0x00, 0x00, 0x00, 0x00, 0x00, 0x00, 0x00, 0x00, 0x00, 0x00, 0x00, 0x00, 0x00, 0x00, 0x00, 0x00,
    0x00, 0x00, 0x00, 0x00, 0x00, 0x0F, 0x0F, 0x0F, 0xBF, 0xFF, 0xFF, 0xFF, 0xFF, 0xFF, 0xFF, 0xFF,
    0xFF, 0xFF, 0xFF, 0x9F, 0x0F, 0x0F, 0x0F, 0x03, 0x00, 0x00, 0x00, 0x00, 0x00, 0x00, 0x00, 0x00,
    0x00, 0x00, 0x00, 0x00, 0x00, 0x00, 0x00, 0x00, 0x00, 0x00, 0x00, 0x00, 0x00, 0x00, 0x00, 0x00,
    0x00, 0x00, 0x00, 0x00, 0x00, 0x00, 0x00, 0x00, 0x00, 0x00, 0x00, 0x00, 0x00, 0x00, 0x00, 0x00,
    0x00, 0x00, 0x00, 0x00, 0x00, 0x0F, 0x0F, 0x0F, 0xBF, 0xFF, 0xFF, 0xFF, 0xFF, 0xFF, 0xFF, 0xFF,
    0xFF, 0xFF, 0xFF, 0xFF, 0x1F, 0x0F, 0x0F, 0x08, 0x00, 0x00, 0x00, 0x00, 0x00, 0x00, 0x00, 0x00,
    0x00, 0x00, 0x00, 0x00, 0x00, 0x00, 0x00, 0x00, 0x00, 0x00, 0x00, 0x00, 0x00, 0x00, 0x00, 0x00,
    0x00, 0x00, 0x00, 0x00, 0x00, 0x00, 0x00, 0x00, 0x00, 0x00, 0x00, 0x00, 0x00, 0x00, 0x00, 0x00,
    0x00, 0x00, 0x00, 0x00, 0x00, 0x0F, 0x0F, 0x0F, 0xBF, 0xFF, 0xFF, 0xFF, 0xFF, 0xFF, 0xFF, 0xFF,
    0xFF, 0xFF, 0xFF, 0xFF, 0x6F, 0x0F, 0x0F, 0x0D, 0x00, 0x00, 0x00, 0x00, 0x00, 0x00, 0x00, 0x00,
    0x00, 0x00, 0x00, 0x00, 0x00, 0x00, 0x00, 0x00, 0x00, 0x00, 0x00, 0x00, 0x00, 0x00, 0x00, 0x00,
    0x00, 0x00, 0x00, 0x00, 0x00, 0x00, 0x00, 0x00, 0x00, 0x00, 0x00, 0x00, 0x00, 0x00, 0x00, 0x00,
    0x00, 0x00, 0x00, 0x00, 0x00, 0x0F, 0x0F, 0x0F, 0xBF, 0xFF, 0xFF, 0xFF, 0xFF, 0xFF, 0xFF, 0xFF,
    0xFF, 0xFF, 0xFF, 0xFF, 0xAF, 0x0F, 0x0F, 0x0F, 0x03, 0x00, 0x00, 0x00, 0x00, 0x00, 0x00, 0x00,
    0x00, 0x00, 0x00, 0x00, 0x00, 0x00, 0x00, 0x00, 0x00, 0x00, 0x00, 0x00, 0x00, 0x00, 0x00, 0x00,
    0x00, 0x00, 0x00, 0x00, 0x00, 0x00, 0x00, 0x00, 0x00, 0x00, 0x00, 0x00, 0x00, 0x00, 0x00, 0x00,
    0x00, 0x00, 0x00, 0x00, 0x00, 0x0F, 0x0F, 0x0F, 0xBF, 0xFF, 0xFF, 0xFF, 0xFF, 0xFF, 0xFF, 0xFF,
    0xFF, 0xFF, 0xFF, 0xFF, 0xFF, 0x1F, 0x0F, 0x0F, 0x08, 0x00, 0x00, 0x00, 0x00, 0x00, 0x00, 0x00,
    0x00, 0x00, 0x00, 0x00, 0x00, 0x00, 0x00, 0x00, 0x00, 0x00, 0x00, 0x00, 0x00, 0x00, 0x00, 0x00,
    0x00, 0x00, 0x00, 0x00, 0x00, 0x00, 0x00, 0x00, 0x00, 0x00, 0x00, 0x00, 0x00, 0x00, 0x00, 0x00,
    0x00, 0x00, 0x00, 0x00, 0x00, 0x0F, 0x0F, 0x0F, 0xBF, 0xFF, 0xFF, 0xFF, 0xFF, 0xFF, 0xFF, 0xFF,
    0xFF, 0xFF, 0xFF, 0xFF, 0xFF, 0x6F, 0x0F, 0x0F, 0x0D, 0x00, 0x00, 0x00, 0x00, 0x00, 0x00, 0x00,
    0x00, 0x00, 0x00, 0x00, 0x00, 0x00, 0x00, 0x00, 0x00, 0x00, 0x00, 0x00, 0x00, 0x00, 0x00, 0x00,
    0x00, 0x00, 0x00, 0x00, 0x00, 0x00, 0x00, 0x00, 0x00, 0x00, 0x00, 0x00, 0x00, 0x00, 0x00, 0x00,
    0x00, 0x00, 0x00, 0x00, 0x00, 0x0F, 0x0F, 0x0F, 0xBF, 0xFF, 0xFF, 0xFF, 0xFF, 0xFF, 0xFF, 0xFF,
    0xFF, 0xFF, 0xFF, 0xFF, 0xFF, 0xAF, 0x0F, 0x0F, 0x0F, 0x05, 0x00, 0x00, 0x00, 0x00, 0x00, 0x00,
    0x00, 0x00, 0x00, 0x00, 0x00, 0x00, 0x00, 0x00, 0x00, 0x00, 0x00, 0x00, 0x00, 0x00, 0x00, 0x00,
    0x00, 0x00, 0x00, 0x00, 0x00, 0x00, 0x00, 0x00, 0x00, 0x00, 0x00, 0x00, 0x00, 0x00, 0x00, 0x00,
    0x00, 0x00, 0x00, 0x00, 0x00, 0x0F, 0x0F, 0x0F, 0xBF, 0xFF, 0xFF, 0xFF, 0xFF, 0xFF, 0xFF, 0xFF,
    0xFF, 0xFF, 0xFF, 0xFF, 0xFF, 0xFF, 0x1F, 0x0F, 0x0F, 0x09, 0x00, 0x00, 0x00, 0x00, 0x00, 0x00,
    0x00, 0x00, 0x00, 0x00, 0x00, 0x00, 0x00, 0x00, 0x00, 0x00, 0x00, 0x00, 0x00, 0x00, 0x00, 0x00,
    0x00, 0x00, 0x00, 0x00, 0x00, 0x00, 0x00, 0x00, 0x00, 0x00, 0x00, 0x00, 0x00, 0x00, 0x00, 0x00,
    0x00, 0x00, 0x00, 0x00, 0x00, 0x0F, 0x0F, 0x0F, 0xBF, 0xFF, 0xFF, 0xFF, 0xFF, 0xFF, 0xFF, 0xFF,
    0xFF, 0xFF, 0xFF, 0xFF, 0xFF, 0xFF, 0x7F, 0x0F, 0x0F, 0x0E, 0x00, 0x00, 0x00, 0x00, 0x00, 0x00,
    0x00, 0x00, 0x00, 0x00, 0x00, 0x00, 0x00, 0x00, 0x00, 0x00, 0x00, 0x00, 0x00, 0x00, 0x00, 0x00,
    0x00, 0x00, 0x00, 0x00, 0x00, 0x00, 0x00, 0x00, 0x00, 0x00, 0x00, 0x00, 0x00, 0x00, 0x00, 0x00,
    0x00, 0x00, 0x00, 0x00, 0x00, 0x0F, 0x0F, 0x0F, 0xBF, 0xFF, 0xFF, 0xFF, 0xFF, 0xFF, 0xFF, 0xFF,
    0xFF, 0xFF, 0xFF, 0xFF, 0xFF, 0xFF, 0xBF, 0x0F, 0x0F, 0x0F, 0x01, 0x00, 0x00, 0x00, 0x00, 0x00,
    0x00, 0x00, 0x00, 0x00, 0x00, 0x00, 0x00, 0x00, 0x00, 0x00, 0x00, 0x00, 0x00, 0x00, 0x00, 0x00,
    0x00, 0x00, 0x00, 0x00, 0x00, 0x00, 0x00, 0x00, 0x00, 0x00, 0x00, 0x00, 0x00, 0x00, 0x00, 0x00,
    0x00, 0x00, 0x00, 0x00, 0x00, 0x0F, 0x0F, 0x0F, 0xBF, 0xFF, 0xFF, 0xFF, 0xFF, 0xFF, 0xFF, 0xFF,
    0xFF, 0xFF, 0xFF, 0xFF, 0xFF, 0xFF, 0xEF, 0x0F, 0x0F, 0x0F, 0x04, 0x00, 0x00, 0x00, 0x00, 0x00,
    0x00, 0x00, 0x00, 0x00, 0x00, 0x00, 0x00, 0x00, 0x00, 0x00, 0x00, 0x00, 0x00, 0x00, 0x00, 0x00,
    0x00, 0x00, 0x00, 0x00, 0x00, 0x00, 0x00, 0x00, 0x00, 0x00, 0x00, 0x00, 0x00, 0x00, 0x00, 0x00,
    0x00, 0x00, 0x00, 0x00, 0x00, 0x0F, 0x0F, 0x0F, 0xBF, 0xFF, 0xFF, 0xFF, 0xFF, 0xFF, 0xFF, 0xFF,
    0xFF, 0xFF, 0xFF, 0xFF, 0xFF, 0xFF, 0xFF, 0x1F, 0x0F, 0x0F, 0x08, 0x00, 0x00, 0x00, 0x00, 0x00,
    0x00, 0x00, 0x00, 0x00, 0x00, 0x00, 0x00, 0x00, 0x00, 0x00, 0x00, 0x00, 0x00, 0x00, 0x00, 0x00,
    0x00, 0x00, 0x00, 0x00, 0x00, 0x00, 0x00, 0x00, 0x00, 0x00, 0x00, 0x00, 0x00, 0x00, 0x00, 0x00,
    0x00, 0x00, 0x00, 0x00, 0x00, 0x0F, 0x0F, 0x0F, 0xBF, 0xFF, 0xFF, 0xFF, 0xFF, 0xFF, 0xFF, 0xFF,
    0xFF, 0xFF, 0xFF, 0xFF, 0xFF, 0xFF, 0xFF, 0x4F, 0x0F, 0x0F, 0x09, 0x00, 0x00, 0x00, 0x00, 0x00,
    0x00, 0x00, 0x00, 0x00, 0x00, 0x00, 0x00, 0x00, 0x00, 0x00, 0x00, 0x00, 0x00, 0x00, 0x00, 0x00,
    0x00, 0x00, 0x00, 0x00, 0x00, 0x00, 0x00, 0x00, 0x00, 0x00, 0x00, 0x00, 0x00, 0x00, 0x00, 0x00,
    0x00, 0x00, 0x00, 0x00, 0x00, 0x0F, 0x0F, 0x0F, 0xBF, 0xFF, 0xFF, 0xFF, 0xFF, 0xFF, 0xFF, 0xFF,
    0xFF, 0xFF, 0xFF, 0xFF, 0xFF, 0xFF, 0xFF, 0x8F, 0x0F, 0x0F, 0x0C, 0x00, 0x00, 0x00, 0x00, 0x00,
    0x00, 0x00, 0x00, 0x00, 0x00, 0x00, 0x00, 0x00, 0x00, 0x00, 0x00, 0x00, 0x00, 0x00, 0x00, 0x00,
    0x00, 0x00, 0x00, 0x00, 0x00, 0x00, 0x00, 0x00, 0x00, 0x00, 0x00, 0x00, 0x00, 0x00, 0x00, 0x00,
    0x00, 0x00, 0x00, 0x00, 0x00, 0x0F, 0x0F, 0x0F, 0xBF, 0xFF, 0xFF, 0xFF, 0xFF, 0xFF, 0xFF, 0xFF,
    0xFF, 0xFF, 0xFF, 0xFF, 0xFF, 0xFF, 0xFF, 0x9F, 0x0F, 0x0F, 0x0F, 0x00, 0x00, 0x00, 0x00, 0x00,
    0x00, 0x00, 0x00, 0x00, 0x00, 0x00, 0x00, 0x00, 0x00, 0x00, 0x00, 0x00, 0x00, 0x00, 0x00, 0x00,
    0x00, 0x00, 0x00, 0x00, 0x00, 0x00, 0x00, 0x00, 0x00, 0x00, 0x00, 0x00, 0x00, 0x00, 0x00, 0x00,
    0x00, 0x00, 0x00, 0x00, 0x00, 0x0F, 0x0F, 0x0F, 0xBF, 0xFF, 0xFF, 0xFF, 0xFF, 0xFF, 0xFF, 0xFF,
    0xFF, 0xFF, 0xFF, 0xFF, 0xFF, 0xFF, 0xFF, 0xCF, 0x0F, 0x0F, 0x0F, 0x04, 0x00, 0x00, 0x00, 0x00,
    0x00, 0x00, 0x00, 0x00, 0x00, 0x00, 0x00, 0x00, 0x00, 0x00, 0x00, 0x00, 0x00, 0x00, 0x00, 0x00,
    0x00, 0x00, 0x00, 0x00, 0x00, 0x00, 0x00, 0x00, 0x00, 0x00, 0x00, 0x00, 0x00, 0x00, 0x00, 0x00,
    0x00, 0x00, 0x00, 0x00, 0x00, 0x0F, 0x0F, 0x0F, 0xBF, 0xFF, 0xFF, 0xFF, 0xFF, 0xFF, 0xFF, 0xFF,
    0xFF, 0xFF, 0xFF, 0xFF, 0xFF, 0xFF, 0xFF, 0xFF, 0x0F, 0x0F, 0x0F, 0x06, 0x00, 0x00, 0x00, 0x00,
    0x00, 0x00, 0x00, 0x00, 0x00, 0x00, 0x00, 0x00, 0x00, 0x00, 0x00, 0x00, 0x00, 0x00, 0x00, 0x00,
    0x00, 0x00, 0x00, 0x00, 0x00, 0x00, 0x00, 0x00, 0x00, 0x00, 0x00, 0x00, 0x00, 0x00, 0x00, 0x00,
    0x00, 0x00, 0x00, 0x00, 0x00, 0x0F, 0x0F, 0x0F, 0xBF, 0xFF, 0xFF, 0xFF, 0xFF, 0xFF, 0xFF, 0xFF,
    0xFF, 0xFF, 0xFF, 0xFF, 0xFF, 0xFF, 0xFF, 0xFF, 0x4F, 0x0F, 0x0F, 0x08, 0x00, 0x00, 0x00, 0x00,
    0x00, 0x00, 0x00, 0x00, 0x00, 0x00, 0x00, 0x00, 0x00, 0x00, 0x00, 0x00, 0x00, 0x00, 0x00, 0x00,
    0x00, 0x00, 0x00, 0x00, 0x00, 0x00, 0x00, 0x00, 0x00, 0x00, 0x00, 0x00, 0x00, 0x00, 0x00, 0x00,
    0x00, 0x00, 0x00, 0x00, 0x00, 0x0F, 0x0F, 0x0F, 0xBF, 0xFF, 0xFF, 0xFF, 0xFF, 0xFF, 0xFF, 0xFF,
    0xFF, 0xFF, 0xFF, 0xFF, 0xFF, 0xFF, 0xFF, 0xFF, 0x6F, 0x0F, 0x0F, 0x0B, 0x00, 0x00, 0x00, 0x00,
    0x00, 0x00, 0x00, 0x00, 0x00, 0x00, 0x00, 0x00, 0x00, 0x00, 0x00, 0x00, 0x00, 0x00, 0x00, 0x00,
    0x00, 0x00, 0x00, 0x00, 0x00, 0x00, 0x00, 0x00, 0x00, 0x00, 0x00, 0x00, 0x00, 0x00, 0x00, 0x00,
    0x00, 0x00, 0x00, 0x00, 0x00, 0x0F, 0x0F, 0x0F, 0xBF, 0xFF, 0xFF, 0xFF, 0xFF, 0xFF, 0xFF, 0xFF,
    0xFF, 0xFF, 0xFF, 0xFF, 0xFF, 0xFF, 0xFF, 0xBF, 0x3F, 0x0F, 0x0F, 0x0E, 0x00, 0x00, 0x00, 0x00,
    0x00, 0x00, 0x00, 0x00, 0x00, 0x00, 0x00, 0x00, 0x00, 0x00, 0x00, 0x00, 0x00, 0x00, 0x00, 0x00,
    0x00, 0x00, 0x00, 0x00, 0x00, 0x00, 0x00, 0x00, 0x00, 0x00, 0x00, 0x00, 0x00, 0x00, 0x00, 0x00,
    0x00, 0x00, 0x00, 0x00, 0x00, 0x0F, 0x0F, 0x0F, 0xBF, 0xFF, 0xFF, 0xFF, 0xFF, 0xFF, 0xFF, 0xFF,
    0xFF, 0xFF, 0xFF, 0xFF, 0xFF, 0x9F, 0x3F, 0x0F, 0x0F, 0x0F, 0x0F, 0x0F, 0x00, 0x00, 0x00, 0x00,
    0x00, 0x00, 0x00, 0x00, 0x00, 0x00, 0x00, 0x00, 0x00, 0x00, 0x00, 0x00, 0x00, 0x00, 0x00, 0x00,
    0x00, 0x00, 0x00, 0x00, 0x00, 0x00, 0x00, 0x00, 0x00, 0x00, 0x00, 0x00, 0x00, 0x00, 0x00, 0x00,
    0x00, 0x00, 0x00, 0x00, 0x00, 0x0F, 0x0F, 0x0F, 0xBF, 0xFF, 0xFF, 0xFF, 0xFF, 0xFF, 0xFF, 0xFF,
    0xFF, 0xFF, 0xEF, 0x8F, 0x2F, 0x0F, 0x0F, 0x0F, 0x0F, 0x0F, 0x0F, 0x08, 0x00, 0x00, 0x00, 0x00,
    0x00, 0x00, 0x00, 0x00, 0x00, 0x00, 0x00, 0x00, 0x00, 0x00, 0x00, 0x00, 0x00, 0x00, 0x00, 0x00,
    0x00, 0x00, 0x00, 0x00, 0x00, 0x00, 0x00, 0x00, 0x00, 0x00, 0x00, 0x00, 0x00, 0x00, 0x00, 0x00,
    0x00, 0x00, 0x00, 0x00, 0x00, 0x0F, 0x0F, 0x0F, 0xBF, 0xFF, 0xFF, 0xFF, 0xFF, 0xFF, 0xFF, 0xFF,
    0xDF, 0x6F, 0x0F, 0x0F, 0x0F, 0x0F, 0x0F, 0x0F, 0x0E, 0x08, 0x01, 0x00, 0x00, 0x00, 0x00, 0x00,
    0x00, 0x00, 0x00, 0x00, 0x00, 0x00, 0x00, 0x00, 0x00, 0x00, 0x00, 0x00, 0x00, 0x00, 0x00, 0x00,
    0x00, 0x00, 0x00, 0x00, 0x00, 0x00, 0x00, 0x00, 0x00, 0x00, 0x00, 0x00, 0x00, 0x00, 0x00, 0x00,
    0x00, 0x00, 0x00, 0x00, 0x00, 0x0F, 0x0F, 0x0F, 0xBF, 0xFF, 0xFF, 0xFF, 0xFF, 0xFF, 0xAF, 0x4F,
    0x0F, 0x0F, 0x0F, 0x0F, 0x0F, 0x0F, 0x0C, 0x06, 0x00, 0x00, 0x00, 0x00, 0x00, 0x00, 0x00, 0x00,
    0x00, 0x00, 0x00, 0x00, 0x00, 0x00, 0x00, 0x00, 0x00, 0x00, 0x00, 0x00, 0x00, 0x00, 0x00, 0x00,
    0x00, 0x00, 0x00, 0x00, 0x00, 0x00, 0x00, 0x00, 0x00, 0x00, 0x00, 0x00, 0x00, 0x00, 0x00, 0x00,
    0x00, 0x00, 0x00, 0x00, 0x00, 0x0F, 0x0F, 0x0F, 0xBF, 0xFF, 0xFF, 0xEF, 0x9F, 0x2F, 0x0F, 0x0F,
    0x0F, 0x0F, 0x0F, 0x0F, 0x0A, 0x04, 0x00, 0x00, 0x00, 0x00, 0x00, 0x00, 0x00, 0x00, 0x00, 0x00,
    0x00, 0x00, 0x00, 0x00, 0x00, 0x00, 0x00, 0x00, 0x00, 0x00, 0x00, 0x00, 0x00, 0x00, 0x00, 0x00,
    0x00, 0x00, 0x00, 0x00, 0x00, 0x00, 0x00, 0x00, 0x00, 0x00, 0x00, 0x00, 0x00, 0x00, 0x00, 0x00,
    0x00, 0x00, 0x00, 0x00, 0x00, 0x0F, 0x0F, 0x0F, 0xBF, 0xDF, 0x8F, 0x1F, 0x0F, 0x0F, 0x0F, 0x0F,
    0x0F, 0x0E, 0x09, 0x02, 0x00, 0x00, 0x00, 0x00, 0x00, 0x00, 0x00, 0x00, 0x00, 0x00, 0x00, 0x00,
    0x00, 0x00, 0x00, 0x00, 0x00, 0x00, 0x00, 0x00, 0x00, 0x00, 0x00, 0x00, 0x00, 0x00, 0x00, 0x00,
    0x00, 0x00, 0x00, 0x00, 0x00, 0x00, 0x00, 0x00, 0x00, 0x00, 0x00, 0x00, 0x00, 0x00, 0x00, 0x00,
    0x00, 0x00, 0x00, 0x00, 0x00, 0x0F, 0x0F, 0x0F, 0x4F, 0x0F, 0x0F, 0x0F, 0x0F, 0x0F, 0x0F, 0x0D,
    0x07, 0x01, 0x00, 0x00, 0x00, 0x00, 0x00, 0x00, 0x00, 0x00, 0x00, 0x00, 0x00, 0x00, 0x00, 0x00,
    0x00, 0x00, 0x00, 0x00, 0x00, 0x00, 0x00, 0x00, 0x00, 0x00, 0x00, 0x00, 0x00, 0x00, 0x00, 0x00,
    0x00, 0x00, 0x00, 0x00, 0x00, 0x00, 0x00, 0x00, 0x00, 0x00, 0x00, 0x00, 0x00, 0x00, 0x00, 0x00,
    0x00, 0x00, 0x00, 0x00, 0x00, 0x0F, 0x0F, 0x0F, 0x0F, 0x0F, 0x0F, 0x0F, 0x0F, 0x0B, 0x06, 0x00,
    0x00, 0x00, 0x00, 0x00, 0x00, 0x00, 0x00, 0x00, 0x00, 0x00, 0x00, 0x00, 0x00, 0x00, 0x00, 0x00,
    0x00, 0x00, 0x00, 0x00, 0x00, 0x00, 0x00, 0x00, 0x00, 0x00, 0x00, 0x00, 0x00, 0x00, 0x00, 0x00,
    0x00, 0x00, 0x00, 0x00, 0x00, 0x00, 0x00, 0x00, 0x00, 0x00, 0x00, 0x00, 0x00, 0x00, 0x00, 0x00,
    0x00, 0x00, 0x00, 0x00, 0x00, 0x0F, 0x0F, 0x0F, 0x0F, 0x0F, 0x0F, 0x09, 0x03, 0x00, 0x00, 0x00,
    0x00, 0x00, 0x00, 0x00, 0x00, 0x00, 0x00, 0x00, 0x00, 0x00, 0x00, 0x00, 0x00, 0x00, 0x00, 0x00,
    0x00, 0x00, 0x00, 0x00, 0x00, 0x00, 0x00, 0x00, 0x00, 0x00, 0x00, 0x00, 0x00, 0x00, 0x00, 0x00,
    0x00, 0x00, 0x00, 0x00, 0x00, 0x00, 0x00, 0x00, 0x00, 0x00, 0x00, 0x00, 0x00, 0x00, 0x00, 0x00,
    0x00, 0x00, 0x00, 0x00, 0x00, 0x0D, 0x0F, 0x0F, 0x0E, 0x08, 0x02, 0x00, 0x00, 0x00, 0x00, 0x00,
    0x00, 0x00, 0x00, 0x00, 0x00, 0x00, 0x00, 0x00, 0x00, 0x00, 0x00, 0x00, 0x00, 0x00, 0x00, 0x00,
    0x00, 0x00, 0x00, 0x00, 0x00, 0x00, 0x00, 0x00, 0x00, 0x00, 0x00, 0x00, 0x00, 0x00, 0x00, 0x00,
    0x00, 0x00, 0x00, 0x00, 0x00, 0x00, 0x00, 0x00, 0x00, 0x00, 0x00, 0x00, 0x00, 0x00, 0x00, 0x00,
    0x00, 0x00, 0x00, 0x00, 0x00, 0x02, 0x08, 0x06, 0x00, 0x00, 0x00, 0x00, 0x00, 0x00, 0x00, 0x00,
    0x00, 0x00, 0x00, 0x00, 0x00, 0x00, 0x00, 0x00, 0x00, 0x00, 0x00, 0x00, 0x00, 0x00, 0x00, 0x00,
    0x00, 0x00, 0x00, 0x00, 0x00, 0x00, 0x00, 0x00, 0x00, 0x00, 0x00, 0x00, 0x00, 0x00, 0x00, 0x00,
    0x00, 0x00, 0x00, 0x00, 0x00, 0x00, 0x00, 0x00, 0x00, 0x00, 0x00, 0x00, 0x00, 0x00, 0x00, 0x00,
    0x00, 0x00, 0x00, 0x00, 0x00, 0x00, 0x00, 0x00, 0x00, 0x00, 0x00, 0x00, 0x00, 0x00, 0x00, 0x00,
    0x00, 0x00, 0x00, 0x00, 0x00, 0x00, 0x00, 0x00, 0x00, 0x00, 0x00, 0x00, 0x00, 0x00, 0x00, 0x00,
    0x00, 0x00, 0x00, 0x00, 0x00, 0x00, 0x00, 0x00, 0x00, 0x00, 0x00, 0x00, 0x00, 0x00, 0x00, 0x00,
};
unsigned char D_802A1418_79F358[] = {
    0x00, 0x00, 0x00, 0x00, 0x00, 0x00, 0x00, 0x00, 0x00, 0x00, 0x00, 0x00, 0x00, 0x00, 0x00, 0x00,
    0x00, 0x00, 0x00, 0x00, 0x00, 0x00, 0x00, 0x00, 0x00, 0x03, 0x08, 0x08, 0x08, 0x08, 0x08, 0x08,
    0x08, 0x08, 0x08, 0x08, 0x08, 0x08, 0x07, 0x00, 0x00, 0x00, 0x00, 0x00, 0x00, 0x00, 0x00, 0x00,
    0x00, 0x00, 0x00, 0x00, 0x00, 0x00, 0x00, 0x00, 0x00, 0x00, 0x00, 0x00, 0x00, 0x00, 0x00, 0x00,
    0x00, 0x00, 0x00, 0x00, 0x00, 0x00, 0x00, 0x00, 0x00, 0x00, 0x00, 0x00, 0x00, 0x00, 0x00, 0x00,
    0x00, 0x00, 0x00, 0x00, 0x00, 0x00, 0x00, 0x00, 0x02, 0x0F, 0x0F, 0x0F, 0x0F, 0x0F, 0x0F, 0x0F,
    0x0F, 0x0F, 0x0F, 0x0F, 0x0F, 0x0F, 0x0F, 0x08, 0x00, 0x00, 0x00, 0x00, 0x00, 0x00, 0x00, 0x00,
    0x00, 0x00, 0x00, 0x00, 0x00, 0x00, 0x00, 0x00, 0x00, 0x00, 0x00, 0x00, 0x00, 0x00, 0x00, 0x00,
    0x00, 0x00, 0x00, 0x00, 0x00, 0x00, 0x00, 0x00, 0x00, 0x00, 0x00, 0x00, 0x00, 0x00, 0x00, 0x00,
    0x00, 0x00, 0x00, 0x00, 0x00, 0x00, 0x00, 0x00, 0x08, 0x0F, 0x0F, 0x0F, 0x0F, 0x0F, 0x0F, 0x0F,
    0x0F, 0x0F, 0x0F, 0x0F, 0x0F, 0x0F, 0x0F, 0x0E, 0x01, 0x00, 0x00, 0x00, 0x00, 0x00, 0x00, 0x00,
    0x00, 0x00, 0x00, 0x00, 0x00, 0x00, 0x00, 0x00, 0x00, 0x00, 0x00, 0x00, 0x00, 0x00, 0x00, 0x00,
    0x00, 0x00, 0x00, 0x00, 0x00, 0x00, 0x00, 0x00, 0x00, 0x00, 0x00, 0x00, 0x00, 0x00, 0x00, 0x00,
    0x00, 0x00, 0x00, 0x00, 0x00, 0x00, 0x00, 0x00, 0x0D, 0x0F, 0x0F, 0x0F, 0x0F, 0x0F, 0x0F, 0x0F,
    0x0F, 0x0F, 0x0F, 0x0F, 0x0F, 0x0F, 0x0F, 0x0F, 0x07, 0x00, 0x00, 0x00, 0x00, 0x00, 0x00, 0x00,
    0x00, 0x00, 0x00, 0x00, 0x00, 0x00, 0x00, 0x00, 0x00, 0x00, 0x00, 0x00, 0x00, 0x00, 0x00, 0x00,
    0x00, 0x00, 0x00, 0x00, 0x00, 0x00, 0x00, 0x00, 0x00, 0x00, 0x00, 0x00, 0x00, 0x00, 0x00, 0x00,
    0x00, 0x00, 0x00, 0x00, 0x00, 0x00, 0x00, 0x05, 0x0F, 0x0F, 0x0F, 0x3F, 0xBF, 0xBF, 0xBF, 0xBF,
    0xBF, 0xBF, 0xBF, 0xBF, 0x8F, 0x0F, 0x0F, 0x0F, 0x0D, 0x00, 0x00, 0x00, 0x00, 0x00, 0x00, 0x00,
    0x00, 0x00, 0x00, 0x00, 0x00, 0x00, 0x00, 0x00, 0x00, 0x00, 0x00, 0x00, 0x00, 0x00, 0x00, 0x00,
    0x00, 0x00, 0x00, 0x00, 0x00, 0x00, 0x00, 0x00, 0x00, 0x00, 0x00, 0x00, 0x00, 0x00, 0x00, 0x00,
    0x00, 0x00, 0x00, 0x00, 0x00, 0x00, 0x00, 0x0A, 0x0F, 0x0F, 0x0F, 0x9F, 0xFF, 0xFF, 0xFF, 0xFF,
    0xFF, 0xFF, 0xFF, 0xFF, 0xFF, 0x2F, 0x0F, 0x0F, 0x0F, 0x05, 0x00, 0x00, 0x00, 0x00, 0x00, 0x00,
    0x00, 0x00, 0x00, 0x00, 0x00, 0x00, 0x00, 0x00, 0x00, 0x00, 0x00, 0x00, 0x00, 0x00, 0x00, 0x00,
    0x00, 0x00, 0x00, 0x00, 0x00, 0x00, 0x00, 0x00, 0x00, 0x00, 0x00, 0x00, 0x00, 0x00, 0x00, 0x00,
    0x00, 0x00, 0x00, 0x00, 0x00, 0x00, 0x02, 0x0F, 0x0F, 0x0F, 0x0F, 0xEF, 0xFF, 0xFF, 0xFF, 0xFF,
    0xFF, 0xFF, 0xFF, 0xFF, 0xFF, 0x8F, 0x0F, 0x0F, 0x0F, 0x0B, 0x00, 0x00, 0x00, 0x00, 0x00, 0x00,
    0x00, 0x00, 0x00, 0x00, 0x00, 0x00, 0x00, 0x00, 0x00, 0x00, 0x00, 0x00, 0x00, 0x00, 0x00, 0x00,
    0x00, 0x00, 0x00, 0x00, 0x00, 0x00, 0x00, 0x00, 0x00, 0x00, 0x00, 0x00, 0x00, 0x00, 0x00, 0x00,
    0x00, 0x00, 0x00, 0x00, 0x00, 0x00, 0x07, 0x0F, 0x0F, 0x0F, 0x6F, 0xFF, 0xFF, 0xFF, 0xFF, 0xFF,
    0xFF, 0xFF, 0xFF, 0xFF, 0xFF, 0xEF, 0x1F, 0x0F, 0x0F, 0x0F, 0x02, 0x00, 0x00, 0x00, 0x00, 0x00,
    0x00, 0x00, 0x00, 0x00, 0x00, 0x00, 0x00, 0x00, 0x00, 0x00, 0x00, 0x00, 0x00, 0x00, 0x00, 0x00,
    0x00, 0x00, 0x00, 0x00, 0x00, 0x00, 0x00, 0x00, 0x00, 0x00, 0x00, 0x00, 0x00, 0x00, 0x00, 0x00,
    0x00, 0x00, 0x00, 0x00, 0x00, 0x00, 0x0D, 0x0F, 0x0F, 0x0F, 0xBF, 0xFF, 0xFF, 0xFF, 0xFF, 0xFF,
    0xFF, 0xFF, 0xFF, 0xFF, 0xFF, 0xFF, 0x6F, 0x0F, 0x0F, 0x0F, 0x09, 0x00, 0x00, 0x00, 0x00, 0x00,
    0x00, 0x00, 0x00, 0x00, 0x00, 0x00, 0x00, 0x00, 0x00, 0x00, 0x00, 0x00, 0x00, 0x00, 0x00, 0x00,
    0x00, 0x00, 0x00, 0x00, 0x00, 0x00, 0x00, 0x00, 0x00, 0x00, 0x00, 0x00, 0x00, 0x00, 0x00, 0x00,
    0x00, 0x00, 0x00, 0x00, 0x00, 0x04, 0x0F, 0x0F, 0x0F, 0x2F, 0xFF, 0xFF, 0xFF, 0xFF, 0xFF, 0xFF,
    0xFF, 0xFF, 0xFF, 0xFF, 0xFF, 0xFF, 0xDF, 0x0F, 0x0F, 0x0F, 0x0E, 0x01, 0x00, 0x00, 0x00, 0x00,
    0x00, 0x00, 0x00, 0x00, 0x00, 0x00, 0x00, 0x00, 0x00, 0x00, 0x00, 0x00, 0x00, 0x00, 0x00, 0x00,
    0x00, 0x00, 0x00, 0x00, 0x00, 0x00, 0x00, 0x00, 0x00, 0x00, 0x00, 0x00, 0x00, 0x00, 0x00, 0x00,
    0x00, 0x00, 0x00, 0x00, 0x00, 0x09, 0x0F, 0x0F, 0x0F, 0x8F, 0xFF, 0xFF, 0xFF, 0xFF, 0xFF, 0xFF,
    0xFF, 0xFF, 0xFF, 0xFF, 0xFF, 0xFF, 0xFF, 0x4F, 0x0F, 0x0F, 0x0F, 0x07, 0x00, 0x00, 0x00, 0x00,
    0x00, 0x00, 0x00, 0x00, 0x00, 0x00, 0x00, 0x00, 0x00, 0x00, 0x00, 0x00, 0x00, 0x00, 0x00, 0x00,
    0x00, 0x00, 0x00, 0x00, 0x00, 0x00, 0x00, 0x00, 0x00, 0x00, 0x00, 0x00, 0x00, 0x00, 0x00, 0x00,
    0x00, 0x00, 0x00, 0x00, 0x01, 0x0F, 0x0F, 0x0F, 0x0F, 0xEF, 0xFF, 0xFF, 0xFF, 0xFF, 0xFF, 0xFF,
    0xFF, 0xFF, 0xFF, 0xFF, 0xFF, 0xFF, 0xFF, 0xAF, 0x0F, 0x0F, 0x0F, 0x0D, 0x00, 0x00, 0x00, 0x00,
    0x00, 0x00, 0x00, 0x00, 0x00, 0x00, 0x00, 0x00, 0x00, 0x00, 0x00, 0x00, 0x00, 0x00, 0x00, 0x00,
    0x00, 0x00, 0x00, 0x00, 0x00, 0x00, 0x00, 0x00, 0x00, 0x00, 0x00, 0x00, 0x00, 0x00, 0x00, 0x00,
    0x00, 0x00, 0x00, 0x00, 0x06, 0x0F, 0x0F, 0x0F, 0x5F, 0xFF, 0xFF, 0xFF, 0xFF, 0xFF, 0xFF, 0xFF,
    0xFF, 0xFF, 0xFF, 0xFF, 0xFF, 0xFF, 0xFF, 0xFF, 0x2F, 0x0F, 0x0F, 0x0F, 0x05, 0x00, 0x00, 0x00,
    0x00, 0x00, 0x00, 0x00, 0x00, 0x00, 0x00, 0x00, 0x00, 0x00, 0x00, 0x00, 0x00, 0x00, 0x00, 0x00,
    0x00, 0x00, 0x00, 0x00, 0x00, 0x00, 0x00, 0x00, 0x00, 0x00, 0x00, 0x00, 0x00, 0x00, 0x00, 0x00,
    0x00, 0x00, 0x00, 0x00, 0x0C, 0x0F, 0x0F, 0x0F, 0xAF, 0xFF, 0xFF, 0xFF, 0xFF, 0xFF, 0xFF, 0xFF,
    0xFF, 0xFF, 0xFF, 0xFF, 0xFF, 0xFF, 0xFF, 0xFF, 0x8F, 0x0F, 0x0F, 0x0F, 0x0B, 0x00, 0x00, 0x00,
    0x00, 0x00, 0x00, 0x00, 0x00, 0x00, 0x00, 0x00, 0x00, 0x00, 0x00, 0x00, 0x00, 0x00, 0x00, 0x00,
    0x00, 0x00, 0x00, 0x00, 0x00, 0x00, 0x00, 0x00, 0x00, 0x00, 0x00, 0x00, 0x00, 0x00, 0x00, 0x00,
    0x00, 0x00, 0x00, 0x03, 0x0F, 0x0F, 0x0F, 0x2F, 0xFF, 0xFF, 0xFF, 0xFF, 0xFF, 0xFF, 0xFF, 0xFF,
    0xFF, 0xFF, 0xFF, 0xFF, 0xFF, 0xFF, 0xFF, 0xFF, 0xEF, 0x1F, 0x0F, 0x0F, 0x0F, 0x02, 0x00, 0x00,
    0x00, 0x00, 0x00, 0x00, 0x00, 0x00, 0x00, 0x00, 0x00, 0x00, 0x00, 0x00, 0x00, 0x00, 0x00, 0x00,
    0x00, 0x00, 0x00, 0x00, 0x00, 0x00, 0x00, 0x00, 0x00, 0x00, 0x00, 0x00, 0x00, 0x00, 0x00, 0x00,
    0x00, 0x00, 0x00, 0x09, 0x0F, 0x0F, 0x0F, 0x8F, 0xFF, 0xFF, 0xFF, 0xFF, 0xFF, 0xFF, 0xFF, 0xFF,
    0xFF, 0xFF, 0xFF, 0xFF, 0xFF, 0xFF, 0xFF, 0xFF, 0xFF, 0x6F, 0x0F, 0x0F, 0x0F, 0x09, 0x00, 0x00,
    0x00, 0x00, 0x00, 0x00, 0x00, 0x00, 0x00, 0x00, 0x00, 0x00, 0x00, 0x00, 0x00, 0x00, 0x00, 0x00,
    0x00, 0x00, 0x00, 0x00, 0x00, 0x00, 0x00, 0x00, 0x00, 0x00, 0x00, 0x00, 0x00, 0x00, 0x00, 0x00,
    0x00, 0x00, 0x01, 0x0E, 0x0F, 0x0F, 0x0F, 0xDF, 0xFF, 0xFF, 0xFF, 0xFF, 0xFF, 0xFF, 0xFF, 0xFF,
    0xFF, 0xFF, 0xFF, 0xFF, 0xFF, 0xFF, 0xFF, 0xFF, 0xFF, 0xDF, 0x0F, 0x0F, 0x0F, 0x0E, 0x01, 0x00,
    0x00, 0x00, 0x00, 0x00, 0x00, 0x00, 0x00, 0x00, 0x00, 0x00, 0x00, 0x00, 0x00, 0x00, 0x00, 0x00,
    0x00, 0x00, 0x00, 0x00, 0x00, 0x00, 0x00, 0x00, 0x00, 0x00, 0x00, 0x00, 0x00, 0x00, 0x00, 0x00,
    0x00, 0x00, 0x06, 0x0F, 0x0F, 0x0F, 0x4F, 0xFF, 0xFF, 0xFF, 0xFF, 0xFF, 0xFF, 0xFF, 0xFF, 0xFF,
    0xFF, 0xFF, 0xFF, 0xFF, 0xFF, 0xFF, 0xFF, 0xFF, 0xFF, 0xFF, 0x4F, 0x0F, 0x0F, 0x0F, 0x07, 0x00,
    0x00, 0x00, 0x00, 0x00, 0x00, 0x00, 0x00, 0x00, 0x00, 0x00, 0x00, 0x00, 0x00, 0x00, 0x00, 0x00,
    0x00, 0x00, 0x00, 0x00, 0x00, 0x00, 0x00, 0x00, 0x00, 0x00, 0x00, 0x00, 0x00, 0x00, 0x00, 0x00,
    0x00, 0x00, 0x0B, 0x0F, 0x0F, 0x0F, 0x9F, 0xFF, 0xFF, 0xFF, 0xFF, 0xFF, 0xFF, 0xFF, 0xFF, 0xFF,
    0xFF, 0xFF, 0xFF, 0xFF, 0xFF, 0xFF, 0xFF, 0xFF, 0xFF, 0xFF, 0xAF, 0x0F, 0x0F, 0x0F, 0x0D, 0x00,
    0x00, 0x00, 0x00, 0x00, 0x00, 0x00, 0x00, 0x00, 0x00, 0x00, 0x00, 0x00, 0x00, 0x00, 0x00, 0x00,
    0x00, 0x00, 0x00, 0x00, 0x00, 0x00, 0x00, 0x00, 0x00, 0x00, 0x00, 0x00, 0x00, 0x00, 0x00, 0x00,
    0x00, 0x02, 0x0F, 0x0F, 0x0F, 0x1F, 0xFF, 0xFF, 0xFF, 0xFF, 0xFF, 0xFF, 0xFF, 0xFF, 0xFF, 0xFF,
    0xFF, 0xFF, 0xFF, 0xFF, 0xFF, 0xFF, 0xFF, 0xFF, 0xFF, 0xFF, 0xFF, 0x2F, 0x0F, 0x0F, 0x0F, 0x05,
    0x00, 0x00, 0x00, 0x00, 0x00, 0x00, 0x00, 0x00, 0x00, 0x00, 0x00, 0x00, 0x00, 0x00, 0x00, 0x00,
    0x00, 0x00, 0x00, 0x00, 0x00, 0x00, 0x00, 0x00, 0x00, 0x00, 0x00, 0x00, 0x00, 0x00, 0x00, 0x00,
    0x00, 0x08, 0x0F, 0x0F, 0x0F, 0x7F, 0xFF, 0xFF, 0xFF, 0xFF, 0xFF, 0xFF, 0xFF, 0xFF, 0xFF, 0xFF,
    0xFF, 0xFF, 0xFF, 0xFF, 0xFF, 0xFF, 0xFF, 0xFF, 0xFF, 0xFF, 0xFF, 0x8F, 0x0F, 0x0F, 0x0F, 0x0B,
    0x00, 0x00, 0x00, 0x00, 0x00, 0x00, 0x00, 0x00, 0x00, 0x00, 0x00, 0x00, 0x00, 0x00, 0x00, 0x00,
    0x00, 0x00, 0x00, 0x00, 0x00, 0x00, 0x00, 0x00, 0x00, 0x00, 0x00, 0x00, 0x00, 0x00, 0x00, 0x00,
    0x00, 0x0E, 0x0F, 0x0F, 0x0F, 0xDF, 0xFF, 0xFF, 0xFF, 0xFF, 0xFF, 0xFF, 0xFF, 0xFF, 0xFF, 0xFF,
    0xFF, 0xFF, 0xFF, 0xFF, 0xFF, 0xFF, 0xFF, 0xFF, 0xFF, 0xFF, 0xFF, 0xEF, 0x1F, 0x0F, 0x0F, 0x0F,
    0x02, 0x00, 0x00, 0x00, 0x00, 0x00, 0x00, 0x00, 0x00, 0x00, 0x00, 0x00, 0x00, 0x00, 0x00, 0x00,
    0x00, 0x00, 0x00, 0x00, 0x00, 0x00, 0x00, 0x00, 0x00, 0x00, 0x00, 0x00, 0x00, 0x00, 0x00, 0x00,
    0x06, 0x0F, 0x0F, 0x0F, 0x3F, 0xFF, 0xFF, 0xFF, 0xFF, 0xFF, 0xFF, 0xFF, 0xFF, 0xFF, 0xFF, 0xFF,
    0xFF, 0xFF, 0xFF, 0xFF, 0xFF, 0xFF, 0xFF, 0xFF, 0xFF, 0xFF, 0xFF, 0xFF, 0x6F, 0x0F, 0x0F, 0x0F,
    0x09, 0x00, 0x00, 0x00, 0x00, 0x00, 0x00, 0x00, 0x00, 0x00, 0x00, 0x00, 0x00, 0x00, 0x00, 0x00,
    0x00, 0x00, 0x00, 0x00, 0x00, 0x00, 0x00, 0x00, 0x00, 0x00, 0x00, 0x00, 0x00, 0x00, 0x00, 0x00,
    0x0A, 0x0F, 0x0F, 0x0F, 0x9F, 0xFF, 0xFF, 0xFF, 0xFF, 0xFF, 0xFF, 0xFF, 0xFF, 0xFF, 0xFF, 0xFF,
    0xFF, 0xFF, 0xFF, 0xFF, 0xFF, 0xFF, 0xFF, 0xFF, 0xFF, 0xFF, 0xFF, 0xFF, 0xDF, 0x0F, 0x0F, 0x0F,
    0x0E, 0x01, 0x00, 0x00, 0x00, 0x00, 0x00, 0x00, 0x00, 0x00, 0x00, 0x00, 0x00, 0x00, 0x00, 0x00,
    0x00, 0x00, 0x00, 0x00, 0x00, 0x00, 0x00, 0x00, 0x00, 0x00, 0x00, 0x00, 0x00, 0x00, 0x00, 0x02,
    0x0F, 0x0F, 0x0F, 0x1F, 0xEF, 0xFF, 0xFF, 0xFF, 0xFF, 0xFF, 0xFF, 0xFF, 0xFF, 0xFF, 0xFF, 0xFF,
    0xFF, 0xFF, 0xFF, 0xFF, 0xFF, 0xFF, 0xFF, 0xFF, 0xFF, 0xFF, 0xFF, 0xFF, 0xFF, 0x4F, 0x0F, 0x0F,
    0x0F, 0x07, 0x00, 0x00, 0x00, 0x00, 0x00, 0x00, 0x00, 0x00, 0x00, 0x00, 0x00, 0x00, 0x00, 0x00,
    0x00, 0x00, 0x00, 0x00, 0x00, 0x00, 0x00, 0x00, 0x00, 0x00, 0x00, 0x00, 0x00, 0x00, 0x00, 0x08,
    0x0F, 0x0F, 0x0F, 0x6F, 0xFF, 0xFF, 0xFF, 0xFF, 0xFF, 0xFF, 0xFF, 0xFF, 0xFF, 0xFF, 0xFF, 0xFF,
    0xFF, 0xFF, 0xFF, 0xFF, 0xFF, 0xFF, 0xFF, 0xFF, 0xFF, 0xFF, 0xFF, 0xFF, 0xFF, 0xAF, 0x0F, 0x0F,
    0x0F, 0x0D, 0x00, 0x00, 0x00, 0x00, 0x00, 0x00, 0x00, 0x00, 0x00, 0x00, 0x00, 0x00, 0x00, 0x00,
    0x00, 0x00, 0x00, 0x00, 0x00, 0x00, 0x00, 0x00, 0x00, 0x00, 0x00, 0x00, 0x00, 0x00, 0x00, 0x0D,
    0x0F, 0x0F, 0x0F, 0xCF, 0xFF, 0xFF, 0xFF, 0xFF, 0xFF, 0xFF, 0xFF, 0xFF, 0xCF, 0x1F, 0x0F, 0x0F,
    0x0F, 0x0F, 0x0F, 0x0F, 0x0F, 0x0F, 0x0F, 0x1F, 0xDF, 0xFF, 0xFF, 0xFF, 0xFF, 0xFF, 0x2F, 0x0F,
    0x0F, 0x0F, 0x05, 0x00, 0x00, 0x00, 0x00, 0x00, 0x00, 0x00, 0x00, 0x00, 0x00, 0x00, 0x00, 0x00,
    0x00, 0x00, 0x00, 0x00, 0x00, 0x00, 0x00, 0x00, 0x00, 0x00, 0x00, 0x00, 0x00, 0x00, 0x05, 0x0F,
    0x0F, 0x0F, 0x2F, 0xFF, 0xFF, 0xFF, 0xFF, 0xFF, 0xFF, 0xFF, 0xFF, 0xFF, 0x5F, 0x0F, 0x0F, 0x0F,
    0x0F, 0x0F, 0x0F, 0x0F, 0x0F, 0x0F, 0x0F, 0x0F, 0x8F, 0xFF, 0xFF, 0xFF, 0xFF, 0xFF, 0x8F, 0x0F,
    0x0F, 0x0F, 0x0B, 0x00, 0x00, 0x00, 0x00, 0x00, 0x00, 0x00, 0x00, 0x00, 0x00, 0x00, 0x00, 0x00,
    0x00, 0x00, 0x00, 0x00, 0x00, 0x00, 0x00, 0x00, 0x00, 0x00, 0x00, 0x00, 0x00, 0x00, 0x09, 0x0F,
    0x0F, 0x0F, 0x8F, 0xFF, 0xFF, 0xFF, 0xFF, 0xFF, 0xFF, 0xFF, 0xFF, 0xFF, 0x4F, 0x0F, 0x0F, 0x0F,
    0x0F, 0x0F, 0x0F, 0x0F, 0x0F, 0x0F, 0x0F, 0x0F, 0x8F, 0xFF, 0xFF, 0xFF, 0xFF, 0xFF, 0xEF, 0x1F,
    0x0F, 0x0F, 0x0F, 0x02, 0x00, 0x00, 0x00, 0x00, 0x00, 0x00, 0x00, 0x00, 0x00, 0x00, 0x00, 0x00,
    0x00, 0x00, 0x00, 0x00, 0x00, 0x00, 0x00, 0x00, 0x00, 0x00, 0x00, 0x00, 0x00, 0x01, 0x0F, 0x0F,
    0x0F, 0x0F, 0xEF, 0xFF, 0xFF, 0xFF, 0xFF, 0xFF, 0xFF, 0xFF, 0xFF, 0xFF, 0x4F, 0x0F, 0x0F, 0x0F,
    0x0B, 0x0B, 0x0B, 0x0B, 0x0C, 0x0F, 0x0F, 0x0F, 0x8F, 0xFF, 0xFF, 0xFF, 0xFF, 0xFF, 0xFF, 0x6F,
    0x0F, 0x0F, 0x0F, 0x09, 0x00, 0x00, 0x00, 0x00, 0x00, 0x00, 0x00, 0x00, 0x00, 0x00, 0x00, 0x00,
    0x00, 0x00, 0x00, 0x00, 0x00, 0x00, 0x00, 0x00, 0x00, 0x00, 0x00, 0x00, 0x00, 0x07, 0x0F, 0x0F,
    0x0F, 0x6F, 0xFF, 0xFF, 0xFF, 0xFF, 0xFF, 0xFF, 0xFF, 0xFF, 0xFF, 0xFF, 0x4F, 0x0F, 0x0F, 0x0F,
    0x00, 0x00, 0x00, 0x00, 0x04, 0x0F, 0x0F, 0x0F, 0x8F, 0xFF, 0xFF, 0xFF, 0xFF, 0xFF, 0xFF, 0xDF,
    0x0F, 0x0F, 0x0F, 0x0E, 0x01, 0x00, 0x00, 0x00, 0x00, 0x00, 0x00, 0x00, 0x00, 0x00, 0x00, 0x00,
    0x00, 0x00, 0x00, 0x00, 0x00, 0x00, 0x00, 0x00, 0x00, 0x00, 0x00, 0x00, 0x00, 0x0D, 0x0F, 0x0F,
    0x0F, 0xBF, 0xFF, 0xFF, 0xFF, 0xFF, 0xFF, 0xFF, 0xFF, 0xFF, 0xFF, 0xFF, 0x4F, 0x0F, 0x0F, 0x0F,
    0x00, 0x00, 0x00, 0x00, 0x04, 0x0F, 0x0F, 0x0F, 0x8F, 0xFF, 0xFF, 0xFF, 0xFF, 0xFF, 0xFF, 0xFF,
    0x4F, 0x0F, 0x0F, 0x0F, 0x07, 0x00, 0x00, 0x00, 0x00, 0x00, 0x00, 0x00, 0x00, 0x00, 0x00, 0x00,
    0x00, 0x00, 0x00, 0x00, 0x00, 0x00, 0x00, 0x00, 0x00, 0x00, 0x00, 0x00, 0x04, 0x0F, 0x0F, 0x0F,
    0x2F, 0xFF, 0xFF, 0xFF, 0xFF, 0xFF, 0xFF, 0xFF, 0xFF, 0xFF, 0xFF, 0xFF, 0x4F, 0x0F, 0x0F, 0x0F,
    0x00, 0x00, 0x00, 0x00, 0x04, 0x0F, 0x0F, 0x0F, 0x8F, 0xFF, 0xFF, 0xFF, 0xFF, 0xFF, 0xFF, 0xFF,
    0xAF, 0x0F, 0x0F, 0x0F, 0x0D, 0x00, 0x00, 0x00, 0x00, 0x00, 0x00, 0x00, 0x00, 0x00, 0x00, 0x00,
    0x00, 0x00, 0x00, 0x00, 0x00, 0x00, 0x00, 0x00, 0x00, 0x00, 0x00, 0x00, 0x09, 0x0F, 0x0F, 0x0F,
    0x8F, 0xFF, 0xFF, 0xFF, 0xFF, 0xFF, 0xFF, 0xFF, 0xFF, 0xFF, 0xFF, 0xFF, 0x4F, 0x0F, 0x0F, 0x0F,
    0x00, 0x00, 0x00, 0x00, 0x04, 0x0F, 0x0F, 0x0F, 0x8F, 0xFF, 0xFF, 0xFF, 0xFF, 0xFF, 0xFF, 0xFF,
    0xFF, 0x2F, 0x0F, 0x0F, 0x0F, 0x05, 0x00, 0x00, 0x00, 0x00, 0x00, 0x00, 0x00, 0x00, 0x00, 0x00,
    0x00, 0x00, 0x00, 0x00, 0x00, 0x00, 0x00, 0x00, 0x00, 0x00, 0x00, 0x01, 0x0E, 0x0F, 0x0F, 0x0F,
    0xDF, 0xFF, 0xFF, 0xFF, 0xFF, 0xFF, 0xFF, 0xFF, 0xFF, 0xFF, 0xFF, 0xFF, 0x4F, 0x0F, 0x0F, 0x0F,
    0x00, 0x00, 0x00, 0x00, 0x04, 0x0F, 0x0F, 0x0F, 0x8F, 0xFF, 0xFF, 0xFF, 0xFF, 0xFF, 0xFF, 0xFF,
    0xFF, 0x8F, 0x0F, 0x0F, 0x0F, 0x0B, 0x00, 0x00, 0x00, 0x00, 0x00, 0x00, 0x00, 0x00, 0x00, 0x00,
    0x00, 0x00, 0x00, 0x00, 0x00, 0x00, 0x00, 0x00, 0x00, 0x00, 0x00, 0x06, 0x0F, 0x0F, 0x0F, 0x5F,
    0xFF, 0xFF, 0xFF, 0xFF, 0xFF, 0xFF, 0xFF, 0xFF, 0xFF, 0xFF, 0xFF, 0xFF, 0x4F, 0x0F, 0x0F, 0x0F,
    0x00, 0x00, 0x00, 0x00, 0x04, 0x0F, 0x0F, 0x0F, 0x8F, 0xFF, 0xFF, 0xFF, 0xFF, 0xFF, 0xFF, 0xFF,
    0xFF, 0xEF, 0x1F, 0x0F, 0x0F, 0x0F, 0x02, 0x00, 0x00, 0x00, 0x00, 0x00, 0x00, 0x00, 0x00, 0x00,
    0x00, 0x00, 0x00, 0x00, 0x00, 0x00, 0x00, 0x00, 0x00, 0x00, 0x00, 0x0C, 0x0F, 0x0F, 0x0F, 0xAF,
    0xFF, 0xFF, 0xFF, 0xFF, 0xFF, 0xFF, 0xFF, 0xFF, 0xFF, 0xFF, 0xFF, 0xFF, 0x4F, 0x0F, 0x0F, 0x0F,
    0x00, 0x00, 0x00, 0x00, 0x04, 0x0F, 0x0F, 0x0F, 0x8F, 0xFF, 0xFF, 0xFF, 0xFF, 0xFF, 0xFF, 0xFF,
    0xFF, 0xFF, 0x6F, 0x0F, 0x0F, 0x0F, 0x09, 0x00, 0x00, 0x00, 0x00, 0x00, 0x00, 0x00, 0x00, 0x00,
    0x00, 0x00, 0x00, 0x00, 0x00, 0x00, 0x00, 0x00, 0x00, 0x00, 0x03, 0x0F, 0x0F, 0x0F, 0x2F, 0xFF,
    0xFF, 0xFF, 0xFF, 0xFF, 0xFF, 0xFF, 0xFF, 0xFF, 0xFF, 0xFF, 0xFF, 0xFF, 0x4F, 0x0F, 0x0F, 0x0F,
    0x00, 0x00, 0x00, 0x00, 0x04, 0x0F, 0x0F, 0x0F, 0x8F, 0xFF, 0xFF, 0xFF, 0xFF, 0xFF, 0xFF, 0xFF,
    0xFF, 0xFF, 0xDF, 0x0F, 0x0F, 0x0F, 0x0E, 0x01, 0x00, 0x00, 0x00, 0x00, 0x00, 0x00, 0x00, 0x00,
    0x00, 0x00, 0x00, 0x00, 0x00, 0x00, 0x00, 0x00, 0x00, 0x00, 0x08, 0x0F, 0x0F, 0x0F, 0x7F, 0xFF,
    0xFF, 0xFF, 0xFF, 0xFF, 0xFF, 0xFF, 0xFF, 0xFF, 0xFF, 0xFF, 0xFF, 0xFF, 0x4F, 0x0F, 0x0F, 0x0F,
    0x00, 0x00, 0x00, 0x00, 0x04, 0x0F, 0x0F, 0x0F, 0x8F, 0xFF, 0xFF, 0xFF, 0xFF, 0xFF, 0xFF, 0xFF,
    0xFF, 0xFF, 0xFF, 0x4F, 0x0F, 0x0F, 0x0F, 0x07, 0x00, 0x00, 0x00, 0x00, 0x00, 0x00, 0x00, 0x00,
    0x00, 0x00, 0x00, 0x00, 0x00, 0x00, 0x00, 0x00, 0x00, 0x00, 0x0E, 0x0F, 0x0F, 0x0F, 0xDF, 0xFF,
    0xFF, 0xFF, 0xFF, 0xFF, 0xFF, 0xFF, 0xFF, 0xFF, 0xFF, 0xFF, 0xFF, 0xFF, 0x4F, 0x0F, 0x0F, 0x0F,
    0x00, 0x00, 0x00, 0x00, 0x04, 0x0F, 0x0F, 0x0F, 0x8F, 0xFF, 0xFF, 0xFF, 0xFF, 0xFF, 0xFF, 0xFF,
    0xFF, 0xFF, 0xFF, 0xAF, 0x0F, 0x0F, 0x0F, 0x0D, 0x00, 0x00, 0x00, 0x00, 0x00, 0x00, 0x00, 0x00,
    0x00, 0x00, 0x00, 0x00, 0x00, 0x00, 0x00, 0x00, 0x00, 0x06, 0x0F, 0x0F, 0x0F, 0x4F, 0xFF, 0xFF,
    0xFF, 0xFF, 0xFF, 0xFF, 0xFF, 0xFF, 0xFF, 0xFF, 0xFF, 0xFF, 0xFF, 0xFF, 0x4F, 0x0F, 0x0F, 0x0F,
    0x00, 0x00, 0x00, 0x00, 0x04, 0x0F, 0x0F, 0x0F, 0x8F, 0xFF, 0xFF, 0xFF, 0xFF, 0xFF, 0xFF, 0xFF,
    0xFF, 0xFF, 0xFF, 0xFF, 0x2F, 0x0F, 0x0F, 0x0F, 0x05, 0x00, 0x00, 0x00, 0x00, 0x00, 0x00, 0x00,
    0x00, 0x00, 0x00, 0x00, 0x00, 0x00, 0x00, 0x00, 0x00, 0x0B, 0x0F, 0x0F, 0x0F, 0x9F, 0xFF, 0xFF,
    0xFF, 0xFF, 0xFF, 0xFF, 0xFF, 0xFF, 0xFF, 0xFF, 0xFF, 0xFF, 0xFF, 0xFF, 0x4F, 0x0F, 0x0F, 0x0F,
    0x00, 0x00, 0x00, 0x00, 0x04, 0x0F, 0x0F, 0x0F, 0x8F, 0xFF, 0xFF, 0xFF, 0xFF, 0xFF, 0xFF, 0xFF,
    0xFF, 0xFF, 0xFF, 0xFF, 0x8F, 0x0F, 0x0F, 0x0F, 0x0B, 0x00, 0x00, 0x00, 0x00, 0x00, 0x00, 0x00,
    0x00, 0x00, 0x00, 0x00, 0x00, 0x00, 0x00, 0x00, 0x02, 0x0F, 0x0F, 0x0F, 0x1F, 0xFF, 0xFF, 0xFF,
    0xFF, 0xFF, 0xFF, 0xFF, 0xFF, 0xFF, 0xFF, 0xFF, 0xFF, 0xFF, 0xFF, 0xFF, 0x4F, 0x0F, 0x0F, 0x0F,
    0x00, 0x00, 0x00, 0x00, 0x04, 0x0F, 0x0F, 0x0F, 0x8F, 0xFF, 0xFF, 0xFF, 0xFF, 0xFF, 0xFF, 0xFF,
    0xFF, 0xFF, 0xFF, 0xFF, 0xEF, 0x1F, 0x0F, 0x0F, 0x0F, 0x02, 0x00, 0x00, 0x00, 0x00, 0x00, 0x00,
    0x00, 0x00, 0x00, 0x00, 0x00, 0x00, 0x00, 0x00, 0x08, 0x0F, 0x0F, 0x0F, 0x6F, 0xFF, 0xFF, 0xFF,
    0xFF, 0xFF, 0xFF, 0xFF, 0xFF, 0xFF, 0xFF, 0xFF, 0xFF, 0xFF, 0xFF, 0xFF, 0x4F, 0x0F, 0x0F, 0x0F,
    0x00, 0x00, 0x00, 0x00, 0x04, 0x0F, 0x0F, 0x0F, 0x8F, 0xFF, 0xFF, 0xFF, 0xFF, 0xFF, 0xFF, 0xFF,
    0xFF, 0xFF, 0xFF, 0xFF, 0xFF, 0x6F, 0x0F, 0x0F, 0x0F, 0x09, 0x00, 0x00, 0x00, 0x00, 0x00, 0x00,
    0x00, 0x00, 0x00, 0x00, 0x00, 0x00, 0x00, 0x00, 0x0D, 0x0F, 0x0F, 0x0F, 0xCF, 0xFF, 0xFF, 0xFF,
    0xFF, 0xFF, 0xFF, 0xFF, 0xFF, 0xFF, 0xFF, 0xFF, 0xFF, 0xFF, 0xFF, 0xFF, 0x4F, 0x0F, 0x0F, 0x0F,
    0x00, 0x00, 0x00, 0x00, 0x04, 0x0F, 0x0F, 0x0F, 0x8F, 0xFF, 0xFF, 0xFF, 0xFF, 0xFF, 0xFF, 0xFF,
    0xFF, 0xFF, 0xFF, 0xFF, 0xFF, 0xDF, 0x0F, 0x0F, 0x0F, 0x0E, 0x01, 0x00, 0x00, 0x00, 0x00, 0x00,
    0x00, 0x00, 0x00, 0x00, 0x00, 0x00, 0x00, 0x05, 0x0F, 0x0F, 0x0F, 0x3F, 0xFF, 0xFF, 0xFF, 0xFF,
    0xFF, 0xFF, 0xFF, 0xFF, 0xFF, 0xFF, 0xFF, 0xFF, 0xFF, 0xFF, 0xFF, 0xFF, 0x4F, 0x0F, 0x0F, 0x0F,
    0x00, 0x00, 0x00, 0x00, 0x04, 0x0F, 0x0F, 0x0F, 0x8F, 0xFF, 0xFF, 0xFF, 0xFF, 0xFF, 0xFF, 0xFF,
    0xFF, 0xFF, 0xFF, 0xFF, 0xFF, 0xFF, 0x4F, 0x0F, 0x0F, 0x0F, 0x07, 0x00, 0x00, 0x00, 0x00, 0x00,
    0x00, 0x00, 0x00, 0x00, 0x00, 0x00, 0x00, 0x0A, 0x0F, 0x0F, 0x0F, 0x9F, 0xFF, 0xFF, 0xFF, 0xFF,
    0xFF, 0xFF, 0xFF, 0xFF, 0xFF, 0xFF, 0xFF, 0xFF, 0xFF, 0xFF, 0xFF, 0xFF, 0x4F, 0x0F, 0x0F, 0x0F,
    0x00, 0x00, 0x00, 0x00, 0x04, 0x0F, 0x0F, 0x0F, 0x8F, 0xFF, 0xFF, 0xFF, 0xFF, 0xFF, 0xFF, 0xFF,
    0xFF, 0xFF, 0xFF, 0xFF, 0xFF, 0xFF, 0xAF, 0x0F, 0x0F, 0x0F, 0x0D, 0x00, 0x00, 0x00, 0x00, 0x00,
    0x00, 0x00, 0x00, 0x00, 0x00, 0x00, 0x02, 0x0F, 0x0F, 0x0F, 0x1F, 0xEF, 0xFF, 0xFF, 0xFF, 0xFF,
    0xFF, 0xFF, 0xFF, 0xFF, 0xFF, 0xFF, 0xFF, 0xFF, 0xFF, 0xFF, 0xFF, 0xFF, 0x4F, 0x0F, 0x0F, 0x0F,
    0x00, 0x00, 0x00, 0x00, 0x04, 0x0F, 0x0F, 0x0F, 0x8F, 0xFF, 0xFF, 0xFF, 0xFF, 0xFF, 0xFF, 0xFF,
    0xFF, 0xFF, 0xFF, 0xFF, 0xFF, 0xDF, 0x3F, 0x0F, 0x0F, 0x0F, 0x0F, 0x00, 0x00, 0x00, 0x00, 0x00,
    0x00, 0x00, 0x00, 0x00, 0x00, 0x00, 0x07, 0x0F, 0x0F, 0x0F, 0x6F, 0xFF, 0xFF, 0xFF, 0xFF, 0xFF,
    0xFF, 0xFF, 0xFF, 0xFF, 0xFF, 0xFF, 0xFF, 0xFF, 0xFF, 0xFF, 0xFF, 0xFF, 0x4F, 0x0F, 0x0F, 0x0F,
    0x00, 0x00, 0x00, 0x00, 0x04, 0x0F, 0x0F, 0x0F, 0x8F, 0xFF, 0xFF, 0xFF, 0xFF, 0xFF, 0xFF, 0xFF,
    0xFF, 0xFF, 0xFF, 0xFF, 0xAF, 0x1F, 0x0F, 0x0F, 0x0F, 0x0F, 0x0C, 0x00, 0x00, 0x00, 0x00, 0x00,
    0x00, 0x00, 0x00, 0x00, 0x00, 0x00, 0x0D, 0x0F, 0x0F, 0x0F, 0xBF, 0xFF, 0xFF, 0xFF, 0xFF, 0xFF,
    0xFF, 0xFF, 0xFF, 0xFF, 0xFF, 0xFF, 0xFF, 0xFF, 0xFF, 0xFF, 0xFF, 0xFF, 0x4F, 0x0F, 0x0F, 0x0F,
    0x00, 0x00, 0x00, 0x00, 0x04, 0x0F, 0x0F, 0x0F, 0x8F, 0xFF, 0xFF, 0xFF, 0xFF, 0xFF, 0xFF, 0xFF,
    0xFF, 0xFF, 0xFF, 0x7F, 0x0F, 0x0F, 0x0F, 0x0F, 0x0F, 0x0B, 0x01, 0x00, 0x00, 0x00, 0x00, 0x00,
    0x00, 0x00, 0x00, 0x00, 0x00, 0x04, 0x0F, 0x0F, 0x0F, 0x2F, 0xFF, 0xFF, 0xFF, 0xFF, 0xFF, 0xFF,
    0xFF, 0xFF, 0xFF, 0xFF, 0xFF, 0xFF, 0xFF, 0xFF, 0xFF, 0xFF, 0xFF, 0xFF, 0x4F, 0x0F, 0x0F, 0x0F,
    0x00, 0x00, 0x00, 0x00, 0x04, 0x0F, 0x0F, 0x0F, 0x8F, 0xFF, 0xFF, 0xFF, 0xFF, 0xFF, 0xFF, 0xFF,
    0xFF, 0xEF, 0x3F, 0x0F, 0x0F, 0x0F, 0x0F, 0x0F, 0x08, 0x00, 0x00, 0x00, 0x00, 0x00, 0x00, 0x00,
    0x00, 0x00, 0x00, 0x00, 0x00, 0x09, 0x0F, 0x0F, 0x0F, 0x4F, 0xEF, 0xFF, 0xFF, 0xFF, 0xFF, 0xFF,
    0xFF, 0xFF, 0xFF, 0xFF, 0xFF, 0xFF, 0xFF, 0xFF, 0xFF, 0xFF, 0xFF, 0xFF, 0x4F, 0x0F, 0x0F, 0x0F,
    0x00, 0x00, 0x00, 0x00, 0x04, 0x0F, 0x0F, 0x0F, 0x8F, 0xFF, 0xFF, 0xFF, 0xFF, 0xFF, 0xFF, 0xFF,
    0xBF, 0x1F, 0x0F, 0x0F, 0x0F, 0x0F, 0x0E, 0x04, 0x00, 0x00, 0x00, 0x00, 0x00, 0x00, 0x00, 0x00,
    0x00, 0x00, 0x00, 0x00, 0x00, 0x09, 0x0F, 0x0F, 0x0F, 0x0F, 0x2F, 0xCF, 0xFF, 0xFF, 0xFF, 0xFF,
    0xFF, 0xFF, 0xFF, 0xFF, 0xFF, 0xFF, 0xFF, 0xFF, 0xFF, 0xFF, 0xFF, 0xFF, 0x4F, 0x0F, 0x0F, 0x0F,
    0x00, 0x00, 0x00, 0x00, 0x04, 0x0F, 0x0F, 0x0F, 0x8F, 0xFF, 0xFF, 0xFF, 0xFF, 0xFF, 0xFF, 0x8F,
    0x0F, 0x0F, 0x0F, 0x0F, 0x0F, 0x0B, 0x01, 0x00, 0x00, 0x00, 0x00, 0x00, 0x00, 0x00, 0x00, 0x00,
    0x00, 0x00, 0x00, 0x00, 0x00, 0x01, 0x0C, 0x0F, 0x0F, 0x0F, 0x0F, 0x1F, 0x9F, 0xFF, 0xFF, 0xFF,
    0xFF, 0xFF, 0xFF, 0xFF, 0xFF, 0xFF, 0xFF, 0xFF, 0xFF, 0xFF, 0xFF, 0xFF, 0x4F, 0x0F, 0x0F, 0x0F,
    0x00, 0x00, 0x00, 0x00, 0x04, 0x0F, 0x0F, 0x0F, 0x8F, 0xFF, 0xFF, 0xFF, 0xFF, 0xEF, 0x4F, 0x0F,
    0x0F, 0x0F, 0x0F, 0x0F, 0x08, 0x00, 0x00, 0x00, 0x00, 0x00, 0x00, 0x00, 0x00, 0x00, 0x00, 0x00,
    0x00, 0x00, 0x00, 0x00, 0x00, 0x00, 0x00, 0x09, 0x0F, 0x0F, 0x0F, 0x0F, 0x0F, 0x6F, 0xFF, 0xFF,
    0xFF, 0xFF, 0xFF, 0xFF, 0xFF, 0xFF, 0xFF, 0xFF, 0xFF, 0xFF, 0xFF, 0xFF, 0x4F, 0x0F, 0x0F, 0x0F,
    0x00, 0x00, 0x00, 0x00, 0x04, 0x0F, 0x0F, 0x0F, 0x8F, 0xFF, 0xFF, 0xFF, 0xCF, 0x1F, 0x0F, 0x0F,
    0x0F, 0x0F, 0x0E, 0x05, 0x00, 0x00, 0x00, 0x00, 0x00, 0x00, 0x00, 0x00, 0x00, 0x00, 0x00, 0x00,
    0x00, 0x00, 0x00, 0x00, 0x00, 0x00, 0x00, 0x00, 0x06, 0x0E, 0x0F, 0x0F, 0x0F, 0x0F, 0x3F, 0xDF,
    0xFF, 0xFF, 0xFF, 0xFF, 0xFF, 0xFF, 0xFF, 0xFF, 0xFF, 0xFF, 0xFF, 0xFF, 0x4F, 0x0F, 0x0F, 0x0F,
    0x00, 0x00, 0x00, 0x00, 0x04, 0x0F, 0x0F, 0x0F, 0x8F, 0xFF, 0xFF, 0x8F, 0x0F, 0x0F, 0x0F, 0x0F,
    0x0F, 0x0C, 0x02, 0x00, 0x00, 0x00, 0x00, 0x00, 0x00, 0x00, 0x00, 0x00, 0x00, 0x00, 0x00, 0x00,
    0x00, 0x00, 0x00, 0x00, 0x00, 0x00, 0x00, 0x00, 0x00, 0x03, 0x0D, 0x0F, 0x0F, 0x0F, 0x0F, 0x1F,
    0xBF, 0xFF, 0xFF, 0xFF, 0xFF, 0xFF, 0xFF, 0xFF, 0xFF, 0xFF, 0xFF, 0xFF, 0x4F, 0x0F, 0x0F, 0x0F,
    0x00, 0x00, 0x00, 0x00, 0x04, 0x0F, 0x0F, 0x0F, 0x8F, 0xEF, 0x5F, 0x0F, 0x0F, 0x0F, 0x0F, 0x0F,
    0x08, 0x00, 0x00, 0x00, 0x00, 0x00, 0x00, 0x00, 0x00, 0x00, 0x00, 0x00, 0x00, 0x00, 0x00, 0x00,
    0x00, 0x00, 0x00, 0x00, 0x00, 0x00, 0x00, 0x00, 0x00, 0x00, 0x01, 0x0A, 0x0F, 0x0F, 0x0F, 0x0F,
    0x0F, 0x8F, 0xFF, 0xFF, 0xFF, 0xFF, 0xFF, 0xFF, 0xFF, 0xFF, 0xFF, 0xFF, 0x4F, 0x0F, 0x0F, 0x0F,
    0x00, 0x00, 0x00, 0x00, 0x04, 0x0F, 0x0F, 0x0F, 0x5F, 0x2F, 0x0F, 0x0F, 0x0F, 0x0F, 0x0E, 0x05,
    0x00, 0x00, 0x00, 0x00, 0x00, 0x00, 0x00, 0x00, 0x00, 0x00, 0x00, 0x00, 0x00, 0x00, 0x00, 0x00,
    0x00, 0x00, 0x00, 0x00, 0x00, 0x00, 0x00, 0x00, 0x00, 0x00, 0x00, 0x00, 0x08, 0x0F, 0x0F, 0x0F,
    0x0F, 0x0F, 0x5F, 0x9F, 0xBF, 0xBF, 0xBF, 0xEF, 0xFF, 0xFF, 0xFF, 0xFF, 0x4F, 0x0F, 0x0F, 0x0F,
    0x00, 0x00, 0x00, 0x00, 0x04, 0x0F, 0x0F, 0x0F, 0x0F, 0x0F, 0x0F, 0x0F, 0x0F, 0x0C, 0x03, 0x00,
    0x00, 0x00, 0x00, 0x00, 0x00, 0x00, 0x00, 0x00, 0x00, 0x00, 0x00, 0x00, 0x00, 0x00, 0x00, 0x00,
    0x00, 0x00, 0x00, 0x00, 0x00, 0x00, 0x00, 0x00, 0x00, 0x00, 0x00, 0x00, 0x00, 0x04, 0x0E, 0x0F,
    0x0F, 0x0F, 0x0F, 0x0F, 0x0F, 0x0F, 0x0F, 0x0F, 0x0F, 0x0F, 0x0F, 0x4F, 0x1F, 0x0F, 0x0F, 0x0F,
    0x00, 0x00, 0x00, 0x00, 0x04, 0x0F, 0x0F, 0x0F, 0x0F, 0x0F, 0x0F, 0x0F, 0x09, 0x01, 0x00, 0x00,
    0x00, 0x00, 0x00, 0x00, 0x00, 0x00, 0x00, 0x00, 0x00, 0x00, 0x00, 0x00, 0x00, 0x00, 0x00, 0x00,
    0x00, 0x00, 0x00, 0x00, 0x00, 0x00, 0x00, 0x00, 0x00, 0x00, 0x00, 0x00, 0x00, 0x00, 0x02, 0x0C,
    0x0F, 0x0F, 0x0F, 0x0F, 0x0F, 0x0F, 0x0F, 0x0F, 0x0F, 0x0F, 0x0F, 0x0F, 0x0F, 0x0F, 0x0F, 0x0F,
    0x00, 0x00, 0x00, 0x00, 0x04, 0x0F, 0x0F, 0x0F, 0x0F, 0x0F, 0x0E, 0x06, 0x00, 0x00, 0x00, 0x00,
    0x00, 0x00, 0x00, 0x00, 0x00, 0x00, 0x00, 0x00, 0x00, 0x00, 0x00, 0x00, 0x00, 0x00, 0x00, 0x00,
    0x00, 0x00, 0x00, 0x00, 0x00, 0x00, 0x00, 0x00, 0x00, 0x00, 0x00, 0x00, 0x00, 0x00, 0x00, 0x00,
    0x09, 0x0F, 0x0F, 0x0F, 0x0F, 0x0F, 0x0F, 0x0F, 0x0F, 0x0F, 0x0F, 0x0F, 0x0F, 0x0F, 0x0F, 0x0F,
    0x00, 0x00, 0x00, 0x00, 0x04, 0x0F, 0x0F, 0x0F, 0x0F, 0x0C, 0x03, 0x00, 0x00, 0x00, 0x00, 0x00,
    0x00, 0x00, 0x00, 0x00, 0x00, 0x00, 0x00, 0x00, 0x00, 0x00, 0x00, 0x00, 0x00, 0x00, 0x00, 0x00,
    0x00, 0x00, 0x00, 0x00, 0x00, 0x00, 0x00, 0x00, 0x00, 0x00, 0x00, 0x00, 0x00, 0x00, 0x00, 0x00,
    0x00, 0x03, 0x04, 0x07, 0x08, 0x08, 0x08, 0x0B, 0x0B, 0x0B, 0x0C, 0x0F, 0x0F, 0x0F, 0x0F, 0x09,
    0x00, 0x00, 0x00, 0x00, 0x01, 0x0E, 0x0F, 0x0F, 0x09, 0x01, 0x00, 0x00, 0x00, 0x00, 0x00, 0x00,
    0x00, 0x00, 0x00, 0x00, 0x00, 0x00, 0x00, 0x00, 0x00, 0x00, 0x00, 0x00, 0x00, 0x00, 0x00, 0x00,
    0x00, 0x00, 0x00, 0x00, 0x00, 0x00, 0x00, 0x00, 0x00, 0x00, 0x00, 0x00, 0x00, 0x00, 0x00, 0x00,
    0x00, 0x00, 0x00, 0x00, 0x00, 0x00, 0x00, 0x00, 0x00, 0x00, 0x00, 0x00, 0x00, 0x00, 0x00, 0x00,
    0x00, 0x00, 0x00, 0x00, 0x00, 0x02, 0x08, 0x06, 0x00, 0x00, 0x00, 0x00, 0x00, 0x00, 0x00, 0x00,
    0x00, 0x00, 0x00, 0x00, 0x00, 0x00, 0x00, 0x00, 0x00, 0x00, 0x00, 0x00, 0x00, 0x00, 0x00, 0x00,
};
unsigned char D_802A2490_7A03D0[] = {
    0x00, 0x00, 0x00, 0x00, 0x00, 0x00, 0x00, 0x00, 0x00, 0x00, 0x00, 0x00, 0x00, 0x00, 0x00, 0x00,
    0x00, 0x00, 0x00, 0x00, 0x00, 0x00, 0x00, 0x00, 0x00, 0x00, 0x00, 0x00, 0x00, 0x00, 0x00, 0x00,
    0x00, 0x00, 0x00, 0x00, 0x00, 0x00, 0x00, 0x00, 0x00, 0x00, 0x00, 0x00, 0x00, 0x00, 0x00, 0x00,
    0x00, 0x00, 0x00, 0x00, 0x00, 0x00, 0x00, 0x00, 0x00, 0x00, 0x00, 0x00, 0x00, 0x00, 0x00, 0x00,
    0x00, 0x00, 0x00, 0x00, 0x00, 0x00, 0x00, 0x00, 0x00, 0x00, 0x00, 0x00, 0x00, 0x00, 0x00, 0x00,
    0x00, 0x00, 0x00, 0x00, 0x00, 0x00, 0x00, 0x00, 0x00, 0x00, 0x00, 0x00, 0x00, 0x00, 0x00, 0x00,
    0x00, 0x00, 0x00, 0x00, 0x00, 0x00, 0x00, 0x00, 0x00, 0x00, 0x00, 0x00, 0x00, 0x00, 0x00, 0x00,
    0x00, 0x00, 0x00, 0x00, 0x00, 0x00, 0x00, 0x00, 0x00, 0x00, 0x00, 0x00, 0x00, 0x00, 0x00, 0x00,
    0x00, 0x00, 0x00, 0x00, 0x00, 0x00, 0x00, 0x00, 0x00, 0x00, 0x00, 0x00, 0x00, 0x00, 0x00, 0x00,
    0x01, 0x0C, 0x0F, 0x0F, 0x0F, 0x0F, 0x0F, 0x0F, 0x0F, 0x0F, 0x0F, 0x0F, 0x0F, 0x0F, 0x0F, 0x0F,
    0x0F, 0x0F, 0x0F, 0x0F, 0x09, 0x00, 0x00, 0x00, 0x00, 0x00, 0x00, 0x00, 0x00, 0x00, 0x00, 0x00,
    0x00, 0x00, 0x00, 0x00, 0x00, 0x00, 0x00, 0x00, 0x00, 0x00, 0x00, 0x00, 0x00, 0x00, 0x00, 0x00,
    0x00, 0x00, 0x00, 0x00, 0x00, 0x00, 0x00, 0x00, 0x00, 0x00, 0x00, 0x00, 0x00, 0x00, 0x00, 0x00,
    0x07, 0x0F, 0x0F, 0x0F, 0x0F, 0x0F, 0x0F, 0x0F, 0x0F, 0x0F, 0x0F, 0x0F, 0x0F, 0x0F, 0x0F, 0x0F,
    0x0F, 0x0F, 0x0F, 0x0F, 0x0F, 0x03, 0x00, 0x00, 0x00, 0x00, 0x00, 0x00, 0x00, 0x00, 0x00, 0x00,
    0x00, 0x00, 0x00, 0x00, 0x00, 0x00, 0x00, 0x00, 0x00, 0x00, 0x00, 0x00, 0x00, 0x00, 0x00, 0x00,
    0x00, 0x00, 0x00, 0x00, 0x00, 0x00, 0x00, 0x00, 0x00, 0x00, 0x00, 0x00, 0x00, 0x00, 0x00, 0x00,
    0x08, 0x0F, 0x0F, 0x0F, 0x0F, 0x0F, 0x0F, 0x0F, 0x0F, 0x0F, 0x0F, 0x0F, 0x0F, 0x0F, 0x0F, 0x0F,
    0x0F, 0x0F, 0x0F, 0x0F, 0x0F, 0x03, 0x00, 0x00, 0x00, 0x00, 0x00, 0x00, 0x00, 0x00, 0x00, 0x00,
    0x00, 0x00, 0x00, 0x00, 0x00, 0x00, 0x00, 0x00, 0x00, 0x00, 0x00, 0x00, 0x00, 0x00, 0x00, 0x00,
    0x00, 0x00, 0x00, 0x00, 0x00, 0x00, 0x00, 0x00, 0x00, 0x00, 0x00, 0x00, 0x00, 0x00, 0x00, 0x00,
    0x08, 0x0F, 0x0F, 0x0F, 0x3F, 0x4F, 0x4F, 0x4F, 0x4F, 0x4F, 0x4F, 0x4F, 0x4F, 0x4F, 0x4F, 0x4F,
    0x4F, 0x0F, 0x0F, 0x0F, 0x0F, 0x00, 0x00, 0x00, 0x00, 0x00, 0x00, 0x00, 0x00, 0x00, 0x00, 0x00,
    0x00, 0x00, 0x00, 0x00, 0x00, 0x00, 0x00, 0x00, 0x00, 0x00, 0x00, 0x00, 0x00, 0x00, 0x00, 0x00,
    0x00, 0x00, 0x00, 0x00, 0x00, 0x00, 0x00, 0x00, 0x00, 0x00, 0x00, 0x00, 0x00, 0x00, 0x00, 0x00,
    0x08, 0x0F, 0x0F, 0x0F, 0xBF, 0xFF, 0xFF, 0xFF, 0xFF, 0xFF, 0xFF, 0xFF, 0xFF, 0xFF, 0xFF, 0xFF,
    0xFF, 0x0F, 0x0F, 0x0F, 0x0C, 0x00, 0x00, 0x00, 0x00, 0x00, 0x00, 0x00, 0x00, 0x00, 0x00, 0x00,
    0x00, 0x00, 0x00, 0x00, 0x00, 0x00, 0x00, 0x00, 0x00, 0x00, 0x00, 0x00, 0x00, 0x00, 0x00, 0x00,
    0x00, 0x00, 0x00, 0x00, 0x00, 0x00, 0x00, 0x00, 0x00, 0x00, 0x00, 0x00, 0x00, 0x00, 0x00, 0x00,
    0x08, 0x0F, 0x0F, 0x0F, 0xBF, 0xFF, 0xFF, 0xFF, 0xFF, 0xFF, 0xFF, 0xFF, 0xFF, 0xFF, 0xFF, 0xFF,
    0xCF, 0x0F, 0x0F, 0x0F, 0x0A, 0x00, 0x00, 0x00, 0x00, 0x00, 0x00, 0x00, 0x00, 0x00, 0x00, 0x00,
    0x00, 0x00, 0x00, 0x00, 0x00, 0x00, 0x00, 0x00, 0x00, 0x00, 0x00, 0x00, 0x00, 0x00, 0x00, 0x00,
    0x00, 0x00, 0x00, 0x00, 0x00, 0x00, 0x00, 0x00, 0x00, 0x00, 0x00, 0x00, 0x00, 0x00, 0x00, 0x00,
    0x08, 0x0F, 0x0F, 0x0F, 0xBF, 0xFF, 0xFF, 0xFF, 0xFF, 0xFF, 0xFF, 0xFF, 0xFF, 0xFF, 0xFF, 0xFF,
    0xBF, 0x0F, 0x0F, 0x0F, 0x08, 0x00, 0x00, 0x00, 0x00, 0x00, 0x00, 0x00, 0x00, 0x00, 0x00, 0x00,
    0x00, 0x00, 0x00, 0x00, 0x00, 0x00, 0x00, 0x00, 0x00, 0x00, 0x00, 0x00, 0x00, 0x00, 0x00, 0x00,
    0x00, 0x00, 0x00, 0x00, 0x00, 0x00, 0x00, 0x00, 0x00, 0x00, 0x00, 0x00, 0x00, 0x00, 0x00, 0x00,
    0x08, 0x0F, 0x0F, 0x0F, 0xBF, 0xFF, 0xFF, 0xFF, 0xFF, 0xFF, 0xFF, 0xFF, 0xFF, 0xFF, 0xFF, 0xFF,
    0x8F, 0x0F, 0x0F, 0x0F, 0x06, 0x00, 0x00, 0x00, 0x00, 0x00, 0x00, 0x00, 0x00, 0x00, 0x00, 0x00,
    0x00, 0x00, 0x00, 0x00, 0x00, 0x00, 0x00, 0x00, 0x00, 0x00, 0x00, 0x00, 0x00, 0x00, 0x00, 0x00,
    0x00, 0x00, 0x00, 0x00, 0x00, 0x00, 0x00, 0x00, 0x00, 0x00, 0x00, 0x00, 0x00, 0x00, 0x00, 0x00,
    0x08, 0x0F, 0x0F, 0x0F, 0xBF, 0xFF, 0xFF, 0xFF, 0xFF, 0xFF, 0xFF, 0xFF, 0xFF, 0xFF, 0xFF, 0xFF,
    0x6F, 0x0F, 0x0F, 0x0F, 0x04, 0x00, 0x00, 0x00, 0x00, 0x00, 0x00, 0x00, 0x00, 0x00, 0x00, 0x00,
    0x00, 0x00, 0x00, 0x00, 0x00, 0x00, 0x00, 0x00, 0x00, 0x00, 0x00, 0x00, 0x00, 0x00, 0x00, 0x00,
    0x00, 0x00, 0x00, 0x00, 0x00, 0x00, 0x00, 0x00, 0x00, 0x00, 0x00, 0x00, 0x00, 0x00, 0x00, 0x00,
    0x08, 0x0F, 0x0F, 0x0F, 0xBF, 0xFF, 0xFF, 0xFF, 0xFF, 0xFF, 0xFF, 0xFF, 0xFF, 0xFF, 0xFF, 0xFF,
    0x4F, 0x0F, 0x0F, 0x0F, 0x00, 0x00, 0x00, 0x00, 0x00, 0x00, 0x00, 0x00, 0x00, 0x00, 0x00, 0x00,
    0x00, 0x00, 0x00, 0x00, 0x00, 0x00, 0x00, 0x00, 0x00, 0x00, 0x00, 0x00, 0x00, 0x00, 0x00, 0x00,
    0x00, 0x00, 0x00, 0x00, 0x00, 0x00, 0x00, 0x00, 0x00, 0x00, 0x00, 0x00, 0x00, 0x00, 0x00, 0x00,
    0x08, 0x0F, 0x0F, 0x0F, 0xBF, 0xFF, 0xFF, 0xFF, 0xFF, 0xFF, 0xFF, 0xFF, 0xFF, 0xFF, 0xFF, 0xFF,
    0x0F, 0x0F, 0x0F, 0x0D, 0x00, 0x00, 0x00, 0x00, 0x00, 0x00, 0x00, 0x00, 0x00, 0x00, 0x00, 0x00,
    0x00, 0x00, 0x00, 0x00, 0x00, 0x00, 0x00, 0x00, 0x00, 0x00, 0x00, 0x00, 0x00, 0x00, 0x00, 0x00,
    0x00, 0x00, 0x00, 0x00, 0x00, 0x00, 0x00, 0x00, 0x00, 0x00, 0x00, 0x00, 0x00, 0x00, 0x00, 0x00,
    0x08, 0x0F, 0x0F, 0x0F, 0xBF, 0xFF, 0xFF, 0xFF, 0xFF, 0xFF, 0xFF, 0xFF, 0xFF, 0xFF, 0xFF, 0xEF,
    0x0F, 0x0F, 0x0F, 0x0B, 0x00, 0x00, 0x00, 0x00, 0x00, 0x00, 0x00, 0x00, 0x00, 0x00, 0x00, 0x00,
    0x00, 0x00, 0x00, 0x00, 0x00, 0x00, 0x00, 0x00, 0x00, 0x00, 0x00, 0x00, 0x00, 0x00, 0x00, 0x00,
    0x00, 0x00, 0x00, 0x00, 0x00, 0x00, 0x00, 0x00, 0x00, 0x00, 0x00, 0x00, 0x00, 0x00, 0x00, 0x00,
    0x08, 0x0F, 0x0F, 0x0F, 0xBF, 0xFF, 0xFF, 0xFF, 0xFF, 0xFF, 0xFF, 0xFF, 0xFF, 0xFF, 0xFF, 0xBF,
    0x0F, 0x0F, 0x0F, 0x08, 0x00, 0x00, 0x00, 0x00, 0x00, 0x00, 0x00, 0x00, 0x00, 0x00, 0x00, 0x00,
    0x00, 0x00, 0x00, 0x00, 0x00, 0x00, 0x00, 0x00, 0x00, 0x00, 0x00, 0x00, 0x00, 0x00, 0x00, 0x00,
    0x00, 0x00, 0x00, 0x00, 0x00, 0x00, 0x00, 0x00, 0x00, 0x00, 0x00, 0x00, 0x00, 0x00, 0x00, 0x00,
    0x08, 0x0F, 0x0F, 0x0F, 0xBF, 0xFF, 0xFF, 0xFF, 0xFF, 0xFF, 0xFF, 0xFF, 0xFF, 0xFF, 0xFF, 0x8F,
    0x0F, 0x0F, 0x0F, 0x07, 0x00, 0x00, 0x00, 0x00, 0x00, 0x00, 0x00, 0x00, 0x00, 0x00, 0x00, 0x00,
    0x00, 0x00, 0x00, 0x00, 0x00, 0x00, 0x00, 0x00, 0x00, 0x00, 0x00, 0x00, 0x00, 0x00, 0x00, 0x00,
    0x00, 0x00, 0x00, 0x00, 0x00, 0x00, 0x00, 0x00, 0x00, 0x00, 0x00, 0x00, 0x00, 0x00, 0x00, 0x00,
    0x08, 0x0F, 0x0F, 0x0F, 0xBF, 0xFF, 0xFF, 0xFF, 0xFF, 0xFF, 0xFF, 0xFF, 0xFF, 0xFF, 0xFF, 0x7F,
    0x0F, 0x0F, 0x0F, 0x04, 0x00, 0x00, 0x00, 0x00, 0x00, 0x00, 0x00, 0x00, 0x00, 0x00, 0x00, 0x00,
    0x00, 0x00, 0x00, 0x00, 0x00, 0x00, 0x00, 0x00, 0x00, 0x00, 0x00, 0x00, 0x00, 0x00, 0x00, 0x00,
    0x00, 0x00, 0x00, 0x00, 0x00, 0x00, 0x00, 0x00, 0x00, 0x00, 0x00, 0x00, 0x00, 0x00, 0x00, 0x00,
    0x08, 0x0F, 0x0F, 0x0F, 0xBF, 0xFF, 0xFF, 0xFF, 0xFF, 0xFF, 0xFF, 0xFF, 0xFF, 0xFF, 0xFF, 0x4F,
    0x0F, 0x0F, 0x0F, 0x0C, 0x0B, 0x0B, 0x0B, 0x0B, 0x0B, 0x0B, 0x0B, 0x0B, 0x0B, 0x0B, 0x09, 0x01,
    0x00, 0x00, 0x00, 0x00, 0x00, 0x00, 0x00, 0x00, 0x00, 0x00, 0x00, 0x00, 0x00, 0x00, 0x00, 0x00,
    0x00, 0x00, 0x00, 0x00, 0x00, 0x00, 0x00, 0x00, 0x00, 0x00, 0x00, 0x00, 0x00, 0x00, 0x00, 0x00,
    0x08, 0x0F, 0x0F, 0x0F, 0xBF, 0xFF, 0xFF, 0xFF, 0xFF, 0xFF, 0xFF, 0xFF, 0xFF, 0xFF, 0xFF, 0x2F,
    0x0F, 0x0F, 0x0F, 0x0F, 0x0F, 0x0F, 0x0F, 0x0F, 0x0F, 0x0F, 0x0F, 0x0F, 0x0F, 0x0F, 0x0F, 0x0C,
    0x01, 0x00, 0x00, 0x00, 0x00, 0x00, 0x00, 0x00, 0x00, 0x00, 0x00, 0x00, 0x00, 0x00, 0x00, 0x00,
    0x00, 0x00, 0x00, 0x00, 0x00, 0x00, 0x00, 0x00, 0x00, 0x00, 0x00, 0x00, 0x00, 0x00, 0x00, 0x00,
    0x08, 0x0F, 0x0F, 0x0F, 0xBF, 0xFF, 0xFF, 0xFF, 0xFF, 0xFF, 0xFF, 0xFF, 0xFF, 0xFF, 0xFF, 0x1F,
    0x0F, 0x0F, 0x0F, 0x0F, 0x0F, 0x0F, 0x0F, 0x0F, 0x0F, 0x0F, 0x0F, 0x0F, 0x0F, 0x0F, 0x0F, 0x0F,
    0x0B, 0x00, 0x00, 0x00, 0x00, 0x00, 0x00, 0x00, 0x00, 0x00, 0x00, 0x00, 0x00, 0x00, 0x00, 0x00,
    0x00, 0x00, 0x00, 0x00, 0x00, 0x00, 0x00, 0x00, 0x00, 0x00, 0x00, 0x00, 0x00, 0x00, 0x00, 0x00,
    0x08, 0x0F, 0x0F, 0x0F, 0xBF, 0xFF, 0xFF, 0xFF, 0xFF, 0xFF, 0xFF, 0xFF, 0xFF, 0xFF, 0xFF, 0x9F,
    0x0F, 0x0F, 0x0F, 0x0F, 0x0F, 0x0F, 0x0F, 0x0F, 0x0F, 0x0F, 0x0F, 0x0F, 0x0F, 0x0F, 0x0F, 0x0F,
    0x0F, 0x09, 0x00, 0x00, 0x00, 0x00, 0x00, 0x00, 0x00, 0x00, 0x00, 0x00, 0x00, 0x00, 0x00, 0x00,
    0x00, 0x00, 0x00, 0x00, 0x00, 0x00, 0x00, 0x00, 0x00, 0x00, 0x00, 0x00, 0x00, 0x00, 0x00, 0x00,
    0x08, 0x0F, 0x0F, 0x0F, 0xBF, 0xFF, 0xFF, 0xFF, 0xFF, 0xFF, 0xFF, 0xFF, 0xFF, 0xFF, 0xFF, 0xFF,
    0xFF, 0xFF, 0xFF, 0xFF, 0xFF, 0xFF, 0xFF, 0xFF, 0xFF, 0xFF, 0xFF, 0xFF, 0xFF, 0x6F, 0x0F, 0x0F,
    0x0F, 0x0F, 0x09, 0x00, 0x00, 0x00, 0x00, 0x00, 0x00, 0x00, 0x00, 0x00, 0x00, 0x00, 0x00, 0x00,
    0x00, 0x00, 0x00, 0x00, 0x00, 0x00, 0x00, 0x00, 0x00, 0x00, 0x00, 0x00, 0x00, 0x00, 0x00, 0x00,
    0x08, 0x0F, 0x0F, 0x0F, 0xBF, 0xFF, 0xFF, 0xFF, 0xFF, 0xFF, 0xFF, 0xFF, 0xFF, 0xFF, 0xFF, 0xFF,
    0xFF, 0xFF, 0xFF, 0xFF, 0xFF, 0xFF, 0xFF, 0xFF, 0xFF, 0xFF, 0xFF, 0xFF, 0xFF, 0xFF, 0x5F, 0x0F,
    0x0F, 0x0F, 0x0F, 0x08, 0x00, 0x00, 0x00, 0x00, 0x00, 0x00, 0x00, 0x00, 0x00, 0x00, 0x00, 0x00,
    0x00, 0x00, 0x00, 0x00, 0x00, 0x00, 0x00, 0x00, 0x00, 0x00, 0x00, 0x00, 0x00, 0x00, 0x00, 0x00,
    0x08, 0x0F, 0x0F, 0x0F, 0xBF, 0xFF, 0xFF, 0xFF, 0xFF, 0xFF, 0xFF, 0xFF, 0xFF, 0xFF, 0xFF, 0xFF,
    0xFF, 0xFF, 0xFF, 0xFF, 0xFF, 0xFF, 0xFF, 0xFF, 0xFF, 0xFF, 0xFF, 0xFF, 0xFF, 0xFF, 0xEF, 0x3F,
    0x0F, 0x0F, 0x0F, 0x0F, 0x06, 0x00, 0x00, 0x00, 0x00, 0x00, 0x00, 0x00, 0x00, 0x00, 0x00, 0x00,
    0x00, 0x00, 0x00, 0x00, 0x00, 0x00, 0x00, 0x00, 0x00, 0x00, 0x00, 0x00, 0x00, 0x00, 0x00, 0x00,
    0x08, 0x0F, 0x0F, 0x0F, 0xBF, 0xFF, 0xFF, 0xFF, 0xFF, 0xFF, 0xFF, 0xFF, 0xFF, 0xFF, 0xFF, 0xFF,
    0xFF, 0xFF, 0xFF, 0xFF, 0xFF, 0xFF, 0xFF, 0xFF, 0xFF, 0xFF, 0xFF, 0xFF, 0xFF, 0xFF, 0xFF, 0xEF,
    0x3F, 0x0F, 0x0F, 0x0F, 0x0F, 0x06, 0x00, 0x00, 0x00, 0x00, 0x00, 0x00, 0x00, 0x00, 0x00, 0x00,
    0x00, 0x00, 0x00, 0x00, 0x00, 0x00, 0x00, 0x00, 0x00, 0x00, 0x00, 0x00, 0x00, 0x00, 0x00, 0x00,
    0x08, 0x0F, 0x0F, 0x0F, 0xBF, 0xFF, 0xFF, 0xFF, 0xFF, 0xFF, 0xFF, 0xFF, 0xFF, 0xFF, 0xFF, 0xFF,
    0xFF, 0xFF, 0xFF, 0xFF, 0xFF, 0xFF, 0xFF, 0xFF, 0xFF, 0xFF, 0xFF, 0xFF, 0xFF, 0xFF, 0xFF, 0xFF,
    0xEF, 0x2F, 0x0F, 0x0F, 0x0F, 0x0F, 0x04, 0x00, 0x00, 0x00, 0x00, 0x00, 0x00, 0x00, 0x00, 0x00,
    0x00, 0x00, 0x00, 0x00, 0x00, 0x00, 0x00, 0x00, 0x00, 0x00, 0x00, 0x00, 0x00, 0x00, 0x00, 0x00,
    0x08, 0x0F, 0x0F, 0x0F, 0xBF, 0xFF, 0xFF, 0xFF, 0xFF, 0xFF, 0xFF, 0xFF, 0xFF, 0xFF, 0xFF, 0xFF,
    0xFF, 0xFF, 0xFF, 0xFF, 0xFF, 0xFF, 0xFF, 0xFF, 0xFF, 0xFF, 0xFF, 0xFF, 0xFF, 0xFF, 0xFF, 0xFF,
    0xFF, 0xCF, 0x1F, 0x0F, 0x0F, 0x0F, 0x0E, 0x03, 0x00, 0x00, 0x00, 0x00, 0x00, 0x00, 0x00, 0x00,
    0x00, 0x00, 0x00, 0x00, 0x00, 0x00, 0x00, 0x00, 0x00, 0x00, 0x00, 0x00, 0x00, 0x00, 0x00, 0x00,
    0x08, 0x0F, 0x0F, 0x0F, 0xBF, 0xFF, 0xFF, 0xFF, 0xFF, 0xFF, 0xFF, 0xFF, 0xFF, 0xFF, 0xFF, 0xFF,
    0xFF, 0xFF, 0xFF, 0xFF, 0xFF, 0xFF, 0xFF, 0xFF, 0xFF, 0xFF, 0xFF, 0xFF, 0xFF, 0xFF, 0xFF, 0xFF,
    0xFF, 0xFF, 0xCF, 0x1F, 0x0F, 0x0F, 0x0F, 0x0E, 0x02, 0x00, 0x00, 0x00, 0x00, 0x00, 0x00, 0x00,
    0x00, 0x00, 0x00, 0x00, 0x00, 0x00, 0x00, 0x00, 0x00, 0x00, 0x00, 0x00, 0x00, 0x00, 0x00, 0x00,
    0x08, 0x0F, 0x0F, 0x0F, 0xBF, 0xFF, 0xFF, 0xFF, 0xFF, 0xFF, 0xFF, 0xFF, 0xFF, 0xFF, 0xFF, 0xFF,
    0xFF, 0xFF, 0xFF, 0xFF, 0xFF, 0xFF, 0xFF, 0xFF, 0xFF, 0xFF, 0xFF, 0xFF, 0xFF, 0xFF, 0xFF, 0xFF,
    0xFF, 0xFF, 0xFF, 0xCF, 0x0F, 0x0F, 0x0F, 0x0F, 0x08, 0x00, 0x00, 0x00, 0x00, 0x00, 0x00, 0x00,
    0x00, 0x00, 0x00, 0x00, 0x00, 0x00, 0x00, 0x00, 0x00, 0x00, 0x00, 0x00, 0x00, 0x00, 0x00, 0x00,
    0x08, 0x0F, 0x0F, 0x0F, 0xBF, 0xFF, 0xFF, 0xFF, 0xFF, 0xFF, 0xFF, 0xFF, 0xFF, 0xAF, 0x8F, 0x8F,
    0x8F, 0x8F, 0x8F, 0x8F, 0x8F, 0x8F, 0x8F, 0xFF, 0xFF, 0xFF, 0xFF, 0xFF, 0xFF, 0xFF, 0xFF, 0xFF,
    0xFF, 0xFF, 0xFF, 0xFF, 0x8F, 0x0F, 0x0F, 0x0F, 0x08, 0x00, 0x00, 0x00, 0x00, 0x00, 0x00, 0x00,
    0x00, 0x00, 0x00, 0x00, 0x00, 0x00, 0x00, 0x00, 0x00, 0x00, 0x00, 0x00, 0x00, 0x00, 0x00, 0x00,
    0x08, 0x0F, 0x0F, 0x0F, 0xBF, 0xFF, 0xFF, 0xFF, 0xFF, 0xFF, 0xFF, 0xFF, 0xCF, 0x0F, 0x0F, 0x0F,
    0x0F, 0x0F, 0x0F, 0x0F, 0x0F, 0x0F, 0x0F, 0x6F, 0xFF, 0xFF, 0xFF, 0xFF, 0xFF, 0xFF, 0xFF, 0xFF,
    0xFF, 0xFF, 0xFF, 0xFF, 0xBF, 0x0F, 0x0F, 0x0F, 0x08, 0x00, 0x00, 0x00, 0x00, 0x00, 0x00, 0x00,
    0x00, 0x00, 0x00, 0x00, 0x00, 0x00, 0x00, 0x00, 0x00, 0x00, 0x00, 0x00, 0x00, 0x00, 0x00, 0x00,
    0x08, 0x0F, 0x0F, 0x0F, 0xBF, 0xFF, 0xFF, 0xFF, 0xFF, 0xFF, 0xFF, 0xFF, 0x8F, 0x0F, 0x0F, 0x0F,
    0x0F, 0x0F, 0x0F, 0x0F, 0x0F, 0x0F, 0x0F, 0x0F, 0x8F, 0xFF, 0xFF, 0xFF, 0xFF, 0xFF, 0xFF, 0xFF,
    0xFF, 0xFF, 0xFF, 0xFF, 0xBF, 0x0F, 0x0F, 0x0F, 0x08, 0x00, 0x00, 0x00, 0x00, 0x00, 0x00, 0x00,
    0x00, 0x00, 0x00, 0x00, 0x00, 0x00, 0x00, 0x00, 0x00, 0x00, 0x00, 0x00, 0x00, 0x00, 0x00, 0x00,
    0x08, 0x0F, 0x0F, 0x0F, 0xBF, 0xFF, 0xFF, 0xFF, 0xFF, 0xFF, 0xFF, 0xFF, 0x8F, 0x0F, 0x0F, 0x0F,
    0x0F, 0x0F, 0x0F, 0x0F, 0x0F, 0x0F, 0x0F, 0x0F, 0x0F, 0xAF, 0xFF, 0xFF, 0xFF, 0xFF, 0xFF, 0xFF,
    0xFF, 0xFF, 0xFF, 0xFF, 0xBF, 0x0F, 0x0F, 0x0F, 0x08, 0x00, 0x00, 0x00, 0x00, 0x00, 0x00, 0x00,
    0x00, 0x00, 0x00, 0x00, 0x00, 0x00, 0x00, 0x00, 0x00, 0x00, 0x00, 0x00, 0x00, 0x00, 0x00, 0x00,
    0x09, 0x0F, 0x0F, 0x0F, 0xBF, 0xFF, 0xFF, 0xFF, 0xFF, 0xFF, 0xFF, 0xFF, 0x8F, 0x0F, 0x0F, 0x0F,
    0x09, 0x04, 0x04, 0x04, 0x04, 0x0C, 0x0F, 0x0F, 0x0F, 0x1F, 0xCF, 0xFF, 0xFF, 0xFF, 0xFF, 0xFF,
    0xFF, 0xFF, 0xFF, 0xFF, 0xBF, 0x0F, 0x0F, 0x0F, 0x08, 0x00, 0x00, 0x00, 0x00, 0x00, 0x00, 0x00,
    0x00, 0x00, 0x00, 0x00, 0x00, 0x00, 0x00, 0x00, 0x00, 0x00, 0x00, 0x00, 0x00, 0x00, 0x00, 0x01,
    0x0E, 0x0F, 0x0F, 0x0F, 0xDF, 0xFF, 0xFF, 0xFF, 0xFF, 0xFF, 0xFF, 0xFF, 0x8F, 0x0F, 0x0F, 0x0F,
    0x08, 0x00, 0x00, 0x00, 0x00, 0x03, 0x0E, 0x0F, 0x0F, 0x0F, 0x3F, 0xEF, 0xFF, 0xFF, 0xFF, 0xFF,
    0xFF, 0xFF, 0xFF, 0xFF, 0xBF, 0x0F, 0x0F, 0x0F, 0x08, 0x00, 0x00, 0x00, 0x00, 0x00, 0x00, 0x00,
    0x00, 0x00, 0x00, 0x00, 0x00, 0x00, 0x00, 0x00, 0x00, 0x00, 0x00, 0x00, 0x00, 0x00, 0x00, 0x06,
    0x0F, 0x0F, 0x0F, 0x4F, 0xFF, 0xFF, 0xFF, 0xFF, 0xFF, 0xFF, 0xFF, 0xFF, 0x8F, 0x0F, 0x0F, 0x0F,
    0x08, 0x00, 0x00, 0x00, 0x00, 0x00, 0x04, 0x0F, 0x0F, 0x0F, 0x0F, 0x4F, 0xFF, 0xFF, 0xFF, 0xFF,
    0xFF, 0xFF, 0xFF, 0xFF, 0xBF, 0x0F, 0x0F, 0x0F, 0x08, 0x00, 0x00, 0x00, 0x00, 0x00, 0x00, 0x00,
    0x00, 0x00, 0x00, 0x00, 0x00, 0x00, 0x00, 0x00, 0x00, 0x00, 0x00, 0x00, 0x00, 0x00, 0x00, 0x0C,
    0x0F, 0x0F, 0x0F, 0xAF, 0xFF, 0xFF, 0xFF, 0xFF, 0xFF, 0xFF, 0xFF, 0xFF, 0x8F, 0x0F, 0x0F, 0x0F,
    0x08, 0x00, 0x00, 0x00, 0x00, 0x00, 0x00, 0x06, 0x0F, 0x0F, 0x0F, 0x0F, 0x6F, 0xFF, 0xFF, 0xFF,
    0xFF, 0xFF, 0xFF, 0xFF, 0xBF, 0x0F, 0x0F, 0x0F, 0x08, 0x00, 0x00, 0x00, 0x00, 0x00, 0x00, 0x00,
    0x00, 0x00, 0x00, 0x00, 0x00, 0x00, 0x00, 0x00, 0x00, 0x00, 0x00, 0x00, 0x00, 0x00, 0x04, 0x0F,
    0x0F, 0x0F, 0x2F, 0xFF, 0xFF, 0xFF, 0xFF, 0xFF, 0xFF, 0xFF, 0xFF, 0xFF, 0x8F, 0x0F, 0x0F, 0x0F,
    0x08, 0x00, 0x00, 0x00, 0x00, 0x00, 0x00, 0x00, 0x09, 0x0F, 0x0F, 0x0F, 0x0F, 0xCF, 0xFF, 0xFF,
    0xFF, 0xFF, 0xFF, 0xFF, 0xBF, 0x0F, 0x0F, 0x0F, 0x08, 0x00, 0x00, 0x00, 0x00, 0x00, 0x00, 0x00,
    0x00, 0x00, 0x00, 0x00, 0x00, 0x00, 0x00, 0x00, 0x00, 0x00, 0x00, 0x00, 0x00, 0x00, 0x09, 0x0F,
    0x0F, 0x0F, 0x8F, 0xFF, 0xFF, 0xFF, 0xFF, 0xFF, 0xFF, 0xFF, 0xFF, 0xFF, 0x8F, 0x0F, 0x0F, 0x0F,
    0x08, 0x00, 0x00, 0x00, 0x00, 0x00, 0x00, 0x00, 0x05, 0x0F, 0x0F, 0x0F, 0x0F, 0xBF, 0xFF, 0xFF,
    0xFF, 0xFF, 0xFF, 0xFF, 0xBF, 0x0F, 0x0F, 0x0F, 0x08, 0x00, 0x00, 0x00, 0x00, 0x00, 0x00, 0x00,
    0x00, 0x00, 0x00, 0x00, 0x00, 0x00, 0x00, 0x00, 0x00, 0x00, 0x00, 0x00, 0x00, 0x01, 0x0F, 0x0F,
    0x0F, 0x0F, 0xDF, 0xFF, 0xFF, 0xFF, 0xFF, 0xFF, 0xFF, 0xFF, 0xFF, 0xFF, 0x8F, 0x0F, 0x0F, 0x0F,
    0x08, 0x00, 0x00, 0x00, 0x00, 0x00, 0x00, 0x02, 0x0E, 0x0F, 0x0F, 0x0F, 0x4F, 0xFF, 0xFF, 0xFF,
    0xFF, 0xFF, 0xFF, 0xFF, 0xBF, 0x0F, 0x0F, 0x0F, 0x08, 0x00, 0x00, 0x00, 0x00, 0x00, 0x00, 0x00,
    0x00, 0x00, 0x00, 0x00, 0x00, 0x00, 0x00, 0x00, 0x00, 0x00, 0x00, 0x00, 0x00, 0x07, 0x0F, 0x0F,
    0x0F, 0x5F, 0xFF, 0xFF, 0xFF, 0xFF, 0xFF, 0xFF, 0xFF, 0xFF, 0xFF, 0xFF, 0x8F, 0x0F, 0x0F, 0x0F,
    0x08, 0x00, 0x00, 0x00, 0x00, 0x00, 0x00, 0x0C, 0x0F, 0x0F, 0x0F, 0x1F, 0xEF, 0xFF, 0xFF, 0xFF,
    0xFF, 0xFF, 0xFF, 0xFF, 0xBF, 0x0F, 0x0F, 0x0F, 0x08, 0x00, 0x00, 0x00, 0x00, 0x00, 0x00, 0x00,
    0x00, 0x00, 0x00, 0x00, 0x00, 0x00, 0x00, 0x00, 0x00, 0x00, 0x00, 0x00, 0x00, 0x0D, 0x0F, 0x0F,
    0x0F, 0xAF, 0xFF, 0xFF, 0xFF, 0xFF, 0xFF, 0xFF, 0xFF, 0xFF, 0xFF, 0xFF, 0x8F, 0x0F, 0x0F, 0x0F,
    0x08, 0x00, 0x00, 0x00, 0x00, 0x00, 0x08, 0x0F, 0x0F, 0x0F, 0x0F, 0xBF, 0xFF, 0xFF, 0xFF, 0xFF,
    0xFF, 0xFF, 0xFF, 0xFF, 0xBF, 0x0F, 0x0F, 0x0F, 0x08, 0x00, 0x00, 0x00, 0x00, 0x00, 0x00, 0x00,
    0x00, 0x00, 0x00, 0x00, 0x00, 0x00, 0x00, 0x00, 0x00, 0x00, 0x00, 0x00, 0x04, 0x0F, 0x0F, 0x0F,
    0x2F, 0xFF, 0xFF, 0xFF, 0xFF, 0xFF, 0xFF, 0xFF, 0xFF, 0xFF, 0xFF, 0xFF, 0x8F, 0x0F, 0x0F, 0x0F,
    0x09, 0x04, 0x04, 0x04, 0x04, 0x07, 0x0F, 0x0F, 0x0F, 0x0F, 0x8F, 0xFF, 0xFF, 0xFF, 0xFF, 0xFF,
    0xFF, 0xFF, 0xFF, 0xFF, 0xBF, 0x0F, 0x0F, 0x0F, 0x08, 0x00, 0x00, 0x00, 0x00, 0x00, 0x00, 0x00,
    0x00, 0x00, 0x00, 0x00, 0x00, 0x00, 0x00, 0x00, 0x00, 0x00, 0x00, 0x00, 0x09, 0x0F, 0x0F, 0x0F,
    0x8F, 0xFF, 0xFF, 0xFF, 0xFF, 0xFF, 0xFF, 0xFF, 0xFF, 0xFF, 0xFF, 0xFF, 0x8F, 0x0F, 0x0F, 0x0F,
    0x0F, 0x0F, 0x0F, 0x0F, 0x0F, 0x0F, 0x0F, 0x0F, 0x0F, 0x4F, 0xFF, 0xFF, 0xFF, 0xFF, 0xFF, 0xFF,
    0xFF, 0xFF, 0xFF, 0xFF, 0xBF, 0x0F, 0x0F, 0x0F, 0x08, 0x00, 0x00, 0x00, 0x00, 0x00, 0x00, 0x00,
    0x00, 0x00, 0x00, 0x00, 0x00, 0x00, 0x00, 0x00, 0x00, 0x00, 0x00, 0x02, 0x0F, 0x0F, 0x0F, 0x0F,
    0xEF, 0xFF, 0xFF, 0xFF, 0xFF, 0xFF, 0xFF, 0xFF, 0xFF, 0xFF, 0xFF, 0xFF, 0x8F, 0x0F, 0x0F, 0x0F,
    0x0F, 0x0F, 0x0F, 0x0F, 0x0F, 0x0F, 0x0F, 0x0F, 0x1F, 0xEF, 0xFF, 0xFF, 0xFF, 0xFF, 0xFF, 0xFF,
    0xFF, 0xFF, 0xFF, 0xFF, 0xBF, 0x0F, 0x0F, 0x0F, 0x08, 0x00, 0x00, 0x00, 0x00, 0x00, 0x00, 0x00,
    0x00, 0x00, 0x00, 0x00, 0x00, 0x00, 0x00, 0x00, 0x00, 0x00, 0x00, 0x08, 0x0F, 0x0F, 0x0F, 0x6F,
    0xFF, 0xFF, 0xFF, 0xFF, 0xFF, 0xFF, 0xFF, 0xFF, 0xFF, 0xFF, 0xFF, 0xFF, 0xDF, 0x0F, 0x0F, 0x0F,
    0x0F, 0x0F, 0x0F, 0x0F, 0x0F, 0x0F, 0x0F, 0x0F, 0xBF, 0xFF, 0xFF, 0xFF, 0xFF, 0xFF, 0xFF, 0xFF,
    0xFF, 0xFF, 0xFF, 0xFF, 0xBF, 0x0F, 0x0F, 0x0F, 0x08, 0x00, 0x00, 0x00, 0x00, 0x00, 0x00, 0x00,
    0x00, 0x00, 0x00, 0x00, 0x00, 0x00, 0x00, 0x00, 0x00, 0x00, 0x00, 0x0D, 0x0F, 0x0F, 0x0F, 0xBF,
    0xFF, 0xFF, 0xFF, 0xFF, 0xFF, 0xFF, 0xFF, 0xFF, 0xFF, 0xFF, 0xFF, 0xFF, 0xFF, 0xDF, 0x8F, 0x8F,
    0x8F, 0x8F, 0x8F, 0x8F, 0x8F, 0x8F, 0x8F, 0xCF, 0xFF, 0xFF, 0xFF, 0xFF, 0xFF, 0xFF, 0xFF, 0xFF,
    0xFF, 0xFF, 0xFF, 0xFF, 0xBF, 0x0F, 0x0F, 0x0F, 0x08, 0x00, 0x00, 0x00, 0x00, 0x00, 0x00, 0x00,
    0x00, 0x00, 0x00, 0x00, 0x00, 0x00, 0x00, 0x00, 0x00, 0x00, 0x05, 0x0F, 0x0F, 0x0F, 0x2F, 0xFF,
    0xFF, 0xFF, 0xFF, 0xFF, 0xFF, 0xFF, 0xFF, 0xFF, 0xFF, 0xFF, 0xFF, 0xFF, 0xFF, 0xFF, 0xFF, 0xFF,
    0xFF, 0xFF, 0xFF, 0xFF, 0xFF, 0xFF, 0xFF, 0xFF, 0xFF, 0xFF, 0xFF, 0xFF, 0xFF, 0xFF, 0xFF, 0xFF,
    0xFF, 0xFF, 0xFF, 0xFF, 0xBF, 0x0F, 0x0F, 0x0F, 0x08, 0x00, 0x00, 0x00, 0x00, 0x00, 0x00, 0x00,
    0x00, 0x00, 0x00, 0x00, 0x00, 0x00, 0x00, 0x00, 0x00, 0x00, 0x0A, 0x0F, 0x0F, 0x0F, 0x9F, 0xFF,
    0xFF, 0xFF, 0xFF, 0xFF, 0xFF, 0xFF, 0xFF, 0xFF, 0xFF, 0xFF, 0xFF, 0xFF, 0xFF, 0xFF, 0xFF, 0xFF,
    0xFF, 0xFF, 0xFF, 0xFF, 0xFF, 0xFF, 0xFF, 0xFF, 0xFF, 0xFF, 0xFF, 0xFF, 0xFF, 0xFF, 0xFF, 0xFF,
    0xFF, 0xFF, 0xFF, 0xFF, 0xBF, 0x0F, 0x0F, 0x0F, 0x08, 0x00, 0x00, 0x00, 0x00, 0x00, 0x00, 0x00,
    0x00, 0x00, 0x00, 0x00, 0x00, 0x00, 0x00, 0x00, 0x00, 0x02, 0x0F, 0x0F, 0x0F, 0x1F, 0xEF, 0xFF,
    0xFF, 0xFF, 0xFF, 0xFF, 0xFF, 0xFF, 0xFF, 0xFF, 0xFF, 0xFF, 0xFF, 0xFF, 0xFF, 0xFF, 0xFF, 0xFF,
    0xFF, 0xFF, 0xFF, 0xFF, 0xFF, 0xFF, 0xFF, 0xFF, 0xFF, 0xFF, 0xFF, 0xFF, 0xFF, 0xFF, 0xFF, 0xFF,
    0xFF, 0xFF, 0xFF, 0xEF, 0x3F, 0x0F, 0x0F, 0x0F, 0x08, 0x00, 0x00, 0x00, 0x00, 0x00, 0x00, 0x00,
    0x00, 0x00, 0x00, 0x00, 0x00, 0x00, 0x00, 0x00, 0x00, 0x08, 0x0F, 0x0F, 0x0F, 0x6F, 0xFF, 0xFF,
    0xFF, 0xFF, 0xFF, 0xFF, 0xFF, 0xFF, 0xFF, 0xFF, 0xFF, 0xFF, 0xFF, 0xFF, 0xFF, 0xFF, 0xFF, 0xFF,
    0xFF, 0xFF, 0xFF, 0xFF, 0xFF, 0xFF, 0xFF, 0xFF, 0xFF, 0xFF, 0xFF, 0xFF, 0xFF, 0xFF, 0xFF, 0xFF,
    0xFF, 0xFF, 0xEF, 0x3F, 0x0F, 0x0F, 0x0F, 0x0F, 0x07, 0x00, 0x00, 0x00, 0x00, 0x00, 0x00, 0x00,
    0x00, 0x00, 0x00, 0x00, 0x00, 0x00, 0x00, 0x00, 0x00, 0x0E, 0x0F, 0x0F, 0x0F, 0xCF, 0xFF, 0xFF,
    0xFF, 0xFF, 0xFF, 0xFF, 0xFF, 0xFF, 0xFF, 0xFF, 0xFF, 0xFF, 0xFF, 0xFF, 0xFF, 0xFF, 0xFF, 0xFF,
    0xFF, 0xFF, 0xFF, 0xFF, 0xFF, 0xFF, 0xFF, 0xFF, 0xFF, 0xFF, 0xFF, 0xFF, 0xFF, 0xFF, 0xFF, 0xFF,
    0xFF, 0xCF, 0x3F, 0x0F, 0x0F, 0x0F, 0x0F, 0x09, 0x00, 0x00, 0x00, 0x00, 0x00, 0x00, 0x00, 0x00,
    0x00, 0x00, 0x00, 0x00, 0x00, 0x00, 0x00, 0x00, 0x06, 0x0F, 0x0F, 0x0F, 0x3F, 0xFF, 0xFF, 0xFF,
    0xFF, 0xFF, 0xFF, 0xFF, 0xFF, 0xFF, 0xFF, 0xFF, 0xFF, 0xFF, 0xFF, 0xFF, 0xFF, 0xFF, 0xFF, 0xFF,
    0xFF, 0xFF, 0xFF, 0xFF, 0xFF, 0xFF, 0xFF, 0xFF, 0xFF, 0xFF, 0xFF, 0xFF, 0xFF, 0xFF, 0xFF, 0xFF,
    0xCF, 0x1F, 0x0F, 0x0F, 0x0F, 0x0F, 0x09, 0x00, 0x00, 0x00, 0x00, 0x00, 0x00, 0x00, 0x00, 0x00,
    0x00, 0x00, 0x00, 0x00, 0x00, 0x00, 0x00, 0x00, 0x0B, 0x0F, 0x0F, 0x0F, 0x9F, 0xFF, 0xFF, 0xFF,
    0xFF, 0xFF, 0xFF, 0xFF, 0xFF, 0xFF, 0xFF, 0xFF, 0xFF, 0xFF, 0xFF, 0xFF, 0xFF, 0xFF, 0xFF, 0xFF,
    0xFF, 0xFF, 0xFF, 0xFF, 0xFF, 0xFF, 0xFF, 0xFF, 0xFF, 0xFF, 0xFF, 0xFF, 0xFF, 0xFF, 0xFF, 0xCF,
    0x1F, 0x0F, 0x0F, 0x0F, 0x0F, 0x08, 0x00, 0x00, 0x00, 0x00, 0x00, 0x00, 0x00, 0x00, 0x00, 0x00,
    0x00, 0x00, 0x00, 0x00, 0x00, 0x00, 0x00, 0x02, 0x0F, 0x0F, 0x0F, 0x0F, 0x7F, 0xCF, 0xFF, 0xFF,
    0xFF, 0xFF, 0xFF, 0xFF, 0xFF, 0xFF, 0xFF, 0xFF, 0xFF, 0xFF, 0xFF, 0xFF, 0xFF, 0xFF, 0xFF, 0xFF,
    0xFF, 0xFF, 0xFF, 0xFF, 0xFF, 0xFF, 0xFF, 0xFF, 0xFF, 0xFF, 0xFF, 0xFF, 0xFF, 0xFF, 0xAF, 0x1F,
    0x0F, 0x0F, 0x0F, 0x0F, 0x06, 0x00, 0x00, 0x00, 0x00, 0x00, 0x00, 0x00, 0x00, 0x00, 0x00, 0x00,
    0x00, 0x00, 0x00, 0x00, 0x00, 0x00, 0x00, 0x04, 0x0F, 0x0F, 0x0F, 0x0F, 0x0F, 0x0F, 0x2F, 0x8F,
    0xDF, 0xFF, 0xFF, 0xFF, 0xFF, 0xFF, 0xFF, 0xFF, 0xFF, 0x7F, 0x4F, 0x4F, 0x7F, 0x8F, 0xBF, 0xCF,
    0xFF, 0xFF, 0xFF, 0xFF, 0xFF, 0xFF, 0xFF, 0xFF, 0xFF, 0xFF, 0xFF, 0xFF, 0xFF, 0x9F, 0x0F, 0x0F,
    0x0F, 0x0F, 0x0F, 0x06, 0x00, 0x00, 0x00, 0x00, 0x00, 0x00, 0x00, 0x00, 0x00, 0x00, 0x00, 0x00,
    0x00, 0x00, 0x00, 0x00, 0x00, 0x00, 0x00, 0x02, 0x0E, 0x0F, 0x0F, 0x0F, 0x0F, 0x0F, 0x0F, 0x0F,
    0x0F, 0x3F, 0x8F, 0xDF, 0xFF, 0xFF, 0xFF, 0xFF, 0x9F, 0x0F, 0x0F, 0x0F, 0x0F, 0x0F, 0x0F, 0x0F,
    0x0F, 0x1F, 0x4F, 0x6F, 0x8F, 0xAF, 0xBF, 0xEF, 0xFF, 0xFF, 0xFF, 0xFF, 0x9F, 0x0F, 0x0F, 0x0F,
    0x0F, 0x0E, 0x06, 0x00, 0x00, 0x00, 0x00, 0x00, 0x00, 0x00, 0x00, 0x00, 0x00, 0x00, 0x00, 0x00,
    0x00, 0x00, 0x00, 0x00, 0x00, 0x00, 0x00, 0x00, 0x01, 0x07, 0x0C, 0x0F, 0x0F, 0x0F, 0x0F, 0x0F,
    0x0F, 0x0F, 0x0F, 0x0F, 0x4F, 0x9F, 0xEF, 0xFF, 0x7F, 0x0F, 0x0F, 0x0F, 0x0F, 0x0F, 0x0F, 0x0F,
    0x0F, 0x0F, 0x0F, 0x0F, 0x0F, 0x0F, 0x0F, 0x0F, 0x0F, 0x4F, 0x5F, 0x7F, 0x0F, 0x0F, 0x0F, 0x0F,
    0x0E, 0x03, 0x00, 0x00, 0x00, 0x00, 0x00, 0x00, 0x00, 0x00, 0x00, 0x00, 0x00, 0x00, 0x00, 0x00,
    0x00, 0x00, 0x00, 0x00, 0x00, 0x00, 0x00, 0x00, 0x00, 0x00, 0x00, 0x02, 0x08, 0x0D, 0x0F, 0x0F,
    0x0F, 0x0F, 0x0F, 0x0F, 0x0F, 0x0F, 0x0F, 0x5F, 0x2F, 0x0F, 0x0F, 0x0F, 0x0F, 0x0F, 0x0F, 0x0F,
    0x0F, 0x0F, 0x0F, 0x0F, 0x0F, 0x0F, 0x0F, 0x0F, 0x0F, 0x0F, 0x0F, 0x0F, 0x0F, 0x0F, 0x0F, 0x0E,
    0x03, 0x00, 0x00, 0x00, 0x00, 0x00, 0x00, 0x00, 0x00, 0x00, 0x00, 0x00, 0x00, 0x00, 0x00, 0x00,
    0x00, 0x00, 0x00, 0x00, 0x00, 0x00, 0x00, 0x00, 0x00, 0x00, 0x00, 0x00, 0x00, 0x00, 0x03, 0x08,
    0x0D, 0x0F, 0x0F, 0x0F, 0x0F, 0x0F, 0x0F, 0x0F, 0x0F, 0x0F, 0x0F, 0x0E, 0x04, 0x06, 0x08, 0x0A,
    0x0B, 0x0E, 0x0F, 0x0F, 0x0F, 0x0F, 0x0F, 0x0F, 0x0F, 0x0F, 0x0F, 0x0F, 0x0F, 0x0F, 0x0D, 0x03,
    0x00, 0x00, 0x00, 0x00, 0x00, 0x00, 0x00, 0x00, 0x00, 0x00, 0x00, 0x00, 0x00, 0x00, 0x00, 0x00,
    0x00, 0x00, 0x00, 0x00, 0x00, 0x00, 0x00, 0x00, 0x00, 0x00, 0x00, 0x00, 0x00, 0x00, 0x00, 0x00,
    0x00, 0x04, 0x09, 0x0E, 0x0F, 0x0F, 0x0F, 0x0F, 0x0F, 0x0F, 0x0F, 0x0B, 0x00, 0x00, 0x00, 0x00,
    0x00, 0x00, 0x00, 0x04, 0x05, 0x08, 0x08, 0x0B, 0x0D, 0x0F, 0x0F, 0x0F, 0x0F, 0x0C, 0x01, 0x00,
    0x00, 0x00, 0x00, 0x00, 0x00, 0x00, 0x00, 0x00, 0x00, 0x00, 0x00, 0x00, 0x00, 0x00, 0x00, 0x00,
    0x00, 0x00, 0x00, 0x00, 0x00, 0x00, 0x00, 0x00, 0x00, 0x00, 0x00, 0x00, 0x00, 0x00, 0x00, 0x00,
    0x00, 0x00, 0x00, 0x00, 0x05, 0x09, 0x0E, 0x0F, 0x0F, 0x0F, 0x0F, 0x08, 0x00, 0x00, 0x00, 0x00,
    0x00, 0x00, 0x00, 0x00, 0x00, 0x00, 0x00, 0x00, 0x00, 0x00, 0x03, 0x04, 0x04, 0x01, 0x00, 0x00,
    0x00, 0x00, 0x00, 0x00, 0x00, 0x00, 0x00, 0x00, 0x00, 0x00, 0x00, 0x00, 0x00, 0x00, 0x00, 0x00,
    0x00, 0x00, 0x00, 0x00, 0x00, 0x00, 0x00, 0x00, 0x00, 0x00, 0x00, 0x00, 0x00, 0x00, 0x00, 0x00,
    0x00, 0x00, 0x00, 0x00, 0x00, 0x00, 0x01, 0x06, 0x0A, 0x0F, 0x0B, 0x01, 0x00, 0x00, 0x00, 0x00,
    0x00, 0x00, 0x00, 0x00, 0x00, 0x00, 0x00, 0x00, 0x00, 0x00, 0x00, 0x00, 0x00, 0x00, 0x00, 0x00,
    0x00, 0x00, 0x00, 0x00, 0x00, 0x00, 0x00, 0x00, 0x00, 0x00, 0x00, 0x00, 0x00, 0x00, 0x00, 0x00,
    0x00, 0x00, 0x00, 0x00, 0x00, 0x00, 0x00, 0x00, 0x00, 0x00, 0x00, 0x00, 0x00, 0x00, 0x00, 0x00,
    0x00, 0x00, 0x00, 0x00, 0x00, 0x00, 0x00, 0x00, 0x00, 0x00, 0x00, 0x00, 0x00, 0x00, 0x00, 0x00,
    0x00, 0x00, 0x00, 0x00, 0x00, 0x00, 0x00, 0x00, 0x00, 0x00, 0x00, 0x00, 0x00, 0x00, 0x00, 0x00,
    0x00, 0x00, 0x00, 0x00, 0x00, 0x00, 0x00, 0x00, 0x00, 0x00, 0x00, 0x00, 0x00, 0x00, 0x00, 0x00,
};
unsigned char D_802A3508_7A1448[] = {
    0x00, 0x00, 0x00, 0x00, 0x00, 0x00, 0x00, 0x00, 0x00, 0x00, 0x00, 0x00, 0x00, 0x00, 0x00, 0x00,
    0x00, 0x00, 0x00, 0x00, 0x00, 0x00, 0x00, 0x00, 0x00, 0x00, 0x00, 0x00, 0x00, 0x00, 0x00, 0x00,
    0x00, 0x00, 0x00, 0x00, 0x00, 0x00, 0x00, 0x00, 0x00, 0x00, 0x00, 0x00, 0x00, 0x00, 0x00, 0x00,
    0x00, 0x00, 0x00, 0x00, 0x00, 0x00, 0x00, 0x00, 0x00, 0x00, 0x00, 0x00, 0x00, 0x00, 0x00, 0x00,
    0x00, 0x00, 0x00, 0x00, 0x00, 0x00, 0x00, 0x00, 0x00, 0x00, 0x00, 0x00, 0x00, 0x00, 0x00, 0x00,
    0x00, 0x00, 0x00, 0x00, 0x00, 0x00, 0x00, 0x00, 0x00, 0x00, 0x00, 0x00, 0x00, 0x00, 0x00, 0x00,
    0x00, 0x00, 0x00, 0x00, 0x00, 0x00, 0x00, 0x00, 0x00, 0x00, 0x00, 0x00, 0x00, 0x00, 0x00, 0x00,
    0x00, 0x00, 0x00, 0x00, 0x00, 0x00, 0x00, 0x00, 0x00, 0x00, 0x00, 0x00, 0x00, 0x00, 0x00, 0x00,
    0x00, 0x00, 0x00, 0x00, 0x00, 0x00, 0x00, 0x00, 0x00, 0x00, 0x00, 0x00, 0x00, 0x00, 0x00, 0x00,
    0x00, 0x00, 0x00, 0x00, 0x00, 0x00, 0x00, 0x00, 0x00, 0x00, 0x00, 0x00, 0x00, 0x00, 0x00, 0x00,
    0x00, 0x00, 0x00, 0x00, 0x00, 0x00, 0x00, 0x00, 0x00, 0x00, 0x00, 0x00, 0x00, 0x00, 0x00, 0x00,
    0x00, 0x00, 0x00, 0x00, 0x00, 0x00, 0x00, 0x00, 0x00, 0x00, 0x00, 0x00, 0x00, 0x00, 0x00, 0x00,
    0x00, 0x00, 0x00, 0x00, 0x00, 0x00, 0x00, 0x00, 0x00, 0x00, 0x00, 0x00, 0x00, 0x00, 0x00, 0x00,
    0x00, 0x00, 0x00, 0x00, 0x00, 0x0F, 0x0F, 0x0F, 0x0F, 0x0F, 0x0F, 0x0F, 0x0F, 0x0F, 0x0F, 0x0F,
    0x0F, 0x0F, 0x0F, 0x0F, 0x0C, 0x01, 0x00, 0x00, 0x00, 0x00, 0x00, 0x00, 0x00, 0x00, 0x00, 0x00,
    0x00, 0x00, 0x00, 0x00, 0x00, 0x00, 0x00, 0x00, 0x00, 0x00, 0x00, 0x00, 0x00, 0x00, 0x00, 0x00,
    0x00, 0x00, 0x00, 0x00, 0x00, 0x00, 0x00, 0x00, 0x00, 0x00, 0x00, 0x00, 0x00, 0x00, 0x00, 0x00,
    0x00, 0x00, 0x00, 0x00, 0x00, 0x0F, 0x0F, 0x0F, 0x3F, 0x4F, 0x1F, 0x0F, 0x0F, 0x0F, 0x0F, 0x0F,
    0x0F, 0x0F, 0x0F, 0x0F, 0x0F, 0x04, 0x00, 0x00, 0x00, 0x00, 0x00, 0x00, 0x00, 0x00, 0x00, 0x00,
    0x00, 0x00, 0x00, 0x00, 0x00, 0x00, 0x00, 0x00, 0x00, 0x00, 0x00, 0x00, 0x00, 0x00, 0x00, 0x00,
    0x00, 0x00, 0x00, 0x00, 0x00, 0x00, 0x00, 0x00, 0x00, 0x00, 0x00, 0x00, 0x00, 0x00, 0x00, 0x00,
    0x00, 0x00, 0x00, 0x00, 0x00, 0x0F, 0x0F, 0x0F, 0xBF, 0xFF, 0xFF, 0xFF, 0xBF, 0xAF, 0x8F, 0x6F,
    0x4F, 0x2F, 0x0F, 0x0F, 0x0F, 0x04, 0x00, 0x00, 0x00, 0x00, 0x00, 0x00, 0x00, 0x00, 0x00, 0x00,
    0x00, 0x00, 0x00, 0x00, 0x00, 0x00, 0x00, 0x00, 0x00, 0x00, 0x00, 0x00, 0x00, 0x00, 0x00, 0x00,
    0x00, 0x00, 0x00, 0x00, 0x00, 0x00, 0x00, 0x00, 0x00, 0x00, 0x00, 0x00, 0x00, 0x00, 0x00, 0x00,
    0x00, 0x00, 0x00, 0x00, 0x00, 0x0F, 0x0F, 0x0F, 0xBF, 0xFF, 0xFF, 0xFF, 0xFF, 0xFF, 0xFF, 0xFF,
    0xFF, 0xBF, 0x0F, 0x0F, 0x0F, 0x00, 0x00, 0x00, 0x00, 0x00, 0x00, 0x00, 0x00, 0x00, 0x00, 0x00,
    0x00, 0x00, 0x00, 0x00, 0x00, 0x00, 0x00, 0x00, 0x00, 0x00, 0x00, 0x00, 0x00, 0x00, 0x00, 0x00,
    0x00, 0x00, 0x00, 0x00, 0x00, 0x00, 0x00, 0x00, 0x00, 0x00, 0x00, 0x00, 0x00, 0x00, 0x00, 0x00,
    0x00, 0x00, 0x00, 0x00, 0x00, 0x0F, 0x0F, 0x0F, 0xBF, 0xFF, 0xFF, 0xFF, 0xFF, 0xFF, 0xFF, 0xFF,
    0xFF, 0x8F, 0x0F, 0x0F, 0x0D, 0x00, 0x00, 0x00, 0x00, 0x00, 0x00, 0x00, 0x00, 0x00, 0x00, 0x00,
    0x00, 0x00, 0x00, 0x00, 0x00, 0x00, 0x00, 0x00, 0x00, 0x00, 0x00, 0x00, 0x00, 0x00, 0x00, 0x00,
    0x00, 0x00, 0x00, 0x00, 0x00, 0x00, 0x00, 0x00, 0x00, 0x00, 0x00, 0x00, 0x00, 0x00, 0x00, 0x00,
    0x00, 0x00, 0x00, 0x00, 0x00, 0x0F, 0x0F, 0x0F, 0xBF, 0xFF, 0xFF, 0xFF, 0xFF, 0xFF, 0xFF, 0xFF,
    0xFF, 0x7F, 0x0F, 0x0F, 0x0B, 0x00, 0x00, 0x00, 0x00, 0x00, 0x00, 0x00, 0x00, 0x00, 0x00, 0x00,
    0x00, 0x00, 0x00, 0x00, 0x00, 0x00, 0x00, 0x00, 0x00, 0x00, 0x00, 0x00, 0x00, 0x00, 0x00, 0x00,
    0x00, 0x00, 0x00, 0x00, 0x00, 0x00, 0x00, 0x00, 0x00, 0x00, 0x00, 0x00, 0x00, 0x00, 0x00, 0x00,
    0x00, 0x00, 0x00, 0x00, 0x00, 0x0F, 0x0F, 0x0F, 0xBF, 0xFF, 0xFF, 0xFF, 0xFF, 0xFF, 0xFF, 0xFF,
    0xFF, 0x4F, 0x0F, 0x0F, 0x08, 0x00, 0x00, 0x00, 0x00, 0x00, 0x00, 0x00, 0x00, 0x00, 0x00, 0x00,
    0x00, 0x00, 0x00, 0x00, 0x00, 0x00, 0x00, 0x00, 0x00, 0x00, 0x00, 0x00, 0x00, 0x00, 0x00, 0x00,
    0x00, 0x00, 0x00, 0x00, 0x00, 0x00, 0x00, 0x00, 0x00, 0x00, 0x00, 0x00, 0x00, 0x00, 0x00, 0x00,
    0x00, 0x00, 0x00, 0x00, 0x00, 0x0F, 0x0F, 0x0F, 0xBF, 0xFF, 0xFF, 0xFF, 0xFF, 0xFF, 0xFF, 0xFF,
    0xFF, 0x1F, 0x0F, 0x0F, 0x08, 0x00, 0x00, 0x00, 0x00, 0x00, 0x00, 0x00, 0x00, 0x00, 0x00, 0x00,
    0x00, 0x00, 0x00, 0x00, 0x00, 0x00, 0x00, 0x00, 0x00, 0x00, 0x00, 0x00, 0x00, 0x00, 0x00, 0x00,
    0x00, 0x00, 0x00, 0x00, 0x00, 0x00, 0x00, 0x00, 0x00, 0x00, 0x00, 0x00, 0x00, 0x00, 0x00, 0x00,
    0x00, 0x00, 0x00, 0x00, 0x00, 0x0F, 0x0F, 0x0F, 0xBF, 0xFF, 0xFF, 0xFF, 0xFF, 0xFF, 0xFF, 0xFF,
    0xFF, 0x0F, 0x0F, 0x0F, 0x04, 0x00, 0x00, 0x00, 0x00, 0x00, 0x00, 0x00, 0x00, 0x00, 0x00, 0x00,
    0x00, 0x00, 0x00, 0x00, 0x00, 0x00, 0x00, 0x00, 0x00, 0x00, 0x00, 0x00, 0x00, 0x00, 0x00, 0x00,
    0x00, 0x00, 0x00, 0x00, 0x00, 0x00, 0x00, 0x00, 0x00, 0x00, 0x00, 0x00, 0x00, 0x00, 0x00, 0x00,
    0x00, 0x00, 0x00, 0x00, 0x00, 0x0F, 0x0F, 0x0F, 0xBF, 0xFF, 0xFF, 0xFF, 0xFF, 0xFF, 0xFF, 0xFF,
    0xBF, 0x0F, 0x0F, 0x0F, 0x02, 0x00, 0x00, 0x00, 0x00, 0x00, 0x00, 0x00, 0x00, 0x00, 0x00, 0x00,
    0x00, 0x00, 0x00, 0x00, 0x00, 0x00, 0x00, 0x00, 0x00, 0x00, 0x00, 0x00, 0x00, 0x00, 0x00, 0x00,
    0x00, 0x00, 0x00, 0x00, 0x00, 0x00, 0x00, 0x00, 0x00, 0x00, 0x00, 0x00, 0x00, 0x00, 0x00, 0x00,
    0x00, 0x00, 0x00, 0x00, 0x00, 0x0F, 0x0F, 0x0F, 0xBF, 0xFF, 0xFF, 0xFF, 0xFF, 0xFF, 0xFF, 0xFF,
    0xAF, 0x0F, 0x0F, 0x0F, 0x00, 0x00, 0x00, 0x00, 0x00, 0x00, 0x00, 0x00, 0x00, 0x00, 0x00, 0x00,
    0x00, 0x00, 0x00, 0x00, 0x00, 0x00, 0x00, 0x00, 0x00, 0x00, 0x00, 0x00, 0x00, 0x00, 0x00, 0x00,
    0x00, 0x00, 0x00, 0x00, 0x00, 0x00, 0x00, 0x00, 0x00, 0x00, 0x00, 0x00, 0x00, 0x00, 0x00, 0x00,
    0x00, 0x00, 0x00, 0x00, 0x00, 0x0F, 0x0F, 0x0F, 0x6F, 0x8F, 0x8F, 0x8F, 0x8F, 0x8F, 0x8F, 0x8F,
    0x4F, 0x0F, 0x0F, 0x0C, 0x00, 0x00, 0x00, 0x00, 0x00, 0x00, 0x00, 0x00, 0x00, 0x00, 0x00, 0x00,
    0x00, 0x00, 0x00, 0x00, 0x00, 0x00, 0x00, 0x00, 0x00, 0x00, 0x00, 0x00, 0x00, 0x00, 0x00, 0x00,
    0x00, 0x00, 0x00, 0x00, 0x00, 0x00, 0x00, 0x00, 0x00, 0x00, 0x00, 0x00, 0x00, 0x00, 0x00, 0x00,
    0x00, 0x00, 0x00, 0x00, 0x00, 0x0F, 0x0F, 0x0F, 0x0F, 0x0F, 0x0F, 0x0F, 0x0F, 0x0F, 0x0F, 0x0F,
    0x0F, 0x0F, 0x0F, 0x0B, 0x00, 0x00, 0x00, 0x00, 0x00, 0x00, 0x00, 0x00, 0x00, 0x00, 0x00, 0x00,
    0x00, 0x00, 0x00, 0x00, 0x00, 0x00, 0x00, 0x00, 0x00, 0x00, 0x00, 0x00, 0x00, 0x00, 0x00, 0x00,
    0x00, 0x00, 0x00, 0x00, 0x00, 0x00, 0x00, 0x00, 0x00, 0x00, 0x00, 0x00, 0x00, 0x00, 0x00, 0x00,
    0x00, 0x00, 0x00, 0x00, 0x00, 0x0F, 0x0F, 0x0F, 0x0F, 0x0F, 0x0F, 0x0F, 0x0F, 0x0F, 0x0F, 0x0F,
    0x0F, 0x0F, 0x0F, 0x08, 0x00, 0x00, 0x00, 0x00, 0x00, 0x00, 0x00, 0x00, 0x00, 0x00, 0x00, 0x00,
    0x00, 0x00, 0x00, 0x00, 0x00, 0x00, 0x00, 0x00, 0x00, 0x00, 0x00, 0x00, 0x00, 0x00, 0x00, 0x00,
    0x00, 0x00, 0x00, 0x00, 0x00, 0x00, 0x00, 0x00, 0x00, 0x00, 0x00, 0x00, 0x00, 0x00, 0x00, 0x00,
    0x00, 0x00, 0x00, 0x00, 0x00, 0x05, 0x0B, 0x0B, 0x0B, 0x0B, 0x0B, 0x0B, 0x0B, 0x0B, 0x0B, 0x0B,
    0x0B, 0x0B, 0x09, 0x01, 0x00, 0x00, 0x00, 0x00, 0x00, 0x00, 0x00, 0x00, 0x00, 0x00, 0x00, 0x00,
    0x00, 0x00, 0x00, 0x00, 0x00, 0x00, 0x00, 0x00, 0x00, 0x00, 0x00, 0x00, 0x00, 0x00, 0x00, 0x00,
    0x00, 0x00, 0x00, 0x00, 0x00, 0x00, 0x00, 0x00, 0x00, 0x00, 0x00, 0x00, 0x00, 0x00, 0x00, 0x00,
    0x00, 0x00, 0x00, 0x00, 0x00, 0x00, 0x00, 0x00, 0x00, 0x00, 0x00, 0x00, 0x00, 0x00, 0x00, 0x00,
    0x00, 0x00, 0x00, 0x00, 0x00, 0x00, 0x00, 0x00, 0x00, 0x00, 0x00, 0x00, 0x00, 0x00, 0x00, 0x00,
    0x00, 0x00, 0x00, 0x00, 0x00, 0x00, 0x00, 0x00, 0x00, 0x00, 0x00, 0x00, 0x00, 0x00, 0x00, 0x00,
    0x00, 0x00, 0x00, 0x00, 0x00, 0x00, 0x00, 0x00, 0x00, 0x00, 0x00, 0x00, 0x00, 0x00, 0x00, 0x00,
    0x00, 0x00, 0x00, 0x00, 0x00, 0x00, 0x00, 0x00, 0x00, 0x00, 0x00, 0x00, 0x00, 0x00, 0x00, 0x00,
    0x00, 0x00, 0x00, 0x00, 0x00, 0x00, 0x00, 0x00, 0x00, 0x00, 0x00, 0x00, 0x00, 0x00, 0x00, 0x00,
    0x00, 0x00, 0x00, 0x00, 0x00, 0x00, 0x00, 0x00, 0x00, 0x00, 0x00, 0x00, 0x00, 0x00, 0x00, 0x00,
    0x00, 0x00, 0x00, 0x00, 0x00, 0x00, 0x00, 0x00, 0x00, 0x00, 0x00, 0x00, 0x00, 0x00, 0x00, 0x00,
    0x00, 0x00, 0x00, 0x00, 0x00, 0x05, 0x0B, 0x0B, 0x0B, 0x0B, 0x09, 0x08, 0x08, 0x08, 0x08, 0x06,
    0x04, 0x04, 0x03, 0x00, 0x00, 0x00, 0x00, 0x00, 0x00, 0x00, 0x00, 0x00, 0x00, 0x00, 0x00, 0x00,
    0x00, 0x00, 0x00, 0x00, 0x00, 0x00, 0x00, 0x00, 0x00, 0x00, 0x00, 0x00, 0x00, 0x00, 0x00, 0x00,
    0x00, 0x00, 0x00, 0x00, 0x00, 0x00, 0x00, 0x00, 0x00, 0x00, 0x00, 0x00, 0x00, 0x00, 0x00, 0x00,
    0x00, 0x00, 0x00, 0x00, 0x00, 0x0E, 0x0F, 0x0F, 0x0F, 0x0F, 0x0F, 0x0F, 0x0F, 0x0F, 0x0F, 0x0F,
    0x0F, 0x0F, 0x0F, 0x05, 0x00, 0x00, 0x00, 0x00, 0x00, 0x00, 0x00, 0x00, 0x00, 0x00, 0x00, 0x00,
    0x00, 0x00, 0x00, 0x00, 0x00, 0x00, 0x00, 0x00, 0x00, 0x00, 0x00, 0x00, 0x00, 0x00, 0x00, 0x00,
    0x00, 0x00, 0x00, 0x00, 0x00, 0x00, 0x00, 0x00, 0x00, 0x00, 0x00, 0x00, 0x00, 0x00, 0x00, 0x00,
    0x00, 0x00, 0x00, 0x00, 0x00, 0x0F, 0x0F, 0x0F, 0x0F, 0x0F, 0x0F, 0x0F, 0x0F, 0x0F, 0x0F, 0x0F,
    0x0F, 0x0F, 0x0F, 0x0A, 0x00, 0x00, 0x00, 0x00, 0x00, 0x00, 0x00, 0x00, 0x00, 0x00, 0x00, 0x00,
    0x00, 0x00, 0x00, 0x00, 0x00, 0x00, 0x00, 0x00, 0x00, 0x00, 0x00, 0x00, 0x00, 0x00, 0x00, 0x00,
    0x00, 0x00, 0x00, 0x00, 0x00, 0x00, 0x00, 0x00, 0x00, 0x00, 0x00, 0x00, 0x00, 0x00, 0x00, 0x00,
    0x00, 0x00, 0x00, 0x00, 0x00, 0x0F, 0x0F, 0x0F, 0x6F, 0x8F, 0x6F, 0x4F, 0x4F, 0x4F, 0x4F, 0x3F,
    0x0F, 0x0F, 0x0F, 0x0F, 0x01, 0x00, 0x00, 0x00, 0x00, 0x00, 0x00, 0x00, 0x00, 0x00, 0x00, 0x00,
    0x00, 0x00, 0x00, 0x00, 0x00, 0x00, 0x00, 0x00, 0x00, 0x00, 0x00, 0x00, 0x00, 0x00, 0x00, 0x00,
    0x00, 0x00, 0x00, 0x00, 0x00, 0x00, 0x00, 0x00, 0x00, 0x00, 0x00, 0x00, 0x00, 0x00, 0x00, 0x00,
    0x00, 0x00, 0x00, 0x00, 0x00, 0x0F, 0x0F, 0x0F, 0xBF, 0xFF, 0xFF, 0xFF, 0xFF, 0xFF, 0xFF, 0xFF,
    0xDF, 0x0F, 0x0F, 0x0F, 0x07, 0x00, 0x00, 0x00, 0x00, 0x00, 0x00, 0x00, 0x00, 0x00, 0x00, 0x00,
    0x00, 0x00, 0x00, 0x00, 0x00, 0x00, 0x00, 0x00, 0x00, 0x00, 0x00, 0x00, 0x00, 0x00, 0x00, 0x00,
    0x00, 0x00, 0x00, 0x00, 0x00, 0x00, 0x00, 0x00, 0x00, 0x00, 0x00, 0x00, 0x00, 0x00, 0x00, 0x00,
    0x00, 0x00, 0x00, 0x00, 0x00, 0x0F, 0x0F, 0x0F, 0xBF, 0xFF, 0xFF, 0xFF, 0xFF, 0xFF, 0xFF, 0xFF,
    0xFF, 0x3F, 0x0F, 0x0F, 0x0C, 0x00, 0x00, 0x00, 0x00, 0x00, 0x00, 0x00, 0x00, 0x00, 0x00, 0x00,
    0x00, 0x00, 0x00, 0x00, 0x00, 0x00, 0x00, 0x00, 0x00, 0x00, 0x00, 0x00, 0x00, 0x00, 0x00, 0x00,
    0x00, 0x00, 0x00, 0x00, 0x00, 0x00, 0x00, 0x00, 0x00, 0x00, 0x00, 0x00, 0x00, 0x00, 0x00, 0x00,
    0x00, 0x00, 0x00, 0x00, 0x00, 0x0F, 0x0F, 0x0F, 0xBF, 0xFF, 0xFF, 0xFF, 0xFF, 0xFF, 0xFF, 0xFF,
    0xFF, 0x9F, 0x0F, 0x0F, 0x0F, 0x02, 0x00, 0x00, 0x00, 0x00, 0x00, 0x00, 0x00, 0x00, 0x00, 0x00,
    0x00, 0x00, 0x00, 0x00, 0x00, 0x00, 0x00, 0x00, 0x00, 0x00, 0x00, 0x00, 0x00, 0x00, 0x00, 0x00,
    0x00, 0x00, 0x00, 0x00, 0x00, 0x00, 0x00, 0x00, 0x00, 0x00, 0x00, 0x00, 0x00, 0x00, 0x00, 0x00,
    0x00, 0x00, 0x00, 0x00, 0x00, 0x0F, 0x0F, 0x0F, 0xBF, 0xFF, 0xFF, 0xFF, 0xFF, 0xFF, 0xFF, 0xFF,
    0xFF, 0xEF, 0x0F, 0x0F, 0x0F, 0x07, 0x00, 0x00, 0x00, 0x00, 0x00, 0x00, 0x00, 0x00, 0x00, 0x00,
    0x00, 0x00, 0x00, 0x00, 0x00, 0x00, 0x00, 0x00, 0x00, 0x00, 0x00, 0x00, 0x00, 0x00, 0x00, 0x00,
    0x00, 0x00, 0x00, 0x00, 0x00, 0x00, 0x00, 0x00, 0x00, 0x00, 0x00, 0x00, 0x00, 0x00, 0x00, 0x00,
    0x00, 0x00, 0x00, 0x00, 0x00, 0x0F, 0x0F, 0x0F, 0xBF, 0xFF, 0xFF, 0xFF, 0xFF, 0xFF, 0xFF, 0xFF,
    0xFF, 0xFF, 0x5F, 0x0F, 0x0F, 0x0C, 0x00, 0x00, 0x00, 0x00, 0x00, 0x00, 0x00, 0x00, 0x00, 0x00,
    0x00, 0x00, 0x00, 0x00, 0x00, 0x00, 0x00, 0x00, 0x00, 0x00, 0x00, 0x00, 0x00, 0x00, 0x00, 0x00,
    0x00, 0x00, 0x00, 0x00, 0x00, 0x00, 0x00, 0x00, 0x00, 0x00, 0x00, 0x00, 0x00, 0x00, 0x00, 0x00,
    0x00, 0x00, 0x00, 0x00, 0x00, 0x0F, 0x0F, 0x0F, 0xBF, 0xFF, 0xFF, 0xFF, 0xFF, 0xFF, 0xFF, 0xFF,
    0xFF, 0xFF, 0x9F, 0x0F, 0x0F, 0x0F, 0x02, 0x00, 0x00, 0x00, 0x00, 0x00, 0x00, 0x00, 0x00, 0x00,
    0x00, 0x00, 0x00, 0x00, 0x00, 0x00, 0x00, 0x00, 0x00, 0x00, 0x00, 0x00, 0x00, 0x00, 0x00, 0x00,
    0x00, 0x00, 0x00, 0x00, 0x00, 0x00, 0x00, 0x00, 0x00, 0x00, 0x00, 0x00, 0x00, 0x00, 0x00, 0x00,
    0x00, 0x00, 0x00, 0x00, 0x00, 0x0F, 0x0F, 0x0F, 0xBF, 0xFF, 0xFF, 0xFF, 0xFF, 0xFF, 0xFF, 0xFF,
    0xFF, 0xFF, 0xEF, 0x0F, 0x0F, 0x0F, 0x07, 0x00, 0x00, 0x00, 0x00, 0x00, 0x00, 0x00, 0x00, 0x00,
    0x00, 0x00, 0x00, 0x00, 0x00, 0x00, 0x00, 0x00, 0x00, 0x00, 0x00, 0x00, 0x00, 0x00, 0x00, 0x00,
    0x00, 0x00, 0x00, 0x00, 0x00, 0x00, 0x00, 0x00, 0x00, 0x00, 0x00, 0x00, 0x00, 0x00, 0x00, 0x00,
    0x00, 0x00, 0x00, 0x00, 0x00, 0x0F, 0x0F, 0x0F, 0xBF, 0xFF, 0xFF, 0xFF, 0xFF, 0xFF, 0xFF, 0xFF,
    0xFF, 0xFF, 0xFF, 0x5F, 0x0F, 0x0F, 0x0D, 0x00, 0x00, 0x00, 0x00, 0x00, 0x00, 0x00, 0x00, 0x00,
    0x00, 0x00, 0x00, 0x00, 0x00, 0x00, 0x00, 0x00, 0x00, 0x00, 0x00, 0x00, 0x00, 0x00, 0x00, 0x00,
    0x00, 0x00, 0x00, 0x00, 0x00, 0x00, 0x00, 0x00, 0x00, 0x00, 0x00, 0x00, 0x00, 0x00, 0x00, 0x00,
    0x00, 0x00, 0x00, 0x00, 0x00, 0x0F, 0x0F, 0x0F, 0xBF, 0xFF, 0xFF, 0xFF, 0xFF, 0xFF, 0xFF, 0xFF,
    0xFF, 0xFF, 0xFF, 0x9F, 0x0F, 0x0F, 0x0F, 0x03, 0x00, 0x00, 0x00, 0x00, 0x00, 0x00, 0x00, 0x00,
    0x00, 0x00, 0x00, 0x00, 0x00, 0x00, 0x00, 0x00, 0x00, 0x00, 0x00, 0x00, 0x00, 0x00, 0x00, 0x00,
    0x00, 0x00, 0x00, 0x00, 0x00, 0x00, 0x00, 0x00, 0x00, 0x00, 0x00, 0x00, 0x00, 0x00, 0x00, 0x00,
    0x00, 0x00, 0x00, 0x00, 0x00, 0x0F, 0x0F, 0x0F, 0xBF, 0xFF, 0xFF, 0xFF, 0xFF, 0xFF, 0xFF, 0xFF,
    0xFF, 0xFF, 0xFF, 0xFF, 0x1F, 0x0F, 0x0F, 0x08, 0x00, 0x00, 0x00, 0x00, 0x00, 0x00, 0x00, 0x00,
    0x00, 0x00, 0x00, 0x00, 0x00, 0x00, 0x00, 0x00, 0x00, 0x00, 0x00, 0x00, 0x00, 0x00, 0x00, 0x00,
    0x00, 0x00, 0x00, 0x00, 0x00, 0x00, 0x00, 0x00, 0x00, 0x00, 0x00, 0x00, 0x00, 0x00, 0x00, 0x00,
    0x00, 0x00, 0x00, 0x00, 0x00, 0x0F, 0x0F, 0x0F, 0xBF, 0xFF, 0xFF, 0xFF, 0xFF, 0xFF, 0xFF, 0xFF,
    0xFF, 0xFF, 0xFF, 0xFF, 0x6F, 0x0F, 0x0F, 0x0D, 0x00, 0x00, 0x00, 0x00, 0x00, 0x00, 0x00, 0x00,
    0x00, 0x00, 0x00, 0x00, 0x00, 0x00, 0x00, 0x00, 0x00, 0x00, 0x00, 0x00, 0x00, 0x00, 0x00, 0x00,
    0x00, 0x00, 0x00, 0x00, 0x00, 0x00, 0x00, 0x00, 0x00, 0x00, 0x00, 0x00, 0x00, 0x00, 0x00, 0x00,
    0x00, 0x00, 0x00, 0x00, 0x00, 0x0F, 0x0F, 0x0F, 0xBF, 0xFF, 0xFF, 0xFF, 0xFF, 0xFF, 0xFF, 0xFF,
    0xFF, 0xFF, 0xFF, 0xFF, 0xAF, 0x0F, 0x0F, 0x0F, 0x03, 0x00, 0x00, 0x00, 0x00, 0x00, 0x00, 0x00,
    0x00, 0x00, 0x00, 0x00, 0x00, 0x00, 0x00, 0x00, 0x00, 0x00, 0x00, 0x00, 0x00, 0x00, 0x00, 0x00,
    0x00, 0x00, 0x00, 0x00, 0x00, 0x00, 0x00, 0x00, 0x00, 0x00, 0x00, 0x00, 0x00, 0x00, 0x00, 0x00,
    0x00, 0x00, 0x00, 0x00, 0x00, 0x0F, 0x0F, 0x0F, 0xBF, 0xFF, 0xFF, 0xFF, 0xFF, 0xFF, 0xFF, 0xFF,
    0xFF, 0xFF, 0xFF, 0xFF, 0xFF, 0x1F, 0x0F, 0x0F, 0x08, 0x00, 0x00, 0x00, 0x00, 0x00, 0x00, 0x00,
    0x00, 0x00, 0x00, 0x00, 0x00, 0x00, 0x00, 0x00, 0x00, 0x00, 0x00, 0x00, 0x00, 0x00, 0x00, 0x00,
    0x00, 0x00, 0x00, 0x00, 0x00, 0x00, 0x00, 0x00, 0x00, 0x00, 0x00, 0x00, 0x00, 0x00, 0x00, 0x00,
    0x00, 0x00, 0x00, 0x00, 0x00, 0x0F, 0x0F, 0x0F, 0xBF, 0xFF, 0xFF, 0xFF, 0xFF, 0xFF, 0xFF, 0xFF,
    0xFF, 0xFF, 0xFF, 0xFF, 0xFF, 0x6F, 0x0F, 0x0F, 0x0D, 0x00, 0x00, 0x00, 0x00, 0x00, 0x00, 0x00,
    0x00, 0x00, 0x00, 0x00, 0x00, 0x00, 0x00, 0x00, 0x00, 0x00, 0x00, 0x00, 0x00, 0x00, 0x00, 0x00,
    0x00, 0x00, 0x00, 0x00, 0x00, 0x00, 0x00, 0x00, 0x00, 0x00, 0x00, 0x00, 0x00, 0x00, 0x00, 0x00,
    0x00, 0x00, 0x00, 0x00, 0x00, 0x0F, 0x0F, 0x0F, 0xBF, 0xFF, 0xFF, 0xFF, 0xFF, 0xFF, 0xFF, 0xFF,
    0xFF, 0xFF, 0xFF, 0xFF, 0xFF, 0xAF, 0x0F, 0x0F, 0x0F, 0x05, 0x00, 0x00, 0x00, 0x00, 0x00, 0x00,
    0x00, 0x00, 0x00, 0x00, 0x00, 0x00, 0x00, 0x00, 0x00, 0x00, 0x00, 0x00, 0x00, 0x00, 0x00, 0x00,
    0x00, 0x00, 0x00, 0x00, 0x00, 0x00, 0x00, 0x00, 0x00, 0x00, 0x00, 0x00, 0x00, 0x00, 0x00, 0x00,
    0x00, 0x00, 0x00, 0x00, 0x00, 0x0F, 0x0F, 0x0F, 0xBF, 0xFF, 0xFF, 0xFF, 0xFF, 0xFF, 0xFF, 0xFF,
    0xFF, 0xFF, 0xFF, 0xFF, 0xFF, 0xFF, 0x1F, 0x0F, 0x0F, 0x09, 0x00, 0x00, 0x00, 0x00, 0x00, 0x00,
    0x00, 0x00, 0x00, 0x00, 0x00, 0x00, 0x00, 0x00, 0x00, 0x00, 0x00, 0x00, 0x00, 0x00, 0x00, 0x00,
    0x00, 0x00, 0x00, 0x00, 0x00, 0x00, 0x00, 0x00, 0x00, 0x00, 0x00, 0x00, 0x00, 0x00, 0x00, 0x00,
    0x00, 0x00, 0x00, 0x00, 0x00, 0x0F, 0x0F, 0x0F, 0xBF, 0xFF, 0xFF, 0xFF, 0xFF, 0xFF, 0xFF, 0xFF,
    0xFF, 0xFF, 0xFF, 0xFF, 0xFF, 0xFF, 0x7F, 0x0F, 0x0F, 0x0E, 0x00, 0x00, 0x00, 0x00, 0x00, 0x00,
    0x00, 0x00, 0x00, 0x00, 0x00, 0x00, 0x00, 0x00, 0x00, 0x00, 0x00, 0x00, 0x00, 0x00, 0x00, 0x00,
    0x00, 0x00, 0x00, 0x00, 0x00, 0x00, 0x00, 0x00, 0x00, 0x00, 0x00, 0x00, 0x00, 0x00, 0x00, 0x00,
    0x00, 0x00, 0x00, 0x00, 0x00, 0x0F, 0x0F, 0x0F, 0xBF, 0xFF, 0xFF, 0xFF, 0xFF, 0xFF, 0xFF, 0xFF,
    0xFF, 0xFF, 0xFF, 0xFF, 0xFF, 0xFF, 0xBF, 0x0F, 0x0F, 0x0F, 0x01, 0x00, 0x00, 0x00, 0x00, 0x00,
    0x00, 0x00, 0x00, 0x00, 0x00, 0x00, 0x00, 0x00, 0x00, 0x00, 0x00, 0x00, 0x00, 0x00, 0x00, 0x00,
    0x00, 0x00, 0x00, 0x00, 0x00, 0x00, 0x00, 0x00, 0x00, 0x00, 0x00, 0x00, 0x00, 0x00, 0x00, 0x00,
    0x00, 0x00, 0x00, 0x00, 0x00, 0x0F, 0x0F, 0x0F, 0xBF, 0xFF, 0xFF, 0xFF, 0xFF, 0xFF, 0xFF, 0xFF,
    0xFF, 0xFF, 0xFF, 0xFF, 0xFF, 0xFF, 0xEF, 0x0F, 0x0F, 0x0F, 0x04, 0x00, 0x00, 0x00, 0x00, 0x00,
    0x00, 0x00, 0x00, 0x00, 0x00, 0x00, 0x00, 0x00, 0x00, 0x00, 0x00, 0x00, 0x00, 0x00, 0x00, 0x00,
    0x00, 0x00, 0x00, 0x00, 0x00, 0x00, 0x00, 0x00, 0x00, 0x00, 0x00, 0x00, 0x00, 0x00, 0x00, 0x00,
    0x00, 0x00, 0x00, 0x00, 0x00, 0x0F, 0x0F, 0x0F, 0xBF, 0xFF, 0xFF, 0xFF, 0xFF, 0xFF, 0xFF, 0xFF,
    0xFF, 0xFF, 0xFF, 0xFF, 0xFF, 0xFF, 0xFF, 0x1F, 0x0F, 0x0F, 0x08, 0x00, 0x00, 0x00, 0x00, 0x00,
    0x00, 0x00, 0x00, 0x00, 0x00, 0x00, 0x00, 0x00, 0x00, 0x00, 0x00, 0x00, 0x00, 0x00, 0x00, 0x00,
    0x00, 0x00, 0x00, 0x00, 0x00, 0x00, 0x00, 0x00, 0x00, 0x00, 0x00, 0x00, 0x00, 0x00, 0x00, 0x00,
    0x00, 0x00, 0x00, 0x00, 0x00, 0x0F, 0x0F, 0x0F, 0xBF, 0xFF, 0xFF, 0xFF, 0xFF, 0xFF, 0xFF, 0xFF,
    0xFF, 0xFF, 0xFF, 0xFF, 0xFF, 0xFF, 0xFF, 0x4F, 0x0F, 0x0F, 0x09, 0x00, 0x00, 0x00, 0x00, 0x00,
    0x00, 0x00, 0x00, 0x00, 0x00, 0x00, 0x00, 0x00, 0x00, 0x00, 0x00, 0x00, 0x00, 0x00, 0x00, 0x00,
    0x00, 0x00, 0x00, 0x00, 0x00, 0x00, 0x00, 0x00, 0x00, 0x00, 0x00, 0x00, 0x00, 0x00, 0x00, 0x00,
    0x00, 0x00, 0x00, 0x00, 0x00, 0x0F, 0x0F, 0x0F, 0xBF, 0xFF, 0xFF, 0xFF, 0xFF, 0xFF, 0xFF, 0xFF,
    0xFF, 0xFF, 0xFF, 0xFF, 0xFF, 0xFF, 0xFF, 0x8F, 0x0F, 0x0F, 0x0C, 0x00, 0x00, 0x00, 0x00, 0x00,
    0x00, 0x00, 0x00, 0x00, 0x00, 0x00, 0x00, 0x00, 0x00, 0x00, 0x00, 0x00, 0x00, 0x00, 0x00, 0x00,
    0x00, 0x00, 0x00, 0x00, 0x00, 0x00, 0x00, 0x00, 0x00, 0x00, 0x00, 0x00, 0x00, 0x00, 0x00, 0x00,
    0x00, 0x00, 0x00, 0x00, 0x00, 0x0F, 0x0F, 0x0F, 0xBF, 0xFF, 0xFF, 0xFF, 0xFF, 0xFF, 0xFF, 0xFF,
    0xFF, 0xFF, 0xFF, 0xFF, 0xFF, 0xFF, 0xFF, 0x9F, 0x0F, 0x0F, 0x0F, 0x00, 0x00, 0x00, 0x00, 0x00,
    0x00, 0x00, 0x00, 0x00, 0x00, 0x00, 0x00, 0x00, 0x00, 0x00, 0x00, 0x00, 0x00, 0x00, 0x00, 0x00,
    0x00, 0x00, 0x00, 0x00, 0x00, 0x00, 0x00, 0x00, 0x00, 0x00, 0x00, 0x00, 0x00, 0x00, 0x00, 0x00,
    0x00, 0x00, 0x00, 0x00, 0x00, 0x0F, 0x0F, 0x0F, 0xBF, 0xFF, 0xFF, 0xFF, 0xFF, 0xFF, 0xFF, 0xFF,
    0xFF, 0xFF, 0xFF, 0xFF, 0xFF, 0xFF, 0xFF, 0xCF, 0x0F, 0x0F, 0x0F, 0x04, 0x00, 0x00, 0x00, 0x00,
    0x00, 0x00, 0x00, 0x00, 0x00, 0x00, 0x00, 0x00, 0x00, 0x00, 0x00, 0x00, 0x00, 0x00, 0x00, 0x00,
    0x00, 0x00, 0x00, 0x00, 0x00, 0x00, 0x00, 0x00, 0x00, 0x00, 0x00, 0x00, 0x00, 0x00, 0x00, 0x00,
    0x00, 0x00, 0x00, 0x00, 0x00, 0x0F, 0x0F, 0x0F, 0xBF, 0xFF, 0xFF, 0xFF, 0xFF, 0xFF, 0xFF, 0xFF,
    0xFF, 0xFF, 0xFF, 0xFF, 0xFF, 0xFF, 0xFF, 0xFF, 0x0F, 0x0F, 0x0F, 0x06, 0x00, 0x00, 0x00, 0x00,
    0x00, 0x00, 0x00, 0x00, 0x00, 0x00, 0x00, 0x00, 0x00, 0x00, 0x00, 0x00, 0x00, 0x00, 0x00, 0x00,
    0x00, 0x00, 0x00, 0x00, 0x00, 0x00, 0x00, 0x00, 0x00, 0x00, 0x00, 0x00, 0x00, 0x00, 0x00, 0x00,
    0x00, 0x00, 0x00, 0x00, 0x00, 0x0F, 0x0F, 0x0F, 0xBF, 0xFF, 0xFF, 0xFF, 0xFF, 0xFF, 0xFF, 0xFF,
    0xFF, 0xFF, 0xFF, 0xFF, 0xFF, 0xFF, 0xFF, 0xFF, 0x4F, 0x0F, 0x0F, 0x08, 0x00, 0x00, 0x00, 0x00,
    0x00, 0x00, 0x00, 0x00, 0x00, 0x00, 0x00, 0x00, 0x00, 0x00, 0x00, 0x00, 0x00, 0x00, 0x00, 0x00,
    0x00, 0x00, 0x00, 0x00, 0x00, 0x00, 0x00, 0x00, 0x00, 0x00, 0x00, 0x00, 0x00, 0x00, 0x00, 0x00,
    0x00, 0x00, 0x00, 0x00, 0x00, 0x0F, 0x0F, 0x0F, 0xBF, 0xFF, 0xFF, 0xFF, 0xFF, 0xFF, 0xFF, 0xFF,
    0xFF, 0xFF, 0xFF, 0xFF, 0xFF, 0xFF, 0xFF, 0xFF, 0x6F, 0x0F, 0x0F, 0x0B, 0x00, 0x00, 0x00, 0x00,
    0x00, 0x00, 0x00, 0x00, 0x00, 0x00, 0x00, 0x00, 0x00, 0x00, 0x00, 0x00, 0x00, 0x00, 0x00, 0x00,
    0x00, 0x00, 0x00, 0x00, 0x00, 0x00, 0x00, 0x00, 0x00, 0x00, 0x00, 0x00, 0x00, 0x00, 0x00, 0x00,
    0x00, 0x00, 0x00, 0x00, 0x00, 0x0F, 0x0F, 0x0F, 0xBF, 0xFF, 0xFF, 0xFF, 0xFF, 0xFF, 0xFF, 0xFF,
    0xFF, 0xFF, 0xFF, 0xFF, 0xFF, 0xFF, 0xFF, 0xBF, 0x3F, 0x0F, 0x0F, 0x0E, 0x00, 0x00, 0x00, 0x00,
    0x00, 0x00, 0x00, 0x00, 0x00, 0x00, 0x00, 0x00, 0x00, 0x00, 0x00, 0x00, 0x00, 0x00, 0x00, 0x00,
    0x00, 0x00, 0x00, 0x00, 0x00, 0x00, 0x00, 0x00, 0x00, 0x00, 0x00, 0x00, 0x00, 0x00, 0x00, 0x00,
    0x00, 0x00, 0x00, 0x00, 0x00, 0x0F, 0x0F, 0x0F, 0xBF, 0xFF, 0xFF, 0xFF, 0xFF, 0xFF, 0xFF, 0xFF,
    0xFF, 0xFF, 0xFF, 0xFF, 0xFF, 0x9F, 0x3F, 0x0F, 0x0F, 0x0F, 0x0F, 0x0F, 0x00, 0x00, 0x00, 0x00,
    0x00, 0x00, 0x00, 0x00, 0x00, 0x00, 0x00, 0x00, 0x00, 0x00, 0x00, 0x00, 0x00, 0x00, 0x00, 0x00,
    0x00, 0x00, 0x00, 0x00, 0x00, 0x00, 0x00, 0x00, 0x00, 0x00, 0x00, 0x00, 0x00, 0x00, 0x00, 0x00,
    0x00, 0x00, 0x00, 0x00, 0x00, 0x0F, 0x0F, 0x0F, 0xBF, 0xFF, 0xFF, 0xFF, 0xFF, 0xFF, 0xFF, 0xFF,
    0xFF, 0xFF, 0xEF, 0x8F, 0x2F, 0x0F, 0x0F, 0x0F, 0x0F, 0x0F, 0x0F, 0x08, 0x00, 0x00, 0x00, 0x00,
    0x00, 0x00, 0x00, 0x00, 0x00, 0x00, 0x00, 0x00, 0x00, 0x00, 0x00, 0x00, 0x00, 0x00, 0x00, 0x00,
    0x00, 0x00, 0x00, 0x00, 0x00, 0x00, 0x00, 0x00, 0x00, 0x00, 0x00, 0x00, 0x00, 0x00, 0x00, 0x00,
    0x00, 0x00, 0x00, 0x00, 0x00, 0x0F, 0x0F, 0x0F, 0xBF, 0xFF, 0xFF, 0xFF, 0xFF, 0xFF, 0xFF, 0xFF,
    0xDF, 0x6F, 0x0F, 0x0F, 0x0F, 0x0F, 0x0F, 0x0F, 0x0E, 0x08, 0x01, 0x00, 0x00, 0x00, 0x00, 0x00,
    0x00, 0x00, 0x00, 0x00, 0x00, 0x00, 0x00, 0x00, 0x00, 0x00, 0x00, 0x00, 0x00, 0x00, 0x00, 0x00,
    0x00, 0x00, 0x00, 0x00, 0x00, 0x00, 0x00, 0x00, 0x00, 0x00, 0x00, 0x00, 0x00, 0x00, 0x00, 0x00,
    0x00, 0x00, 0x00, 0x00, 0x00, 0x0F, 0x0F, 0x0F, 0xBF, 0xFF, 0xFF, 0xFF, 0xFF, 0xFF, 0xAF, 0x4F,
    0x0F, 0x0F, 0x0F, 0x0F, 0x0F, 0x0F, 0x0C, 0x06, 0x00, 0x00, 0x00, 0x00, 0x00, 0x00, 0x00, 0x00,
    0x00, 0x00, 0x00, 0x00, 0x00, 0x00, 0x00, 0x00, 0x00, 0x00, 0x00, 0x00, 0x00, 0x00, 0x00, 0x00,
    0x00, 0x00, 0x00, 0x00, 0x00, 0x00, 0x00, 0x00, 0x00, 0x00, 0x00, 0x00, 0x00, 0x00, 0x00, 0x00,
    0x00, 0x00, 0x00, 0x00, 0x00, 0x0F, 0x0F, 0x0F, 0xBF, 0xFF, 0xFF, 0xEF, 0x9F, 0x2F, 0x0F, 0x0F,
    0x0F, 0x0F, 0x0F, 0x0F, 0x0A, 0x04, 0x00, 0x00, 0x00, 0x00, 0x00, 0x00, 0x00, 0x00, 0x00, 0x00,
    0x00, 0x00, 0x00, 0x00, 0x00, 0x00, 0x00, 0x00, 0x00, 0x00, 0x00, 0x00, 0x00, 0x00, 0x00, 0x00,
    0x00, 0x00, 0x00, 0x00, 0x00, 0x00, 0x00, 0x00, 0x00, 0x00, 0x00, 0x00, 0x00, 0x00, 0x00, 0x00,
    0x00, 0x00, 0x00, 0x00, 0x00, 0x0F, 0x0F, 0x0F, 0xBF, 0xDF, 0x8F, 0x1F, 0x0F, 0x0F, 0x0F, 0x0F,
    0x0F, 0x0E, 0x09, 0x02, 0x00, 0x00, 0x00, 0x00, 0x00, 0x00, 0x00, 0x00, 0x00, 0x00, 0x00, 0x00,
    0x00, 0x00, 0x00, 0x00, 0x00, 0x00, 0x00, 0x00, 0x00, 0x00, 0x00, 0x00, 0x00, 0x00, 0x00, 0x00,
    0x00, 0x00, 0x00, 0x00, 0x00, 0x00, 0x00, 0x00, 0x00, 0x00, 0x00, 0x00, 0x00, 0x00, 0x00, 0x00,
    0x00, 0x00, 0x00, 0x00, 0x00, 0x0F, 0x0F, 0x0F, 0x4F, 0x0F, 0x0F, 0x0F, 0x0F, 0x0F, 0x0F, 0x0D,
    0x07, 0x01, 0x00, 0x00, 0x00, 0x00, 0x00, 0x00, 0x00, 0x00, 0x00, 0x00, 0x00, 0x00, 0x00, 0x00,
    0x00, 0x00, 0x00, 0x00, 0x00, 0x00, 0x00, 0x00, 0x00, 0x00, 0x00, 0x00, 0x00, 0x00, 0x00, 0x00,
    0x00, 0x00, 0x00, 0x00, 0x00, 0x00, 0x00, 0x00, 0x00, 0x00, 0x00, 0x00, 0x00, 0x00, 0x00, 0x00,
    0x00, 0x00, 0x00, 0x00, 0x00, 0x0F, 0x0F, 0x0F, 0x0F, 0x0F, 0x0F, 0x0F, 0x0F, 0x0B, 0x06, 0x00,
    0x00, 0x00, 0x00, 0x00, 0x00, 0x00, 0x00, 0x00, 0x00, 0x00, 0x00, 0x00, 0x00, 0x00, 0x00, 0x00,
    0x00, 0x00, 0x00, 0x00, 0x00, 0x00, 0x00, 0x00, 0x00, 0x00, 0x00, 0x00, 0x00, 0x00, 0x00, 0x00,
    0x00, 0x00, 0x00, 0x00, 0x00, 0x00, 0x00, 0x00, 0x00, 0x00, 0x00, 0x00, 0x00, 0x00, 0x00, 0x00,
    0x00, 0x00, 0x00, 0x00, 0x00, 0x0F, 0x0F, 0x0F, 0x0F, 0x0F, 0x0F, 0x09, 0x03, 0x00, 0x00, 0x00,
    0x00, 0x00, 0x00, 0x00, 0x00, 0x00, 0x00, 0x00, 0x00, 0x00, 0x00, 0x00, 0x00, 0x00, 0x00, 0x00,
    0x00, 0x00, 0x00, 0x00, 0x00, 0x00, 0x00, 0x00, 0x00, 0x00, 0x00, 0x00, 0x00, 0x00, 0x00, 0x00,
    0x00, 0x00, 0x00, 0x00, 0x00, 0x00, 0x00, 0x00, 0x00, 0x00, 0x00, 0x00, 0x00, 0x00, 0x00, 0x00,
    0x00, 0x00, 0x00, 0x00, 0x00, 0x0D, 0x0F, 0x0F, 0x0E, 0x08, 0x02, 0x00, 0x00, 0x00, 0x00, 0x00,
    0x00, 0x00, 0x00, 0x00, 0x00, 0x00, 0x00, 0x00, 0x00, 0x00, 0x00, 0x00, 0x00, 0x00, 0x00, 0x00,
    0x00, 0x00, 0x00, 0x00, 0x00, 0x00, 0x00, 0x00, 0x00, 0x00, 0x00, 0x00, 0x00, 0x00, 0x00, 0x00,
    0x00, 0x00, 0x00, 0x00, 0x00, 0x00, 0x00, 0x00, 0x00, 0x00, 0x00, 0x00, 0x00, 0x00, 0x00, 0x00,
    0x00, 0x00, 0x00, 0x00, 0x00, 0x02, 0x08, 0x06, 0x00, 0x00, 0x00, 0x00, 0x00, 0x00, 0x00, 0x00,
    0x00, 0x00, 0x00, 0x00, 0x00, 0x00, 0x00, 0x00, 0x00, 0x00, 0x00, 0x00, 0x00, 0x00, 0x00, 0x00,
    0x00, 0x00, 0x00, 0x00, 0x00, 0x00, 0x00, 0x00, 0x00, 0x00, 0x00, 0x00, 0x00, 0x00, 0x00, 0x00,
    0x00, 0x00, 0x00, 0x00, 0x00, 0x00, 0x00, 0x00, 0x00, 0x00, 0x00, 0x00, 0x00, 0x00, 0x00, 0x00,
    0x00, 0x00, 0x00, 0x00, 0x00, 0x00, 0x00, 0x00, 0x00, 0x00, 0x00, 0x00, 0x00, 0x00, 0x00, 0x00,
    0x00, 0x00, 0x00, 0x00, 0x00, 0x00, 0x00, 0x00, 0x00, 0x00, 0x00, 0x00, 0x00, 0x00, 0x00, 0x00,
    0x00, 0x00, 0x00, 0x00, 0x00, 0x00, 0x00, 0x00, 0x00, 0x00, 0x00, 0x00, 0x00, 0x00, 0x00, 0x00,
};
unsigned char D_802A4580_7A24C0[] = {
    0x00, 0x00, 0x00, 0x00, 0x00, 0x00, 0x00, 0x00, 0x00, 0x00, 0x00, 0x00, 0x00, 0x00, 0x00, 0x00,
    0x00, 0x00, 0x00, 0x00, 0x00, 0x00, 0x00, 0x00, 0x00, 0x00, 0x00, 0x00, 0x00, 0x00, 0x00, 0x00,
    0x00, 0x00, 0x00, 0x00, 0x00, 0x00, 0x00, 0x00, 0x00, 0x00, 0x00, 0x00, 0x00, 0x00, 0x00, 0x00,
    0x00, 0x00, 0x00, 0x00, 0x00, 0x00, 0x00, 0x00, 0x00, 0x00, 0x00, 0x00, 0x00, 0x00, 0x00, 0x00,
    0x00, 0x00, 0x00, 0x00, 0x00, 0x00, 0x00, 0x00, 0x00, 0x00, 0x00, 0x00, 0x00, 0x00, 0x00, 0x00,
    0x00, 0x00, 0x00, 0x00, 0x00, 0x00, 0x00, 0x00, 0x00, 0x00, 0x00, 0x00, 0x00, 0x00, 0x00, 0x00,
    0x00, 0x00, 0x00, 0x00, 0x00, 0x00, 0x00, 0x00, 0x00, 0x00, 0x00, 0x00, 0x00, 0x00, 0x00, 0x00,
    0x00, 0x00, 0x00, 0x00, 0x00, 0x00, 0x00, 0x00, 0x00, 0x00, 0x00, 0x00, 0x00, 0x00, 0x00, 0x00,
    0x00, 0x00, 0x00, 0x00, 0x00, 0x00, 0x00, 0x00, 0x00, 0x00, 0x00, 0x00, 0x00, 0x00, 0x00, 0x00,
    0x00, 0x00, 0x00, 0x00, 0x00, 0x00, 0x00, 0x00, 0x00, 0x00, 0x00, 0x00, 0x00, 0x00, 0x00, 0x00,
    0x00, 0x00, 0x00, 0x00, 0x00, 0x00, 0x00, 0x00, 0x00, 0x00, 0x00, 0x00, 0x00, 0x00, 0x00, 0x00,
    0x00, 0x00, 0x00, 0x00, 0x00, 0x00, 0x00, 0x00, 0x00, 0x00, 0x00, 0x00, 0x00, 0x00, 0x00, 0x00,
    0x00, 0x00, 0x00, 0x00, 0x00, 0x00, 0x00, 0x00, 0x00, 0x00, 0x00, 0x00, 0x00, 0x00, 0x00, 0x00,
    0x00, 0x00, 0x00, 0x00, 0x00, 0x00, 0x00, 0x00, 0x00, 0x00, 0x00, 0x00, 0x00, 0x00, 0x00, 0x00,
    0x00, 0x00, 0x00, 0x00, 0x00, 0x00, 0x00, 0x00, 0x00, 0x00, 0x00, 0x00, 0x00, 0x00, 0x00, 0x00,
    0x00, 0x00, 0x00, 0x00, 0x00, 0x00, 0x00, 0x00, 0x00, 0x00, 0x00, 0x00, 0x00, 0x00, 0x00, 0x00,
    0x00, 0x00, 0x00, 0x00, 0x00, 0x00, 0x00, 0x00, 0x00, 0x00, 0x00, 0x00, 0x00, 0x00, 0x00, 0x00,
    0x00, 0x00, 0x00, 0x00, 0x00, 0x00, 0x00, 0x00, 0x00, 0x00, 0x00, 0x00, 0x00, 0x00, 0x00, 0x00,
    0x00, 0x00, 0x00, 0x00, 0x00, 0x00, 0x00, 0x00, 0x00, 0x00, 0x00, 0x00, 0x00, 0x00, 0x00, 0x00,
    0x00, 0x00, 0x00, 0x00, 0x00, 0x00, 0x00, 0x00, 0x00, 0x00, 0x00, 0x00, 0x00, 0x00, 0x00, 0x00,
    0x00, 0x00, 0x00, 0x00, 0x00, 0x00, 0x00, 0x00, 0x00, 0x00, 0x00, 0x00, 0x00, 0x00, 0x00, 0x00,
    0x00, 0x00, 0x00, 0x00, 0x00, 0x00, 0x00, 0x00, 0x00, 0x00, 0x05, 0x08, 0x08, 0x08, 0x08, 0x08,
    0x08, 0x08, 0x08, 0x08, 0x08, 0x08, 0x08, 0x08, 0x08, 0x08, 0x06, 0x00, 0x00, 0x00, 0x00, 0x00,
    0x00, 0x00, 0x00, 0x00, 0x00, 0x00, 0x00, 0x00, 0x00, 0x00, 0x00, 0x00, 0x00, 0x00, 0x00, 0x00,
    0x00, 0x00, 0x00, 0x00, 0x00, 0x00, 0x00, 0x00, 0x00, 0x00, 0x00, 0x00, 0x00, 0x00, 0x00, 0x00,
    0x00, 0x00, 0x00, 0x00, 0x00, 0x00, 0x00, 0x00, 0x00, 0x09, 0x0F, 0x0F, 0x0F, 0x0F, 0x0F, 0x0F,
    0x0F, 0x0F, 0x0F, 0x0F, 0x0F, 0x0F, 0x0F, 0x0F, 0x0F, 0x0F, 0x0F, 0x09, 0x00, 0x00, 0x00, 0x00,
    0x00, 0x00, 0x00, 0x00, 0x00, 0x00, 0x00, 0x00, 0x00, 0x00, 0x00, 0x00, 0x00, 0x00, 0x00, 0x00,
    0x00, 0x00, 0x00, 0x00, 0x00, 0x00, 0x00, 0x00, 0x00, 0x00, 0x00, 0x00, 0x00, 0x00, 0x00, 0x00,
    0x00, 0x00, 0x00, 0x00, 0x00, 0x00, 0x00, 0x00, 0x09, 0x0F, 0x0F, 0x0F, 0x0F, 0x0F, 0x0F, 0x0F,
    0x0F, 0x0F, 0x0F, 0x0F, 0x0F, 0x0F, 0x0F, 0x0F, 0x0F, 0x0F, 0x0F, 0x0F, 0x09, 0x00, 0x00, 0x00,
    0x00, 0x00, 0x00, 0x00, 0x00, 0x00, 0x00, 0x00, 0x00, 0x00, 0x00, 0x00, 0x00, 0x00, 0x00, 0x00,
    0x00, 0x00, 0x00, 0x00, 0x00, 0x00, 0x00, 0x00, 0x00, 0x00, 0x00, 0x00, 0x00, 0x00, 0x00, 0x00,
    0x00, 0x00, 0x00, 0x00, 0x00, 0x00, 0x00, 0x09, 0x0F, 0x0F, 0x0F, 0x0F, 0x0F, 0x0F, 0x0F, 0x0F,
    0x0F, 0x0F, 0x0F, 0x0F, 0x0F, 0x0F, 0x0F, 0x0F, 0x0F, 0x0F, 0x0F, 0x0F, 0x0F, 0x09, 0x00, 0x00,
    0x00, 0x00, 0x00, 0x00, 0x00, 0x00, 0x00, 0x00, 0x00, 0x00, 0x00, 0x00, 0x00, 0x00, 0x00, 0x00,
    0x00, 0x00, 0x00, 0x00, 0x00, 0x00, 0x00, 0x00, 0x00, 0x00, 0x00, 0x00, 0x00, 0x00, 0x00, 0x00,
    0x00, 0x00, 0x00, 0x00, 0x00, 0x00, 0x09, 0x0F, 0x0F, 0x0F, 0x0F, 0x3F, 0xBF, 0xBF, 0xBF, 0xBF,
    0xBF, 0xBF, 0xBF, 0xBF, 0xBF, 0xBF, 0xBF, 0xBF, 0xBF, 0x6F, 0x0F, 0x0F, 0x0F, 0x0F, 0x09, 0x00,
    0x00, 0x00, 0x00, 0x00, 0x00, 0x00, 0x00, 0x00, 0x00, 0x00, 0x00, 0x00, 0x00, 0x00, 0x00, 0x00,
    0x00, 0x00, 0x00, 0x00, 0x00, 0x00, 0x00, 0x00, 0x00, 0x00, 0x00, 0x00, 0x00, 0x00, 0x00, 0x00,
    0x00, 0x00, 0x00, 0x00, 0x00, 0x09, 0x0F, 0x0F, 0x0F, 0x0F, 0x3F, 0xEF, 0xFF, 0xFF, 0xFF, 0xFF,
    0xFF, 0xFF, 0xFF, 0xFF, 0xFF, 0xFF, 0xFF, 0xFF, 0xFF, 0xFF, 0x6F, 0x0F, 0x0F, 0x0F, 0x0F, 0x09,
    0x00, 0x00, 0x00, 0x00, 0x00, 0x00, 0x00, 0x00, 0x00, 0x00, 0x00, 0x00, 0x00, 0x00, 0x00, 0x00,
    0x00, 0x00, 0x00, 0x00, 0x00, 0x00, 0x00, 0x00, 0x00, 0x00, 0x00, 0x00, 0x00, 0x00, 0x00, 0x00,
    0x00, 0x00, 0x00, 0x00, 0x09, 0x0F, 0x0F, 0x0F, 0x0F, 0x3F, 0xEF, 0xFF, 0xFF, 0xFF, 0xFF, 0xFF,
    0xFF, 0xFF, 0xFF, 0xFF, 0xFF, 0xFF, 0xFF, 0xFF, 0xFF, 0xFF, 0xFF, 0x6F, 0x0F, 0x0F, 0x0F, 0x0F,
    0x09, 0x00, 0x00, 0x00, 0x00, 0x00, 0x00, 0x00, 0x00, 0x00, 0x00, 0x00, 0x00, 0x00, 0x00, 0x00,
    0x00, 0x00, 0x00, 0x00, 0x00, 0x00, 0x00, 0x00, 0x00, 0x00, 0x00, 0x00, 0x00, 0x00, 0x00, 0x00,
    0x00, 0x00, 0x00, 0x09, 0x0F, 0x0F, 0x0F, 0x0F, 0x3F, 0xEF, 0xFF, 0xFF, 0xFF, 0xFF, 0xFF, 0xFF,
    0xFF, 0xFF, 0xFF, 0xFF, 0xFF, 0xFF, 0xFF, 0xFF, 0xFF, 0xFF, 0xFF, 0xFF, 0x6F, 0x0F, 0x0F, 0x0F,
    0x0F, 0x09, 0x00, 0x00, 0x00, 0x00, 0x00, 0x00, 0x00, 0x00, 0x00, 0x00, 0x00, 0x00, 0x00, 0x00,
    0x00, 0x00, 0x00, 0x00, 0x00, 0x00, 0x00, 0x00, 0x00, 0x00, 0x00, 0x00, 0x00, 0x00, 0x00, 0x00,
    0x00, 0x00, 0x09, 0x0F, 0x0F, 0x0F, 0x0F, 0x3F, 0xEF, 0xFF, 0xFF, 0xFF, 0xFF, 0xFF, 0xFF, 0xFF,
    0xFF, 0xFF, 0xFF, 0xFF, 0xFF, 0xFF, 0xFF, 0xFF, 0xFF, 0xFF, 0xFF, 0xFF, 0xFF, 0x6F, 0x0F, 0x0F,
    0x0F, 0x0F, 0x09, 0x00, 0x00, 0x00, 0x00, 0x00, 0x00, 0x00, 0x00, 0x00, 0x00, 0x00, 0x00, 0x00,
    0x00, 0x00, 0x00, 0x00, 0x00, 0x00, 0x00, 0x00, 0x00, 0x00, 0x00, 0x00, 0x00, 0x00, 0x00, 0x00,
    0x00, 0x09, 0x0F, 0x0F, 0x0F, 0x0F, 0x3F, 0xEF, 0xFF, 0xFF, 0xFF, 0xFF, 0xFF, 0xFF, 0xFF, 0xFF,
    0xFF, 0xFF, 0xFF, 0xFF, 0xFF, 0xFF, 0xFF, 0xFF, 0xFF, 0xFF, 0xFF, 0xFF, 0xFF, 0xFF, 0x6F, 0x0F,
    0x0F, 0x0F, 0x0F, 0x09, 0x00, 0x00, 0x00, 0x00, 0x00, 0x00, 0x00, 0x00, 0x00, 0x00, 0x00, 0x00,
    0x00, 0x00, 0x00, 0x00, 0x00, 0x00, 0x00, 0x00, 0x00, 0x00, 0x00, 0x00, 0x00, 0x00, 0x00, 0x00,
    0x09, 0x0F, 0x0F, 0x0F, 0x0F, 0x3F, 0xEF, 0xFF, 0xFF, 0xFF, 0xFF, 0xFF, 0xFF, 0xFF, 0xFF, 0xFF,
    0xFF, 0xFF, 0xFF, 0xFF, 0xFF, 0xFF, 0xFF, 0xFF, 0xFF, 0xFF, 0xFF, 0xFF, 0xFF, 0xFF, 0xFF, 0x6F,
    0x0F, 0x0F, 0x0F, 0x0F, 0x09, 0x00, 0x00, 0x00, 0x00, 0x00, 0x00, 0x00, 0x00, 0x00, 0x00, 0x00,
    0x00, 0x00, 0x00, 0x00, 0x00, 0x00, 0x00, 0x00, 0x00, 0x00, 0x00, 0x00, 0x00, 0x00, 0x00, 0x09,
    0x0F, 0x0F, 0x0F, 0x0F, 0x3F, 0xEF, 0xFF, 0xFF, 0xFF, 0xFF, 0xFF, 0xFF, 0xFF, 0xFF, 0xFF, 0xFF,
    0xFF, 0xFF, 0xFF, 0xFF, 0xFF, 0xFF, 0xFF, 0xFF, 0xFF, 0xFF, 0xFF, 0xFF, 0xFF, 0xFF, 0xFF, 0xFF,
    0x6F, 0x0F, 0x0F, 0x0F, 0x0F, 0x09, 0x00, 0x00, 0x00, 0x00, 0x00, 0x00, 0x00, 0x00, 0x00, 0x00,
    0x00, 0x00, 0x00, 0x00, 0x00, 0x00, 0x00, 0x00, 0x00, 0x00, 0x00, 0x00, 0x00, 0x00, 0x09, 0x0F,
    0x0F, 0x0F, 0x0F, 0x3F, 0xEF, 0xFF, 0xFF, 0xFF, 0xFF, 0xFF, 0xFF, 0xFF, 0xFF, 0xFF, 0xFF, 0xFF,
    0xFF, 0xFF, 0xFF, 0xFF, 0xFF, 0xFF, 0xFF, 0xFF, 0xFF, 0xFF, 0xFF, 0xFF, 0xFF, 0xFF, 0xFF, 0xFF,
    0xFF, 0x6F, 0x0F, 0x0F, 0x0F, 0x0F, 0x09, 0x00, 0x00, 0x00, 0x00, 0x00, 0x00, 0x00, 0x00, 0x00,
    0x00, 0x00, 0x00, 0x00, 0x00, 0x00, 0x00, 0x00, 0x00, 0x00, 0x00, 0x00, 0x00, 0x09, 0x0F, 0x0F,
    0x0F, 0x0F, 0x3F, 0xEF, 0xFF, 0xFF, 0xFF, 0xFF, 0xFF, 0xFF, 0xFF, 0xFF, 0xFF, 0xFF, 0xFF, 0xFF,
    0xFF, 0xFF, 0xFF, 0xFF, 0xFF, 0xFF, 0xFF, 0xFF, 0xFF, 0xFF, 0xFF, 0xFF, 0xFF, 0xFF, 0xFF, 0xFF,
    0xFF, 0xFF, 0x6F, 0x0F, 0x0F, 0x0F, 0x0F, 0x08, 0x00, 0x00, 0x00, 0x00, 0x00, 0x00, 0x00, 0x00,
    0x00, 0x00, 0x00, 0x00, 0x00, 0x00, 0x00, 0x00, 0x00, 0x00, 0x00, 0x00, 0x09, 0x0F, 0x0F, 0x0F,
    0x0F, 0x3F, 0xEF, 0xFF, 0xFF, 0xFF, 0xFF, 0xFF, 0xFF, 0xFF, 0xFF, 0xFF, 0xFF, 0xFF, 0xFF, 0xFF,
    0xFF, 0xFF, 0xFF, 0xFF, 0xFF, 0xFF, 0xFF, 0xFF, 0xFF, 0xFF, 0xFF, 0xFF, 0xFF, 0xFF, 0xFF, 0xFF,
    0xFF, 0xFF, 0xFF, 0x6F, 0x0F, 0x0F, 0x0F, 0x0B, 0x00, 0x00, 0x00, 0x00, 0x00, 0x00, 0x00, 0x00,
    0x00, 0x00, 0x00, 0x00, 0x00, 0x00, 0x00, 0x00, 0x00, 0x00, 0x00, 0x09, 0x0F, 0x0F, 0x0F, 0x0F,
    0x3F, 0xEF, 0xFF, 0xFF, 0xFF, 0xFF, 0xFF, 0xFF, 0xFF, 0xFF, 0xFF, 0xFF, 0xFF, 0xFF, 0xFF, 0xFF,
    0xFF, 0xFF, 0xFF, 0xFF, 0xFF, 0xFF, 0xFF, 0xFF, 0xFF, 0xFF, 0xFF, 0xFF, 0xFF, 0xFF, 0xFF, 0xFF,
    0xFF, 0xFF, 0xFF, 0xFF, 0x0F, 0x0F, 0x0F, 0x0B, 0x00, 0x00, 0x00, 0x00, 0x00, 0x00, 0x00, 0x00,
    0x00, 0x00, 0x00, 0x00, 0x00, 0x00, 0x00, 0x00, 0x00, 0x00, 0x09, 0x0F, 0x0F, 0x0F, 0x0F, 0x3F,
    0xEF, 0xFF, 0xFF, 0xFF, 0xFF, 0xFF, 0xFF, 0xFF, 0xFF, 0xFF, 0xFF, 0xFF, 0xFF, 0x8F, 0x4F, 0x4F,
    0x4F, 0x4F, 0x4F, 0x4F, 0x4F, 0x4F, 0x4F, 0x5F, 0xCF, 0xFF, 0xFF, 0xFF, 0xFF, 0xFF, 0xFF, 0xFF,
    0xFF, 0xFF, 0xFF, 0xFF, 0x0F, 0x0F, 0x0F, 0x0B, 0x00, 0x00, 0x00, 0x00, 0x00, 0x00, 0x00, 0x00,
    0x00, 0x00, 0x00, 0x00, 0x00, 0x00, 0x00, 0x00, 0x00, 0x09, 0x0F, 0x0F, 0x0F, 0x0F, 0x3F, 0xEF,
    0xFF, 0xFF, 0xFF, 0xFF, 0xFF, 0xFF, 0xFF, 0xFF, 0xFF, 0xFF, 0xFF, 0xFF, 0xCF, 0x0F, 0x0F, 0x0F,
    0x0F, 0x0F, 0x0F, 0x0F, 0x0F, 0x0F, 0x0F, 0x0F, 0x2F, 0xFF, 0xFF, 0xFF, 0xFF, 0xFF, 0xFF, 0xFF,
    0xFF, 0xFF, 0xFF, 0xFF, 0x0F, 0x0F, 0x0F, 0x0B, 0x00, 0x00, 0x00, 0x00, 0x00, 0x00, 0x00, 0x00,
    0x00, 0x00, 0x00, 0x00, 0x00, 0x00, 0x00, 0x00, 0x04, 0x0F, 0x0F, 0x0F, 0x0F, 0x3F, 0xEF, 0xFF,
    0xFF, 0xFF, 0xFF, 0xFF, 0xFF, 0xFF, 0xFF, 0xFF, 0xFF, 0xFF, 0xFF, 0xFF, 0xBF, 0x0F, 0x0F, 0x0F,
    0x0F, 0x0F, 0x0F, 0x0F, 0x0F, 0x0F, 0x0F, 0x0F, 0x0F, 0xFF, 0xFF, 0xFF, 0xFF, 0xFF, 0xFF, 0xFF,
    0xFF, 0xFF, 0xFF, 0xFF, 0x0F, 0x0F, 0x0F, 0x0B, 0x00, 0x00, 0x00, 0x00, 0x00, 0x00, 0x00, 0x00,
    0x00, 0x00, 0x00, 0x00, 0x00, 0x00, 0x00, 0x00, 0x08, 0x0F, 0x0F, 0x0F, 0x3F, 0xEF, 0xFF, 0xFF,
    0xFF, 0xFF, 0xFF, 0xFF, 0xFF, 0xFF, 0xFF, 0xFF, 0xFF, 0xFF, 0xFF, 0xFF, 0xBF, 0x0F, 0x0F, 0x0F,
    0x0F, 0x0F, 0x0F, 0x0F, 0x0F, 0x0F, 0x0F, 0x0F, 0x0F, 0xFF, 0xFF, 0xFF, 0xFF, 0xFF, 0xFF, 0xFF,
    0xFF, 0xFF, 0xFF, 0xFF, 0x0F, 0x0F, 0x0F, 0x0B, 0x00, 0x00, 0x00, 0x00, 0x00, 0x00, 0x00, 0x00,
    0x00, 0x00, 0x00, 0x00, 0x00, 0x00, 0x00, 0x00, 0x08, 0x0F, 0x0F, 0x0F, 0xBF, 0xFF, 0xFF, 0xFF,
    0xFF, 0xFF, 0xFF, 0xFF, 0xFF, 0xFF, 0xFF, 0xFF, 0xFF, 0xFF, 0xFF, 0xFF, 0xBF, 0x0F, 0x0F, 0x0F,
    0x08, 0x00, 0x00, 0x00, 0x00, 0x0B, 0x0F, 0x0F, 0x0F, 0xFF, 0xFF, 0xFF, 0xFF, 0xFF, 0xFF, 0xFF,
    0xFF, 0xFF, 0xFF, 0xFF, 0x0F, 0x0F, 0x0F, 0x0B, 0x00, 0x00, 0x00, 0x00, 0x00, 0x00, 0x00, 0x00,
    0x00, 0x00, 0x00, 0x00, 0x00, 0x00, 0x00, 0x00, 0x08, 0x0F, 0x0F, 0x0F, 0xBF, 0xFF, 0xFF, 0xFF,
    0xFF, 0xFF, 0xFF, 0xFF, 0xFF, 0xFF, 0xFF, 0xFF, 0xFF, 0xFF, 0xFF, 0xFF, 0xBF, 0x0F, 0x0F, 0x0F,
    0x08, 0x00, 0x00, 0x00, 0x00, 0x0B, 0x0F, 0x0F, 0x0F, 0xFF, 0xFF, 0xFF, 0xFF, 0xFF, 0xFF, 0xFF,
    0xFF, 0xFF, 0xFF, 0xFF, 0x0F, 0x0F, 0x0F, 0x0B, 0x00, 0x00, 0x00, 0x00, 0x00, 0x00, 0x00, 0x00,
    0x00, 0x00, 0x00, 0x00, 0x00, 0x00, 0x00, 0x00, 0x08, 0x0F, 0x0F, 0x0F, 0xBF, 0xFF, 0xFF, 0xFF,
    0xFF, 0xFF, 0xFF, 0xFF, 0xFF, 0xFF, 0xFF, 0xFF, 0xFF, 0xFF, 0xFF, 0xFF, 0xBF, 0x0F, 0x0F, 0x0F,
    0x08, 0x00, 0x00, 0x00, 0x00, 0x0B, 0x0F, 0x0F, 0x0F, 0xFF, 0xFF, 0xFF, 0xFF, 0xFF, 0xFF, 0xFF,
    0xFF, 0xFF, 0xFF, 0xFF, 0x0F, 0x0F, 0x0F, 0x0B, 0x00, 0x00, 0x00, 0x00, 0x00, 0x00, 0x00, 0x00,
    0x00, 0x00, 0x00, 0x00, 0x00, 0x00, 0x00, 0x00, 0x08, 0x0F, 0x0F, 0x0F, 0xBF, 0xFF, 0xFF, 0xFF,
    0xFF, 0xFF, 0xFF, 0xFF, 0xFF, 0xFF, 0xFF, 0xFF, 0xFF, 0xFF, 0xFF, 0xFF, 0xBF, 0x0F, 0x0F, 0x0F,
    0x08, 0x00, 0x00, 0x00, 0x00, 0x09, 0x0F, 0x0F, 0x0F, 0xCF, 0xFF, 0xFF, 0xFF, 0xFF, 0xFF, 0xFF,
    0xFF, 0xFF, 0xFF, 0xFF, 0x0F, 0x0F, 0x0F, 0x0B, 0x00, 0x00, 0x00, 0x00, 0x00, 0x00, 0x00, 0x00,
    0x00, 0x00, 0x00, 0x00, 0x00, 0x00, 0x00, 0x00, 0x08, 0x0F, 0x0F, 0x0F, 0xBF, 0xFF, 0xFF, 0xFF,
    0xFF, 0xFF, 0xFF, 0xFF, 0xFF, 0xFF, 0xFF, 0xFF, 0xFF, 0xFF, 0xFF, 0xFF, 0xBF, 0x0F, 0x0F, 0x0F,
    0x08, 0x00, 0x00, 0x00, 0x00, 0x08, 0x0F, 0x0F, 0x0F, 0xBF, 0xFF, 0xFF, 0xFF, 0xFF, 0xFF, 0xFF,
    0xFF, 0xFF, 0xFF, 0xFF, 0x0F, 0x0F, 0x0F, 0x0B, 0x00, 0x00, 0x00, 0x00, 0x00, 0x00, 0x00, 0x00,
    0x00, 0x00, 0x00, 0x00, 0x00, 0x00, 0x00, 0x00, 0x08, 0x0F, 0x0F, 0x0F, 0xBF, 0xFF, 0xFF, 0xFF,
    0xFF, 0xFF, 0xFF, 0xFF, 0xFF, 0xFF, 0xFF, 0xFF, 0xFF, 0xFF, 0xFF, 0xFF, 0xBF, 0x0F, 0x0F, 0x0F,
    0x08, 0x00, 0x00, 0x00, 0x00, 0x08, 0x0F, 0x0F, 0x0F, 0xBF, 0xFF, 0xFF, 0xFF, 0xFF, 0xFF, 0xFF,
    0xFF, 0xFF, 0xFF, 0xFF, 0x0F, 0x0F, 0x0F, 0x0B, 0x00, 0x00, 0x00, 0x00, 0x00, 0x00, 0x00, 0x00,
    0x00, 0x00, 0x00, 0x00, 0x00, 0x00, 0x00, 0x00, 0x08, 0x0F, 0x0F, 0x0F, 0xBF, 0xFF, 0xFF, 0xFF,
    0xFF, 0xFF, 0xFF, 0xFF, 0xFF, 0xFF, 0xFF, 0xFF, 0xFF, 0xFF, 0xFF, 0xFF, 0xBF, 0x0F, 0x0F, 0x0F,
    0x08, 0x00, 0x00, 0x00, 0x00, 0x08, 0x0F, 0x0F, 0x0F, 0xBF, 0xFF, 0xFF, 0xFF, 0xFF, 0xFF, 0xFF,
    0xFF, 0xFF, 0xFF, 0xFF, 0x0F, 0x0F, 0x0F, 0x0B, 0x00, 0x00, 0x00, 0x00, 0x00, 0x00, 0x00, 0x00,
    0x00, 0x00, 0x00, 0x00, 0x00, 0x00, 0x00, 0x00, 0x08, 0x0F, 0x0F, 0x0F, 0xBF, 0xFF, 0xFF, 0xFF,
    0xFF, 0xFF, 0xFF, 0xFF, 0xFF, 0xFF, 0xFF, 0xFF, 0xFF, 0xFF, 0xFF, 0xFF, 0xBF, 0x0F, 0x0F, 0x0F,
    0x08, 0x00, 0x00, 0x00, 0x00, 0x08, 0x0F, 0x0F, 0x0F, 0xBF, 0xFF, 0xFF, 0xFF, 0xFF, 0xFF, 0xFF,
    0xFF, 0xFF, 0xFF, 0xFF, 0x0F, 0x0F, 0x0F, 0x0B, 0x00, 0x00, 0x00, 0x00, 0x00, 0x00, 0x00, 0x00,
    0x00, 0x00, 0x00, 0x00, 0x00, 0x00, 0x00, 0x00, 0x08, 0x0F, 0x0F, 0x0F, 0xBF, 0xFF, 0xFF, 0xFF,
    0xFF, 0xFF, 0xFF, 0xFF, 0xFF, 0xFF, 0xFF, 0xFF, 0xFF, 0xFF, 0xFF, 0xFF, 0xBF, 0x0F, 0x0F, 0x0F,
    0x08, 0x00, 0x00, 0x00, 0x00, 0x08, 0x0F, 0x0F, 0x0F, 0xBF, 0xFF, 0xFF, 0xFF, 0xFF, 0xFF, 0xFF,
    0xFF, 0xFF, 0xFF, 0xFF, 0x0F, 0x0F, 0x0F, 0x0B, 0x00, 0x00, 0x00, 0x00, 0x00, 0x00, 0x00, 0x00,
    0x00, 0x00, 0x00, 0x00, 0x00, 0x00, 0x00, 0x00, 0x08, 0x0F, 0x0F, 0x0F, 0xBF, 0xFF, 0xFF, 0xFF,
    0xFF, 0xFF, 0xFF, 0xFF, 0xFF, 0xFF, 0xFF, 0xFF, 0xFF, 0xFF, 0xFF, 0xFF, 0xBF, 0x0F, 0x0F, 0x0F,
    0x08, 0x00, 0x00, 0x00, 0x00, 0x07, 0x0F, 0x0F, 0x0F, 0x8F, 0xFF, 0xFF, 0xFF, 0xFF, 0xFF, 0xFF,
    0xFF, 0xFF, 0xFF, 0xFF, 0x0F, 0x0F, 0x0F, 0x0B, 0x00, 0x00, 0x00, 0x00, 0x00, 0x00, 0x00, 0x00,
    0x00, 0x00, 0x00, 0x00, 0x00, 0x00, 0x00, 0x00, 0x08, 0x0F, 0x0F, 0x0F, 0xBF, 0xFF, 0xFF, 0xFF,
    0xFF, 0xFF, 0xFF, 0xFF, 0xFF, 0xFF, 0xFF, 0xFF, 0xFF, 0xFF, 0xFF, 0xFF, 0xBF, 0x0F, 0x0F, 0x0F,
    0x08, 0x00, 0x00, 0x00, 0x00, 0x04, 0x0F, 0x0F, 0x0F, 0x8F, 0xFF, 0xFF, 0xFF, 0xFF, 0xFF, 0xFF,
    0xFF, 0xFF, 0xFF, 0xFF, 0x0F, 0x0F, 0x0F, 0x0B, 0x00, 0x00, 0x00, 0x00, 0x00, 0x00, 0x00, 0x00,
    0x00, 0x00, 0x00, 0x00, 0x00, 0x00, 0x00, 0x00, 0x08, 0x0F, 0x0F, 0x0F, 0xBF, 0xFF, 0xFF, 0xFF,
    0xFF, 0xFF, 0xFF, 0xFF, 0xFF, 0xFF, 0xFF, 0xFF, 0xFF, 0xFF, 0xFF, 0xFF, 0xBF, 0x0F, 0x0F, 0x0F,
    0x08, 0x00, 0x00, 0x00, 0x00, 0x04, 0x0F, 0x0F, 0x0F, 0x8F, 0xFF, 0xFF, 0xFF, 0xFF, 0xFF, 0xFF,
    0xFF, 0xFF, 0xFF, 0xFF, 0x0F, 0x0F, 0x0F, 0x0B, 0x00, 0x00, 0x00, 0x00, 0x00, 0x00, 0x00, 0x00,
    0x00, 0x00, 0x00, 0x00, 0x00, 0x00, 0x00, 0x00, 0x08, 0x0F, 0x0F, 0x0F, 0xBF, 0xFF, 0xFF, 0xFF,
    0xFF, 0xFF, 0xFF, 0xFF, 0xFF, 0xFF, 0xFF, 0xFF, 0xFF, 0xFF, 0xFF, 0xFF, 0xBF, 0x0F, 0x0F, 0x0F,
    0x08, 0x00, 0x00, 0x00, 0x00, 0x04, 0x0F, 0x0F, 0x0F, 0x8F, 0xFF, 0xFF, 0xFF, 0xFF, 0xFF, 0xFF,
    0xFF, 0xFF, 0xFF, 0xFF, 0x0F, 0x0F, 0x0F, 0x0B, 0x00, 0x00, 0x00, 0x00, 0x00, 0x00, 0x00, 0x00,
    0x00, 0x00, 0x00, 0x00, 0x00, 0x00, 0x00, 0x00, 0x08, 0x0F, 0x0F, 0x0F, 0xBF, 0xFF, 0xFF, 0xFF,
    0xFF, 0xFF, 0xFF, 0xFF, 0xFF, 0xFF, 0xFF, 0xFF, 0xFF, 0xFF, 0xFF, 0xFF, 0xBF, 0x0F, 0x0F, 0x0F,
    0x08, 0x00, 0x00, 0x00, 0x00, 0x04, 0x0F, 0x0F, 0x0F, 0x8F, 0xFF, 0xFF, 0xFF, 0xFF, 0xFF, 0xFF,
    0xFF, 0xFF, 0xFF, 0xFF, 0x0F, 0x0F, 0x0F, 0x0B, 0x00, 0x00, 0x00, 0x00, 0x00, 0x00, 0x00, 0x00,
    0x00, 0x00, 0x00, 0x00, 0x00, 0x00, 0x00, 0x00, 0x08, 0x0F, 0x0F, 0x0F, 0xBF, 0xFF, 0xFF, 0xFF,
    0xFF, 0xFF, 0xFF, 0xFF, 0xFF, 0xFF, 0xFF, 0xFF, 0xFF, 0xFF, 0xFF, 0xFF, 0xBF, 0x0F, 0x0F, 0x0F,
    0x08, 0x00, 0x00, 0x00, 0x00, 0x04, 0x0F, 0x0F, 0x0F, 0x8F, 0xFF, 0xFF, 0xFF, 0xFF, 0xFF, 0xFF,
    0xFF, 0xFF, 0xFF, 0xFF, 0x0F, 0x0F, 0x0F, 0x0B, 0x00, 0x00, 0x00, 0x00, 0x00, 0x00, 0x00, 0x00,
    0x00, 0x00, 0x00, 0x00, 0x00, 0x00, 0x00, 0x00, 0x08, 0x0F, 0x0F, 0x0F, 0xBF, 0xFF, 0xFF, 0xFF,
    0xFF, 0xFF, 0xFF, 0xFF, 0xFF, 0xFF, 0xFF, 0xFF, 0xFF, 0xFF, 0xFF, 0xFF, 0xBF, 0x0F, 0x0F, 0x0F,
    0x08, 0x00, 0x00, 0x00, 0x00, 0x03, 0x0F, 0x0F, 0x0F, 0x6F, 0xFF, 0xFF, 0xFF, 0xFF, 0xFF, 0xFF,
    0xFF, 0xFF, 0xFF, 0xFF, 0x0F, 0x0F, 0x0F, 0x0B, 0x00, 0x00, 0x00, 0x00, 0x00, 0x00, 0x00, 0x00,
    0x00, 0x00, 0x00, 0x00, 0x00, 0x00, 0x00, 0x00, 0x08, 0x0F, 0x0F, 0x0F, 0xBF, 0xFF, 0xFF, 0xFF,
    0xFF, 0xFF, 0xFF, 0xFF, 0xFF, 0xFF, 0xFF, 0xFF, 0xFF, 0xFF, 0xFF, 0xFF, 0xBF, 0x0F, 0x0F, 0x0F,
    0x08, 0x00, 0x00, 0x00, 0x00, 0x00, 0x0F, 0x0F, 0x0F, 0x4F, 0xFF, 0xFF, 0xFF, 0xFF, 0xFF, 0xFF,
    0xFF, 0xFF, 0xFF, 0xFF, 0x0F, 0x0F, 0x0F, 0x0B, 0x00, 0x00, 0x00, 0x00, 0x00, 0x00, 0x00, 0x00,
    0x00, 0x00, 0x00, 0x00, 0x00, 0x00, 0x00, 0x00, 0x08, 0x0F, 0x0F, 0x0F, 0xBF, 0xFF, 0xFF, 0xFF,
    0xFF, 0xFF, 0xFF, 0xFF, 0xFF, 0xFF, 0xFF, 0xFF, 0xFF, 0xFF, 0xFF, 0xFF, 0xBF, 0x0F, 0x0F, 0x0F,
    0x08, 0x00, 0x00, 0x00, 0x00, 0x00, 0x0F, 0x0F, 0x0F, 0x4F, 0xFF, 0xFF, 0xFF, 0xFF, 0xFF, 0xFF,
    0xFF, 0xFF, 0xFF, 0xFF, 0x0F, 0x0F, 0x0F, 0x0B, 0x00, 0x00, 0x00, 0x00, 0x00, 0x00, 0x00, 0x00,
    0x00, 0x00, 0x00, 0x00, 0x00, 0x00, 0x00, 0x00, 0x08, 0x0F, 0x0F, 0x0F, 0xBF, 0xFF, 0xFF, 0xFF,
    0xFF, 0xFF, 0xFF, 0xFF, 0xFF, 0xFF, 0xFF, 0xFF, 0xFF, 0xFF, 0xFF, 0xFF, 0xBF, 0x0F, 0x0F, 0x0F,
    0x08, 0x00, 0x00, 0x00, 0x00, 0x00, 0x0F, 0x0F, 0x0F, 0x4F, 0xFF, 0xFF, 0xFF, 0xFF, 0xFF, 0xFF,
    0xFF, 0xFF, 0xFF, 0xFF, 0x0F, 0x0F, 0x0F, 0x0B, 0x00, 0x00, 0x00, 0x00, 0x00, 0x00, 0x00, 0x00,
    0x00, 0x00, 0x00, 0x00, 0x00, 0x00, 0x00, 0x00, 0x08, 0x0F, 0x0F, 0x0F, 0xBF, 0xFF, 0xFF, 0xFF,
    0xFF, 0xFF, 0xFF, 0xFF, 0xFF, 0xFF, 0xFF, 0xFF, 0xFF, 0xFF, 0xFF, 0xFF, 0xBF, 0x0F, 0x0F, 0x0F,
    0x08, 0x00, 0x00, 0x00, 0x00, 0x00, 0x0F, 0x0F, 0x0F, 0x4F, 0xFF, 0xFF, 0xFF, 0xFF, 0xFF, 0xFF,
    0xFF, 0xFF, 0xFF, 0xFF, 0x0F, 0x0F, 0x0F, 0x0B, 0x00, 0x00, 0x00, 0x00, 0x00, 0x00, 0x00, 0x00,
    0x00, 0x00, 0x00, 0x00, 0x00, 0x00, 0x00, 0x00, 0x08, 0x0F, 0x0F, 0x0F, 0xBF, 0xFF, 0xFF, 0xFF,
    0xFF, 0xFF, 0xFF, 0xFF, 0xFF, 0xFF, 0xFF, 0xFF, 0xFF, 0xFF, 0xFF, 0xFF, 0xBF, 0x0F, 0x0F, 0x0F,
    0x08, 0x00, 0x00, 0x00, 0x00, 0x00, 0x0F, 0x0F, 0x0F, 0x4F, 0xFF, 0xFF, 0xFF, 0xFF, 0xFF, 0xFF,
    0xFF, 0xFF, 0xFF, 0xFF, 0x0F, 0x0F, 0x0F, 0x0B, 0x00, 0x00, 0x00, 0x00, 0x00, 0x00, 0x00, 0x00,
    0x00, 0x00, 0x00, 0x00, 0x00, 0x00, 0x00, 0x00, 0x08, 0x0F, 0x0F, 0x0F, 0xBF, 0xFF, 0xFF, 0xFF,
    0xFF, 0xFF, 0xFF, 0xFF, 0xFF, 0xFF, 0xFF, 0xFF, 0xFF, 0xFF, 0xFF, 0xFF, 0xBF, 0x0F, 0x0F, 0x0F,
    0x08, 0x00, 0x00, 0x00, 0x00, 0x00, 0x0F, 0x0F, 0x0F, 0x3F, 0xFF, 0xFF, 0xFF, 0xFF, 0xFF, 0xFF,
    0xFF, 0xFF, 0xFF, 0xFF, 0x0F, 0x0F, 0x0F, 0x0B, 0x00, 0x00, 0x00, 0x00, 0x00, 0x00, 0x00, 0x00,
    0x00, 0x00, 0x00, 0x00, 0x00, 0x00, 0x00, 0x00, 0x08, 0x0F, 0x0F, 0x0F, 0xBF, 0xFF, 0xFF, 0xFF,
    0xFF, 0xFF, 0xFF, 0xFF, 0xFF, 0xFF, 0xFF, 0xFF, 0xFF, 0xFF, 0xFF, 0xFF, 0xBF, 0x0F, 0x0F, 0x0F,
    0x08, 0x00, 0x00, 0x00, 0x00, 0x00, 0x0B, 0x0F, 0x0F, 0x0F, 0xFF, 0xFF, 0xFF, 0xFF, 0xFF, 0xFF,
    0xFF, 0xFF, 0xFF, 0xFF, 0x0F, 0x0F, 0x0F, 0x0B, 0x00, 0x00, 0x00, 0x00, 0x00, 0x00, 0x00, 0x00,
    0x00, 0x00, 0x00, 0x00, 0x00, 0x00, 0x00, 0x00, 0x08, 0x0F, 0x0F, 0x0F, 0xBF, 0xFF, 0xFF, 0xFF,
    0xFF, 0xFF, 0xFF, 0xFF, 0xFF, 0xFF, 0xFF, 0xFF, 0xFF, 0xFF, 0xFF, 0xFF, 0xBF, 0x0F, 0x0F, 0x0F,
    0x08, 0x00, 0x00, 0x00, 0x00, 0x00, 0x0B, 0x0F, 0x0F, 0x0F, 0xFF, 0xFF, 0xFF, 0xFF, 0xFF, 0xFF,
    0xFF, 0xFF, 0xFF, 0xFF, 0x0F, 0x0F, 0x0F, 0x0B, 0x00, 0x00, 0x00, 0x00, 0x00, 0x00, 0x00, 0x00,
    0x00, 0x00, 0x00, 0x00, 0x00, 0x00, 0x00, 0x00, 0x08, 0x0F, 0x0F, 0x0F, 0xBF, 0xFF, 0xFF, 0xFF,
    0xFF, 0xFF, 0xFF, 0xFF, 0xFF, 0xFF, 0xFF, 0xFF, 0xFF, 0xFF, 0xFF, 0xFF, 0xBF, 0x0F, 0x0F, 0x0F,
    0x08, 0x00, 0x00, 0x00, 0x00, 0x00, 0x0B, 0x0F, 0x0F, 0x0F, 0xFF, 0xFF, 0xFF, 0xFF, 0xFF, 0xFF,
    0xFF, 0xFF, 0xFF, 0xFF, 0x0F, 0x0F, 0x0F, 0x0B, 0x00, 0x00, 0x00, 0x00, 0x00, 0x00, 0x00, 0x00,
    0x00, 0x00, 0x00, 0x00, 0x00, 0x00, 0x00, 0x00, 0x08, 0x0F, 0x0F, 0x0F, 0xBF, 0xFF, 0xFF, 0xFF,
    0xFF, 0xFF, 0xFF, 0xFF, 0xFF, 0xFF, 0xFF, 0xFF, 0xFF, 0xFF, 0xFF, 0xFF, 0xBF, 0x0F, 0x0F, 0x0F,
    0x08, 0x00, 0x00, 0x00, 0x00, 0x00, 0x0B, 0x0F, 0x0F, 0x0F, 0xFF, 0xFF, 0xFF, 0xFF, 0xFF, 0xFF,
    0xFF, 0xFF, 0xFF, 0xFF, 0x0F, 0x0F, 0x0F, 0x0B, 0x00, 0x00, 0x00, 0x00, 0x00, 0x00, 0x00, 0x00,
    0x00, 0x00, 0x00, 0x00, 0x00, 0x00, 0x00, 0x00, 0x08, 0x0F, 0x0F, 0x0F, 0xBF, 0xFF, 0xFF, 0xFF,
    0xFF, 0xFF, 0xFF, 0xFF, 0xFF, 0xFF, 0xFF, 0xFF, 0xFF, 0xFF, 0xFF, 0xFF, 0xBF, 0x0F, 0x0F, 0x0F,
    0x08, 0x00, 0x00, 0x00, 0x00, 0x00, 0x0B, 0x0F, 0x0F, 0x0F, 0x0F, 0x0F, 0x0F, 0x0F, 0x0F, 0x0F,
    0x0F, 0x0F, 0x0F, 0x0F, 0x0F, 0x0F, 0x0F, 0x0B, 0x00, 0x00, 0x00, 0x00, 0x00, 0x00, 0x00, 0x00,
    0x00, 0x00, 0x00, 0x00, 0x00, 0x00, 0x00, 0x00, 0x08, 0x0F, 0x0F, 0x0F, 0xBF, 0xFF, 0xFF, 0xFF,
    0xFF, 0xFF, 0xFF, 0xFF, 0xFF, 0xFF, 0xFF, 0xFF, 0xFF, 0xFF, 0xFF, 0xFF, 0xBF, 0x0F, 0x0F, 0x0F,
    0x08, 0x00, 0x00, 0x00, 0x00, 0x00, 0x0B, 0x0F, 0x0F, 0x0F, 0x0F, 0x0F, 0x0F, 0x0F, 0x0F, 0x0F,
    0x0F, 0x0F, 0x0F, 0x0F, 0x0F, 0x0F, 0x0F, 0x0B, 0x00, 0x00, 0x00, 0x00, 0x00, 0x00, 0x00, 0x00,
    0x00, 0x00, 0x00, 0x00, 0x00, 0x00, 0x00, 0x00, 0x08, 0x0F, 0x0F, 0x0F, 0xBF, 0xFF, 0xFF, 0xFF,
    0xFF, 0xFF, 0xFF, 0xFF, 0xFF, 0xFF, 0xFF, 0xFF, 0xFF, 0xFF, 0xFF, 0xFF, 0xBF, 0x0F, 0x0F, 0x0F,
    0x08, 0x00, 0x00, 0x00, 0x00, 0x00, 0x08, 0x0F, 0x0F, 0x0F, 0x0F, 0x0F, 0x0F, 0x0F, 0x0F, 0x0F,
    0x0F, 0x0F, 0x0F, 0x0F, 0x0F, 0x0F, 0x0F, 0x0A, 0x00, 0x00, 0x00, 0x00, 0x00, 0x00, 0x00, 0x00,
    0x00, 0x00, 0x00, 0x00, 0x00, 0x00, 0x00, 0x00, 0x08, 0x0F, 0x0F, 0x0F, 0xBF, 0xFF, 0xFF, 0xFF,
    0xFF, 0xFF, 0xFF, 0xFF, 0xFF, 0xFF, 0xFF, 0xFF, 0xFF, 0xFF, 0xFF, 0xFF, 0xBF, 0x0F, 0x0F, 0x0F,
    0x08, 0x00, 0x00, 0x00, 0x00, 0x00, 0x01, 0x09, 0x0B, 0x0B, 0x0B, 0x0B, 0x0B, 0x0B, 0x0B, 0x0B,
    0x0B, 0x0B, 0x0B, 0x0B, 0x0B, 0x0B, 0x0A, 0x03, 0x00, 0x00, 0x00, 0x00, 0x00, 0x00, 0x00, 0x00,
    0x00, 0x00, 0x00, 0x00, 0x00, 0x00, 0x00, 0x00, 0x08, 0x0F, 0x0F, 0x0F, 0xBF, 0xFF, 0xFF, 0xFF,
    0xFF, 0xFF, 0xFF, 0xFF, 0xFF, 0xFF, 0xFF, 0xFF, 0xFF, 0xFF, 0xFF, 0xFF, 0xBF, 0x0F, 0x0F, 0x0F,
    0x08, 0x00, 0x00, 0x00, 0x00, 0x00, 0x00, 0x00, 0x00, 0x00, 0x00, 0x00, 0x00, 0x00, 0x00, 0x00,
    0x00, 0x00, 0x00, 0x00, 0x00, 0x00, 0x00, 0x00, 0x00, 0x00, 0x00, 0x00, 0x00, 0x00, 0x00, 0x00,
    0x00, 0x00, 0x00, 0x00, 0x00, 0x00, 0x00, 0x00, 0x08, 0x0F, 0x0F, 0x0F, 0x0F, 0x0F, 0x0F, 0x0F,
    0x0F, 0x0F, 0x0F, 0x0F, 0x0F, 0x0F, 0x2F, 0x4F, 0x4F, 0x4F, 0x4F, 0x4F, 0x3F, 0x0F, 0x0F, 0x0F,
    0x08, 0x00, 0x00, 0x00, 0x00, 0x00, 0x00, 0x00, 0x00, 0x00, 0x00, 0x00, 0x00, 0x00, 0x00, 0x00,
    0x00, 0x00, 0x00, 0x00, 0x00, 0x00, 0x00, 0x00, 0x00, 0x00, 0x00, 0x00, 0x00, 0x00, 0x00, 0x00,
    0x00, 0x00, 0x00, 0x00, 0x00, 0x00, 0x00, 0x00, 0x08, 0x0F, 0x0F, 0x0F, 0x0F, 0x0F, 0x0F, 0x0F,
    0x0F, 0x0F, 0x0F, 0x0F, 0x0F, 0x0F, 0x0F, 0x0F, 0x0F, 0x0F, 0x0F, 0x0F, 0x0F, 0x0F, 0x0F, 0x0F,
    0x08, 0x00, 0x00, 0x00, 0x00, 0x00, 0x00, 0x00, 0x00, 0x00, 0x00, 0x00, 0x00, 0x00, 0x00, 0x00,
    0x00, 0x00, 0x00, 0x00, 0x00, 0x00, 0x00, 0x00, 0x00, 0x00, 0x00, 0x00, 0x00, 0x00, 0x00, 0x00,
    0x00, 0x00, 0x00, 0x00, 0x00, 0x00, 0x00, 0x00, 0x06, 0x0F, 0x0F, 0x0F, 0x0F, 0x0F, 0x0F, 0x0F,
    0x0F, 0x0F, 0x0F, 0x0F, 0x0F, 0x0F, 0x0F, 0x0F, 0x0F, 0x0F, 0x0F, 0x0F, 0x0F, 0x0F, 0x0F, 0x0F,
    0x07, 0x00, 0x00, 0x00, 0x00, 0x00, 0x00, 0x00, 0x00, 0x00, 0x00, 0x00, 0x00, 0x00, 0x00, 0x00,
    0x00, 0x00, 0x00, 0x00, 0x00, 0x00, 0x00, 0x00, 0x00, 0x00, 0x00, 0x00, 0x00, 0x00, 0x00, 0x00,
    0x00, 0x00, 0x00, 0x00, 0x00, 0x00, 0x00, 0x00, 0x00, 0x07, 0x0A, 0x0B, 0x0B, 0x0B, 0x0B, 0x0B,
    0x0B, 0x0B, 0x0B, 0x0B, 0x0B, 0x0B, 0x0D, 0x0F, 0x0F, 0x0F, 0x0F, 0x0F, 0x0F, 0x0F, 0x0F, 0x0C,
    0x01, 0x00, 0x00, 0x00, 0x00, 0x00, 0x00, 0x00, 0x00, 0x00, 0x00, 0x00, 0x00, 0x00, 0x00, 0x00,
    0x00, 0x00, 0x00, 0x00, 0x00, 0x00, 0x00, 0x00, 0x00, 0x00, 0x00, 0x00, 0x00, 0x00, 0x00, 0x00,
    0x00, 0x00, 0x00, 0x00, 0x00, 0x00, 0x00, 0x00, 0x00, 0x00, 0x00, 0x00, 0x00, 0x00, 0x00, 0x00,
    0x00, 0x00, 0x00, 0x00, 0x00, 0x00, 0x00, 0x00, 0x00, 0x00, 0x00, 0x00, 0x00, 0x00, 0x00, 0x00,
    0x00, 0x00, 0x00, 0x00, 0x00, 0x00, 0x00, 0x00, 0x00, 0x00, 0x00, 0x00, 0x00, 0x00, 0x00, 0x00,
    0x00, 0x00, 0x00, 0x00, 0x00, 0x00, 0x00, 0x00, 0x00, 0x00, 0x00, 0x00, 0x00, 0x00, 0x00, 0x00,
    0x00, 0x00, 0x00, 0x00, 0x00, 0x00, 0x00, 0x00, 0x00, 0x00, 0x00, 0x00, 0x00, 0x00, 0x00, 0x00,
    0x00, 0x00, 0x00, 0x00, 0x00, 0x00, 0x00, 0x00, 0x00, 0x00, 0x00, 0x00, 0x00, 0x00, 0x00, 0x00,
    0x00, 0x00, 0x00, 0x00, 0x00, 0x00, 0x00, 0x00, 0x00, 0x00, 0x00, 0x00, 0x00, 0x00, 0x00, 0x00,
    0x00, 0x00, 0x00, 0x00, 0x00, 0x00, 0x00, 0x00, 0x00, 0x00, 0x00, 0x00, 0x00, 0x00, 0x00, 0x00,
    0x00, 0x00, 0x00, 0x00, 0x00, 0x00, 0x00, 0x00, 0x00, 0x00, 0x00, 0x00, 0x00, 0x00, 0x00, 0x00,
    0x00, 0x00, 0x00, 0x00, 0x00, 0x00, 0x00, 0x00, 0x00, 0x00, 0x00, 0x00, 0x00, 0x00, 0x00, 0x00,
    0x00, 0x00, 0x00, 0x00, 0x00, 0x00, 0x00, 0x00, 0x00, 0x00, 0x00, 0x00, 0x00, 0x00, 0x00, 0x00,
    0x00, 0x00, 0x00, 0x00, 0x00, 0x00, 0x00, 0x00, 0x00, 0x00, 0x00, 0x00, 0x00, 0x00, 0x00, 0x00,
    0x00, 0x00, 0x00, 0x00, 0x00, 0x00, 0x00, 0x00, 0x00, 0x00, 0x00, 0x00, 0x00, 0x00, 0x00, 0x00,
    0x00, 0x00, 0x00, 0x00, 0x00, 0x00, 0x00, 0x00, 0x00, 0x00, 0x00, 0x00, 0x00, 0x00, 0x00, 0x00,
    0x00, 0x00, 0x00, 0x00, 0x00, 0x00, 0x00, 0x00, 0x00, 0x00, 0x00, 0x00, 0x00, 0x00, 0x00, 0x00,
    0x00, 0x00, 0x00, 0x00, 0x00, 0x00, 0x00, 0x00, 0x00, 0x00, 0x00, 0x00, 0x00, 0x00, 0x00, 0x00,
};
unsigned char D_802A55F8_7A3538[] = {
    0x00, 0x00, 0x00, 0x00, 0x00, 0x00, 0x00, 0x00, 0x00, 0x00, 0x00, 0x00, 0x00, 0x00, 0x00, 0x00,
    0x00, 0x00, 0x00, 0x00, 0x00, 0x00, 0x00, 0x00, 0x00, 0x00, 0x00, 0x00, 0x00, 0x00, 0x00, 0x00,
    0x00, 0x00, 0x00, 0x00, 0x00, 0x00, 0x00, 0x00, 0x00, 0x00, 0x00, 0x00, 0x00, 0x00, 0x00, 0x00,
    0x00, 0x00, 0x00, 0x00, 0x00, 0x00, 0x00, 0x00, 0x00, 0x00, 0x00, 0x00, 0x00, 0x00, 0x00, 0x00,
    0x00, 0x00, 0x00, 0x00, 0x00, 0x00, 0x00, 0x00, 0x00, 0x00, 0x00, 0x00, 0x00, 0x00, 0x00, 0x00,
    0x00, 0x00, 0x00, 0x00, 0x00, 0x00, 0x00, 0x00, 0x00, 0x00, 0x00, 0x00, 0x00, 0x00, 0x00, 0x00,
    0x00, 0x00, 0x00, 0x00, 0x00, 0x00, 0x00, 0x00, 0x00, 0x00, 0x00, 0x00, 0x00, 0x00, 0x00, 0x00,
    0x00, 0x00, 0x00, 0x00, 0x00, 0x00, 0x00, 0x00, 0x00, 0x00, 0x00, 0x00, 0x00, 0x00, 0x00, 0x00,
    0x00, 0x00, 0x00, 0x00, 0x00, 0x00, 0x00, 0x00, 0x00, 0x00, 0x00, 0x00, 0x00, 0x00, 0x00, 0x00,
    0x00, 0x00, 0x00, 0x00, 0x00, 0x00, 0x00, 0x00, 0x00, 0x00, 0x00, 0x00, 0x00, 0x00, 0x00, 0x00,
    0x00, 0x00, 0x00, 0x00, 0x00, 0x00, 0x00, 0x00, 0x00, 0x00, 0x00, 0x00, 0x01, 0x04, 0x08, 0x09,
    0x0C, 0x0F, 0x0E, 0x03, 0x00, 0x00, 0x00, 0x00, 0x00, 0x00, 0x00, 0x00, 0x00, 0x00, 0x00, 0x00,
    0x00, 0x00, 0x00, 0x00, 0x00, 0x00, 0x00, 0x00, 0x00, 0x00, 0x00, 0x00, 0x00, 0x00, 0x00, 0x00,
    0x00, 0x00, 0x00, 0x00, 0x00, 0x00, 0x00, 0x00, 0x00, 0x00, 0x00, 0x00, 0x00, 0x00, 0x00, 0x00,
    0x00, 0x00, 0x00, 0x00, 0x00, 0x00, 0x00, 0x02, 0x05, 0x08, 0x0B, 0x0D, 0x0F, 0x0F, 0x0F, 0x0F,
    0x0F, 0x0F, 0x0F, 0x0A, 0x00, 0x00, 0x00, 0x00, 0x00, 0x00, 0x00, 0x00, 0x00, 0x00, 0x00, 0x00,
    0x00, 0x00, 0x00, 0x00, 0x00, 0x00, 0x00, 0x00, 0x00, 0x00, 0x00, 0x00, 0x00, 0x00, 0x00, 0x00,
    0x00, 0x00, 0x00, 0x00, 0x00, 0x00, 0x00, 0x00, 0x00, 0x00, 0x00, 0x00, 0x00, 0x00, 0x00, 0x00,
    0x00, 0x00, 0x04, 0x06, 0x08, 0x0B, 0x0F, 0x0F, 0x0F, 0x0F, 0x0F, 0x0F, 0x0F, 0x0F, 0x0F, 0x0F,
    0x0F, 0x0F, 0x0F, 0x0F, 0x01, 0x00, 0x00, 0x00, 0x00, 0x00, 0x00, 0x00, 0x00, 0x00, 0x00, 0x00,
    0x00, 0x00, 0x00, 0x00, 0x00, 0x00, 0x00, 0x00, 0x00, 0x00, 0x00, 0x00, 0x00, 0x00, 0x00, 0x00,
    0x00, 0x00, 0x00, 0x00, 0x00, 0x00, 0x00, 0x00, 0x00, 0x00, 0x00, 0x00, 0x01, 0x04, 0x08, 0x09,
    0x0C, 0x0F, 0x0F, 0x0F, 0x0F, 0x0F, 0x0F, 0x0F, 0x0F, 0x0F, 0x0F, 0x0F, 0x0F, 0x0F, 0x0F, 0x0F,
    0x0F, 0x0F, 0x0F, 0x0F, 0x05, 0x00, 0x00, 0x00, 0x00, 0x00, 0x00, 0x00, 0x00, 0x00, 0x00, 0x00,
    0x00, 0x00, 0x00, 0x00, 0x00, 0x00, 0x00, 0x00, 0x00, 0x00, 0x00, 0x00, 0x00, 0x00, 0x00, 0x00,
    0x00, 0x00, 0x00, 0x00, 0x00, 0x00, 0x00, 0x02, 0x05, 0x08, 0x0B, 0x0D, 0x0F, 0x0F, 0x0F, 0x0F,
    0x0F, 0x0F, 0x0F, 0x0F, 0x0F, 0x0F, 0x0F, 0x0F, 0x0F, 0x0F, 0x0F, 0x0F, 0x4F, 0x7F, 0x8F, 0xBF,
    0x9F, 0x0F, 0x0F, 0x0F, 0x09, 0x00, 0x00, 0x00, 0x00, 0x00, 0x00, 0x00, 0x00, 0x00, 0x00, 0x00,
    0x00, 0x00, 0x00, 0x00, 0x00, 0x00, 0x00, 0x00, 0x00, 0x00, 0x00, 0x00, 0x00, 0x00, 0x00, 0x00,
    0x00, 0x00, 0x04, 0x06, 0x08, 0x0B, 0x0F, 0x0F, 0x0F, 0x0F, 0x0F, 0x0F, 0x0F, 0x0F, 0x0F, 0x0F,
    0x0F, 0x0F, 0x0F, 0x0F, 0x0F, 0x0F, 0x1F, 0x4F, 0x8F, 0xAF, 0xCF, 0xFF, 0xFF, 0xFF, 0xFF, 0xFF,
    0xEF, 0x0F, 0x0F, 0x0F, 0x0E, 0x00, 0x00, 0x00, 0x00, 0x00, 0x00, 0x00, 0x00, 0x00, 0x00, 0x00,
    0x00, 0x00, 0x00, 0x00, 0x00, 0x00, 0x00, 0x00, 0x00, 0x00, 0x00, 0x00, 0x01, 0x04, 0x08, 0x09,
    0x0C, 0x0F, 0x0F, 0x0F, 0x0F, 0x0F, 0x0F, 0x0F, 0x0F, 0x0F, 0x0F, 0x0F, 0x0F, 0x0F, 0x0F, 0x0F,
    0x0F, 0x3F, 0x5F, 0x8F, 0xBF, 0xEF, 0xFF, 0xFF, 0xFF, 0xFF, 0xFF, 0xFF, 0xFF, 0xFF, 0xFF, 0xFF,
    0xFF, 0x4F, 0x0F, 0x0F, 0x0F, 0x03, 0x00, 0x00, 0x00, 0x00, 0x00, 0x00, 0x00, 0x00, 0x00, 0x00,
    0x00, 0x00, 0x00, 0x00, 0x00, 0x00, 0x00, 0x00, 0x00, 0x01, 0x0A, 0x0D, 0x0F, 0x0F, 0x0F, 0x0F,
    0x0F, 0x0F, 0x0F, 0x0F, 0x0F, 0x0F, 0x0F, 0x0F, 0x0F, 0x0F, 0x0F, 0x0F, 0x4F, 0x7F, 0x8F, 0xBF,
    0xFF, 0xFF, 0xFF, 0xFF, 0xFF, 0xFF, 0xFF, 0xFF, 0xFF, 0xFF, 0xFF, 0xFF, 0xFF, 0xFF, 0xFF, 0xFF,
    0xFF, 0x8F, 0x0F, 0x0F, 0x0F, 0x08, 0x00, 0x00, 0x00, 0x00, 0x00, 0x00, 0x00, 0x00, 0x00, 0x00,
    0x00, 0x00, 0x00, 0x00, 0x00, 0x00, 0x00, 0x00, 0x00, 0x0A, 0x0F, 0x0F, 0x0F, 0x0F, 0x0F, 0x0F,
    0x0F, 0x0F, 0x0F, 0x0F, 0x0F, 0x0F, 0x1F, 0x4F, 0x8F, 0xAF, 0xCF, 0xFF, 0xFF, 0xFF, 0xFF, 0xFF,
    0xFF, 0xFF, 0xFF, 0xFF, 0xFF, 0xFF, 0xFF, 0xFF, 0xFF, 0xFF, 0xFF, 0xFF, 0xFF, 0xFF, 0xFF, 0xFF,
    0xFF, 0xDF, 0x0F, 0x0F, 0x0F, 0x0C, 0x00, 0x00, 0x00, 0x00, 0x00, 0x00, 0x00, 0x00, 0x00, 0x00,
    0x00, 0x00, 0x00, 0x00, 0x00, 0x00, 0x00, 0x00, 0x00, 0x0B, 0x0F, 0x0F, 0x0F, 0x0F, 0x0F, 0x0F,
    0x0F, 0x3F, 0x5F, 0x8F, 0xBF, 0xEF, 0xFF, 0xFF, 0xFF, 0xFF, 0xFF, 0xFF, 0xFF, 0xFF, 0xFF, 0xFF,
    0xFF, 0xFF, 0xFF, 0xFF, 0xFF, 0xFF, 0xFF, 0xFF, 0xFF, 0xFF, 0xFF, 0xFF, 0xFF, 0xFF, 0xFF, 0xFF,
    0xFF, 0xFF, 0x2F, 0x0F, 0x0F, 0x0F, 0x02, 0x00, 0x00, 0x00, 0x00, 0x00, 0x00, 0x00, 0x00, 0x00,
    0x00, 0x00, 0x00, 0x00, 0x00, 0x00, 0x00, 0x00, 0x00, 0x08, 0x0F, 0x0F, 0x0F, 0x6F, 0x8F, 0xBF,
    0xFF, 0xFF, 0xFF, 0xFF, 0xFF, 0xFF, 0xFF, 0xFF, 0xFF, 0xFF, 0xFF, 0xFF, 0xFF, 0xFF, 0xFF, 0xFF,
    0xFF, 0xFF, 0xFF, 0xFF, 0xFF, 0xFF, 0xFF, 0xFF, 0xFF, 0xFF, 0xFF, 0xFF, 0xFF, 0xFF, 0xFF, 0xFF,
    0xFF, 0xFF, 0x7F, 0x0F, 0x0F, 0x0F, 0x07, 0x00, 0x00, 0x00, 0x00, 0x00, 0x00, 0x00, 0x00, 0x00,
    0x00, 0x00, 0x00, 0x00, 0x00, 0x00, 0x00, 0x00, 0x00, 0x08, 0x0F, 0x0F, 0x0F, 0x9F, 0xFF, 0xFF,
    0xFF, 0xFF, 0xFF, 0xFF, 0xFF, 0xFF, 0xFF, 0xFF, 0xFF, 0xFF, 0xFF, 0xFF, 0xFF, 0xFF, 0xFF, 0xFF,
    0xFF, 0xFF, 0xFF, 0xFF, 0xFF, 0xFF, 0xFF, 0xFF, 0xFF, 0xFF, 0xFF, 0xFF, 0xFF, 0xFF, 0xFF, 0xFF,
    0xFF, 0xFF, 0xBF, 0x0F, 0x0F, 0x0F, 0x0A, 0x00, 0x00, 0x00, 0x00, 0x00, 0x00, 0x00, 0x00, 0x00,
    0x00, 0x00, 0x00, 0x00, 0x00, 0x00, 0x00, 0x00, 0x00, 0x04, 0x0F, 0x0F, 0x0F, 0x8F, 0xFF, 0xFF,
    0xFF, 0xFF, 0xFF, 0xFF, 0xFF, 0xFF, 0xFF, 0xFF, 0xFF, 0xFF, 0xFF, 0xFF, 0xFF, 0xFF, 0xFF, 0xFF,
    0xFF, 0xFF, 0xFF, 0xFF, 0xFF, 0xFF, 0xFF, 0xFF, 0xFF, 0xFF, 0xFF, 0xFF, 0xFF, 0xFF, 0xFF, 0xFF,
    0xFF, 0xFF, 0xFF, 0x1F, 0x0F, 0x0F, 0x0F, 0x01, 0x00, 0x00, 0x00, 0x00, 0x00, 0x00, 0x00, 0x00,
    0x00, 0x00, 0x00, 0x00, 0x00, 0x00, 0x00, 0x00, 0x00, 0x02, 0x0F, 0x0F, 0x0F, 0x4F, 0xFF, 0xFF,
    0xFF, 0xFF, 0xFF, 0xFF, 0xFF, 0xFF, 0xFF, 0xFF, 0xFF, 0xFF, 0xFF, 0xFF, 0xFF, 0xFF, 0xFF, 0xFF,
    0xFF, 0xFF, 0xFF, 0xFF, 0xFF, 0xFF, 0xFF, 0xFF, 0xFF, 0xFF, 0xFF, 0xFF, 0xFF, 0xFF, 0xFF, 0xFF,
    0xFF, 0xFF, 0xFF, 0x6F, 0x0F, 0x0F, 0x0F, 0x05, 0x00, 0x00, 0x00, 0x00, 0x00, 0x00, 0x00, 0x00,
    0x00, 0x00, 0x00, 0x00, 0x00, 0x00, 0x00, 0x00, 0x00, 0x00, 0x0F, 0x0F, 0x0F, 0x3F, 0xFF, 0xFF,
    0xFF, 0xFF, 0xFF, 0xFF, 0xFF, 0xFF, 0xFF, 0xFF, 0xFF, 0xFF, 0xFF, 0xFF, 0xFF, 0xFF, 0xFF, 0xFF,
    0xFF, 0xFF, 0xFF, 0xFF, 0xFF, 0xFF, 0xFF, 0xFF, 0xFF, 0xFF, 0xFF, 0xFF, 0xFF, 0xFF, 0xFF, 0xFF,
    0xFF, 0xFF, 0xFF, 0x9F, 0x0F, 0x0F, 0x0F, 0x09, 0x00, 0x00, 0x00, 0x00, 0x00, 0x00, 0x00, 0x00,
    0x00, 0x00, 0x00, 0x00, 0x00, 0x00, 0x00, 0x00, 0x00, 0x00, 0x0C, 0x0F, 0x0F, 0x0F, 0xFF, 0xFF,
    0xFF, 0xFF, 0xFF, 0xFF, 0xFF, 0xFF, 0xFF, 0xFF, 0xFF, 0xFF, 0xFF, 0xFF, 0xFF, 0xFF, 0xFF, 0xFF,
    0xFF, 0xFF, 0xFF, 0xFF, 0xFF, 0xFF, 0xFF, 0xFF, 0xFF, 0xFF, 0xFF, 0xFF, 0xFF, 0xFF, 0xFF, 0xFF,
    0xFF, 0xFF, 0xFF, 0xEF, 0x0F, 0x0F, 0x0F, 0x0E, 0x00, 0x00, 0x00, 0x00, 0x00, 0x00, 0x00, 0x00,
    0x00, 0x00, 0x00, 0x00, 0x00, 0x00, 0x00, 0x00, 0x00, 0x00, 0x0B, 0x0F, 0x0F, 0x0F, 0xDF, 0xFF,
    0xFF, 0xFF, 0xFF, 0xFF, 0xFF, 0xFF, 0xFF, 0xFF, 0xFF, 0xFF, 0xFF, 0xFF, 0xFF, 0xFF, 0xFF, 0xFF,
    0xFF, 0xFF, 0xFF, 0xFF, 0xFF, 0xFF, 0xFF, 0xFF, 0xFF, 0xFF, 0xFF, 0xFF, 0xFF, 0xFF, 0xFF, 0xFF,
    0xFF, 0xFF, 0xFF, 0xFF, 0x4F, 0x0F, 0x0F, 0x0F, 0x03, 0x00, 0x00, 0x00, 0x00, 0x00, 0x00, 0x00,
    0x00, 0x00, 0x00, 0x00, 0x00, 0x00, 0x00, 0x00, 0x00, 0x00, 0x08, 0x0F, 0x0F, 0x0F, 0xBF, 0xFF,
    0xFF, 0xFF, 0xFF, 0xFF, 0xFF, 0xFF, 0xFF, 0xFF, 0xFF, 0xFF, 0xFF, 0xFF, 0xFF, 0xFF, 0xFF, 0xFF,
    0xFF, 0xFF, 0xFF, 0xFF, 0xFF, 0xFF, 0xFF, 0xFF, 0xFF, 0xFF, 0xFF, 0xFF, 0xFF, 0xFF, 0xFF, 0xFF,
    0xFF, 0xFF, 0xFF, 0xFF, 0x8F, 0x0F, 0x0F, 0x0F, 0x08, 0x00, 0x00, 0x00, 0x00, 0x00, 0x00, 0x00,
    0x00, 0x00, 0x00, 0x00, 0x00, 0x00, 0x00, 0x00, 0x00, 0x00, 0x07, 0x0F, 0x0F, 0x0F, 0x8F, 0xFF,
    0xFF, 0xFF, 0xFF, 0xFF, 0xFF, 0xFF, 0xFF, 0xFF, 0xFF, 0xFF, 0xFF, 0xFF, 0xFF, 0xFF, 0xFF, 0xFF,
    0xFF, 0xFF, 0xFF, 0xFF, 0xFF, 0xFF, 0xFF, 0xFF, 0xFF, 0xFF, 0xFF, 0xFF, 0xFF, 0xFF, 0xFF, 0xFF,
    0xFF, 0xFF, 0xFF, 0xFF, 0xDF, 0x0F, 0x0F, 0x0F, 0x0C, 0x00, 0x00, 0x00, 0x00, 0x00, 0x00, 0x00,
    0x00, 0x00, 0x00, 0x00, 0x00, 0x00, 0x00, 0x00, 0x00, 0x00, 0x04, 0x0F, 0x0F, 0x0F, 0x7F, 0xFF,
    0xFF, 0xFF, 0xFF, 0xFF, 0xFF, 0xFF, 0xFF, 0xFF, 0xFF, 0xFF, 0xFF, 0xFF, 0xFF, 0xFF, 0xFF, 0xFF,
    0xFF, 0xFF, 0xFF, 0xFF, 0xFF, 0xFF, 0xFF, 0xFF, 0xFF, 0xFF, 0xFF, 0xFF, 0xFF, 0xFF, 0xFF, 0xFF,
    0xFF, 0xFF, 0xFF, 0xFF, 0xFF, 0x2F, 0x0F, 0x0F, 0x0F, 0x02, 0x00, 0x00, 0x00, 0x00, 0x00, 0x00,
    0x00, 0x00, 0x00, 0x00, 0x00, 0x00, 0x00, 0x00, 0x00, 0x00, 0x01, 0x0F, 0x0F, 0x0F, 0x4F, 0xFF,
    0xFF, 0xFF, 0xFF, 0xFF, 0xFF, 0xFF, 0xFF, 0xFF, 0xFF, 0xFF, 0xFF, 0xFF, 0xFF, 0xFF, 0xFF, 0xFF,
    0xFF, 0xFF, 0xFF, 0xFF, 0xFF, 0xFF, 0xFF, 0xFF, 0xFF, 0xFF, 0xFF, 0xFF, 0xFF, 0xFF, 0xFF, 0xFF,
    0xFF, 0xFF, 0xFF, 0xFF, 0xFF, 0x7F, 0x0F, 0x0F, 0x0F, 0x07, 0x00, 0x00, 0x00, 0x00, 0x00, 0x00,
    0x00, 0x00, 0x00, 0x00, 0x00, 0x00, 0x00, 0x00, 0x00, 0x00, 0x00, 0x0F, 0x0F, 0x0F, 0x2F, 0xFF,
    0xFF, 0xFF, 0xFF, 0xFF, 0xFF, 0xFF, 0xFF, 0xFF, 0xFF, 0xFF, 0xFF, 0xFF, 0xFF, 0xFF, 0xFF, 0xFF,
    0xFF, 0xFF, 0xFF, 0xFF, 0xFF, 0xFF, 0xFF, 0xFF, 0xFF, 0xFF, 0xFF, 0xFF, 0xFF, 0xFF, 0xFF, 0xFF,
    0xFF, 0xFF, 0xFF, 0xFF, 0xFF, 0xBF, 0x0F, 0x0F, 0x0F, 0x0A, 0x00, 0x00, 0x00, 0x00, 0x00, 0x00,
    0x00, 0x00, 0x00, 0x00, 0x00, 0x00, 0x00, 0x00, 0x00, 0x00, 0x00, 0x0B, 0x0F, 0x0F, 0x0F, 0xFF,
    0xFF, 0xFF, 0xFF, 0xFF, 0xFF, 0xFF, 0xFF, 0xFF, 0xFF, 0xFF, 0xFF, 0xFF, 0xFF, 0xFF, 0xFF, 0xFF,
    0xFF, 0xFF, 0xFF, 0xFF, 0xFF, 0xFF, 0xFF, 0xFF, 0xFF, 0xFF, 0xFF, 0xFF, 0xFF, 0xFF, 0xFF, 0xFF,
    0xFF, 0xFF, 0xFF, 0xFF, 0xFF, 0xFF, 0x1F, 0x0F, 0x0F, 0x0F, 0x01, 0x00, 0x00, 0x00, 0x00, 0x00,
    0x00, 0x00, 0x00, 0x00, 0x00, 0x00, 0x00, 0x00, 0x00, 0x00, 0x00, 0x0A, 0x0F, 0x0F, 0x0F, 0xCF,
    0xFF, 0xFF, 0xFF, 0xFF, 0xFF, 0xFF, 0xFF, 0xFF, 0xFF, 0xFF, 0xFF, 0xFF, 0xFF, 0xFF, 0x8F, 0x4F,
    0x7F, 0x8F, 0x8F, 0x8F, 0x8F, 0x8F, 0x8F, 0x8F, 0xAF, 0xBF, 0xBF, 0xBF, 0xBF, 0xBF, 0xBF, 0xBF,
    0xEF, 0xFF, 0xFF, 0xFF, 0xFF, 0xFF, 0x6F, 0x0F, 0x0F, 0x0F, 0x05, 0x00, 0x00, 0x00, 0x00, 0x00,
    0x00, 0x00, 0x00, 0x00, 0x00, 0x00, 0x00, 0x00, 0x00, 0x00, 0x00, 0x08, 0x0F, 0x0F, 0x0F, 0xBF,
    0xFF, 0xFF, 0xFF, 0xFF, 0xFF, 0xFF, 0xFF, 0xFF, 0xFF, 0xFF, 0xFF, 0xFF, 0xFF, 0x8F, 0x0F, 0x0F,
    0x0F, 0x0F, 0x0F, 0x0F, 0x0F, 0x0F, 0x0F, 0x0F, 0x0F, 0x0F, 0x0F, 0x0F, 0x0F, 0x0F, 0x0F, 0x0F,
    0x0F, 0x0F, 0x0F, 0x0F, 0x0F, 0x0F, 0x0F, 0x0F, 0x0F, 0x0F, 0x09, 0x00, 0x00, 0x00, 0x00, 0x00,
    0x00, 0x00, 0x00, 0x00, 0x00, 0x00, 0x00, 0x00, 0x00, 0x00, 0x00, 0x06, 0x0F, 0x0F, 0x0F, 0x8F,
    0xFF, 0xFF, 0xFF, 0xFF, 0xFF, 0xFF, 0xFF, 0xFF, 0xFF, 0xFF, 0xFF, 0xFF, 0xFF, 0x8F, 0x0F, 0x0F,
    0x0F, 0x0F, 0x0F, 0x0F, 0x0F, 0x0F, 0x0F, 0x0F, 0x0F, 0x0F, 0x0F, 0x0F, 0x0F, 0x0F, 0x0F, 0x0F,
    0x0F, 0x0F, 0x0F, 0x0F, 0x0F, 0x0F, 0x0F, 0x0F, 0x0F, 0x0F, 0x0E, 0x00, 0x00, 0x00, 0x00, 0x00,
    0x00, 0x00, 0x00, 0x00, 0x00, 0x00, 0x00, 0x00, 0x00, 0x00, 0x00, 0x04, 0x0F, 0x0F, 0x0F, 0x7F,
    0xFF, 0xFF, 0xFF, 0xFF, 0xFF, 0xFF, 0xFF, 0xFF, 0xFF, 0xFF, 0xFF, 0xFF, 0xFF, 0x8F, 0x0F, 0x0F,
    0x0F, 0x0F, 0x0F, 0x0F, 0x0F, 0x0F, 0x0F, 0x0F, 0x0F, 0x0F, 0x0F, 0x0F, 0x0F, 0x0F, 0x0F, 0x0F,
    0x0F, 0x0F, 0x0F, 0x0F, 0x0F, 0x0F, 0x0F, 0x0F, 0x0F, 0x0F, 0x0E, 0x00, 0x00, 0x00, 0x00, 0x00,
    0x00, 0x00, 0x00, 0x00, 0x00, 0x00, 0x00, 0x00, 0x00, 0x00, 0x00, 0x01, 0x0F, 0x0F, 0x0F, 0x4F,
    0xFF, 0xFF, 0xFF, 0xFF, 0xFF, 0xFF, 0xFF, 0xFF, 0xFF, 0xFF, 0xFF, 0xFF, 0xFF, 0x8F, 0x0F, 0x0F,
    0x0F, 0x07, 0x04, 0x04, 0x04, 0x04, 0x04, 0x04, 0x08, 0x08, 0x08, 0x08, 0x08, 0x08, 0x08, 0x08,
    0x0B, 0x0B, 0x0B, 0x0B, 0x0B, 0x0B, 0x0B, 0x0B, 0x0F, 0x0D, 0x06, 0x00, 0x00, 0x00, 0x00, 0x00,
    0x00, 0x00, 0x00, 0x00, 0x00, 0x00, 0x00, 0x00, 0x00, 0x00, 0x00, 0x00, 0x0E, 0x0F, 0x0F, 0x1F,
    0xFF, 0xFF, 0xFF, 0xFF, 0xFF, 0xFF, 0xFF, 0xFF, 0xFF, 0xFF, 0xFF, 0xFF, 0xFF, 0xAF, 0x0F, 0x0F,
    0x0F, 0x08, 0x00, 0x00, 0x00, 0x00, 0x00, 0x00, 0x00, 0x00, 0x00, 0x00, 0x00, 0x00, 0x00, 0x00,
    0x00, 0x00, 0x00, 0x00, 0x00, 0x00, 0x00, 0x00, 0x00, 0x00, 0x00, 0x00, 0x00, 0x00, 0x00, 0x00,
    0x00, 0x00, 0x00, 0x00, 0x00, 0x00, 0x00, 0x00, 0x00, 0x00, 0x00, 0x00, 0x0B, 0x0F, 0x0F, 0x0F,
    0xFF, 0xFF, 0xFF, 0xFF, 0xFF, 0xFF, 0xFF, 0xFF, 0xFF, 0xFF, 0xFF, 0xFF, 0xFF, 0xBF, 0x0F, 0x0F,
    0x0F, 0x08, 0x00, 0x00, 0x00, 0x00, 0x00, 0x00, 0x00, 0x00, 0x00, 0x00, 0x00, 0x00, 0x00, 0x00,
    0x00, 0x00, 0x00, 0x00, 0x00, 0x00, 0x00, 0x00, 0x00, 0x00, 0x00, 0x00, 0x00, 0x00, 0x00, 0x00,
    0x00, 0x00, 0x00, 0x00, 0x00, 0x00, 0x00, 0x00, 0x00, 0x00, 0x00, 0x00, 0x09, 0x0F, 0x0F, 0x0F,
    0xBF, 0xFF, 0xFF, 0xFF, 0xFF, 0xFF, 0xFF, 0xFF, 0xFF, 0xFF, 0xFF, 0xFF, 0xFF, 0xBF, 0x0F, 0x0F,
    0x0F, 0x08, 0x00, 0x00, 0x00, 0x00, 0x00, 0x00, 0x00, 0x00, 0x00, 0x00, 0x00, 0x00, 0x00, 0x00,
    0x00, 0x00, 0x00, 0x00, 0x00, 0x00, 0x00, 0x00, 0x00, 0x00, 0x00, 0x00, 0x00, 0x00, 0x00, 0x00,
    0x00, 0x00, 0x00, 0x00, 0x00, 0x00, 0x00, 0x00, 0x00, 0x00, 0x00, 0x00, 0x08, 0x0F, 0x0F, 0x0F,
    0xAF, 0xFF, 0xFF, 0xFF, 0xFF, 0xFF, 0xFF, 0xFF, 0xFF, 0xFF, 0xFF, 0xFF, 0xFF, 0xCF, 0x0F, 0x0F,
    0x0F, 0x0A, 0x00, 0x00, 0x00, 0x00, 0x00, 0x00, 0x00, 0x00, 0x00, 0x00, 0x00, 0x00, 0x00, 0x00,
    0x00, 0x00, 0x00, 0x00, 0x00, 0x00, 0x00, 0x00, 0x00, 0x00, 0x00, 0x00, 0x00, 0x00, 0x00, 0x00,
    0x00, 0x00, 0x00, 0x00, 0x00, 0x00, 0x00, 0x00, 0x00, 0x00, 0x00, 0x00, 0x05, 0x0F, 0x0F, 0x0F,
    0x8F, 0xFF, 0xFF, 0xFF, 0xFF, 0xFF, 0xFF, 0xFF, 0xFF, 0xFF, 0xFF, 0xFF, 0xFF, 0xFF, 0x0F, 0x0F,
    0x0F, 0x0B, 0x00, 0x00, 0x00, 0x00, 0x00, 0x00, 0x00, 0x00, 0x00, 0x00, 0x00, 0x00, 0x00, 0x00,
    0x00, 0x00, 0x00, 0x00, 0x00, 0x00, 0x00, 0x00, 0x00, 0x00, 0x00, 0x00, 0x00, 0x00, 0x00, 0x00,
    0x00, 0x00, 0x00, 0x00, 0x00, 0x00, 0x00, 0x00, 0x00, 0x00, 0x00, 0x00, 0x04, 0x0F, 0x0F, 0x0F,
    0x6F, 0xFF, 0xFF, 0xFF, 0xFF, 0xFF, 0xFF, 0xFF, 0xFF, 0xFF, 0xFF, 0xFF, 0xFF, 0xFF, 0x0F, 0x0F,
    0x0F, 0x0B, 0x00, 0x00, 0x00, 0x00, 0x00, 0x00, 0x00, 0x00, 0x00, 0x00, 0x00, 0x00, 0x00, 0x00,
    0x00, 0x00, 0x00, 0x00, 0x00, 0x00, 0x00, 0x00, 0x00, 0x00, 0x00, 0x00, 0x00, 0x00, 0x00, 0x00,
    0x00, 0x00, 0x00, 0x00, 0x00, 0x00, 0x00, 0x00, 0x00, 0x00, 0x00, 0x00, 0x00, 0x0F, 0x0F, 0x0F,
    0x4F, 0xFF, 0xFF, 0xFF, 0xFF, 0xFF, 0xFF, 0xFF, 0xFF, 0xFF, 0xFF, 0xFF, 0xFF, 0xFF, 0x0F, 0x0F,
    0x0F, 0x0C, 0x00, 0x00, 0x00, 0x00, 0x00, 0x00, 0x00, 0x00, 0x00, 0x00, 0x00, 0x00, 0x00, 0x00,
    0x00, 0x00, 0x00, 0x00, 0x00, 0x00, 0x00, 0x00, 0x00, 0x00, 0x00, 0x00, 0x00, 0x00, 0x00, 0x00,
    0x00, 0x00, 0x00, 0x00, 0x00, 0x00, 0x00, 0x00, 0x00, 0x00, 0x00, 0x00, 0x00, 0x0D, 0x0F, 0x0F,
    0x0F, 0xFF, 0xFF, 0xFF, 0xFF, 0xFF, 0xFF, 0xFF, 0xFF, 0xFF, 0xFF, 0xFF, 0xFF, 0xFF, 0x3F, 0x0F,
    0x0F, 0x0F, 0x00, 0x00, 0x00, 0x00, 0x00, 0x00, 0x00, 0x00, 0x00, 0x00, 0x00, 0x00, 0x00, 0x00,
    0x00, 0x00, 0x00, 0x00, 0x00, 0x00, 0x00, 0x00, 0x00, 0x00, 0x00, 0x00, 0x00, 0x00, 0x00, 0x00,
    0x00, 0x00, 0x00, 0x00, 0x00, 0x00, 0x00, 0x00, 0x00, 0x00, 0x00, 0x00, 0x00, 0x0B, 0x0F, 0x0F,
    0x0F, 0xEF, 0xFF, 0xFF, 0xFF, 0xFF, 0xFF, 0xFF, 0xFF, 0xFF, 0xFF, 0xFF, 0xFF, 0xFF, 0x4F, 0x0F,
    0x0F, 0x0F, 0x00, 0x00, 0x00, 0x00, 0x00, 0x00, 0x00, 0x00, 0x00, 0x00, 0x00, 0x00, 0x00, 0x00,
    0x00, 0x00, 0x00, 0x00, 0x00, 0x00, 0x00, 0x00, 0x00, 0x00, 0x00, 0x00, 0x00, 0x00, 0x00, 0x00,
    0x00, 0x00, 0x00, 0x00, 0x00, 0x00, 0x00, 0x00, 0x00, 0x00, 0x00, 0x00, 0x00, 0x08, 0x0F, 0x0F,
    0x0F, 0xBF, 0xFF, 0xFF, 0xFF, 0xFF, 0xFF, 0xFF, 0xFF, 0xFF, 0xFF, 0xFF, 0xFF, 0xFF, 0x4F, 0x0F,
    0x0F, 0x0F, 0x00, 0x00, 0x00, 0x00, 0x00, 0x00, 0x00, 0x00, 0x00, 0x00, 0x00, 0x00, 0x00, 0x00,
    0x00, 0x00, 0x00, 0x00, 0x00, 0x00, 0x00, 0x00, 0x00, 0x00, 0x00, 0x00, 0x00, 0x00, 0x00, 0x00,
    0x00, 0x00, 0x00, 0x00, 0x00, 0x00, 0x00, 0x00, 0x00, 0x00, 0x00, 0x00, 0x00, 0x08, 0x0F, 0x0F,
    0x0F, 0x9F, 0xFF, 0xFF, 0xFF, 0xFF, 0xFF, 0xFF, 0xFF, 0xFF, 0xFF, 0xFF, 0xFF, 0xFF, 0x6F, 0x0F,
    0x0F, 0x0F, 0x03, 0x00, 0x00, 0x00, 0x00, 0x00, 0x00, 0x00, 0x00, 0x00, 0x00, 0x00, 0x00, 0x00,
    0x00, 0x00, 0x00, 0x00, 0x00, 0x00, 0x00, 0x00, 0x00, 0x00, 0x00, 0x00, 0x00, 0x00, 0x00, 0x00,
    0x00, 0x00, 0x00, 0x00, 0x00, 0x00, 0x00, 0x00, 0x00, 0x00, 0x00, 0x00, 0x00, 0x04, 0x0F, 0x0F,
    0x0F, 0x8F, 0xFF, 0xFF, 0xFF, 0xFF, 0xFF, 0xFF, 0xFF, 0xFF, 0xFF, 0xFF, 0xFF, 0xFF, 0x8F, 0x0F,
    0x0F, 0x0F, 0x04, 0x00, 0x00, 0x00, 0x00, 0x00, 0x00, 0x00, 0x00, 0x00, 0x00, 0x00, 0x00, 0x00,
    0x00, 0x00, 0x00, 0x00, 0x00, 0x00, 0x00, 0x00, 0x00, 0x00, 0x00, 0x00, 0x00, 0x00, 0x00, 0x00,
    0x00, 0x00, 0x00, 0x00, 0x00, 0x00, 0x00, 0x00, 0x00, 0x00, 0x00, 0x00, 0x00, 0x03, 0x0F, 0x0F,
    0x0F, 0x5F, 0xFF, 0xFF, 0xFF, 0xFF, 0xFF, 0xFF, 0xFF, 0xFF, 0xFF, 0xFF, 0xFF, 0xFF, 0x8F, 0x0F,
    0x0F, 0x0F, 0x04, 0x00, 0x00, 0x00, 0x00, 0x00, 0x00, 0x00, 0x00, 0x00, 0x00, 0x00, 0x00, 0x00,
    0x00, 0x00, 0x00, 0x00, 0x00, 0x00, 0x00, 0x00, 0x00, 0x00, 0x00, 0x00, 0x00, 0x00, 0x00, 0x00,
    0x00, 0x00, 0x00, 0x00, 0x00, 0x00, 0x00, 0x00, 0x00, 0x00, 0x00, 0x00, 0x00, 0x00, 0x0F, 0x0F,
    0x0F, 0x3F, 0xFF, 0xFF, 0xFF, 0xFF, 0xFF, 0xFF, 0xFF, 0xFF, 0xFF, 0xFF, 0xFF, 0xFF, 0x8F, 0x0F,
    0x0F, 0x0F, 0x06, 0x00, 0x00, 0x00, 0x00, 0x00, 0x00, 0x00, 0x00, 0x00, 0x00, 0x00, 0x00, 0x00,
    0x00, 0x00, 0x00, 0x00, 0x00, 0x00, 0x00, 0x00, 0x00, 0x00, 0x00, 0x00, 0x00, 0x00, 0x00, 0x00,
    0x00, 0x00, 0x00, 0x00, 0x00, 0x00, 0x00, 0x00, 0x00, 0x00, 0x00, 0x00, 0x00, 0x00, 0x0D, 0x0F,
    0x0F, 0x0F, 0xFF, 0xFF, 0xFF, 0xFF, 0xFF, 0xFF, 0xFF, 0xFF, 0xFF, 0xFF, 0xFF, 0xFF, 0xBF, 0x0F,
    0x0F, 0x0F, 0x08, 0x00, 0x00, 0x00, 0x00, 0x00, 0x00, 0x00, 0x00, 0x00, 0x00, 0x00, 0x00, 0x00,
    0x00, 0x00, 0x00, 0x00, 0x00, 0x00, 0x00, 0x00, 0x00, 0x00, 0x00, 0x00, 0x00, 0x00, 0x00, 0x00,
    0x00, 0x00, 0x00, 0x00, 0x00, 0x00, 0x00, 0x00, 0x00, 0x00, 0x00, 0x00, 0x00, 0x00, 0x0B, 0x0F,
    0x0F, 0x0F, 0xDF, 0xFF, 0xFF, 0xFF, 0xFF, 0xFF, 0xFF, 0xFF, 0xFF, 0xFF, 0xFF, 0xFF, 0xBF, 0x0F,
    0x0F, 0x0F, 0x08, 0x00, 0x00, 0x00, 0x00, 0x00, 0x00, 0x00, 0x00, 0x00, 0x00, 0x00, 0x00, 0x00,
    0x00, 0x00, 0x00, 0x00, 0x00, 0x00, 0x00, 0x00, 0x00, 0x00, 0x00, 0x00, 0x00, 0x00, 0x00, 0x00,
    0x00, 0x00, 0x00, 0x00, 0x00, 0x00, 0x00, 0x00, 0x00, 0x00, 0x00, 0x00, 0x00, 0x00, 0x08, 0x0F,
    0x0F, 0x0F, 0xBF, 0xFF, 0xFF, 0xFF, 0xFF, 0xFF, 0xFF, 0xFF, 0xFF, 0xFF, 0xFF, 0xFF, 0xBF, 0x0F,
    0x0F, 0x0F, 0x08, 0x00, 0x00, 0x00, 0x00, 0x00, 0x00, 0x00, 0x00, 0x00, 0x00, 0x00, 0x00, 0x00,
    0x00, 0x00, 0x00, 0x00, 0x00, 0x00, 0x00, 0x00, 0x00, 0x00, 0x00, 0x00, 0x00, 0x00, 0x00, 0x00,
    0x00, 0x00, 0x00, 0x00, 0x00, 0x00, 0x00, 0x00, 0x00, 0x00, 0x00, 0x00, 0x00, 0x00, 0x07, 0x0F,
    0x0F, 0x0F, 0x8F, 0xFF, 0xFF, 0xFF, 0xFF, 0xFF, 0xFF, 0xFF, 0xFF, 0xFF, 0xFF, 0xFF, 0xDF, 0x0F,
    0x0F, 0x0F, 0x0B, 0x00, 0x00, 0x00, 0x00, 0x00, 0x00, 0x00, 0x00, 0x00, 0x00, 0x00, 0x00, 0x00,
    0x00, 0x00, 0x00, 0x00, 0x00, 0x00, 0x00, 0x00, 0x00, 0x00, 0x00, 0x00, 0x00, 0x00, 0x00, 0x00,
    0x00, 0x00, 0x00, 0x00, 0x00, 0x00, 0x00, 0x00, 0x00, 0x00, 0x00, 0x00, 0x00, 0x00, 0x04, 0x0F,
    0x0F, 0x0F, 0x8F, 0xFF, 0xFF, 0xFF, 0xFF, 0xFF, 0xFF, 0xFF, 0xFF, 0xFF, 0xFF, 0xFF, 0xFF, 0x0F,
    0x0F, 0x0F, 0x0B, 0x00, 0x00, 0x00, 0x00, 0x00, 0x00, 0x00, 0x00, 0x00, 0x00, 0x00, 0x00, 0x00,
    0x00, 0x00, 0x00, 0x00, 0x00, 0x00, 0x00, 0x00, 0x00, 0x00, 0x00, 0x00, 0x00, 0x00, 0x00, 0x00,
    0x00, 0x00, 0x00, 0x00, 0x00, 0x00, 0x00, 0x00, 0x00, 0x00, 0x00, 0x00, 0x00, 0x00, 0x02, 0x0F,
    0x0F, 0x0F, 0x4F, 0xFF, 0xFF, 0xFF, 0xFF, 0xFF, 0xFF, 0xFF, 0xFF, 0xFF, 0xFF, 0xFF, 0xFF, 0x0F,
    0x0F, 0x0F, 0x0B, 0x00, 0x00, 0x00, 0x00, 0x00, 0x00, 0x00, 0x00, 0x00, 0x00, 0x00, 0x00, 0x00,
    0x00, 0x00, 0x00, 0x00, 0x00, 0x00, 0x00, 0x00, 0x00, 0x00, 0x00, 0x00, 0x00, 0x00, 0x00, 0x00,
    0x00, 0x00, 0x00, 0x00, 0x00, 0x00, 0x00, 0x00, 0x00, 0x00, 0x00, 0x00, 0x00, 0x00, 0x00, 0x0F,
    0x0F, 0x0F, 0x3F, 0xFF, 0xFF, 0xFF, 0xFF, 0xFF, 0xFF, 0xFF, 0xFF, 0xFF, 0xFF, 0xFF, 0xFF, 0x1F,
    0x0F, 0x0F, 0x0D, 0x00, 0x00, 0x00, 0x00, 0x00, 0x00, 0x00, 0x00, 0x00, 0x00, 0x00, 0x00, 0x00,
    0x00, 0x00, 0x00, 0x00, 0x00, 0x00, 0x00, 0x00, 0x00, 0x00, 0x00, 0x00, 0x00, 0x00, 0x00, 0x00,
    0x00, 0x00, 0x00, 0x00, 0x00, 0x00, 0x00, 0x00, 0x00, 0x00, 0x00, 0x00, 0x00, 0x00, 0x00, 0x0C,
    0x0F, 0x0F, 0x0F, 0xFF, 0xFF, 0xFF, 0xFF, 0xFF, 0xFF, 0xFF, 0xFF, 0xFF, 0xFF, 0xFF, 0xFF, 0x4F,
    0x0F, 0x0F, 0x0F, 0x00, 0x00, 0x00, 0x00, 0x00, 0x00, 0x00, 0x00, 0x00, 0x00, 0x00, 0x00, 0x00,
    0x00, 0x00, 0x00, 0x00, 0x00, 0x00, 0x00, 0x00, 0x00, 0x00, 0x00, 0x00, 0x00, 0x00, 0x00, 0x00,
    0x00, 0x00, 0x00, 0x00, 0x00, 0x00, 0x00, 0x00, 0x00, 0x00, 0x00, 0x00, 0x00, 0x00, 0x00, 0x0A,
    0x0F, 0x0F, 0x0F, 0xCF, 0xFF, 0xFF, 0xFF, 0xFF, 0xFF, 0xFF, 0xFF, 0xFF, 0xFF, 0xFF, 0xFF, 0x4F,
    0x0F, 0x0F, 0x0F, 0x00, 0x00, 0x00, 0x00, 0x00, 0x00, 0x00, 0x00, 0x00, 0x00, 0x00, 0x00, 0x00,
    0x00, 0x00, 0x00, 0x00, 0x00, 0x00, 0x00, 0x00, 0x00, 0x00, 0x00, 0x00, 0x00, 0x00, 0x00, 0x00,
    0x00, 0x00, 0x00, 0x00, 0x00, 0x00, 0x00, 0x00, 0x00, 0x00, 0x00, 0x00, 0x00, 0x00, 0x00, 0x08,
    0x0F, 0x0F, 0x0F, 0xBF, 0xFF, 0xFF, 0xFF, 0xFF, 0xFF, 0xFF, 0xFF, 0xFF, 0xFF, 0xFF, 0xFF, 0x4F,
    0x0F, 0x0F, 0x0F, 0x01, 0x00, 0x00, 0x00, 0x00, 0x00, 0x00, 0x00, 0x00, 0x00, 0x00, 0x00, 0x00,
    0x00, 0x00, 0x00, 0x00, 0x00, 0x00, 0x00, 0x00, 0x00, 0x00, 0x00, 0x00, 0x00, 0x00, 0x00, 0x00,
    0x00, 0x00, 0x00, 0x00, 0x00, 0x00, 0x00, 0x00, 0x00, 0x00, 0x00, 0x00, 0x00, 0x00, 0x00, 0x06,
    0x0F, 0x0F, 0x0F, 0x8F, 0xFF, 0xFF, 0xFF, 0xFF, 0xFF, 0xFF, 0xFF, 0xFF, 0xFF, 0xFF, 0xFF, 0x7F,
    0x0F, 0x0F, 0x0F, 0x04, 0x00, 0x00, 0x00, 0x00, 0x00, 0x00, 0x00, 0x00, 0x00, 0x00, 0x00, 0x00,
    0x00, 0x00, 0x00, 0x00, 0x00, 0x00, 0x00, 0x00, 0x00, 0x00, 0x00, 0x00, 0x00, 0x00, 0x00, 0x00,
    0x00, 0x00, 0x00, 0x00, 0x00, 0x00, 0x00, 0x00, 0x00, 0x00, 0x00, 0x00, 0x00, 0x00, 0x00, 0x04,
    0x0F, 0x0F, 0x0F, 0x7F, 0xFF, 0xFF, 0xFF, 0xFF, 0xFF, 0xFF, 0xFF, 0xFF, 0xFF, 0xFF, 0xFF, 0x8F,
    0x0F, 0x0F, 0x0F, 0x04, 0x00, 0x00, 0x00, 0x00, 0x00, 0x00, 0x00, 0x00, 0x00, 0x00, 0x00, 0x00,
    0x00, 0x00, 0x00, 0x00, 0x00, 0x00, 0x00, 0x00, 0x00, 0x00, 0x00, 0x00, 0x00, 0x00, 0x00, 0x00,
    0x00, 0x00, 0x00, 0x00, 0x00, 0x00, 0x00, 0x00, 0x00, 0x00, 0x00, 0x00, 0x00, 0x00, 0x00, 0x01,
    0x0F, 0x0F, 0x0F, 0x4F, 0xFF, 0xFF, 0xFF, 0xFF, 0xFF, 0xFF, 0xFF, 0xFF, 0xFF, 0xFF, 0xFF, 0x8F,
    0x0F, 0x0F, 0x0F, 0x04, 0x00, 0x00, 0x00, 0x00, 0x00, 0x00, 0x00, 0x00, 0x00, 0x00, 0x00, 0x00,
    0x00, 0x00, 0x00, 0x00, 0x00, 0x00, 0x00, 0x00, 0x00, 0x00, 0x00, 0x00, 0x00, 0x00, 0x00, 0x00,
    0x00, 0x00, 0x00, 0x00, 0x00, 0x00, 0x00, 0x00, 0x00, 0x00, 0x00, 0x00, 0x00, 0x00, 0x00, 0x00,
    0x0F, 0x0F, 0x0F, 0x2F, 0xFF, 0xFF, 0xFF, 0xFF, 0xFF, 0xFF, 0xFF, 0xFF, 0xFF, 0xFF, 0xFF, 0x8F,
    0x0F, 0x0F, 0x0F, 0x07, 0x00, 0x00, 0x00, 0x00, 0x00, 0x00, 0x00, 0x00, 0x00, 0x00, 0x00, 0x00,
    0x00, 0x00, 0x00, 0x00, 0x00, 0x00, 0x00, 0x00, 0x00, 0x00, 0x00, 0x00, 0x00, 0x00, 0x00, 0x00,
    0x00, 0x00, 0x00, 0x00, 0x00, 0x00, 0x00, 0x00, 0x00, 0x00, 0x00, 0x00, 0x00, 0x00, 0x00, 0x00,
    0x0B, 0x0F, 0x0F, 0x0F, 0x8F, 0x8F, 0x8F, 0x8F, 0x8F, 0x8F, 0x8F, 0x8F, 0x8F, 0x8F, 0x8F, 0x6F,
    0x0F, 0x0F, 0x0F, 0x08, 0x00, 0x00, 0x00, 0x00, 0x00, 0x00, 0x00, 0x00, 0x00, 0x00, 0x00, 0x00,
    0x00, 0x00, 0x00, 0x00, 0x00, 0x00, 0x00, 0x00, 0x00, 0x00, 0x00, 0x00, 0x00, 0x00, 0x00, 0x00,
    0x00, 0x00, 0x00, 0x00, 0x00, 0x00, 0x00, 0x00, 0x00, 0x00, 0x00, 0x00, 0x00, 0x00, 0x00, 0x00,
    0x09, 0x0F, 0x0F, 0x0F, 0x0F, 0x0F, 0x0F, 0x0F, 0x0F, 0x0F, 0x0F, 0x0F, 0x0F, 0x0F, 0x0F, 0x0F,
    0x0F, 0x0F, 0x0F, 0x08, 0x00, 0x00, 0x00, 0x00, 0x00, 0x00, 0x00, 0x00, 0x00, 0x00, 0x00, 0x00,
    0x00, 0x00, 0x00, 0x00, 0x00, 0x00, 0x00, 0x00, 0x00, 0x00, 0x00, 0x00, 0x00, 0x00, 0x00, 0x00,
    0x00, 0x00, 0x00, 0x00, 0x00, 0x00, 0x00, 0x00, 0x00, 0x00, 0x00, 0x00, 0x00, 0x00, 0x00, 0x00,
    0x08, 0x0F, 0x0F, 0x0F, 0x0F, 0x0F, 0x0F, 0x0F, 0x0F, 0x0F, 0x0F, 0x0F, 0x0F, 0x0F, 0x0F, 0x0F,
    0x0F, 0x0F, 0x0F, 0x08, 0x00, 0x00, 0x00, 0x00, 0x00, 0x00, 0x00, 0x00, 0x00, 0x00, 0x00, 0x00,
    0x00, 0x00, 0x00, 0x00, 0x00, 0x00, 0x00, 0x00, 0x00, 0x00, 0x00, 0x00, 0x00, 0x00, 0x00, 0x00,
    0x00, 0x00, 0x00, 0x00, 0x00, 0x00, 0x00, 0x00, 0x00, 0x00, 0x00, 0x00, 0x00, 0x00, 0x00, 0x00,
    0x02, 0x0E, 0x0F, 0x0F, 0x0F, 0x0F, 0x0F, 0x0F, 0x0F, 0x0F, 0x0F, 0x0F, 0x0F, 0x0F, 0x0F, 0x0F,
    0x0F, 0x0F, 0x0E, 0x03, 0x00, 0x00, 0x00, 0x00, 0x00, 0x00, 0x00, 0x00, 0x00, 0x00, 0x00, 0x00,
    0x00, 0x00, 0x00, 0x00, 0x00, 0x00, 0x00, 0x00, 0x00, 0x00, 0x00, 0x00, 0x00, 0x00, 0x00, 0x00,
    0x00, 0x00, 0x00, 0x00, 0x00, 0x00, 0x00, 0x00, 0x00, 0x00, 0x00, 0x00, 0x00, 0x00, 0x00, 0x00,
    0x00, 0x00, 0x04, 0x04, 0x04, 0x04, 0x04, 0x04, 0x04, 0x04, 0x04, 0x04, 0x04, 0x04, 0x04, 0x04,
    0x04, 0x04, 0x01, 0x00, 0x00, 0x00, 0x00, 0x00, 0x00, 0x00, 0x00, 0x00, 0x00, 0x00, 0x00, 0x00,
    0x00, 0x00, 0x00, 0x00, 0x00, 0x00, 0x00, 0x00, 0x00, 0x00, 0x00, 0x00, 0x00, 0x00, 0x00, 0x00,
    0x00, 0x00, 0x00, 0x00, 0x00, 0x00, 0x00, 0x00, 0x00, 0x00, 0x00, 0x00, 0x00, 0x00, 0x00, 0x00,
    0x00, 0x00, 0x00, 0x00, 0x00, 0x00, 0x00, 0x00, 0x00, 0x00, 0x00, 0x00, 0x00, 0x00, 0x00, 0x00,
    0x00, 0x00, 0x00, 0x00, 0x00, 0x00, 0x00, 0x00, 0x00, 0x00, 0x00, 0x00, 0x00, 0x00, 0x00, 0x00,
    0x00, 0x00, 0x00, 0x00, 0x00, 0x00, 0x00, 0x00, 0x00, 0x00, 0x00, 0x00, 0x00, 0x00, 0x00, 0x00,
};
unsigned char D_802A6670_7A45B0[] = {
    0x00, 0x00, 0x00, 0x00, 0x00, 0x00, 0x00, 0x00, 0x00, 0x00, 0x00, 0x00, 0x00, 0x00, 0x00, 0x00,
    0x00, 0x00, 0x00, 0x00, 0x00, 0x00, 0x00, 0x00, 0x00, 0x00, 0x00, 0x00, 0x00, 0x00, 0x00, 0x00,
    0x00, 0x00, 0x00, 0x00, 0x00, 0x00, 0x00, 0x00, 0x00, 0x00, 0x00, 0x00, 0x00, 0x00, 0x00, 0x00,
    0x00, 0x00, 0x00, 0x00, 0x00, 0x00, 0x00, 0x00, 0x00, 0x00, 0x00, 0x00, 0x00, 0x00, 0x00, 0x00,
    0x00, 0x00, 0x00, 0x00, 0x00, 0x00, 0x00, 0x00, 0x00, 0x00, 0x00, 0x00, 0x00, 0x00, 0x00, 0x00,
    0x00, 0x00, 0x00, 0x00, 0x00, 0x00, 0x00, 0x00, 0x00, 0x00, 0x00, 0x00, 0x00, 0x00, 0x00, 0x00,
    0x00, 0x00, 0x00, 0x00, 0x00, 0x00, 0x00, 0x00, 0x00, 0x00, 0x00, 0x00, 0x00, 0x00, 0x00, 0x00,
    0x00, 0x00, 0x00, 0x00, 0x00, 0x00, 0x00, 0x00, 0x00, 0x00, 0x00, 0x00, 0x00, 0x00, 0x00, 0x00,
    0x00, 0x00, 0x00, 0x00, 0x00, 0x00, 0x00, 0x00, 0x00, 0x01, 0x0B, 0x0F, 0x0F, 0x0F, 0x0E, 0x0B,
    0x0B, 0x0B, 0x0B, 0x0B, 0x0B, 0x0B, 0x0B, 0x0B, 0x0B, 0x0B, 0x0B, 0x0B, 0x0B, 0x0A, 0x08, 0x08,
    0x08, 0x08, 0x08, 0x08, 0x08, 0x08, 0x08, 0x08, 0x08, 0x08, 0x08, 0x08, 0x07, 0x04, 0x04, 0x04,
    0x04, 0x04, 0x04, 0x04, 0x02, 0x00, 0x00, 0x00, 0x00, 0x00, 0x00, 0x00, 0x00, 0x00, 0x00, 0x00,
    0x00, 0x00, 0x00, 0x00, 0x00, 0x00, 0x00, 0x00, 0x00, 0x08, 0x0F, 0x0F, 0x0F, 0x0F, 0x0F, 0x0F,
    0x0F, 0x0F, 0x0F, 0x0F, 0x0F, 0x0F, 0x0F, 0x0F, 0x0F, 0x0F, 0x0F, 0x0F, 0x0F, 0x0F, 0x0F, 0x0F,
    0x0F, 0x0F, 0x0F, 0x0F, 0x0F, 0x0F, 0x0F, 0x0F, 0x0F, 0x0F, 0x0F, 0x0F, 0x0F, 0x0F, 0x0F, 0x0F,
    0x0F, 0x0F, 0x0F, 0x0F, 0x0F, 0x05, 0x00, 0x00, 0x00, 0x00, 0x00, 0x00, 0x00, 0x00, 0x00, 0x00,
    0x00, 0x00, 0x00, 0x00, 0x00, 0x00, 0x00, 0x00, 0x00, 0x08, 0x0F, 0x0F, 0x0F, 0x0F, 0x0F, 0x0F,
    0x0F, 0x0F, 0x0F, 0x0F, 0x0F, 0x0F, 0x0F, 0x0F, 0x0F, 0x0F, 0x0F, 0x0F, 0x0F, 0x0F, 0x0F, 0x0F,
    0x0F, 0x0F, 0x0F, 0x0F, 0x0F, 0x0F, 0x0F, 0x0F, 0x0F, 0x0F, 0x0F, 0x0F, 0x0F, 0x0F, 0x0F, 0x0F,
    0x0F, 0x0F, 0x0F, 0x0F, 0x0F, 0x0B, 0x00, 0x00, 0x00, 0x00, 0x00, 0x00, 0x00, 0x00, 0x00, 0x00,
    0x00, 0x00, 0x00, 0x00, 0x00, 0x00, 0x00, 0x00, 0x00, 0x08, 0x0F, 0x0F, 0x0F, 0x3F, 0x3F, 0x0F,
    0x0F, 0x0F, 0x0F, 0x0F, 0x0F, 0x0F, 0x0F, 0x0F, 0x0F, 0x0F, 0x0F, 0x0F, 0x0F, 0x0F, 0x0F, 0x0F,
    0x0F, 0x0F, 0x0F, 0x0F, 0x0F, 0x0F, 0x0F, 0x0F, 0x0F, 0x0F, 0x0F, 0x0F, 0x0F, 0x0F, 0x0F, 0x0F,
    0x0F, 0x0F, 0x0F, 0x0F, 0x0F, 0x0B, 0x00, 0x00, 0x00, 0x00, 0x00, 0x00, 0x00, 0x00, 0x00, 0x00,
    0x00, 0x00, 0x00, 0x00, 0x00, 0x00, 0x00, 0x00, 0x00, 0x08, 0x0F, 0x0F, 0x0F, 0xBF, 0xFF, 0xFF,
    0xFF, 0xFF, 0xFF, 0xFF, 0xFF, 0xFF, 0xFF, 0xFF, 0xFF, 0xFF, 0xFF, 0xFF, 0xFF, 0xDF, 0xBF, 0xBF,
    0xBF, 0xBF, 0xBF, 0xBF, 0xBF, 0xBF, 0xBF, 0xBF, 0xBF, 0xBF, 0xBF, 0xBF, 0x9F, 0x8F, 0x8F, 0x8F,
    0x8F, 0x8F, 0x0F, 0x0F, 0x0F, 0x0B, 0x00, 0x00, 0x00, 0x00, 0x00, 0x00, 0x00, 0x00, 0x00, 0x00,
    0x00, 0x00, 0x00, 0x00, 0x00, 0x00, 0x00, 0x00, 0x00, 0x08, 0x0F, 0x0F, 0x0F, 0xBF, 0xFF, 0xFF,
    0xFF, 0xFF, 0xFF, 0xFF, 0xFF, 0xFF, 0xFF, 0xFF, 0xFF, 0xFF, 0xFF, 0xFF, 0xFF, 0xFF, 0xFF, 0xFF,
    0xFF, 0xFF, 0xFF, 0xFF, 0xFF, 0xFF, 0xFF, 0xFF, 0xFF, 0xFF, 0xFF, 0xFF, 0xFF, 0xFF, 0xFF, 0xFF,
    0xFF, 0xFF, 0x0F, 0x0F, 0x0F, 0x0B, 0x00, 0x00, 0x00, 0x00, 0x00, 0x00, 0x00, 0x00, 0x00, 0x00,
    0x00, 0x00, 0x00, 0x00, 0x00, 0x00, 0x00, 0x00, 0x00, 0x08, 0x0F, 0x0F, 0x0F, 0xBF, 0xFF, 0xFF,
    0xFF, 0xFF, 0xFF, 0xFF, 0xFF, 0xFF, 0xFF, 0xFF, 0xFF, 0xFF, 0xFF, 0xFF, 0xFF, 0xFF, 0xFF, 0xFF,
    0xFF, 0xFF, 0xFF, 0xFF, 0xFF, 0xFF, 0xFF, 0xFF, 0xFF, 0xFF, 0xFF, 0xFF, 0xFF, 0xFF, 0xFF, 0xFF,
    0xFF, 0xFF, 0x0F, 0x0F, 0x0F, 0x0B, 0x00, 0x00, 0x00, 0x00, 0x00, 0x00, 0x00, 0x00, 0x00, 0x00,
    0x00, 0x00, 0x00, 0x00, 0x00, 0x00, 0x00, 0x00, 0x00, 0x08, 0x0F, 0x0F, 0x0F, 0xBF, 0xFF, 0xFF,
    0xFF, 0xFF, 0xFF, 0xFF, 0xFF, 0xFF, 0xFF, 0xFF, 0xFF, 0xFF, 0xFF, 0xFF, 0xFF, 0xFF, 0xFF, 0xFF,
    0xFF, 0xFF, 0xFF, 0xFF, 0xFF, 0xFF, 0xFF, 0xFF, 0xFF, 0xFF, 0xFF, 0xFF, 0xFF, 0xFF, 0xFF, 0xFF,
    0xFF, 0xFF, 0x0F, 0x0F, 0x0F, 0x0B, 0x00, 0x00, 0x00, 0x00, 0x00, 0x00, 0x00, 0x00, 0x00, 0x00,
    0x00, 0x00, 0x00, 0x00, 0x00, 0x00, 0x00, 0x00, 0x00, 0x08, 0x0F, 0x0F, 0x0F, 0xBF, 0xFF, 0xFF,
    0xFF, 0xFF, 0xFF, 0xFF, 0xFF, 0xFF, 0xFF, 0xFF, 0xFF, 0xFF, 0xFF, 0xFF, 0xFF, 0xFF, 0xFF, 0xFF,
    0xFF, 0xFF, 0xFF, 0xFF, 0xFF, 0xFF, 0xFF, 0xFF, 0xFF, 0xFF, 0xFF, 0xFF, 0xFF, 0xFF, 0xFF, 0xFF,
    0xFF, 0xFF, 0x0F, 0x0F, 0x0F, 0x0B, 0x00, 0x00, 0x00, 0x00, 0x00, 0x00, 0x00, 0x00, 0x00, 0x00,
    0x00, 0x00, 0x00, 0x00, 0x00, 0x00, 0x00, 0x00, 0x00, 0x08, 0x0F, 0x0F, 0x0F, 0xBF, 0xFF, 0xFF,
    0xFF, 0xFF, 0xFF, 0xFF, 0xFF, 0xFF, 0xFF, 0xFF, 0xFF, 0xFF, 0xFF, 0xFF, 0xFF, 0xFF, 0xFF, 0xFF,
    0xFF, 0xFF, 0xFF, 0xFF, 0xFF, 0xFF, 0xFF, 0xFF, 0xFF, 0xFF, 0xFF, 0xFF, 0xFF, 0xFF, 0xFF, 0xFF,
    0xFF, 0xFF, 0x0F, 0x0F, 0x0F, 0x0B, 0x00, 0x00, 0x00, 0x00, 0x00, 0x00, 0x00, 0x00, 0x00, 0x00,
    0x00, 0x00, 0x00, 0x00, 0x00, 0x00, 0x00, 0x00, 0x00, 0x08, 0x0F, 0x0F, 0x0F, 0xBF, 0xFF, 0xFF,
    0xFF, 0xFF, 0xFF, 0xFF, 0xFF, 0xFF, 0xFF, 0xFF, 0xFF, 0xFF, 0xFF, 0xFF, 0xFF, 0xFF, 0xFF, 0xFF,
    0xFF, 0xFF, 0xFF, 0xFF, 0xFF, 0xFF, 0xFF, 0xFF, 0xFF, 0xFF, 0xFF, 0xFF, 0xFF, 0xFF, 0xFF, 0xFF,
    0xFF, 0xFF, 0x0F, 0x0F, 0x0F, 0x0B, 0x00, 0x00, 0x00, 0x00, 0x00, 0x00, 0x00, 0x00, 0x00, 0x00,
    0x00, 0x00, 0x00, 0x00, 0x00, 0x00, 0x00, 0x00, 0x00, 0x08, 0x0F, 0x0F, 0x0F, 0xBF, 0xFF, 0xFF,
    0xFF, 0xFF, 0xFF, 0xFF, 0xFF, 0xFF, 0xFF, 0xFF, 0xFF, 0xFF, 0xFF, 0xFF, 0xFF, 0xFF, 0xFF, 0xFF,
    0xFF, 0xFF, 0xFF, 0xFF, 0xFF, 0xFF, 0xFF, 0xFF, 0xFF, 0xFF, 0xFF, 0xFF, 0xFF, 0xFF, 0xFF, 0xFF,
    0xFF, 0xFF, 0x0F, 0x0F, 0x0F, 0x0B, 0x00, 0x00, 0x00, 0x00, 0x00, 0x00, 0x00, 0x00, 0x00, 0x00,
    0x00, 0x00, 0x00, 0x00, 0x00, 0x00, 0x00, 0x00, 0x00, 0x08, 0x0F, 0x0F, 0x0F, 0xBF, 0xFF, 0xFF,
    0xFF, 0xFF, 0xFF, 0xFF, 0xFF, 0xFF, 0xFF, 0xFF, 0xFF, 0xFF, 0xFF, 0xFF, 0xFF, 0xFF, 0xFF, 0xFF,
    0xFF, 0xFF, 0xFF, 0xFF, 0xFF, 0xFF, 0xFF, 0xFF, 0xFF, 0xFF, 0xFF, 0xFF, 0xFF, 0xFF, 0xFF, 0xFF,
    0xFF, 0xFF, 0x0F, 0x0F, 0x0F, 0x0B, 0x00, 0x00, 0x00, 0x00, 0x00, 0x00, 0x00, 0x00, 0x00, 0x00,
    0x00, 0x00, 0x00, 0x00, 0x00, 0x00, 0x00, 0x00, 0x00, 0x08, 0x0F, 0x0F, 0x0F, 0xBF, 0xFF, 0xFF,
    0xFF, 0xFF, 0xFF, 0xFF, 0xFF, 0xFF, 0xFF, 0xFF, 0xFF, 0xFF, 0xFF, 0xFF, 0xFF, 0xFF, 0xFF, 0xFF,
    0xFF, 0xFF, 0xFF, 0xFF, 0xFF, 0xFF, 0xFF, 0xFF, 0xFF, 0xFF, 0xFF, 0xFF, 0xFF, 0xFF, 0xFF, 0xFF,
    0xFF, 0xFF, 0x0F, 0x0F, 0x0F, 0x0B, 0x00, 0x00, 0x00, 0x00, 0x00, 0x00, 0x00, 0x00, 0x00, 0x00,
    0x00, 0x00, 0x00, 0x00, 0x00, 0x00, 0x00, 0x00, 0x00, 0x08, 0x0F, 0x0F, 0x0F, 0xBF, 0xFF, 0xFF,
    0xFF, 0xFF, 0xFF, 0xFF, 0xFF, 0xFF, 0xFF, 0xFF, 0xFF, 0xFF, 0xFF, 0xFF, 0xFF, 0xFF, 0xFF, 0xFF,
    0xFF, 0xFF, 0xFF, 0xFF, 0xFF, 0xFF, 0xFF, 0xFF, 0xFF, 0xFF, 0xFF, 0xFF, 0xFF, 0xFF, 0xFF, 0xFF,
    0xFF, 0xFF, 0x0F, 0x0F, 0x0F, 0x0B, 0x00, 0x00, 0x00, 0x00, 0x00, 0x00, 0x00, 0x00, 0x00, 0x00,
    0x00, 0x00, 0x00, 0x00, 0x00, 0x00, 0x00, 0x00, 0x00, 0x08, 0x0F, 0x0F, 0x0F, 0xBF, 0xFF, 0xFF,
    0xFF, 0xFF, 0xFF, 0xFF, 0xFF, 0xFF, 0xFF, 0xFF, 0xFF, 0xFF, 0xFF, 0xFF, 0xFF, 0xFF, 0xFF, 0xFF,
    0xFF, 0xFF, 0xFF, 0xFF, 0xFF, 0xFF, 0xFF, 0xFF, 0xFF, 0xFF, 0xFF, 0xFF, 0xFF, 0xFF, 0xFF, 0xFF,
    0xFF, 0xFF, 0x0F, 0x0F, 0x0F, 0x0B, 0x00, 0x00, 0x00, 0x00, 0x00, 0x00, 0x00, 0x00, 0x00, 0x00,
    0x00, 0x00, 0x00, 0x00, 0x00, 0x00, 0x00, 0x00, 0x00, 0x08, 0x0F, 0x0F, 0x0F, 0xBF, 0xFF, 0xFF,
    0xFF, 0xFF, 0xFF, 0xFF, 0xFF, 0xFF, 0xFF, 0xFF, 0xFF, 0xFF, 0xFF, 0xFF, 0xFF, 0xFF, 0xFF, 0xFF,
    0xFF, 0xFF, 0xFF, 0xFF, 0xFF, 0xFF, 0xFF, 0xFF, 0xFF, 0xFF, 0xFF, 0xFF, 0xFF, 0xFF, 0xFF, 0xFF,
    0xFF, 0xFF, 0x0F, 0x0F, 0x0F, 0x0B, 0x00, 0x00, 0x00, 0x00, 0x00, 0x00, 0x00, 0x00, 0x00, 0x00,
    0x00, 0x00, 0x00, 0x00, 0x00, 0x00, 0x00, 0x00, 0x00, 0x08, 0x0F, 0x0F, 0x0F, 0xBF, 0xFF, 0xFF,
    0xFF, 0xFF, 0xFF, 0xFF, 0xFF, 0xFF, 0xFF, 0xFF, 0xFF, 0xFF, 0xFF, 0xFF, 0xFF, 0xFF, 0xFF, 0xFF,
    0xFF, 0xFF, 0xFF, 0xFF, 0xFF, 0xFF, 0xFF, 0xFF, 0xFF, 0xFF, 0xFF, 0xFF, 0xDF, 0xBF, 0xBF, 0xBF,
    0xBF, 0xBF, 0x0F, 0x0F, 0x0F, 0x0B, 0x00, 0x00, 0x00, 0x00, 0x00, 0x00, 0x00, 0x00, 0x00, 0x00,
    0x00, 0x00, 0x00, 0x00, 0x00, 0x00, 0x00, 0x00, 0x00, 0x08, 0x0F, 0x0F, 0x0F, 0xBF, 0xFF, 0xFF,
    0xFF, 0xFF, 0xFF, 0xFF, 0xFF, 0xFF, 0xFF, 0xFF, 0xFF, 0xFF, 0xFF, 0xFF, 0x8F, 0x4F, 0x4F, 0x4F,
    0x4F, 0x4F, 0x4F, 0x4F, 0x1F, 0x0F, 0x0F, 0x0F, 0x0F, 0x0F, 0x0F, 0x0F, 0x0F, 0x0F, 0x0F, 0x0F,
    0x0F, 0x0F, 0x0F, 0x0F, 0x0F, 0x0B, 0x00, 0x00, 0x00, 0x00, 0x00, 0x00, 0x00, 0x00, 0x00, 0x00,
    0x00, 0x00, 0x00, 0x00, 0x00, 0x00, 0x00, 0x00, 0x00, 0x08, 0x0F, 0x0F, 0x0F, 0xBF, 0xFF, 0xFF,
    0xFF, 0xFF, 0xFF, 0xFF, 0xFF, 0xFF, 0xFF, 0xFF, 0xFF, 0xFF, 0xFF, 0xAF, 0x0F, 0x0F, 0x0F, 0x0F,
    0x0F, 0x0F, 0x0F, 0x0F, 0x0F, 0x0F, 0x0F, 0x0F, 0x0F, 0x0F, 0x0F, 0x0F, 0x0F, 0x0F, 0x0F, 0x0F,
    0x0F, 0x0F, 0x0F, 0x0F, 0x0F, 0x0B, 0x00, 0x00, 0x00, 0x00, 0x00, 0x00, 0x00, 0x00, 0x00, 0x00,
    0x00, 0x00, 0x00, 0x00, 0x00, 0x00, 0x00, 0x00, 0x00, 0x08, 0x0F, 0x0F, 0x0F, 0xBF, 0xFF, 0xFF,
    0xFF, 0xFF, 0xFF, 0xFF, 0xFF, 0xFF, 0xFF, 0xFF, 0xFF, 0xFF, 0xFF, 0x8F, 0x0F, 0x0F, 0x0F, 0x0F,
    0x0F, 0x0F, 0x0F, 0x0F, 0x0F, 0x0F, 0x0F, 0x0F, 0x0F, 0x0F, 0x0F, 0x0F, 0x0F, 0x0F, 0x0F, 0x0F,
    0x0F, 0x0F, 0x0F, 0x0F, 0x0F, 0x08, 0x00, 0x00, 0x00, 0x00, 0x00, 0x00, 0x00, 0x00, 0x00, 0x00,
    0x00, 0x00, 0x00, 0x00, 0x00, 0x00, 0x00, 0x00, 0x00, 0x08, 0x0F, 0x0F, 0x0F, 0xBF, 0xFF, 0xFF,
    0xFF, 0xFF, 0xFF, 0xFF, 0xFF, 0xFF, 0xFF, 0xFF, 0xFF, 0xFF, 0xFF, 0xEF, 0x3F, 0x0F, 0x0F, 0x0F,
    0x0F, 0x0F, 0x0F, 0x0F, 0x0F, 0x0F, 0x0F, 0x0F, 0x0F, 0x0F, 0x0F, 0x0F, 0x0F, 0x0E, 0x08, 0x08,
    0x08, 0x08, 0x08, 0x08, 0x05, 0x00, 0x00, 0x00, 0x00, 0x00, 0x00, 0x00, 0x00, 0x00, 0x00, 0x00,
    0x00, 0x00, 0x00, 0x00, 0x00, 0x00, 0x00, 0x00, 0x00, 0x08, 0x0F, 0x0F, 0x0F, 0xBF, 0xFF, 0xFF,
    0xFF, 0xFF, 0xFF, 0xFF, 0xFF, 0xFF, 0xFF, 0xFF, 0xFF, 0xFF, 0xFF, 0xFF, 0xFF, 0xFF, 0xBF, 0xBF,
    0xBF, 0xBF, 0xBF, 0x9F, 0x8F, 0x8F, 0x8F, 0x8F, 0x7F, 0x4F, 0x1F, 0x0F, 0x0F, 0x0F, 0x00, 0x00,
    0x00, 0x00, 0x00, 0x00, 0x00, 0x00, 0x00, 0x00, 0x00, 0x00, 0x00, 0x00, 0x00, 0x00, 0x00, 0x00,
    0x00, 0x00, 0x00, 0x00, 0x00, 0x00, 0x00, 0x00, 0x00, 0x08, 0x0F, 0x0F, 0x0F, 0xBF, 0xFF, 0xFF,
    0xFF, 0xFF, 0xFF, 0xFF, 0xFF, 0xFF, 0xFF, 0xFF, 0xFF, 0xFF, 0xFF, 0xFF, 0xFF, 0xFF, 0xFF, 0xFF,
    0xFF, 0xFF, 0xFF, 0xFF, 0xFF, 0xFF, 0xFF, 0xFF, 0xFF, 0xFF, 0x4F, 0x0F, 0x0F, 0x0F, 0x00, 0x00,
    0x00, 0x00, 0x00, 0x00, 0x00, 0x00, 0x00, 0x00, 0x00, 0x00, 0x00, 0x00, 0x00, 0x00, 0x00, 0x00,
    0x00, 0x00, 0x00, 0x00, 0x00, 0x00, 0x00, 0x00, 0x00, 0x08, 0x0F, 0x0F, 0x0F, 0xBF, 0xFF, 0xFF,
    0xFF, 0xFF, 0xFF, 0xFF, 0xFF, 0xFF, 0xFF, 0xFF, 0xFF, 0xFF, 0xFF, 0xFF, 0xFF, 0xFF, 0xFF, 0xFF,
    0xFF, 0xFF, 0xFF, 0xFF, 0xFF, 0xFF, 0xFF, 0xFF, 0xFF, 0xFF, 0x4F, 0x0F, 0x0F, 0x0F, 0x00, 0x00,
    0x00, 0x00, 0x00, 0x00, 0x00, 0x00, 0x00, 0x00, 0x00, 0x00, 0x00, 0x00, 0x00, 0x00, 0x00, 0x00,
    0x00, 0x00, 0x00, 0x00, 0x00, 0x00, 0x00, 0x00, 0x00, 0x08, 0x0F, 0x0F, 0x0F, 0xBF, 0xFF, 0xFF,
    0xFF, 0xFF, 0xFF, 0xFF, 0xFF, 0xFF, 0xFF, 0xFF, 0xFF, 0xFF, 0xFF, 0xFF, 0xFF, 0xFF, 0xFF, 0xFF,
    0xFF, 0xFF, 0xFF, 0xFF, 0xFF, 0xFF, 0xFF, 0xFF, 0xFF, 0xFF, 0x4F, 0x0F, 0x0F, 0x0F, 0x00, 0x00,
    0x00, 0x00, 0x00, 0x00, 0x00, 0x00, 0x00, 0x00, 0x00, 0x00, 0x00, 0x00, 0x00, 0x00, 0x00, 0x00,
    0x00, 0x00, 0x00, 0x00, 0x00, 0x00, 0x00, 0x00, 0x00, 0x08, 0x0F, 0x0F, 0x0F, 0xBF, 0xFF, 0xFF,
    0xFF, 0xFF, 0xFF, 0xFF, 0xFF, 0xFF, 0xFF, 0xFF, 0xFF, 0xFF, 0xFF, 0xFF, 0xFF, 0xFF, 0xFF, 0xFF,
    0xFF, 0xFF, 0xFF, 0xFF, 0xFF, 0xFF, 0xFF, 0xFF, 0xFF, 0xFF, 0x4F, 0x0F, 0x0F, 0x0F, 0x00, 0x00,
    0x00, 0x00, 0x00, 0x00, 0x00, 0x00, 0x00, 0x00, 0x00, 0x00, 0x00, 0x00, 0x00, 0x00, 0x00, 0x00,
    0x00, 0x00, 0x00, 0x00, 0x00, 0x00, 0x00, 0x00, 0x00, 0x08, 0x0F, 0x0F, 0x0F, 0xBF, 0xFF, 0xFF,
    0xFF, 0xFF, 0xFF, 0xFF, 0xFF, 0xFF, 0xFF, 0xFF, 0xFF, 0xFF, 0xFF, 0xFF, 0xFF, 0xFF, 0xFF, 0xFF,
    0xFF, 0xFF, 0xFF, 0xFF, 0xFF, 0xFF, 0xFF, 0xFF, 0xFF, 0xFF, 0x4F, 0x0F, 0x0F, 0x0F, 0x01, 0x00,
    0x00, 0x00, 0x00, 0x00, 0x00, 0x00, 0x00, 0x00, 0x00, 0x00, 0x00, 0x00, 0x00, 0x00, 0x00, 0x00,
    0x00, 0x00, 0x00, 0x00, 0x00, 0x00, 0x00, 0x00, 0x00, 0x08, 0x0F, 0x0F, 0x0F, 0xBF, 0xFF, 0xFF,
    0xFF, 0xFF, 0xFF, 0xFF, 0xFF, 0xFF, 0xFF, 0xFF, 0xFF, 0xFF, 0xFF, 0xFF, 0xFF, 0xFF, 0xFF, 0xFF,
    0xFF, 0xFF, 0xFF, 0xFF, 0xFF, 0xFF, 0xFF, 0xFF, 0xFF, 0xFF, 0x7F, 0x0F, 0x0F, 0x0F, 0x04, 0x00,
    0x00, 0x00, 0x00, 0x00, 0x00, 0x00, 0x00, 0x00, 0x00, 0x00, 0x00, 0x00, 0x00, 0x00, 0x00, 0x00,
    0x00, 0x00, 0x00, 0x00, 0x00, 0x00, 0x00, 0x00, 0x00, 0x08, 0x0F, 0x0F, 0x0F, 0xBF, 0xFF, 0xFF,
    0xFF, 0xFF, 0xFF, 0xFF, 0xFF, 0xFF, 0xFF, 0xFF, 0xFF, 0xFF, 0xFF, 0xFF, 0xFF, 0xFF, 0xFF, 0xFF,
    0xFF, 0xFF, 0xFF, 0xFF, 0xFF, 0xFF, 0xFF, 0xFF, 0xFF, 0xFF, 0x8F, 0x0F, 0x0F, 0x0F, 0x04, 0x00,
    0x00, 0x00, 0x00, 0x00, 0x00, 0x00, 0x00, 0x00, 0x00, 0x00, 0x00, 0x00, 0x00, 0x00, 0x00, 0x00,
    0x00, 0x00, 0x00, 0x00, 0x00, 0x00, 0x00, 0x00, 0x00, 0x08, 0x0F, 0x0F, 0x0F, 0xBF, 0xFF, 0xFF,
    0xFF, 0xFF, 0xFF, 0xFF, 0xFF, 0xFF, 0xFF, 0xFF, 0xFF, 0xFF, 0xFF, 0xFF, 0xFF, 0xFF, 0xFF, 0xFF,
    0xFF, 0xFF, 0xFF, 0xFF, 0xFF, 0xFF, 0xFF, 0xFF, 0xFF, 0xFF, 0x8F, 0x0F, 0x0F, 0x0F, 0x04, 0x00,
    0x00, 0x00, 0x00, 0x00, 0x00, 0x00, 0x00, 0x00, 0x00, 0x00, 0x00, 0x00, 0x00, 0x00, 0x00, 0x00,
    0x00, 0x00, 0x00, 0x00, 0x00, 0x00, 0x00, 0x00, 0x00, 0x08, 0x0F, 0x0F, 0x0F, 0xBF, 0xFF, 0xFF,
    0xFF, 0xFF, 0xFF, 0xFF, 0xFF, 0xFF, 0xFF, 0xFF, 0xFF, 0xFF, 0xFF, 0xFF, 0xFF, 0xFF, 0xFF, 0xFF,
    0xFF, 0xFF, 0xFF, 0xFF, 0xFF, 0xFF, 0xFF, 0xFF, 0xFF, 0xFF, 0x8F, 0x0F, 0x0F, 0x0F, 0x04, 0x00,
    0x00, 0x00, 0x00, 0x00, 0x00, 0x00, 0x00, 0x00, 0x00, 0x00, 0x00, 0x00, 0x00, 0x00, 0x00, 0x00,
    0x00, 0x00, 0x00, 0x00, 0x00, 0x00, 0x00, 0x00, 0x00, 0x08, 0x0F, 0x0F, 0x0F, 0xBF, 0xFF, 0xFF,
    0xFF, 0xFF, 0xFF, 0xFF, 0xFF, 0xFF, 0xFF, 0xFF, 0xFF, 0xFF, 0xFF, 0xFF, 0xFF, 0xFF, 0xFF, 0xFF,
    0xFF, 0xFF, 0xFF, 0xFF, 0xFF, 0xFF, 0xFF, 0xFF, 0xFF, 0xFF, 0x8F, 0x0F, 0x0F, 0x0F, 0x04, 0x00,
    0x00, 0x00, 0x00, 0x00, 0x00, 0x00, 0x00, 0x00, 0x00, 0x00, 0x00, 0x00, 0x00, 0x00, 0x00, 0x00,
    0x00, 0x00, 0x00, 0x00, 0x00, 0x00, 0x00, 0x00, 0x00, 0x08, 0x0F, 0x0F, 0x0F, 0xBF, 0xFF, 0xFF,
    0xFF, 0xFF, 0xFF, 0xFF, 0xFF, 0xFF, 0xFF, 0xFF, 0xFF, 0xFF, 0xFF, 0xFF, 0xFF, 0xFF, 0xFF, 0xFF,
    0xFF, 0xFF, 0xFF, 0xFF, 0xFF, 0xFF, 0xFF, 0xFF, 0xFF, 0xFF, 0x8F, 0x0F, 0x0F, 0x0F, 0x04, 0x00,
    0x00, 0x00, 0x00, 0x00, 0x00, 0x00, 0x00, 0x00, 0x00, 0x00, 0x00, 0x00, 0x00, 0x00, 0x00, 0x00,
    0x00, 0x00, 0x00, 0x00, 0x00, 0x00, 0x00, 0x00, 0x00, 0x08, 0x0F, 0x0F, 0x0F, 0xBF, 0xFF, 0xFF,
    0xFF, 0xFF, 0xFF, 0xFF, 0xFF, 0xFF, 0xFF, 0xFF, 0xFF, 0xFF, 0xFF, 0xFF, 0xFF, 0xFF, 0xFF, 0xFF,
    0xFF, 0xFF, 0xEF, 0xBF, 0xBF, 0x8F, 0x8F, 0x7F, 0x4F, 0x4F, 0x1F, 0x0F, 0x0F, 0x0F, 0x09, 0x04,
    0x04, 0x04, 0x04, 0x04, 0x04, 0x08, 0x08, 0x05, 0x00, 0x00, 0x00, 0x00, 0x00, 0x00, 0x00, 0x00,
    0x00, 0x00, 0x00, 0x00, 0x00, 0x00, 0x00, 0x00, 0x00, 0x08, 0x0F, 0x0F, 0x0F, 0xBF, 0xFF, 0xFF,
    0xFF, 0xFF, 0xFF, 0xFF, 0xFF, 0xFF, 0xFF, 0xFF, 0xFF, 0xFF, 0xFF, 0xFF, 0xFF, 0xEF, 0x6F, 0x4F,
    0x1F, 0x0F, 0x0F, 0x0F, 0x0F, 0x0F, 0x0F, 0x0F, 0x0F, 0x0F, 0x0F, 0x0F, 0x0F, 0x0F, 0x0F, 0x0F,
    0x0F, 0x0F, 0x0F, 0x0F, 0x0F, 0x0F, 0x0F, 0x0F, 0x08, 0x00, 0x00, 0x00, 0x00, 0x00, 0x00, 0x00,
    0x00, 0x00, 0x00, 0x00, 0x00, 0x00, 0x00, 0x04, 0x08, 0x0D, 0x0F, 0x0F, 0x0F, 0xBF, 0xFF, 0xFF,
    0xFF, 0xFF, 0xFF, 0xFF, 0xFF, 0xFF, 0xFF, 0xFF, 0xFF, 0xFF, 0xFF, 0xFF, 0xFF, 0x8F, 0x0F, 0x0F,
    0x0F, 0x0F, 0x0F, 0x0F, 0x0F, 0x0F, 0x0F, 0x0F, 0x0F, 0x0F, 0x0F, 0x0F, 0x0F, 0x0F, 0x0F, 0x0F,
    0x0F, 0x0F, 0x0F, 0x0F, 0x0F, 0x0F, 0x0F, 0x0F, 0x0B, 0x00, 0x00, 0x00, 0x00, 0x00, 0x00, 0x00,
    0x00, 0x00, 0x00, 0x00, 0x00, 0x00, 0x05, 0x0F, 0x0F, 0x0F, 0x0F, 0x0F, 0x0F, 0xBF, 0xFF, 0xFF,
    0xFF, 0xFF, 0xFF, 0xFF, 0xFF, 0xFF, 0xFF, 0xFF, 0xFF, 0xFF, 0xFF, 0xFF, 0xFF, 0x8F, 0x0F, 0x0F,
    0x0F, 0x0F, 0x0F, 0x0F, 0x0F, 0x0F, 0x0F, 0x0F, 0x0F, 0x0F, 0x0F, 0x0F, 0x0F, 0x0F, 0x0F, 0x0F,
    0x0F, 0x0F, 0x0F, 0x0F, 0x0F, 0x0F, 0x0F, 0x0F, 0x0B, 0x00, 0x00, 0x00, 0x00, 0x00, 0x00, 0x00,
    0x00, 0x00, 0x00, 0x00, 0x00, 0x00, 0x09, 0x0F, 0x0F, 0x0F, 0x0F, 0x0F, 0x0F, 0xEF, 0xFF, 0xFF,
    0xFF, 0xFF, 0xFF, 0xFF, 0xFF, 0xFF, 0xFF, 0xFF, 0xFF, 0xFF, 0xFF, 0xFF, 0xFF, 0xCF, 0x2F, 0x0F,
    0x0F, 0x0F, 0x0F, 0x0F, 0x4F, 0x4F, 0x4F, 0x4F, 0x4F, 0x4F, 0x4F, 0x4F, 0x6F, 0x8F, 0x8F, 0x8F,
    0x8F, 0x8F, 0x8F, 0x8F, 0x8F, 0x0F, 0x0F, 0x0F, 0x0B, 0x00, 0x00, 0x00, 0x00, 0x00, 0x00, 0x00,
    0x00, 0x00, 0x00, 0x00, 0x00, 0x00, 0x0B, 0x0F, 0x0F, 0x0F, 0x1F, 0x5F, 0xAF, 0xFF, 0xFF, 0xFF,
    0xFF, 0xFF, 0xFF, 0xFF, 0xFF, 0xFF, 0xFF, 0xFF, 0xFF, 0xFF, 0xFF, 0xFF, 0xFF, 0xFF, 0xFF, 0xFF,
    0xFF, 0xFF, 0xFF, 0xFF, 0xFF, 0xFF, 0xFF, 0xFF, 0xFF, 0xFF, 0xFF, 0xFF, 0xFF, 0xFF, 0xFF, 0xFF,
    0xFF, 0xFF, 0xFF, 0xFF, 0xFF, 0x0F, 0x0F, 0x0F, 0x0B, 0x00, 0x00, 0x00, 0x00, 0x00, 0x00, 0x00,
    0x00, 0x00, 0x00, 0x00, 0x00, 0x00, 0x0B, 0x0F, 0x0F, 0x0F, 0xFF, 0xFF, 0xFF, 0xFF, 0xFF, 0xFF,
    0xFF, 0xFF, 0xFF, 0xFF, 0xFF, 0xFF, 0xFF, 0xFF, 0xFF, 0xFF, 0xFF, 0xFF, 0xFF, 0xFF, 0xFF, 0xFF,
    0xFF, 0xFF, 0xFF, 0xFF, 0xFF, 0xFF, 0xFF, 0xFF, 0xFF, 0xFF, 0xFF, 0xFF, 0xFF, 0xFF, 0xFF, 0xFF,
    0xFF, 0xFF, 0xFF, 0xFF, 0xFF, 0x0F, 0x0F, 0x0F, 0x0B, 0x00, 0x00, 0x00, 0x00, 0x00, 0x00, 0x00,
    0x00, 0x00, 0x00, 0x00, 0x00, 0x00, 0x0D, 0x0F, 0x0F, 0x0F, 0xFF, 0xFF, 0xFF, 0xFF, 0xFF, 0xFF,
    0xFF, 0xFF, 0xFF, 0xFF, 0xFF, 0xFF, 0xFF, 0xFF, 0xFF, 0xFF, 0xFF, 0xFF, 0xFF, 0xFF, 0xFF, 0xFF,
    0xFF, 0xFF, 0xFF, 0xFF, 0xFF, 0xFF, 0xFF, 0xFF, 0xFF, 0xFF, 0xFF, 0xFF, 0xFF, 0xFF, 0xFF, 0xFF,
    0xFF, 0xFF, 0xFF, 0xFF, 0xFF, 0x0F, 0x0F, 0x0F, 0x0C, 0x00, 0x00, 0x00, 0x00, 0x00, 0x00, 0x00,
    0x00, 0x00, 0x00, 0x00, 0x00, 0x00, 0x0F, 0x0F, 0x0F, 0x4F, 0xFF, 0xFF, 0xFF, 0xFF, 0xFF, 0xFF,
    0xFF, 0xFF, 0xFF, 0xFF, 0xFF, 0xFF, 0xFF, 0xFF, 0xFF, 0xFF, 0xFF, 0xFF, 0xFF, 0xFF, 0xFF, 0xFF,
    0xFF, 0xFF, 0xFF, 0xFF, 0xFF, 0xFF, 0xFF, 0xFF, 0xFF, 0xFF, 0xFF, 0xFF, 0xFF, 0xFF, 0xFF, 0xFF,
    0xFF, 0xFF, 0xFF, 0xFF, 0xFF, 0x4F, 0x0F, 0x0F, 0x0F, 0x00, 0x00, 0x00, 0x00, 0x00, 0x00, 0x00,
    0x00, 0x00, 0x00, 0x00, 0x00, 0x00, 0x0F, 0x0F, 0x0F, 0x4F, 0xFF, 0xFF, 0xFF, 0xFF, 0xFF, 0xFF,
    0xFF, 0xFF, 0xFF, 0xFF, 0xFF, 0xFF, 0xFF, 0xFF, 0xFF, 0xFF, 0xFF, 0xFF, 0xFF, 0xFF, 0xFF, 0xFF,
    0xFF, 0xFF, 0xFF, 0xFF, 0xFF, 0xFF, 0xFF, 0xFF, 0xFF, 0xFF, 0xFF, 0xFF, 0xFF, 0xFF, 0xFF, 0xFF,
    0xFF, 0xFF, 0xFF, 0xFF, 0xFF, 0x4F, 0x0F, 0x0F, 0x0F, 0x00, 0x00, 0x00, 0x00, 0x00, 0x00, 0x00,
    0x00, 0x00, 0x00, 0x00, 0x00, 0x02, 0x0F, 0x0F, 0x0F, 0x5F, 0xFF, 0xFF, 0xFF, 0xFF, 0xFF, 0xFF,
    0xFF, 0xFF, 0xFF, 0xFF, 0xFF, 0xFF, 0xFF, 0xFF, 0xFF, 0xFF, 0xFF, 0xFF, 0xFF, 0xFF, 0xFF, 0xFF,
    0xFF, 0xFF, 0xFF, 0xFF, 0xFF, 0xFF, 0xFF, 0xFF, 0xFF, 0xFF, 0xFF, 0xFF, 0xFF, 0xFF, 0xFF, 0xFF,
    0xFF, 0xFF, 0xFF, 0xFF, 0xFF, 0x4F, 0x0F, 0x0F, 0x0F, 0x00, 0x00, 0x00, 0x00, 0x00, 0x00, 0x00,
    0x00, 0x00, 0x00, 0x00, 0x00, 0x04, 0x0F, 0x0F, 0x0F, 0x8F, 0xFF, 0xFF, 0xFF, 0xFF, 0xFF, 0xFF,
    0xFF, 0xFF, 0xFF, 0xFF, 0xFF, 0xFF, 0xFF, 0xFF, 0xFF, 0xFF, 0xFF, 0xFF, 0xFF, 0xFF, 0xFF, 0xFF,
    0xFF, 0xFF, 0xFF, 0xFF, 0xFF, 0xFF, 0xFF, 0xFF, 0xFF, 0xFF, 0xFF, 0xFF, 0xFF, 0xFF, 0xFF, 0xFF,
    0xFF, 0xFF, 0xFF, 0xFF, 0xFF, 0x4F, 0x0F, 0x0F, 0x0F, 0x00, 0x00, 0x00, 0x00, 0x00, 0x00, 0x00,
    0x00, 0x00, 0x00, 0x00, 0x00, 0x04, 0x0F, 0x0F, 0x0F, 0x8F, 0xFF, 0xFF, 0xFF, 0xFF, 0xFF, 0xFF,
    0xFF, 0xFF, 0xFF, 0xFF, 0xFF, 0xFF, 0xFF, 0xFF, 0xFF, 0xFF, 0xFF, 0xFF, 0xFF, 0xFF, 0xFF, 0xFF,
    0xFF, 0xFF, 0xFF, 0xFF, 0xFF, 0xFF, 0xFF, 0xFF, 0xFF, 0xFF, 0xFF, 0xFF, 0xFF, 0xFF, 0xFF, 0xFF,
    0xFF, 0xFF, 0xFF, 0xFF, 0xFF, 0x4F, 0x0F, 0x0F, 0x0F, 0x00, 0x00, 0x00, 0x00, 0x00, 0x00, 0x00,
    0x00, 0x00, 0x00, 0x00, 0x00, 0x06, 0x0F, 0x0F, 0x0F, 0x8F, 0xFF, 0xFF, 0xFF, 0xFF, 0xFF, 0xFF,
    0xFF, 0xFF, 0xFF, 0xFF, 0xFF, 0xFF, 0xFF, 0xFF, 0xFF, 0xFF, 0xFF, 0xFF, 0xFF, 0xFF, 0xFF, 0xFF,
    0xFF, 0xFF, 0xFF, 0xFF, 0xFF, 0xFF, 0xFF, 0xFF, 0xFF, 0xFF, 0xFF, 0xFF, 0xFF, 0xFF, 0xFF, 0xFF,
    0xFF, 0xFF, 0xFF, 0xFF, 0xFF, 0x4F, 0x0F, 0x0F, 0x0F, 0x00, 0x00, 0x00, 0x00, 0x00, 0x00, 0x00,
    0x00, 0x00, 0x00, 0x00, 0x00, 0x08, 0x0F, 0x0F, 0x0F, 0xBF, 0xFF, 0xFF, 0xFF, 0xFF, 0xFF, 0xFF,
    0xFF, 0xFF, 0xFF, 0xFF, 0xFF, 0xFF, 0xFF, 0xFF, 0xFF, 0xFF, 0xFF, 0xFF, 0xFF, 0xFF, 0xFF, 0xFF,
    0xFF, 0xFF, 0xFF, 0xFF, 0xFF, 0xFF, 0xFF, 0xFF, 0xFF, 0xFF, 0xFF, 0xFF, 0xFF, 0xFF, 0xFF, 0xFF,
    0xFF, 0xFF, 0xFF, 0xFF, 0xFF, 0x4F, 0x0F, 0x0F, 0x0F, 0x00, 0x00, 0x00, 0x00, 0x00, 0x00, 0x00,
    0x00, 0x00, 0x00, 0x00, 0x00, 0x08, 0x0F, 0x0F, 0x0F, 0xBF, 0xFF, 0xFF, 0xFF, 0xFF, 0xFF, 0xFF,
    0xFF, 0xFF, 0xFF, 0xFF, 0xFF, 0xFF, 0xFF, 0xFF, 0xFF, 0xFF, 0xFF, 0xFF, 0xFF, 0xFF, 0xFF, 0xFF,
    0xFF, 0xFF, 0xFF, 0xFF, 0xFF, 0xFF, 0xFF, 0xFF, 0xFF, 0xFF, 0xFF, 0xFF, 0xFF, 0xFF, 0xFF, 0xFF,
    0xFF, 0xFF, 0xFF, 0xFF, 0xFF, 0x4F, 0x0F, 0x0F, 0x0F, 0x00, 0x00, 0x00, 0x00, 0x00, 0x00, 0x00,
    0x00, 0x00, 0x00, 0x00, 0x00, 0x0A, 0x0F, 0x0F, 0x0F, 0x8F, 0xBF, 0xAF, 0x8F, 0x8F, 0x8F, 0x8F,
    0x8F, 0x8F, 0x4F, 0x4F, 0x4F, 0x4F, 0x4F, 0x4F, 0x4F, 0x6F, 0x8F, 0xBF, 0xFF, 0xFF, 0xFF, 0xFF,
    0xFF, 0xFF, 0xFF, 0xFF, 0xFF, 0xFF, 0xFF, 0xFF, 0xFF, 0xFF, 0xFF, 0xFF, 0xFF, 0xFF, 0xFF, 0xFF,
    0xFF, 0xFF, 0xFF, 0xFF, 0xFF, 0x4F, 0x0F, 0x0F, 0x0F, 0x02, 0x00, 0x00, 0x00, 0x00, 0x00, 0x00,
    0x00, 0x00, 0x00, 0x00, 0x00, 0x0B, 0x0F, 0x0F, 0x0F, 0x0F, 0x0F, 0x0F, 0x0F, 0x0F, 0x0F, 0x0F,
    0x0F, 0x0F, 0x0F, 0x0F, 0x0F, 0x0F, 0x0F, 0x0F, 0x0F, 0x0F, 0x0F, 0x0F, 0x0F, 0x3F, 0x6F, 0x8F,
    0xBF, 0xEF, 0xFF, 0xFF, 0xFF, 0xFF, 0xFF, 0xFF, 0xFF, 0xFF, 0xFF, 0xFF, 0xFF, 0xFF, 0xFF, 0xFF,
    0xFF, 0xFF, 0xFF, 0xFF, 0xFF, 0x8F, 0x0F, 0x0F, 0x0F, 0x04, 0x00, 0x00, 0x00, 0x00, 0x00, 0x00,
    0x00, 0x00, 0x00, 0x00, 0x00, 0x0B, 0x0F, 0x0F, 0x0F, 0x0F, 0x0F, 0x0F, 0x0F, 0x0F, 0x0F, 0x0F,
    0x0F, 0x0F, 0x0F, 0x0F, 0x0F, 0x0F, 0x0F, 0x0F, 0x0F, 0x0F, 0x0F, 0x0F, 0x0F, 0x0F, 0x0F, 0x0F,
    0x0F, 0x0F, 0x2F, 0x5F, 0x8F, 0xBF, 0xEF, 0xFF, 0xFF, 0xFF, 0xFF, 0xFF, 0xFF, 0xFF, 0xFF, 0xFF,
    0xFF, 0xFF, 0xFF, 0xFF, 0xFF, 0x8F, 0x0F, 0x0F, 0x0F, 0x04, 0x00, 0x00, 0x00, 0x00, 0x00, 0x00,
    0x00, 0x00, 0x00, 0x00, 0x00, 0x09, 0x0F, 0x0F, 0x0F, 0x0F, 0x0F, 0x0F, 0x0F, 0x0F, 0x0F, 0x0F,
    0x0F, 0x0F, 0x0F, 0x0F, 0x0F, 0x0F, 0x0F, 0x0F, 0x0F, 0x0F, 0x0F, 0x0F, 0x0F, 0x0F, 0x0F, 0x0F,
    0x0F, 0x0F, 0x0F, 0x0F, 0x0F, 0x0F, 0x0F, 0x2F, 0x4F, 0x8F, 0xAF, 0xDF, 0xFF, 0xFF, 0xFF, 0xFF,
    0xFF, 0xFF, 0xFF, 0xFF, 0xFF, 0x8F, 0x0F, 0x0F, 0x0F, 0x04, 0x00, 0x00, 0x00, 0x00, 0x00, 0x00,
    0x00, 0x00, 0x00, 0x00, 0x00, 0x01, 0x07, 0x08, 0x08, 0x08, 0x08, 0x08, 0x04, 0x04, 0x04, 0x04,
    0x04, 0x04, 0x01, 0x00, 0x00, 0x00, 0x00, 0x00, 0x00, 0x04, 0x07, 0x09, 0x0C, 0x0F, 0x0F, 0x0F,
    0x0F, 0x0F, 0x0F, 0x0F, 0x0F, 0x0F, 0x0F, 0x0F, 0x0F, 0x0F, 0x0F, 0x0F, 0x1F, 0x4F, 0x8F, 0xAF,
    0xDF, 0xFF, 0xFF, 0xFF, 0xFF, 0x8F, 0x0F, 0x0F, 0x0F, 0x04, 0x00, 0x00, 0x00, 0x00, 0x00, 0x00,
    0x00, 0x00, 0x00, 0x00, 0x00, 0x00, 0x00, 0x00, 0x00, 0x00, 0x00, 0x00, 0x00, 0x00, 0x00, 0x00,
    0x00, 0x00, 0x00, 0x00, 0x00, 0x00, 0x00, 0x00, 0x00, 0x00, 0x00, 0x00, 0x00, 0x00, 0x04, 0x07,
    0x09, 0x0B, 0x0F, 0x0F, 0x0F, 0x0F, 0x0F, 0x0F, 0x0F, 0x0F, 0x0F, 0x0F, 0x0F, 0x0F, 0x0F, 0x0F,
    0x0F, 0x1F, 0x4F, 0x7F, 0x9F, 0x6F, 0x0F, 0x0F, 0x0F, 0x04, 0x00, 0x00, 0x00, 0x00, 0x00, 0x00,
    0x00, 0x00, 0x00, 0x00, 0x00, 0x00, 0x00, 0x00, 0x00, 0x00, 0x00, 0x00, 0x00, 0x00, 0x00, 0x00,
    0x00, 0x00, 0x00, 0x00, 0x00, 0x00, 0x00, 0x00, 0x00, 0x00, 0x00, 0x00, 0x00, 0x00, 0x00, 0x00,
    0x00, 0x00, 0x00, 0x03, 0x06, 0x08, 0x0B, 0x0F, 0x0F, 0x0F, 0x0F, 0x0F, 0x0F, 0x0F, 0x0F, 0x0F,
    0x0F, 0x0F, 0x0F, 0x0F, 0x0F, 0x0F, 0x0F, 0x0F, 0x0F, 0x04, 0x00, 0x00, 0x00, 0x00, 0x00, 0x00,
    0x00, 0x00, 0x00, 0x00, 0x00, 0x00, 0x00, 0x00, 0x00, 0x00, 0x00, 0x00, 0x00, 0x00, 0x00, 0x00,
    0x00, 0x00, 0x00, 0x00, 0x00, 0x00, 0x00, 0x00, 0x00, 0x00, 0x00, 0x00, 0x00, 0x00, 0x00, 0x00,
    0x00, 0x00, 0x00, 0x00, 0x00, 0x00, 0x00, 0x00, 0x03, 0x06, 0x08, 0x0B, 0x0E, 0x0F, 0x0F, 0x0F,
    0x0F, 0x0F, 0x0F, 0x0F, 0x0F, 0x0F, 0x0F, 0x0F, 0x0F, 0x04, 0x00, 0x00, 0x00, 0x00, 0x00, 0x00,
    0x00, 0x00, 0x00, 0x00, 0x00, 0x00, 0x00, 0x00, 0x00, 0x00, 0x00, 0x00, 0x00, 0x00, 0x00, 0x00,
    0x00, 0x00, 0x00, 0x00, 0x00, 0x00, 0x00, 0x00, 0x00, 0x00, 0x00, 0x00, 0x00, 0x00, 0x00, 0x00,
    0x00, 0x00, 0x00, 0x00, 0x00, 0x00, 0x00, 0x00, 0x00, 0x00, 0x00, 0x00, 0x00, 0x02, 0x05, 0x08,
    0x0B, 0x0E, 0x0F, 0x0F, 0x0F, 0x0F, 0x0F, 0x0F, 0x0F, 0x04, 0x00, 0x00, 0x00, 0x00, 0x00, 0x00,
    0x00, 0x00, 0x00, 0x00, 0x00, 0x00, 0x00, 0x00, 0x00, 0x00, 0x00, 0x00, 0x00, 0x00, 0x00, 0x00,
    0x00, 0x00, 0x00, 0x00, 0x00, 0x00, 0x00, 0x00, 0x00, 0x00, 0x00, 0x00, 0x00, 0x00, 0x00, 0x00,
    0x00, 0x00, 0x00, 0x00, 0x00, 0x00, 0x00, 0x00, 0x00, 0x00, 0x00, 0x00, 0x00, 0x00, 0x00, 0x00,
    0x00, 0x00, 0x02, 0x05, 0x08, 0x0B, 0x0D, 0x0F, 0x0B, 0x00, 0x00, 0x00, 0x00, 0x00, 0x00, 0x00,
    0x00, 0x00, 0x00, 0x00, 0x00, 0x00, 0x00, 0x00, 0x00, 0x00, 0x00, 0x00, 0x00, 0x00, 0x00, 0x00,
    0x00, 0x00, 0x00, 0x00, 0x00, 0x00, 0x00, 0x00, 0x00, 0x00, 0x00, 0x00, 0x00, 0x00, 0x00, 0x00,
    0x00, 0x00, 0x00, 0x00, 0x00, 0x00, 0x00, 0x00, 0x00, 0x00, 0x00, 0x00, 0x00, 0x00, 0x00, 0x00,
    0x00, 0x00, 0x00, 0x00, 0x00, 0x00, 0x00, 0x00, 0x00, 0x00, 0x00, 0x00, 0x00, 0x00, 0x00, 0x00,
    0x00, 0x00, 0x00, 0x00, 0x00, 0x00, 0x00, 0x00, 0x00, 0x00, 0x00, 0x00, 0x00, 0x00, 0x00, 0x00,
    0x00, 0x00, 0x00, 0x00, 0x00, 0x00, 0x00, 0x00, 0x00, 0x00, 0x00, 0x00, 0x00, 0x00, 0x00, 0x00,
    0x00, 0x00, 0x00, 0x00, 0x00, 0x00, 0x00, 0x00, 0x00, 0x00, 0x00, 0x00, 0x00, 0x00, 0x00, 0x00,
    0x00, 0x00, 0x00, 0x00, 0x00, 0x00, 0x00, 0x00, 0x00, 0x00, 0x00, 0x00, 0x00, 0x00, 0x00, 0x00,
};
unsigned char level_up_heart_png[] = {
    0x00, 0x00, 0x00, 0x00, 0x00, 0x00, 0x00, 0x00, 0x00, 0x00, 0x00, 0x00, 0x00, 0x00, 0x00, 0x00,
    0x00, 0x00, 0x00, 0x00, 0x00, 0x00, 0x00, 0x00, 0x00, 0x00, 0x00, 0x00, 0x00, 0x00, 0x00, 0x00,
    0x00, 0x00, 0x00, 0x00, 0x00, 0x00, 0x00, 0x00, 0x00, 0x00, 0x00, 0x00, 0x00, 0x00, 0x00, 0x00,
    0x00, 0x00, 0x00, 0x00, 0x00, 0x00, 0x00, 0x00, 0x00, 0x00, 0x00, 0x00, 0x00, 0x00, 0x00, 0x00,
    0x00, 0x00, 0x00, 0x00, 0x00, 0x00, 0x00, 0x00, 0x00, 0x00, 0x00, 0x00, 0x00, 0x00, 0x00, 0x00,
    0x00, 0x00, 0x00, 0x00, 0x07, 0x77, 0x77, 0x00, 0x00, 0x00, 0x00, 0x00, 0x07, 0x77, 0x77, 0x00,
    0x00, 0x00, 0x00, 0x00, 0x00, 0x00, 0x00, 0x07, 0x66, 0x66, 0x76, 0x55, 0x70, 0x00, 0x00, 0x07,
    0x55, 0x57, 0x66, 0x65, 0x70, 0x00, 0x00, 0x00, 0x00, 0x00, 0x07, 0x66, 0x79, 0x9C, 0xCC, 0xC9,
    0x55, 0x00, 0x07, 0x55, 0xCD, 0xDD, 0xCC, 0x76, 0x25, 0x00, 0x00, 0x00, 0x00, 0x00, 0x76, 0x69,
    0xBC, 0xCD, 0xDC, 0xDD, 0xD7, 0x50, 0x75, 0xAE, 0xEE, 0xEE, 0xDD, 0xDC, 0x72, 0x50, 0x00, 0x00,
    0x00, 0x00, 0x66, 0x9B, 0xBC, 0xFF, 0xFD, 0xDD, 0xEE, 0xC6, 0x5E, 0xFF, 0xEE, 0xEE, 0xEE, 0xEE,
    0xD7, 0x27, 0x00, 0x00, 0x00, 0x05, 0x69, 0xBB, 0xBC, 0xFF, 0xFE, 0xDE, 0xEE, 0xFE, 0xEF, 0xFF,
    0xFF, 0xEE, 0xEF, 0xFF, 0xEC, 0x62, 0x00, 0x00, 0x00, 0x06, 0x6B, 0xBB, 0xCC, 0xDF, 0xFD, 0xDE,
    0xEE, 0xFF, 0xFF, 0xFF, 0xFF, 0xFE, 0xFF, 0xFF, 0xFE, 0x96, 0x50, 0x00, 0x00, 0x72, 0x9B, 0xBB,
    0xCC, 0xCC, 0xDD, 0xEE, 0xEF, 0xFF, 0xFF, 0xFF, 0xFF, 0xFE, 0xFF, 0xFF, 0xFE, 0xC6, 0x60, 0x00,
    0x00, 0x56, 0x9B, 0xBC, 0xCC, 0xCC, 0xDD, 0xEE, 0xFF, 0xFF, 0xFF, 0xFF, 0xFF, 0xFE, 0xFF, 0xFF,
    0xFD, 0xC7, 0x67, 0x00, 0x00, 0x56, 0xBB, 0xBC, 0xCC, 0xCD, 0xCD, 0xEE, 0xFF, 0xFF, 0xFF, 0xFF,
    0xFF, 0xAE, 0xEF, 0xFF, 0xED, 0xC9, 0x67, 0x00, 0x00, 0x56, 0xBB, 0xBC, 0xCC, 0xDC, 0x35, 0xEE,
    0xFF, 0xFF, 0xFF, 0xFF, 0xFF, 0x25, 0xEE, 0xEE, 0xDC, 0xC9, 0x67, 0x00, 0x00, 0x67, 0xBB, 0xBC,
    0xCC, 0xC7, 0x32, 0xEF, 0xFF, 0xFF, 0xFF, 0xFF, 0xFA, 0x32, 0xEE, 0xED, 0xDC, 0xC9, 0x67, 0x00,
    0x00, 0x67, 0xBB, 0xBC, 0xCC, 0xC7, 0x77, 0xDF, 0xFF, 0xFF, 0xFF, 0xFF, 0xFA, 0x75, 0xEE, 0xED,
    0xDC, 0xC9, 0x67, 0x00, 0x00, 0x56, 0xBB, 0xBC, 0xCC, 0xC5, 0x25, 0xDE, 0xFF, 0xFF, 0xFF, 0xFF,
    0xFA, 0x52, 0xEE, 0xED, 0xDC, 0xC9, 0x67, 0x00, 0x00, 0x56, 0xBB, 0xBB, 0xCC, 0xC5, 0x32, 0xEE,
    0xEF, 0xFF, 0xFF, 0xFF, 0xFA, 0x33, 0xEE, 0xED, 0xDC, 0xC9, 0x67, 0x00, 0x00, 0x76, 0x9B, 0xBB,
    0xCC, 0xC5, 0x32, 0xDE, 0xEE, 0xFF, 0xFF, 0xFF, 0xFA, 0x33, 0xEE, 0xDD, 0xCC, 0xC7, 0x60, 0x00,
    0x00, 0x06, 0x7B, 0xBB, 0xCC, 0xC9, 0x36, 0xDE, 0xEE, 0xEF, 0xFF, 0xFF, 0xFA, 0x32, 0xEE, 0xDD,
    0xCC, 0xC6, 0x70, 0x00, 0x00, 0x05, 0x6B, 0xBB, 0xBC, 0xCC, 0x27, 0xDD, 0xEE, 0xEE, 0xEE, 0xEE,
    0xFE, 0x55, 0xED, 0xDC, 0xCC, 0x96, 0x00, 0x00, 0x00, 0x00, 0x69, 0xBB, 0xBC, 0xCC, 0xCC, 0xDD,
    0xDE, 0xEE, 0xEE, 0xEE, 0xEE, 0xDD, 0xDD, 0xCC, 0xCC, 0x65, 0x00, 0x00, 0x00, 0x00, 0x76, 0xBB,
    0xBB, 0xCC, 0xCC, 0xCD, 0xDD, 0xDE, 0xEE, 0xEE, 0xED, 0xDD, 0xDC, 0xCC, 0xC9, 0x60, 0x00, 0x00,
    0x00, 0x00, 0x06, 0x7B, 0xBB, 0xBC, 0xCC, 0xCC, 0xDD, 0xDD, 0xDD, 0xDD, 0xDD, 0xDD, 0xCC, 0xCC,
    0xC6, 0x70, 0x00, 0x00, 0x00, 0x00, 0x07, 0x69, 0xBB, 0xBB, 0xCC, 0xCC, 0xCC, 0xDD, 0xDD, 0xDD,
    0xDD, 0xCC, 0xCC, 0xCC, 0x75, 0x00, 0x00, 0x00, 0x00, 0x00, 0x00, 0x76, 0x9B, 0xBB, 0xBC, 0xCC,
    0xCC, 0xCC, 0xCC, 0xCC, 0xCC, 0xCC, 0xCC, 0xC7, 0x60, 0x00, 0x00, 0x00, 0x00, 0x00, 0x00, 0x07,
    0x69, 0xBB, 0xBB, 0xCC, 0xCC, 0xCC, 0xCC, 0xCC, 0xCC, 0xCC, 0xCC, 0x96, 0x00, 0x00, 0x00, 0x00,
    0x00, 0x00, 0x00, 0x00, 0x76, 0x9B, 0xBB, 0xBB, 0xCC, 0xCC, 0xCC, 0xCC, 0xCC, 0xCC, 0xC9, 0x60,
    0x00, 0x00, 0x00, 0x00, 0x00, 0x00, 0x00, 0x00, 0x07, 0x69, 0xBB, 0xBB, 0xBB, 0xBC, 0xCC, 0xCC,
    0xCC, 0xBB, 0x76, 0x00, 0x00, 0x00, 0x00, 0x00, 0x00, 0x00, 0x00, 0x00, 0x00, 0x76, 0x9B, 0xBB,
    0xBB, 0xBB, 0xBB, 0xBB, 0xBB, 0xB7, 0x50, 0x00, 0x00, 0x00, 0x00, 0x00, 0x00, 0x00, 0x00, 0x00,
    0x00, 0x07, 0x67, 0xBB, 0xBB, 0xBB, 0xBB, 0xBB, 0xB9, 0x75, 0x00, 0x00, 0x00, 0x00, 0x00, 0x00,
    0x00, 0x00, 0x00, 0x00, 0x00, 0x00, 0x05, 0x79, 0xBB, 0xBB, 0xBB, 0xBB, 0x96, 0x70, 0x00, 0x00,
    0x00, 0x00, 0x00, 0x00, 0x00, 0x00, 0x00, 0x00, 0x00, 0x00, 0x00, 0x76, 0x7B, 0xBB, 0xBB, 0x97,
    0x50, 0x00, 0x00, 0x00, 0x00, 0x00, 0x00, 0x00, 0x00, 0x00, 0x00, 0x00, 0x00, 0x00, 0x00, 0x00,
    0x57, 0x9B, 0x97, 0x57, 0x00, 0x00, 0x00, 0x00, 0x00, 0x00, 0x00, 0x00, 0x00, 0x00, 0x00, 0x00,
    0x00, 0x00, 0x00, 0x00, 0x07, 0x57, 0x57, 0x00, 0x00, 0x00, 0x00, 0x00, 0x00, 0x00, 0x00, 0x00,
    0x00, 0x00, 0x00, 0x00, 0x00, 0x00, 0x00, 0x00, 0x00, 0x00, 0x00, 0x00, 0x00, 0x00, 0x00, 0x00,
    0x00, 0x00, 0x00, 0x00, 0x00, 0x00, 0x00, 0x00, 0x00, 0x00, 0x00, 0x00, 0x00, 0x00, 0x00, 0x00,
    0x00, 0x00, 0x00, 0x00, 0x00, 0x00, 0x00, 0x00, 0x00, 0x00, 0x00, 0x00, 0x00, 0x00, 0x00, 0x00,
    0x00, 0x00, 0x00, 0x00, 0x00, 0x00, 0x00, 0x00, 0x00, 0x00, 0x00, 0x00, 0x00, 0x00, 0x00, 0x00,
    0x00, 0x00, 0x00, 0x00, 0x00, 0x00, 0x00, 0x00, 0x00, 0x00, 0x00, 0x00, 0x00, 0x00, 0x00, 0x00,
};
unsigned short level_up_heart_pal[] = {0x5080, 0x5081, 0x3909, 0x0001, 0x6081, 0x6A0B, 0x8103, 0x91CB, 0x739D, 0xC147, 0xBB53, 0xF989, 0xFA8F, 0xFB95, 0xFCDB, 0xFE67};
unsigned char level_up_flower_png[] = {
    0x00, 0x00, 0x00, 0x00, 0x00, 0x00, 0x00, 0x00, 0x00, 0x00, 0x00, 0x00, 0x00, 0x00, 0x00, 0x00,
    0x00, 0x00, 0x00, 0x00, 0x00, 0x00, 0x00, 0x00, 0x00, 0x00, 0x00, 0x00, 0x00, 0x00, 0x00, 0x00,
    0x00, 0x00, 0x00, 0x00, 0x00, 0x00, 0x00, 0x00, 0x00, 0x00, 0x00, 0x00, 0x00, 0x00, 0x00, 0x00,
    0x62, 0x22, 0x22, 0x66, 0x00, 0x00, 0x00, 0x00, 0x00, 0x00, 0x00, 0x00, 0x00, 0x00, 0x00, 0x00,
    0x00, 0x00, 0x00, 0x62, 0x11, 0x44, 0x44, 0x11, 0x60, 0x00, 0x00, 0x00, 0x00, 0x00, 0x00, 0x00,
    0x00, 0x00, 0x00, 0x00, 0x00, 0x00, 0x06, 0x14, 0x7E, 0xFF, 0xFE, 0xD4, 0x12, 0x60, 0x00, 0x00,
    0x00, 0x00, 0x00, 0x00, 0x00, 0x00, 0x00, 0x00, 0x00, 0x00, 0x61, 0x4E, 0xFF, 0xFF, 0xFF, 0xFF,
    0xD1, 0x20, 0x00, 0x00, 0x00, 0x00, 0x00, 0x00, 0x00, 0x00, 0x00, 0x00, 0x00, 0x00, 0x24, 0xFF,
    0xFF, 0xFF, 0xFF, 0xFF, 0xF7, 0x16, 0x00, 0x00, 0x00, 0x00, 0x00, 0x00, 0x00, 0x00, 0x00, 0x00,
    0x00, 0x06, 0x2D, 0xFF, 0xFF, 0xFF, 0xFF, 0xFF, 0xFF, 0x46, 0x00, 0x00, 0x00, 0x00, 0x00, 0x00,
    0x00, 0x00, 0x00, 0x00, 0x62, 0x44, 0x1D, 0xFF, 0xFF, 0xFF, 0xFF, 0xFF, 0xFF, 0x74, 0x42, 0x60,
    0x00, 0x00, 0x00, 0x00, 0x00, 0x00, 0x00, 0x06, 0x17, 0xDD, 0x7D, 0xFF, 0xFE, 0xED, 0xEE, 0xFF,
    0xFE, 0x7D, 0xD7, 0x12, 0x00, 0x00, 0x00, 0x00, 0x00, 0x00, 0x00, 0x61, 0x7F, 0xFF, 0xFD, 0xFE,
    0x98, 0x58, 0x88, 0x89, 0xFD, 0xDF, 0xFF, 0xD1, 0x20, 0x00, 0x00, 0x00, 0x00, 0x00, 0x06, 0x14,
    0xFF, 0xFF, 0xFE, 0xD8, 0xBB, 0xBB, 0xBB, 0xB8, 0x9D, 0xFF, 0xFF, 0xF7, 0x16, 0x00, 0x00, 0x00,
    0x00, 0x00, 0x06, 0x1D, 0xFF, 0xFF, 0xFE, 0x8B, 0xBB, 0xBB, 0xBB, 0xBB, 0x59, 0xFF, 0xFF, 0xFE,
    0x42, 0x00, 0x00, 0x00, 0x00, 0x00, 0x02, 0x4F, 0xFF, 0xFF, 0xF9, 0xB8, 0x5B, 0xBB, 0xBB, 0x55,
    0xB8, 0x9F, 0xFF, 0xFF, 0x42, 0x00, 0x00, 0x00, 0x00, 0x00, 0x02, 0x7F, 0xFF, 0xFF, 0xE8, 0xC5,
    0x2B, 0xBB, 0xBB, 0x52, 0xCB, 0x8E, 0xFF, 0xFF, 0x71, 0x00, 0x00, 0x00, 0x00, 0x00, 0x01, 0x7F,
    0xFF, 0xFF, 0x98, 0xC5, 0x28, 0xBB, 0xBB, 0x52, 0x8B, 0x8E, 0xFF, 0xFF, 0xD2, 0x00, 0x00, 0x00,
    0x00, 0x00, 0x02, 0x7F, 0xFF, 0xFF, 0x9C, 0xC2, 0x38, 0xBB, 0xBB, 0x22, 0x8C, 0x8E, 0xFF, 0xFF,
    0xD2, 0x00, 0x00, 0x00, 0x00, 0x00, 0x02, 0x7F, 0xFF, 0xFF, 0x9C, 0xC5, 0x2B, 0xBB, 0xBB, 0x52,
    0xCC, 0x8E, 0xFF, 0xFF, 0x72, 0x00, 0x00, 0x00, 0x00, 0x00, 0x06, 0x4E, 0xFF, 0xFE, 0x98, 0xAC,
    0xCC, 0xCC, 0xCC, 0xCC, 0xCC, 0x8D, 0xFF, 0xFF, 0x46, 0x00, 0x00, 0x00, 0x00, 0x00, 0x00, 0x24,
    0xED, 0x7D, 0xD8, 0xCA, 0xCC, 0xCC, 0xCC, 0xCC, 0xAC, 0x8D, 0xDE, 0xF7, 0x20, 0x00, 0x00, 0x00,
    0x00, 0x00, 0x00, 0x06, 0x44, 0xDF, 0xF9, 0x8A, 0xAA, 0xAA, 0xAA, 0xAA, 0xC8, 0x9F, 0xD4, 0x46,
    0x00, 0x00, 0x00, 0x00, 0x00, 0x00, 0x00, 0x00, 0x27, 0xFF, 0xFE, 0x88, 0xCA, 0xAA, 0xAA, 0xAC,
    0x59, 0xFF, 0xF7, 0x20, 0x00, 0x00, 0x00, 0x00, 0x00, 0x00, 0x00, 0x06, 0x4D, 0xFF, 0xFF, 0xE9,
    0x58, 0xCC, 0xC8, 0x88, 0x9F, 0xFF, 0xFE, 0x40, 0x00, 0x00, 0x00, 0x00, 0x00, 0x00, 0x00, 0x00,
    0x27, 0xFF, 0xFF, 0xFE, 0x99, 0x88, 0x88, 0x9E, 0xFF, 0xFF, 0xFD, 0x10, 0x00, 0x00, 0x00, 0x00,
    0x00, 0x00, 0x00, 0x00, 0x04, 0xEF, 0xFF, 0xFF, 0xFE, 0xD6, 0xDE, 0xFF, 0xFF, 0xFF, 0xF7, 0x20,
    0x00, 0x00, 0x00, 0x00, 0x00, 0x00, 0x00, 0x00, 0x02, 0x4F, 0xFF, 0xFF, 0xFF, 0xD1, 0xDF, 0xFF,
    0xFF, 0xFF, 0xD1, 0x00, 0x00, 0x00, 0x00, 0x00, 0x00, 0x00, 0x00, 0x00, 0x00, 0x14, 0xEF, 0xFF,
    0xFE, 0x40, 0x4F, 0xFF, 0xFF, 0xFD, 0x10, 0x00, 0x00, 0x00, 0x00, 0x00, 0x00, 0x00, 0x00, 0x00,
    0x00, 0x02, 0x47, 0xDE, 0xD4, 0x20, 0x04, 0xEF, 0xFE, 0x71, 0x20, 0x00, 0x00, 0x00, 0x00, 0x00,
    0x00, 0x00, 0x00, 0x00, 0x00, 0x00, 0x02, 0x44, 0x20, 0x00, 0x02, 0x44, 0x44, 0x20, 0x00, 0x00,
    0x00, 0x00, 0x00, 0x00, 0x00, 0x00, 0x00, 0x00, 0x00, 0x00, 0x00, 0x00, 0x00, 0x00, 0x00, 0x00,
    0x00, 0x00, 0x00, 0x00, 0x00, 0x00, 0x00, 0x00, 0x00, 0x00, 0x00, 0x00, 0x00, 0x00, 0x00, 0x00,
    0x00, 0x00, 0x00, 0x00, 0x00, 0x00, 0x00, 0x00, 0x00, 0x00, 0x00, 0x00, 0x00, 0x00, 0x00, 0x00,
    0x00, 0x00, 0x00, 0x00, 0x00, 0x00, 0x00, 0x00, 0x00, 0x00, 0x00, 0x00, 0x00, 0x00, 0x00, 0x00,
    0x00, 0x00, 0x00, 0x00, 0x00, 0x00, 0x00, 0x00, 0x00, 0x00, 0x00, 0x00, 0x00, 0x00, 0x00, 0x00,
    0x00, 0x00, 0x00, 0x00, 0x00, 0x00, 0x00, 0x00, 0x00, 0x00, 0x00, 0x00, 0x00, 0x00, 0x00, 0x00,
    0x00, 0x00, 0x00, 0x00, 0x00, 0x00, 0x00, 0x00, 0x00, 0x00, 0x00, 0x00, 0x00, 0x00, 0x00, 0x00,
    0x00, 0x00, 0x00, 0x00, 0x00, 0x00, 0x00, 0x00, 0x00, 0x00, 0x00, 0x00, 0x00, 0x00, 0x00, 0x00,
    0x00, 0x00, 0x00, 0x00, 0x00, 0x00, 0x00, 0x00, 0x00, 0x00, 0x00, 0x00, 0x00, 0x00, 0x00, 0x00,
    0x00, 0x00, 0x00, 0x00, 0x00, 0x00, 0x00, 0x00, 0x00, 0x00, 0x00, 0x00, 0x00, 0x00, 0x00, 0x00,
    0x00, 0x00, 0x00, 0x00, 0x00, 0x00, 0x00, 0x00, 0x00, 0x00, 0x00, 0x00, 0x00, 0x00, 0x00, 0x00,
    0x00, 0x00, 0x00, 0x00, 0x00, 0x00, 0x00, 0x00, 0x00, 0x00, 0x00, 0x00, 0x00, 0x00, 0x00, 0x00,
    0x00, 0x00, 0x00, 0x00, 0x00, 0x00, 0x00, 0x00, 0x00, 0x00, 0x00, 0x00, 0x00, 0x00, 0x00, 0x00,
    0x00, 0x00, 0x00, 0x00, 0x00, 0x00, 0x00, 0x00, 0x00, 0x00, 0x00, 0x00, 0x00, 0x00, 0x00, 0x00,
};
unsigned short level_up_flower_pal[] = {0x5080, 0x2057, 0x5207, 0x0001, 0x6B27, 0xBC05, 0x9C5F, 0x842D, 0xD50D, 0xC59B, 0xFD93, 0xFE05, 0xFDCF, 0xADB5, 0xCEF9, 0xD77F};
unsigned char level_up_leaves_png[] = {
    0x00, 0x00, 0x00, 0x00, 0x00, 0x00, 0x00, 0x00, 0x00, 0x00, 0x00, 0x00, 0x00, 0x00, 0x00, 0x00,
    0x00, 0x00, 0x00, 0x00, 0x00, 0x00, 0x00, 0x00, 0x00, 0x00, 0x00, 0x00, 0x00, 0x00, 0x00, 0x00,
    0x00, 0x00, 0x00, 0x00, 0x00, 0x00, 0x00, 0x00, 0x00, 0x00, 0x00, 0x00, 0x00, 0x00, 0x00, 0x00,
    0x00, 0x00, 0x00, 0x00, 0x00, 0x00, 0x00, 0x00, 0x00, 0x00, 0x00, 0x00, 0x00, 0x00, 0x00, 0x00,
    0x00, 0x00, 0x00, 0x00, 0x00, 0x00, 0x00, 0x00, 0x00, 0x00, 0x00, 0x00, 0x00, 0x00, 0x00, 0x00,
    0x00, 0x00, 0x00, 0x00, 0x00, 0x00, 0x00, 0x00, 0x00, 0x00, 0x00, 0x00, 0x00, 0x00, 0x00, 0x00,
    0x00, 0x00, 0x00, 0x00, 0x00, 0x00, 0x00, 0x00, 0x00, 0x00, 0x00, 0x00, 0x00, 0x00, 0x00, 0x00,
    0x00, 0x00, 0x00, 0x00, 0x00, 0x00, 0x00, 0x00, 0x00, 0x00, 0x00, 0x00, 0x00, 0x00, 0x00, 0x00,
    0x00, 0x00, 0x00, 0x00, 0x00, 0x00, 0x00, 0x00, 0x00, 0x00, 0x00, 0x00, 0x00, 0x00, 0x00, 0x00,
    0x00, 0x00, 0x00, 0x00, 0x00, 0x00, 0x00, 0x00, 0x00, 0x00, 0x00, 0x00, 0x00, 0x00, 0x00, 0x00,
    0x00, 0x00, 0x00, 0x00, 0x00, 0x00, 0x00, 0x00, 0x00, 0x00, 0x00, 0x00, 0x00, 0x00, 0x00, 0x00,
    0x00, 0x00, 0x00, 0x00, 0x00, 0x00, 0x00, 0x00, 0x00, 0x00, 0x00, 0x00, 0x00, 0x00, 0x00, 0x00,
    0x00, 0x00, 0x00, 0x00, 0x00, 0x00, 0x00, 0x00, 0x00, 0x00, 0x00, 0x00, 0x00, 0x00, 0x00, 0x00,
    0x00, 0x00, 0x00, 0x00, 0x00, 0x00, 0x00, 0x00, 0x00, 0x00, 0x00, 0x00, 0x00, 0x00, 0x00, 0x00,
    0x00, 0x00, 0x00, 0x00, 0x00, 0x00, 0x00, 0x00, 0x00, 0x00, 0x00, 0x00, 0x00, 0x00, 0x00, 0x00,
    0x00, 0x00, 0x00, 0x00, 0x00, 0x00, 0x00, 0x00, 0x00, 0x00, 0x00, 0x00, 0x00, 0x00, 0x00, 0x00,
    0x00, 0x00, 0x00, 0x00, 0x00, 0x00, 0x00, 0x00, 0x00, 0x00, 0x00, 0x00, 0x00, 0x00, 0x00, 0x00,
    0x00, 0x00, 0x00, 0x00, 0x00, 0x00, 0x00, 0x00, 0x00, 0x00, 0x00, 0x00, 0x00, 0x00, 0x00, 0x00,
    0x00, 0x00, 0x00, 0x00, 0x00, 0x00, 0x00, 0x00, 0x00, 0x00, 0x00, 0x00, 0x00, 0x00, 0x00, 0x00,
    0x00, 0x00, 0x00, 0x00, 0x00, 0x00, 0x00, 0x00, 0x00, 0x00, 0x00, 0x00, 0x00, 0x00, 0x00, 0x00,
    0x00, 0x00, 0x00, 0x00, 0x00, 0x00, 0x00, 0x00, 0x00, 0x00, 0x00, 0x00, 0x00, 0x00, 0x00, 0x00,
    0x00, 0x00, 0x00, 0x00, 0x00, 0x00, 0x00, 0x00, 0x00, 0x00, 0x00, 0x00, 0x00, 0x00, 0x00, 0x00,
    0x00, 0x00, 0x00, 0x00, 0x00, 0x00, 0x00, 0x00, 0x00, 0x00, 0x00, 0x00, 0x00, 0x00, 0x00, 0x00,
    0x00, 0x00, 0x00, 0x00, 0x00, 0x00, 0x00, 0x00, 0x00, 0x00, 0x00, 0x00, 0x00, 0x00, 0x00, 0x00,
    0x00, 0x00, 0x00, 0x00, 0x00, 0x00, 0x00, 0x00, 0x00, 0x00, 0x00, 0x00, 0x00, 0x00, 0x00, 0x00,
    0x00, 0x00, 0x00, 0x00, 0x00, 0x00, 0x00, 0x00, 0x00, 0x00, 0x00, 0x00, 0x00, 0x00, 0x00, 0x00,
    0x00, 0x00, 0x00, 0x00, 0x00, 0x00, 0x00, 0x00, 0x00, 0x00, 0x00, 0x00, 0x00, 0x00, 0x00, 0x00,
    0x00, 0x00, 0x00, 0x00, 0x00, 0x00, 0x00, 0x00, 0x00, 0x00, 0x00, 0x00, 0x00, 0x00, 0x00, 0x00,
    0x00, 0x00, 0x00, 0x00, 0x00, 0x00, 0x00, 0x00, 0x00, 0x00, 0x00, 0x00, 0x00, 0x00, 0x00, 0x00,
    0x00, 0x00, 0x0A, 0xAA, 0x00, 0x00, 0x00, 0x00, 0xAA, 0xAA, 0x00, 0x00, 0x00, 0x00, 0x00, 0x00,
    0x00, 0x00, 0x00, 0x00, 0x00, 0x0A, 0x75, 0x55, 0x7A, 0xA0, 0x0A, 0x77, 0x55, 0x55, 0x7A, 0x00,
    0x00, 0x00, 0x00, 0x00, 0x00, 0x00, 0x00, 0x00, 0x0A, 0x55, 0x53, 0x33, 0x55, 0x57, 0x75, 0x53,
    0x33, 0x35, 0x55, 0x70, 0x00, 0x00, 0x00, 0x00, 0x00, 0x00, 0x07, 0xAA, 0x75, 0x55, 0x33, 0x33,
    0x33, 0x33, 0x53, 0x33, 0x33, 0x33, 0x35, 0x55, 0xAA, 0x70, 0x00, 0x00, 0x00, 0x00, 0x07, 0x88,
    0x88, 0x33, 0x8A, 0xA8, 0x85, 0x33, 0x33, 0x58, 0xAA, 0xA8, 0x53, 0x88, 0x88, 0x70, 0x00, 0x00,
    0x00, 0x00, 0x00, 0x88, 0x83, 0x8B, 0xCB, 0x88, 0x85, 0x33, 0x33, 0x58, 0x88, 0xBC, 0xB8, 0x38,
    0x85, 0x00, 0x00, 0x00, 0x00, 0x00, 0x00, 0xA5, 0x38, 0xCB, 0xA8, 0xAA, 0xA8, 0x83, 0x58, 0xAA,
    0xAA, 0xAA, 0xBC, 0x85, 0x5A, 0x00, 0x00, 0x00, 0x00, 0x00, 0x00, 0x07, 0x8B, 0xAA, 0xBC, 0xCB,
    0xAA, 0xA5, 0x5A, 0xAB, 0xBC, 0xCB, 0xAA, 0xB5, 0x70, 0x00, 0x00, 0x00, 0x00, 0x00, 0x00, 0x07,
    0xAA, 0xAC, 0xCC, 0xCB, 0xAA, 0x85, 0x5A, 0xAB, 0xBC, 0xCC, 0xBA, 0xBA, 0x70, 0x00, 0x00, 0x00,
    0x00, 0x00, 0x00, 0x78, 0xAA, 0xBC, 0xCC, 0xBB, 0xAA, 0x8A, 0xA8, 0xAA, 0xBB, 0xCC, 0xCB, 0xAA,
    0x87, 0xA0, 0x00, 0x00, 0x00, 0x0A, 0x58, 0x8A, 0xAA, 0xBB, 0xBB, 0xBA, 0xA8, 0x70, 0x05, 0x8A,
    0xAB, 0xBB, 0xBB, 0xAA, 0xA8, 0x87, 0x00, 0x00, 0x00, 0x00, 0xA8, 0x88, 0xAA, 0xAA, 0xBA, 0xAA,
    0x85, 0x00, 0x0A, 0x58, 0xAA, 0xAA, 0xAA, 0xA8, 0x88, 0x70, 0x00, 0x00, 0x00, 0x00, 0x00, 0x75,
    0x88, 0xAA, 0xA8, 0x85, 0x70, 0x00, 0x00, 0x07, 0x58, 0x8A, 0x88, 0x88, 0x7A, 0x00, 0x00, 0x00,
    0x00, 0x00, 0x00, 0x0A, 0xA7, 0x55, 0x77, 0x7A, 0x00, 0x00, 0x00, 0x00, 0xA7, 0x77, 0x77, 0x7A,
    0x00, 0x00, 0x00, 0x00, 0x00, 0x00, 0x00, 0x00, 0x00, 0x00, 0x00, 0x00, 0x00, 0x00, 0x00, 0x00,
    0x00, 0x00, 0x00, 0x00, 0x00, 0x00, 0x00, 0x00, 0x00, 0x00, 0x00, 0x00, 0x00, 0x00, 0x00, 0x00,
    0x00, 0x00, 0x00, 0x00, 0x00, 0x00, 0x00, 0x00, 0x00, 0x00, 0x00, 0x00, 0x00, 0x00, 0x00, 0x00,
    0x00, 0x00, 0x00, 0x00, 0x00, 0x00, 0x00, 0x00, 0x00, 0x00, 0x00, 0x00, 0x00, 0x00, 0x00, 0x00,
};
unsigned short level_up_leaves_pal[] = {0x5080, 0x09CB, 0x020B, 0x0A0B, 0x0A4B, 0x124B, 0x0A8B, 0x12CB, 0x1B4B, 0x238B, 0x2BCB, 0x3449, 0x44C9, 0x01CB, 0x0001, 0x0001};
unsigned char level_up_badge_png[] = {
    0x00, 0x00, 0x00, 0x00, 0x00, 0x00, 0x00, 0x00, 0x00, 0x00, 0x00, 0x00, 0x00, 0x00, 0x00, 0x00,
    0x00, 0x00, 0x00, 0x00, 0x00, 0x00, 0x00, 0x00, 0x00, 0x00, 0x00, 0xEE, 0xEE, 0xEE, 0xEE, 0xE0,
    0x00, 0x00, 0x00, 0x00, 0x00, 0x00, 0x00, 0x00, 0x00, 0x00, 0x00, 0x00, 0x00, 0x00, 0xEE, 0xEE,
    0xEE, 0xDD, 0xDD, 0xEE, 0xEE, 0xD0, 0x00, 0x00, 0x00, 0x00, 0x00, 0x00, 0x00, 0x00, 0x00, 0x00,
    0x00, 0xEE, 0xED, 0xDD, 0xBB, 0xBB, 0xBB, 0xBB, 0xDB, 0xDD, 0xD0, 0x00, 0x00, 0x00, 0x00, 0x00,
    0x00, 0x00, 0x00, 0x00, 0x0E, 0xED, 0xDB, 0xBB, 0xBB, 0xBB, 0x98, 0x8B, 0xBB, 0xBB, 0xDD, 0x00,
    0x00, 0x00, 0x00, 0x00, 0x00, 0x00, 0x00, 0x0E, 0xEE, 0xDB, 0xBB, 0xBB, 0xB9, 0x55, 0x54, 0x33,
    0x9B, 0xBB, 0xBD, 0xBD, 0x00, 0x00, 0x00, 0x00, 0x00, 0x00, 0x00, 0xEE, 0xEB, 0xBB, 0xBB, 0xB9,
    0x74, 0x77, 0x88, 0x73, 0x39, 0xBB, 0xBB, 0xBB, 0x90, 0x00, 0x00, 0x00, 0x00, 0x00, 0x0E, 0xEE,
    0xBB, 0xBB, 0xBB, 0x95, 0x57, 0xC9, 0x88, 0x87, 0x35, 0xBB, 0xBB, 0xBB, 0xB9, 0x00, 0x00, 0x00,
    0x00, 0x00, 0x0E, 0xED, 0xBB, 0xBB, 0xB9, 0x57, 0xC9, 0x87, 0x77, 0x77, 0x31, 0x9B, 0xBB, 0xBB,
    0xBB, 0x70, 0x00, 0x00, 0x00, 0x00, 0xEE, 0xBB, 0xBB, 0xBB, 0x95, 0xCC, 0x87, 0x77, 0x74, 0x78,
    0x16, 0x9B, 0xBB, 0xBB, 0xBB, 0x90, 0x00, 0x00, 0x00, 0x0E, 0xED, 0xBB, 0xBB, 0xBB, 0x5C, 0xC8,
    0x77, 0x77, 0x47, 0xC4, 0x66, 0x9B, 0x9B, 0xBB, 0xBB, 0xB9, 0x00, 0x00, 0x00, 0x0E, 0xDB, 0xBB,
    0xBB, 0xB7, 0x5C, 0x87, 0x77, 0x77, 0x45, 0x56, 0x61, 0x57, 0x55, 0x7B, 0xBB, 0xB9, 0x70, 0x00,
    0x00, 0xEE, 0xDB, 0xBB, 0xBB, 0x94, 0xC9, 0x77, 0x77, 0x78, 0x53, 0x66, 0x35, 0x77, 0x75, 0x34,
    0xBB, 0xB9, 0x70, 0x00, 0x00, 0xED, 0xBB, 0xBB, 0xBB, 0x57, 0xC7, 0x77, 0x78, 0x88, 0x53, 0x35,
    0x77, 0x77, 0x77, 0x53, 0x9B, 0xB9, 0x87, 0x00, 0x00, 0xED, 0xBB, 0xBB, 0xB8, 0x5C, 0x87, 0x77,
    0x87, 0x43, 0x35, 0x53, 0x11, 0x47, 0x85, 0x13, 0xBB, 0xBB, 0x87, 0x00, 0x00, 0xDD, 0xBB, 0xB9,
    0x75, 0xCC, 0x77, 0x87, 0x41, 0x16, 0x11, 0x11, 0x43, 0x37, 0x46, 0x68, 0xBB, 0xBB, 0x87, 0x00,
    0x0D, 0xDB, 0xBB, 0x85, 0x57, 0xC8, 0x78, 0x73, 0x13, 0x55, 0x45, 0x77, 0x94, 0x11, 0x11, 0x8B,
    0xBB, 0xBB, 0x87, 0x00, 0x0D, 0xDB, 0xB8, 0x77, 0x99, 0x88, 0x75, 0x11, 0x58, 0x88, 0x99, 0x98,
    0x53, 0x14, 0x9B, 0xBB, 0xBB, 0xBB, 0x85, 0x00, 0x0D, 0xDB, 0x97, 0xC9, 0x88, 0x87, 0x31, 0x64,
    0x98, 0x77, 0x77, 0x78, 0x31, 0x38, 0xB8, 0x55, 0x79, 0xBB, 0x85, 0x00, 0x0D, 0xDB, 0x97, 0x97,
    0x54, 0x43, 0x13, 0x43, 0x78, 0x77, 0x77, 0x87, 0x11, 0x34, 0x77, 0x77, 0x44, 0x9B, 0x85, 0x00,
    0x0D, 0xDB, 0x95, 0x73, 0x11, 0x16, 0x1C, 0x93, 0x38, 0x87, 0x77, 0x85, 0x61, 0x77, 0x99, 0x98,
    0x97, 0x49, 0x94, 0x00, 0x0D, 0xDB, 0xB5, 0x36, 0x48, 0x53, 0x37, 0x84, 0x13, 0x85, 0x45, 0x87,
    0x35, 0x88, 0x87, 0x77, 0x87, 0x48, 0x84, 0x00, 0x0B, 0xBB, 0xBB, 0x44, 0x75, 0x44, 0x43, 0x57,
    0x13, 0x73, 0x13, 0x88, 0x77, 0x77, 0x77, 0x78, 0x74, 0x48, 0x84, 0x00, 0x0D, 0xBB, 0xBB, 0x85,
    0x87, 0x53, 0x43, 0x13, 0x34, 0x71, 0x11, 0x34, 0x31, 0x48, 0x88, 0x88, 0x53, 0x49, 0x77, 0x00,
    0x09, 0xBB, 0xBB, 0x94, 0x88, 0x85, 0x47, 0x31, 0x35, 0x73, 0x11, 0x11, 0x11, 0x13, 0x44, 0x43,
    0x13, 0x99, 0x45, 0x00, 0x00, 0xBB, 0xBB, 0xB4, 0x58, 0x85, 0x58, 0x87, 0x57, 0x85, 0x11, 0x11,
    0x31, 0x11, 0x11, 0x16, 0x39, 0xB8, 0x47, 0x00, 0x00, 0x9B, 0xBB, 0xB8, 0x35, 0x55, 0x78, 0x88,
    0x87, 0x77, 0x31, 0x11, 0x11, 0x11, 0x13, 0x16, 0x8B, 0x95, 0x50, 0x00, 0x00, 0x79, 0x9B, 0xB9,
    0x43, 0x13, 0x45, 0x87, 0x77, 0x77, 0x53, 0x16, 0x11, 0x61, 0x11, 0x66, 0xBB, 0x84, 0x70, 0x00,
    0x00, 0x09, 0x99, 0xB8, 0x77, 0x54, 0x11, 0x58, 0x87, 0x77, 0x88, 0x73, 0x66, 0x16, 0x66, 0x65,
    0xB9, 0x44, 0x00, 0x00, 0x00, 0x00, 0x99, 0xB7, 0x47, 0x41, 0x48, 0x44, 0x77, 0x77, 0x88, 0x87,
    0x55, 0x31, 0x57, 0x8B, 0x95, 0x40, 0x00, 0x00, 0x00, 0x00, 0x78, 0x98, 0x44, 0x48, 0xBB, 0x95,
    0x34, 0x57, 0x77, 0x54, 0x43, 0x17, 0xBB, 0xB9, 0x73, 0x70, 0x00, 0x00, 0x00, 0x00, 0x07, 0x88,
    0x99, 0xBB, 0xBB, 0xBB, 0x97, 0x44, 0x43, 0x11, 0x33, 0x7B, 0xBB, 0x97, 0x34, 0x00, 0x00, 0x00,
    0x00, 0x00, 0x00, 0x77, 0x99, 0xBB, 0xBB, 0xBB, 0xBB, 0x99, 0x87, 0x58, 0xBB, 0xBB, 0xB8, 0x53,
    0x50, 0x00, 0x00, 0x00, 0x00, 0x00, 0x00, 0x07, 0x78, 0x9B, 0xBB, 0xBB, 0xBB, 0xBB, 0xBB, 0xBB,
    0xBB, 0xB9, 0x84, 0x35, 0x00, 0x00, 0x00, 0x00, 0x00, 0x00, 0x00, 0x00, 0x75, 0x78, 0x99, 0xBB,
    0xBB, 0xBB, 0xBB, 0xBB, 0xB9, 0x85, 0x44, 0x70, 0x00, 0x00, 0x00, 0x00, 0x00, 0x00, 0x00, 0x00,
    0x07, 0x74, 0x77, 0x89, 0x99, 0x99, 0x99, 0x98, 0x77, 0x43, 0x40, 0x00, 0x00, 0x00, 0x00, 0x00,
    0x00, 0x00, 0x00, 0x00, 0x00, 0x07, 0x54, 0x44, 0x55, 0x55, 0x55, 0x44, 0x43, 0x57, 0x00, 0x00,
    0x00, 0x00, 0x00, 0x00, 0x00, 0x00, 0x00, 0x00, 0x00, 0x00, 0x07, 0x75, 0x43, 0x33, 0x33, 0x47,
    0x57, 0x00, 0x00, 0x00, 0x00, 0x00, 0x00, 0x00, 0x00, 0x00, 0x00, 0x00, 0x00, 0x00, 0x00, 0x00,
    0x00, 0x00, 0x00, 0x00, 0x00, 0x00, 0x00, 0x00, 0x00, 0x00, 0x00, 0x00, 0x00, 0x00, 0x00, 0x00,
    0x00, 0x00, 0x00, 0x00, 0x00, 0x00, 0x00, 0x00, 0x00, 0x00, 0x00, 0x00, 0x00, 0x00, 0x00, 0x00,
};
unsigned short level_up_badge_pal[] = {0x5080, 0x61C3, 0x7A43, 0x8AC3, 0x9B03, 0xA383, 0x4103, 0xB3C5, 0xBC03, 0xCC83, 0xC4C9, 0xDD01, 0xCD55, 0xE5C9, 0xEE0D, 0xEE51};
unsigned char level_up_FP_png[] = {
    0x00, 0x00, 0x00, 0x00, 0x00, 0x00, 0x00, 0x00, 0x00, 0x00, 0x00, 0x00, 0x00, 0x00, 0x00, 0x00,
    0x00, 0x00, 0x00, 0x00, 0x00, 0x00, 0x99, 0x00, 0x09, 0x99, 0x00, 0x00, 0x00, 0x00, 0x00, 0x00,
    0x00, 0x00, 0x00, 0x00, 0x11, 0x19, 0xA1, 0xA1, 0x11, 0x11, 0x11, 0x11, 0x1A, 0x00, 0x00, 0x00,
    0x00, 0x0A, 0x11, 0x19, 0x9B, 0xCD, 0x2A, 0x1B, 0xC2, 0xCB, 0xCC, 0x22, 0xC1, 0x90, 0x00, 0x00,
    0x09, 0x11, 0xAB, 0xC2, 0x22, 0x22, 0x2B, 0x92, 0x22, 0x22, 0x22, 0x22, 0x2C, 0x19, 0x00, 0x00,
    0x09, 0xB2, 0x22, 0x22, 0x22, 0x22, 0x2C, 0x1B, 0x22, 0x22, 0x22, 0x22, 0x22, 0xC1, 0x00, 0x00,
    0x09, 0xA3, 0x33, 0x33, 0x33, 0x33, 0x3C, 0x19, 0x33, 0x3D, 0xBB, 0xBD, 0x33, 0x31, 0x00, 0x00,
    0x00, 0x13, 0x33, 0x33, 0x33, 0x33, 0x3D, 0x11, 0xC3, 0x3C, 0x19, 0x99, 0x33, 0x31, 0x00, 0x00,
    0x00, 0x1D, 0x44, 0xC9, 0x99, 0x99, 0x99, 0x1A, 0xA4, 0x4C, 0x10, 0x01, 0xC4, 0x41, 0x00, 0x00,
    0x00, 0x1C, 0x44, 0xC9, 0x11, 0x11, 0x11, 0x90, 0x1D, 0x4C, 0x10, 0x99, 0xD4, 0x41, 0x00, 0x00,
    0x00, 0x1B, 0x55, 0xCB, 0xBC, 0xD5, 0xB9, 0x00, 0x1C, 0x5C, 0x11, 0x1C, 0x55, 0xE1, 0x00, 0x00,
    0x00, 0xA9, 0x55, 0x55, 0x55, 0x55, 0xB9, 0x00, 0x1C, 0x55, 0xDC, 0xD5, 0x55, 0xD9, 0x00, 0x00,
    0x00, 0x01, 0xD6, 0x66, 0x66, 0x66, 0xB9, 0x00, 0x1C, 0x66, 0x66, 0x66, 0x6C, 0x1A, 0x00, 0x00,
    0x00, 0x01, 0xC6, 0x66, 0x66, 0x66, 0x91, 0x00, 0x1C, 0x66, 0xEC, 0xCC, 0xB1, 0x90, 0x00, 0x00,
    0x00, 0x01, 0xC7, 0x77, 0xCB, 0xBB, 0x19, 0x00, 0x1C, 0x77, 0xC1, 0x11, 0x9A, 0x00, 0x00, 0x00,
    0x00, 0x01, 0xC7, 0x7E, 0xB9, 0x11, 0x90, 0x00, 0x1C, 0x77, 0xC1, 0x00, 0x00, 0x00, 0x00, 0x00,
    0x00, 0x01, 0xC8, 0x8E, 0x19, 0x00, 0x00, 0x00, 0x1C, 0x88, 0xD1, 0x00, 0x00, 0x00, 0x00, 0x00,
    0x00, 0x01, 0xC8, 0x8E, 0x10, 0x00, 0x00, 0x00, 0x1C, 0x88, 0xE1, 0x00, 0x00, 0x00, 0x00, 0x00,
    0x00, 0x01, 0xCE, 0xEE, 0x10, 0x00, 0x00, 0x00, 0x1C, 0x88, 0x81, 0x00, 0x00, 0x00, 0x00, 0x00,
    0x00, 0x0A, 0x11, 0x11, 0x10, 0x00, 0x00, 0x00, 0x91, 0x11, 0x1A, 0x00, 0x00, 0x00, 0x00, 0x00,
    0x00, 0x00, 0x00, 0x00, 0x00, 0x00, 0x00, 0x00, 0x00, 0x00, 0x00, 0x00, 0x00, 0x00, 0x00, 0x00,
    0x00, 0x00, 0x00, 0x00, 0x00, 0x00, 0x00, 0x00, 0x00, 0x00, 0x00, 0x00, 0x00, 0x00, 0x00, 0x00,
    0x00, 0x00, 0x00, 0x00, 0x00, 0x00, 0x00, 0x00, 0x00, 0x00, 0x00, 0x00, 0x00, 0x00, 0x00, 0x00,
    0x00, 0x00, 0x00, 0x00, 0x00, 0x00, 0x00, 0x00, 0x00, 0x00, 0x00, 0x00, 0x00, 0x00, 0x00, 0x00,
};
unsigned short level_up_FP_pal[] = {0x739E, 0x0843, 0x6505, 0x7D45, 0x9585, 0xADC5, 0xC647, 0xDE87, 0xF6C7, 0x18C7, 0x31C7, 0x4287, 0x5B85, 0x6C45, 0x8545, 0xFFFF};
unsigned char level_up_BP_png[] = {
    0x00, 0x00, 0x00, 0x00, 0x00, 0x00, 0x00, 0x00, 0x00, 0x00, 0x00, 0x00, 0x00, 0x00, 0x00, 0x00,
    0x00, 0x0A, 0x99, 0x99, 0x99, 0x90, 0x00, 0x00, 0x09, 0x99, 0x00, 0x00, 0x00, 0x00, 0x00, 0x00,
    0x00, 0x9A, 0xBB, 0xBC, 0xCC, 0x19, 0x00, 0x01, 0x11, 0x11, 0x11, 0x11, 0x1A, 0x00, 0x00, 0x00,
    0x00, 0x1C, 0x22, 0x22, 0x22, 0x21, 0x90, 0x1B, 0xC2, 0xCB, 0xCC, 0x22, 0xC1, 0x90, 0x00, 0x00,
    0x00, 0x1C, 0x22, 0x22, 0x22, 0x22, 0x11, 0x12, 0x22, 0x22, 0x22, 0x22, 0x2C, 0x19, 0x00, 0x00,
    0x00, 0x12, 0x22, 0x22, 0x22, 0x22, 0x21, 0x1B, 0x22, 0x22, 0x22, 0x22, 0x22, 0xC1, 0x00, 0x00,
    0x00, 0x13, 0x33, 0x91, 0xA3, 0x33, 0x31, 0x99, 0x33, 0x3D, 0xBB, 0xBD, 0x33, 0x31, 0x00, 0x00,
    0x00, 0x13, 0x33, 0x10, 0x1B, 0x33, 0xD1, 0x01, 0xC3, 0x3C, 0x19, 0x99, 0x33, 0x31, 0x00, 0x00,
    0x00, 0x14, 0x44, 0x10, 0x1D, 0x4D, 0x10, 0x0A, 0xA4, 0x4C, 0x10, 0x01, 0xC4, 0x41, 0x00, 0x00,
    0x0A, 0xA4, 0x44, 0x11, 0xB4, 0x4E, 0xB9, 0x00, 0x1D, 0x4C, 0x10, 0x99, 0xD4, 0x41, 0x00, 0x00,
    0x01, 0xB5, 0x55, 0x10, 0x9C, 0x55, 0x5B, 0x10, 0x1C, 0x5C, 0x11, 0x1C, 0x55, 0xE1, 0x00, 0x00,
    0x01, 0xB5, 0x55, 0x10, 0x09, 0x55, 0x55, 0x10, 0x1C, 0x55, 0xDC, 0xD5, 0x55, 0xD9, 0x00, 0x00,
    0x01, 0xC6, 0x66, 0x10, 0x01, 0xC6, 0x66, 0x10, 0x1C, 0x66, 0x66, 0x66, 0x6C, 0x1A, 0x00, 0x00,
    0x01, 0xC6, 0x66, 0x10, 0x1B, 0x66, 0x66, 0x10, 0x1C, 0x66, 0xEC, 0xCC, 0xB1, 0x90, 0x00, 0x00,
    0x01, 0xC7, 0x77, 0x91, 0x97, 0x77, 0x7E, 0x10, 0x1C, 0x77, 0xC1, 0x11, 0x9A, 0x00, 0x00, 0x00,
    0x01, 0xD7, 0x77, 0xEE, 0x77, 0x77, 0x7A, 0x10, 0x1C, 0x77, 0xC1, 0x00, 0x00, 0x00, 0x00, 0x00,
    0x01, 0xD8, 0x88, 0x88, 0x88, 0x88, 0xA1, 0x00, 0x1C, 0x88, 0xD1, 0x00, 0x00, 0x00, 0x00, 0x00,
    0x01, 0x88, 0x88, 0x88, 0x8E, 0xEB, 0x10, 0x00, 0x1C, 0x88, 0xE1, 0x00, 0x00, 0x00, 0x00, 0x00,
    0x01, 0xCC, 0xCB, 0xBB, 0xAA, 0x11, 0x00, 0x00, 0x1C, 0x88, 0x81, 0x00, 0x00, 0x00, 0x00, 0x00,
    0x09, 0x11, 0x1A, 0xAA, 0x00, 0x00, 0x00, 0x00, 0x91, 0x11, 0x1A, 0x00, 0x00, 0x00, 0x00, 0x00,
    0x00, 0x00, 0x00, 0x00, 0x00, 0x00, 0x00, 0x00, 0x00, 0x00, 0x00, 0x00, 0x00, 0x00, 0x00, 0x00,
    0x00, 0x00, 0x00, 0x00, 0x00, 0x00, 0x00, 0x00, 0x00, 0x00, 0x00, 0x00, 0x00, 0x00, 0x00, 0x00,
    0x00, 0x00, 0x00, 0x00, 0x00, 0x00, 0x00, 0x00, 0x00, 0x00, 0x00, 0x00, 0x00, 0x00, 0x00, 0x00,
    0x00, 0x00, 0x00, 0x00, 0x00, 0x00, 0x00, 0x00, 0x00, 0x00, 0x00, 0x00, 0x00, 0x00, 0x00, 0x00,
};
unsigned short level_up_BP_pal[] = {0x739E, 0x0843, 0x5377, 0x6435, 0x6CB1, 0x7D6F, 0x8DEB, 0x96A9, 0xA725, 0x18C7, 0x298F, 0x3A57, 0x4B21, 0x5BE9, 0x6CB1, 0xFFFF};
unsigned char level_up_HP_png[] = {
    0x00, 0x00, 0x00, 0x00, 0x00, 0x00, 0x00, 0x00, 0x00, 0x00, 0x00, 0x00, 0x00, 0x00, 0x00, 0x00,
    0x00, 0x00, 0x00, 0xAA, 0x00, 0x00, 0x00, 0x00, 0x00, 0x99, 0x90, 0x00, 0x00, 0x00, 0x00, 0x00,
    0x00, 0x09, 0x11, 0x11, 0x00, 0xA1, 0x11, 0x19, 0x11, 0x11, 0x11, 0x11, 0x11, 0xA0, 0x00, 0x00,
    0x09, 0x1A, 0xCC, 0x21, 0x00, 0x1D, 0x22, 0xC1, 0xBC, 0x2C, 0xBC, 0xC2, 0x2C, 0x19, 0x00, 0x00,
    0x01, 0xB2, 0x22, 0x21, 0x00, 0x12, 0x22, 0xC1, 0x22, 0x22, 0x22, 0x22, 0x22, 0xC1, 0x90, 0x00,
    0x01, 0xB2, 0x22, 0x29, 0x00, 0x12, 0x22, 0xC1, 0xB2, 0x22, 0x22, 0x22, 0x22, 0x2C, 0x10, 0x00,
    0x01, 0xB3, 0x33, 0x39, 0x00, 0x13, 0x33, 0xC1, 0x93, 0x33, 0xDB, 0xBB, 0xD3, 0x33, 0x10, 0x00,
    0x0A, 0x93, 0x33, 0x39, 0x00, 0x13, 0x33, 0xB1, 0x1C, 0x33, 0xC1, 0x99, 0x93, 0x33, 0x10, 0x00,
    0x00, 0x94, 0x44, 0x49, 0x99, 0x14, 0x44, 0xB1, 0xAA, 0x44, 0xC1, 0x00, 0x1C, 0x44, 0x10, 0x00,
    0x00, 0x9C, 0x44, 0x4B, 0xBB, 0xC4, 0x44, 0xB1, 0x01, 0xD4, 0xC1, 0x09, 0x9D, 0x44, 0x10, 0x00,
    0x00, 0x9B, 0x55, 0x55, 0x55, 0x55, 0x55, 0xA1, 0x01, 0xC5, 0xC1, 0x11, 0xC5, 0x5E, 0x10, 0x00,
    0x00, 0xA9, 0x55, 0x55, 0x55, 0x55, 0x5E, 0xA1, 0x01, 0xC5, 0x5D, 0xCD, 0x55, 0x5D, 0x90, 0x00,
    0x00, 0x01, 0xE6, 0x66, 0x66, 0x66, 0x6E, 0x10, 0x01, 0xC6, 0x66, 0x66, 0x66, 0xC1, 0xA0, 0x00,
    0x00, 0x01, 0xD6, 0x6E, 0x99, 0x96, 0x6D, 0x10, 0x01, 0xC6, 0x6E, 0xCC, 0xCB, 0x19, 0x00, 0x00,
    0x00, 0x01, 0xC7, 0x7D, 0x10, 0x17, 0x7D, 0x10, 0x01, 0xC7, 0x7C, 0x11, 0x19, 0xA0, 0x00, 0x00,
    0x00, 0x09, 0xB7, 0x7D, 0x10, 0x17, 0x7C, 0x10, 0x01, 0xC7, 0x7C, 0x10, 0x00, 0x00, 0x00, 0x00,
    0x00, 0x0A, 0x98, 0x8D, 0x10, 0x18, 0x8C, 0x10, 0x01, 0xC8, 0x8D, 0x10, 0x00, 0x00, 0x00, 0x00,
    0x00, 0x00, 0x18, 0x8D, 0x10, 0x1D, 0xDC, 0x10, 0x01, 0xC8, 0x8E, 0x10, 0x00, 0x00, 0x00, 0x00,
    0x00, 0x00, 0x1D, 0xDC, 0x10, 0x91, 0x11, 0x90, 0x01, 0xC8, 0x88, 0x10, 0x00, 0x00, 0x00, 0x00,
    0x00, 0x00, 0x91, 0x1A, 0x00, 0x00, 0x00, 0x00, 0x09, 0x11, 0x11, 0xA0, 0x00, 0x00, 0x00, 0x00,
    0x00, 0x00, 0x00, 0x00, 0x00, 0x00, 0x00, 0x00, 0x00, 0x00, 0x00, 0x00, 0x00, 0x00, 0x00, 0x00,
    0x00, 0x00, 0x00, 0x00, 0x00, 0x00, 0x00, 0x00, 0x00, 0x00, 0x00, 0x00, 0x00, 0x00, 0x00, 0x00,
    0x00, 0x00, 0x00, 0x00, 0x00, 0x00, 0x00, 0x00, 0x00, 0x00, 0x00, 0x00, 0x00, 0x00, 0x00, 0x00,
    0x00, 0x00, 0x00, 0x00, 0x00, 0x00, 0x00, 0x00, 0x00, 0x00, 0x00, 0x00, 0x00, 0x00, 0x00, 0x00,
};
unsigned short level_up_HP_pal[] = {0x739E, 0x0843, 0xE209, 0xEAC9, 0xEB89, 0xF409, 0xF4C7, 0xFD87, 0xFE47, 0x18C7, 0x4147, 0x69C7, 0x9A89, 0xC309, 0xEB89, 0xFFFF};
unsigned char level_up_digit_0_png[] = {
    0x00, 0x11, 0x11, 0x10, 0x01, 0x13, 0x33, 0x11, 0x11, 0x33, 0x33, 0x31, 0x14, 0x44, 0x14, 0x41,
    0x14, 0x41, 0x14, 0x41, 0x15, 0x51, 0x15, 0x51, 0x16, 0x61, 0x16, 0x61, 0x17, 0x71, 0x77, 0x71,
    0x18, 0x88, 0x88, 0x11, 0x11, 0x88, 0x81, 0x10, 0x01, 0x11, 0x11, 0x00, 0x00, 0x00, 0x00, 0x00,
    0x00, 0x00, 0x00, 0x00, 0x00, 0x00, 0x00, 0x00, 0x00, 0x00, 0x00, 0x00, 0x00, 0x00, 0x00, 0x00,
};
unsigned short level_up_digit_0_pal[] = {0x739E, 0x0843, 0x6505, 0x7D45, 0x9585, 0xADC5, 0xC647, 0xDE87, 0xF6C7, 0x18C7, 0x31C7, 0x4287, 0x5B85, 0x6C45, 0x8545, 0xFFFF};
unsigned char level_up_digit_1_png[] = {
    0x00, 0x11, 0x11, 0x00, 0x01, 0x13, 0x31, 0x00, 0x01, 0x33, 0x31, 0x00, 0x01, 0x44, 0x41, 0x00,
    0x01, 0x14, 0x41, 0x00, 0x00, 0x15, 0x51, 0x00, 0x00, 0x16, 0x61, 0x00, 0x00, 0x17, 0x71, 0x00,
    0x00, 0x18, 0x81, 0x00, 0x00, 0x18, 0x81, 0x00, 0x00, 0x11, 0x11, 0x00, 0x00, 0x00, 0x00, 0x00,
    0x00, 0x00, 0x00, 0x00, 0x00, 0x00, 0x00, 0x00, 0x00, 0x00, 0x00, 0x00, 0x00, 0x00, 0x00, 0x00,
};
unsigned short level_up_digit_1_pal[] = {0x739E, 0x0843, 0x6505, 0x7D45, 0x9585, 0xADC5, 0xC647, 0xDE87, 0xF6C7, 0x18C7, 0x31C7, 0x4287, 0x5B85, 0x6C45, 0x8545, 0xFFFF};
unsigned char level_up_digit_2_png[] = {
    0x01, 0x11, 0x11, 0x10, 0x11, 0x33, 0x33, 0x11, 0x13, 0x33, 0x33, 0x31, 0x14, 0x41, 0x14, 0x41,
    0x11, 0x11, 0x44, 0x41, 0x01, 0x15, 0x55, 0x11, 0x11, 0x66, 0x61, 0x10, 0x17, 0x77, 0x11, 0x11,
    0x18, 0x88, 0x88, 0x81, 0x11, 0x88, 0x88, 0x81, 0x01, 0x11, 0x11, 0x11, 0x00, 0x00, 0x00, 0x00,
    0x00, 0x00, 0x00, 0x00, 0x00, 0x00, 0x00, 0x00, 0x00, 0x00, 0x00, 0x00, 0x00, 0x00, 0x00, 0x00,
};
unsigned short level_up_digit_2_pal[] = {0x739E, 0x0843, 0x6505, 0x7D45, 0x9585, 0xADC5, 0xC647, 0xDE87, 0xF6C7, 0x18C7, 0x31C7, 0x4287, 0x5B85, 0x6C45, 0x8545, 0xFFFF};
unsigned char level_up_digit_3_png[] = {
    0x01, 0x11, 0x11, 0x10, 0x11, 0x33, 0x33, 0x11, 0x13, 0x33, 0x33, 0x31, 0x14, 0x41, 0x14, 0x41,
    0x11, 0x11, 0x44, 0x41, 0x11, 0x11, 0x55, 0x11, 0x16, 0x61, 0x16, 0x61, 0x17, 0x71, 0x17, 0x71,
    0x18, 0x88, 0x88, 0x81, 0x11, 0x88, 0x88, 0x11, 0x01, 0x11, 0x11, 0x10, 0x00, 0x00, 0x00, 0x00,
    0x00, 0x00, 0x00, 0x00, 0x00, 0x00, 0x00, 0x00, 0x00, 0x00, 0x00, 0x00, 0x00, 0x00, 0x00, 0x00,
};
unsigned short level_up_digit_3_pal[] = {0x739E, 0x0843, 0x6505, 0x7D45, 0x9585, 0xADC5, 0xC647, 0xDE87, 0xF6C7, 0x18C7, 0x31C7, 0x4287, 0x5B85, 0x6C45, 0x8545, 0xFFFF};
unsigned char level_up_digit_4_png[] = {
    0x00, 0x01, 0x11, 0x10, 0x00, 0x11, 0x33, 0x10, 0x01, 0x13, 0x33, 0x10, 0x11, 0x44, 0x44, 0x10,
    0x14, 0x44, 0x44, 0x10, 0x15, 0x51, 0x55, 0x10, 0x16, 0x61, 0x66, 0x11, 0x17, 0x77, 0x77, 0x71,
    0x18, 0x88, 0x88, 0x81, 0x11, 0x11, 0x88, 0x11, 0x00, 0x01, 0x11, 0x10, 0x00, 0x00, 0x00, 0x00,
    0x00, 0x00, 0x00, 0x00, 0x00, 0x00, 0x00, 0x00, 0x00, 0x00, 0x00, 0x00, 0x00, 0x00, 0x00, 0x00,
};
unsigned short level_up_digit_4_pal[] = {0x739E, 0x0843, 0x6505, 0x7D45, 0x9585, 0xADC5, 0xC647, 0xDE87, 0xF6C7, 0x18C7, 0x31C7, 0x4287, 0x5B85, 0x6C45, 0x8545, 0xFFFF};
unsigned char level_up_digit_5_png[] = {
    0x11, 0x11, 0x11, 0x10, 0x13, 0x33, 0x33, 0x10, 0x13, 0x33, 0x33, 0x10, 0x14, 0x41, 0x11, 0x10,
    0x14, 0x44, 0x44, 0x11, 0x15, 0x55, 0x55, 0x51, 0x11, 0x11, 0x16, 0x61, 0x17, 0x71, 0x17, 0x71,
    0x18, 0x88, 0x88, 0x81, 0x11, 0x88, 0x88, 0x11, 0x01, 0x11, 0x11, 0x10, 0x00, 0x00, 0x00, 0x00,
    0x00, 0x00, 0x00, 0x00, 0x00, 0x00, 0x00, 0x00, 0x00, 0x00, 0x00, 0x00, 0x00, 0x00, 0x00, 0x00,
};
unsigned short level_up_digit_5_pal[] = {0x739E, 0x0843, 0x6505, 0x7D45, 0x9585, 0xADC5, 0xC647, 0xDE87, 0xF6C7, 0x18C7, 0x31C7, 0x4287, 0x5B85, 0x6C45, 0x8545, 0xFFFF};
unsigned char level_up_digit_6_png[] = {
    0x00, 0x11, 0x11, 0x10, 0x01, 0x13, 0x33, 0x10, 0x11, 0x33, 0x33, 0x10, 0x14, 0x44, 0x11, 0x10,
    0x14, 0x44, 0x44, 0x11, 0x15, 0x55, 0x55, 0x51, 0x16, 0x61, 0x16, 0x61, 0x17, 0x71, 0x17, 0x71,
    0x18, 0x88, 0x88, 0x81, 0x11, 0x88, 0x88, 0x11, 0x01, 0x11, 0x11, 0x10, 0x00, 0x00, 0x00, 0x00,
    0x00, 0x00, 0x00, 0x00, 0x00, 0x00, 0x00, 0x00, 0x00, 0x00, 0x00, 0x00, 0x00, 0x00, 0x00, 0x00,
};
unsigned short level_up_digit_6_pal[] = {0x739E, 0x0843, 0x6505, 0x7D45, 0x9585, 0xADC5, 0xC647, 0xDE87, 0xF6C7, 0x18C7, 0x31C7, 0x4287, 0x5B85, 0x6C45, 0x8545, 0xFFFF};
unsigned char level_up_digit_7_png[] = {
    0x11, 0x11, 0x11, 0x11, 0x13, 0x33, 0x33, 0x31, 0x13, 0x33, 0x33, 0x31, 0x14, 0x41, 0x14, 0x41,
    0x11, 0x11, 0x44, 0x41, 0x00, 0x15, 0x55, 0x11, 0x00, 0x16, 0x61, 0x10, 0x00, 0x17, 0x71, 0x00,
    0x00, 0x18, 0x81, 0x00, 0x00, 0x18, 0x81, 0x00, 0x00, 0x11, 0x11, 0x00, 0x00, 0x00, 0x00, 0x00,
    0x00, 0x00, 0x00, 0x00, 0x00, 0x00, 0x00, 0x00, 0x00, 0x00, 0x00, 0x00, 0x00, 0x00, 0x00, 0x00,
};
unsigned short level_up_digit_7_pal[] = {0x739E, 0x0843, 0x6505, 0x7D45, 0x9585, 0xADC5, 0xC647, 0xDE87, 0xF6C7, 0x18C7, 0x31C7, 0x4287, 0x5B85, 0x6C45, 0x8545, 0xFFFF};
unsigned char level_up_digit_8_png[] = {
    0x01, 0x11, 0x11, 0x10, 0x11, 0x33, 0x33, 0x11, 0x13, 0x33, 0x33, 0x31, 0x14, 0x41, 0x14, 0x41,
    0x11, 0x44, 0x44, 0x11, 0x15, 0x55, 0x55, 0x51, 0x16, 0x61, 0x16, 0x61, 0x17, 0x71, 0x17, 0x71,
    0x18, 0x88, 0x88, 0x81, 0x11, 0x88, 0x88, 0x11, 0x01, 0x11, 0x11, 0x10, 0x00, 0x00, 0x00, 0x00,
    0x00, 0x00, 0x00, 0x00, 0x00, 0x00, 0x00, 0x00, 0x00, 0x00, 0x00, 0x00, 0x00, 0x00, 0x00, 0x00,
};
unsigned short level_up_digit_8_pal[] = {0x739E, 0x0843, 0x6505, 0x7D45, 0x9585, 0xADC5, 0xC647, 0xDE87, 0xF6C7, 0x18C7, 0x31C7, 0x4287, 0x5B85, 0x6C45, 0x8545, 0xFFFF};
unsigned char level_up_digit_9_png[] = {
    0x01, 0x11, 0x11, 0x10, 0x11, 0x33, 0x33, 0x11, 0x13, 0x33, 0x33, 0x31, 0x14, 0x41, 0x14, 0x41,
    0x14, 0x41, 0x14, 0x41, 0x15, 0x55, 0x55, 0x51, 0x11, 0x66, 0x66, 0x61, 0x01, 0x11, 0x77, 0x71,
    0x01, 0x88, 0x88, 0x11, 0x01, 0x88, 0x81, 0x10, 0x01, 0x11, 0x11, 0x00, 0x00, 0x00, 0x00, 0x00,
    0x00, 0x00, 0x00, 0x00, 0x00, 0x00, 0x00, 0x00, 0x00, 0x00, 0x00, 0x00, 0x00, 0x00, 0x00, 0x00,
};
unsigned short level_up_digit_9_pal[] = {0x739E, 0x0843, 0x6505, 0x7D45, 0x9585, 0xADC5, 0xC647, 0xDE87, 0xF6C7, 0x18C7, 0x31C7, 0x4287, 0x5B85, 0x6C45, 0x8545, 0xFFFF};
unsigned char level_up_small_digit_0_png[] = {
    0x01, 0x11, 0x10, 0x00, 0x11, 0x66, 0x11, 0x00, 0x16, 0x11, 0x61, 0x00, 0x17, 0x11, 0x71, 0x00,
    0x18, 0x11, 0x81, 0x00, 0x11, 0x88, 0x11, 0x00, 0x01, 0x11, 0x10, 0x00, 0x00, 0x00, 0x00, 0x00,
};
unsigned short level_up_small_digit_0_pal[] = {0x739E, 0x0843, 0x6505, 0x7D45, 0x9585, 0xADC5, 0xC647, 0xDE87, 0xF6C7, 0x18C7, 0x31C7, 0x4287, 0x5B85, 0x6C45, 0x8545, 0xFFFF};
unsigned char level_up_small_digit_1_png[] = {
    0x00, 0x11, 0x10, 0x00, 0x01, 0x16, 0x10, 0x00, 0x01, 0x66, 0x10, 0x00, 0x01, 0x17, 0x10, 0x00,
    0x00, 0x18, 0x10, 0x00, 0x00, 0x18, 0x10, 0x00, 0x00, 0x11, 0x10, 0x00, 0x00, 0x00, 0x00, 0x00,
};
unsigned short level_up_small_digit_1_pal[] = {0x739E, 0x0843, 0x6505, 0x7D45, 0x9585, 0xADC5, 0xC647, 0xDE87, 0xF6C7, 0x18C7, 0x31C7, 0x4287, 0x5B85, 0x6C45, 0x8545, 0xFFFF};
unsigned char level_up_small_digit_2_png[] = {
    0x01, 0x11, 0x10, 0x00, 0x1A, 0x66, 0xA1, 0x00, 0x16, 0x11, 0x61, 0x00, 0x11, 0x17, 0x11, 0x00,
    0x11, 0x81, 0x11, 0x00, 0x18, 0x88, 0x81, 0x00, 0x11, 0x11, 0x11, 0x00, 0x00, 0x00, 0x00, 0x00,
};
unsigned short level_up_small_digit_2_pal[] = {0x739E, 0x0843, 0x6505, 0x7D45, 0x9585, 0xADC5, 0xC647, 0xDE87, 0xF6C7, 0x18C7, 0x31C7, 0x4287, 0x5B85, 0x6C45, 0x8545, 0xFFFF};
unsigned char level_up_small_digit_3_png[] = {
    0x01, 0x11, 0x10, 0x00, 0x1A, 0x66, 0xA1, 0x00, 0x16, 0x11, 0x61, 0x00, 0x11, 0x17, 0x11, 0x00,
    0x18, 0x11, 0x81, 0x00, 0x1A, 0x88, 0xA1, 0x00, 0x01, 0x11, 0x10, 0x00, 0x00, 0x00, 0x00, 0x00,
};
unsigned short level_up_small_digit_3_pal[] = {0x739E, 0x0843, 0x6505, 0x7D45, 0x9585, 0xADC5, 0xC647, 0xDE87, 0xF6C7, 0x18C7, 0x31C7, 0x4287, 0x5B85, 0x6C45, 0x8545, 0xFFFF};
unsigned char level_up_small_digit_4_png[] = {
    0x11, 0x11, 0x10, 0x00, 0x16, 0x16, 0x10, 0x00, 0x16, 0x16, 0x10, 0x00, 0x17, 0x17, 0x11, 0x00,
    0x18, 0x88, 0x81, 0x00, 0x11, 0x18, 0x11, 0x00, 0x00, 0x11, 0x10, 0x00, 0x00, 0x00, 0x00, 0x00,
};
unsigned short level_up_small_digit_4_pal[] = {0x739E, 0x0843, 0x6505, 0x7D45, 0x9585, 0xADC5, 0xC647, 0xDE87, 0xF6C7, 0x18C7, 0x31C7, 0x4287, 0x5B85, 0x6C45, 0x8545, 0xFFFF};
