// Auto-generated asset data (batch 1)
// Generated by tools/pc/gen_asset_data.py

unsigned short ui_super_hammer_disabled_pal[] = {0x739C, 0xDEF7, 0xCE73, 0xBDEF, 0xA529, 0x94A5, 0x8421, 0x7BDF, 0xB5AD, 0xA529, 0x8C63, 0x739D, 0x6319, 0x6319, 0x6319, 0x6319};
unsigned char ui_ultra_hammer_png[] = {
    0x00, 0x00, 0x00, 0x00, 0x00, 0x00, 0x00, 0x00, 0x00, 0x00, 0x00, 0x00, 0x00, 0x00, 0x00, 0x00,
    0x00, 0x00, 0x00, 0x00, 0x00, 0x00, 0x00, 0x00, 0x00, 0x00, 0x00, 0x00, 0x00, 0x00, 0x00, 0x00,
    0x00, 0x00, 0x00, 0x00, 0x00, 0x00, 0x00, 0x00, 0x00, 0x00, 0x00, 0x00, 0x00, 0x00, 0x00, 0x00,
    0x00, 0x00, 0x00, 0x00, 0x00, 0x00, 0x00, 0x00, 0x00, 0x00, 0x00, 0x00, 0x00, 0x00, 0x00, 0x00,
    0x00, 0x00, 0x00, 0x00, 0x00, 0x01, 0x11, 0x11, 0x10, 0x00, 0x00, 0x00, 0x00, 0x00, 0x00, 0x00,
    0x00, 0x00, 0x00, 0x00, 0x01, 0x11, 0x11, 0x11, 0x11, 0x10, 0x00, 0xAA, 0xA0, 0x00, 0x00, 0x00,
    0x00, 0x00, 0x00, 0x00, 0x11, 0x11, 0xFC, 0xCC, 0xF1, 0x11, 0x0A, 0xAA, 0xAA, 0x00, 0x00, 0x00,
    0x00, 0x00, 0x00, 0x01, 0x11, 0xFC, 0xCC, 0xCC, 0xCF, 0x11, 0xAA, 0x33, 0xAA, 0x00, 0x00, 0x00,
    0x00, 0x00, 0x00, 0x11, 0x1F, 0xCC, 0xCC, 0x89, 0x9A, 0xAA, 0xA3, 0x22, 0xAA, 0x00, 0x00, 0x00,
    0x00, 0x00, 0x00, 0x11, 0xFC, 0xCC, 0x78, 0x88, 0x99, 0x9A, 0xA3, 0x2A, 0xA0, 0x00, 0x00, 0x00,
    0x00, 0x00, 0x01, 0x11, 0xCC, 0xC6, 0x77, 0x78, 0x88, 0x99, 0xAA, 0xAA, 0x00, 0x00, 0x00, 0x00,
    0x00, 0x00, 0x01, 0x1F, 0xCC, 0xC6, 0x66, 0x77, 0x88, 0x89, 0x99, 0xAA, 0x10, 0x00, 0x00, 0x00,
    0x00, 0x00, 0x01, 0x1C, 0xCC, 0x77, 0x66, 0x67, 0x77, 0x88, 0x9C, 0xCC, 0x11, 0x00, 0x00, 0x00,
    0x00, 0x00, 0x01, 0x1C, 0xCC, 0x87, 0x77, 0x66, 0x67, 0x7C, 0xCC, 0xCC, 0xC1, 0x10, 0x00, 0x00,
    0x00, 0x00, 0x01, 0x1C, 0xC8, 0x88, 0x87, 0x76, 0x66, 0xCC, 0xCC, 0xCE, 0xFF, 0x11, 0x00, 0x00,
    0x00, 0x00, 0x01, 0x1F, 0xC9, 0x98, 0x88, 0x77, 0x7C, 0xCC, 0xCC, 0xFF, 0xEE, 0x11, 0x00, 0x00,
    0x00, 0x00, 0x00, 0x11, 0xF9, 0x99, 0x88, 0x88, 0x7C, 0xCC, 0xCF, 0xEE, 0xEF, 0x11, 0x00, 0x00,
    0x00, 0x00, 0x00, 0x01, 0x11, 0x19, 0x99, 0x88, 0xCC, 0xCC, 0xFE, 0xEE, 0xEF, 0x10, 0x00, 0x00,
    0x00, 0x00, 0x00, 0x00, 0x11, 0x11, 0x99, 0x98, 0xCC, 0xCE, 0xFE, 0xEE, 0xE1, 0x10, 0x00, 0x00,
    0x00, 0x00, 0x00, 0x00, 0x0A, 0xAA, 0x11, 0x9C, 0xCC, 0xCF, 0xEE, 0xEE, 0xF1, 0x10, 0x00, 0x00,
    0x00, 0x00, 0x00, 0x00, 0xAA, 0x33, 0xA1, 0x1C, 0xCC, 0xEF, 0xEE, 0xEE, 0x11, 0x00, 0x00, 0x00,
    0x00, 0x00, 0x00, 0x0A, 0xA3, 0x23, 0xAA, 0x1C, 0xCC, 0xFE, 0xEE, 0xE1, 0x11, 0x00, 0x00, 0x00,
    0x00, 0x00, 0x00, 0xAA, 0x32, 0x3A, 0xA1, 0x11, 0xCC, 0xFE, 0xEF, 0x11, 0x10, 0x00, 0x00, 0x00,
    0x00, 0x00, 0x0A, 0xA3, 0x22, 0xAA, 0x01, 0x11, 0x1E, 0xFF, 0x11, 0x11, 0x00, 0x00, 0x00, 0x00,
    0x00, 0x00, 0xAA, 0x32, 0x2A, 0xA0, 0x00, 0x01, 0x11, 0x11, 0x11, 0x10, 0x00, 0x00, 0x00, 0x00,
    0x00, 0x00, 0xAA, 0x22, 0xAA, 0x00, 0x00, 0x00, 0x01, 0x11, 0x10, 0x00, 0x00, 0x00, 0x00, 0x00,
    0x00, 0x00, 0xAA, 0xAA, 0xA0, 0x00, 0x00, 0x00, 0x00, 0x00, 0x00, 0x00, 0x00, 0x00, 0x00, 0x00,
    0x00, 0x00, 0x0A, 0xAA, 0x00, 0x00, 0x00, 0x00, 0x00, 0x00, 0x00, 0x00, 0x00, 0x00, 0x00, 0x00,
    0x00, 0x00, 0x00, 0x00, 0x00, 0x00, 0x00, 0x00, 0x00, 0x00, 0x00, 0x00, 0x00, 0x00, 0x00, 0x00,
    0x00, 0x00, 0x00, 0x00, 0x00, 0x00, 0x00, 0x00, 0x00, 0x00, 0x00, 0x00, 0x00, 0x00, 0x00, 0x00,
    0x00, 0x00, 0x00, 0x00, 0x00, 0x00, 0x00, 0x00, 0x00, 0x00, 0x00, 0x00, 0x00, 0x00, 0x00, 0x00,
    0x00, 0x00, 0x00, 0x00, 0x00, 0x00, 0x00, 0x00, 0x00, 0x00, 0x00, 0x00, 0x00, 0x00, 0x00, 0x00,
};
unsigned short ui_ultra_hammer_pal[] = {0x3106, 0x30C7, 0xB407, 0x8AC7, 0x5A09, 0xBDEF, 0xC4A1, 0xC355, 0xCA07, 0x998B, 0x4109, 0xCE4F, 0xB583, 0xA503, 0x83C3, 0x7345};
unsigned short ui_ultra_hammer_disabled_pal[] = {0x739C, 0x739D, 0xA529, 0x94A5, 0x8421, 0xC631, 0xB5AD, 0xA529, 0x94A5, 0x8C63, 0x7BDF, 0xBDEF, 0xAD6B, 0xA529, 0x9CE7, 0x94A5};
unsigned char ui_boots_png[] = {
    0x00, 0x00, 0x00, 0x00, 0x00, 0x00, 0x00, 0x00, 0x00, 0x00, 0x00, 0x00, 0x00, 0x00, 0x00, 0x00,
    0x00, 0x00, 0x00, 0x00, 0x00, 0x00, 0x00, 0x00, 0x00, 0x00, 0x00, 0x00, 0x00, 0x00, 0x00, 0x00,
    0x00, 0x00, 0x00, 0x00, 0x00, 0x00, 0x00, 0x00, 0x00, 0x00, 0x00, 0x00, 0x00, 0x00, 0x00, 0x00,
    0x00, 0x00, 0x00, 0x00, 0x00, 0x00, 0x00, 0x00, 0x00, 0x00, 0x00, 0x00, 0x00, 0x00, 0x00, 0x00,
    0x00, 0x00, 0x00, 0x07, 0x77, 0x77, 0x77, 0x77, 0x70, 0x00, 0x00, 0x00, 0x00, 0x00, 0x00, 0x00,
    0x00, 0x00, 0x00, 0x77, 0x77, 0x77, 0x77, 0x77, 0x77, 0x70, 0x00, 0x00, 0x00, 0x00, 0x00, 0x00,
    0x00, 0x00, 0x07, 0x77, 0x65, 0x55, 0x55, 0x55, 0x67, 0x77, 0x00, 0x00, 0x00, 0x00, 0x00, 0x00,
    0x00, 0x00, 0x77, 0x46, 0x65, 0x55, 0x55, 0x55, 0x65, 0x47, 0x70, 0x00, 0x00, 0x00, 0x00, 0x00,
    0x00, 0x00, 0x77, 0x45, 0x96, 0x55, 0x55, 0x56, 0x94, 0x87, 0x70, 0x00, 0x00, 0x00, 0x00, 0x00,
    0x00, 0x00, 0x77, 0x44, 0x59, 0x99, 0x99, 0x99, 0x44, 0x87, 0x70, 0x00, 0x00, 0x00, 0x00, 0x00,
    0x00, 0x00, 0x77, 0x44, 0x88, 0x88, 0x22, 0x22, 0x28, 0x87, 0x70, 0x00, 0x00, 0x00, 0x00, 0x00,
    0x00, 0x00, 0x77, 0x44, 0x88, 0x82, 0x22, 0x22, 0x28, 0x47, 0x70, 0x00, 0x00, 0x00, 0x00, 0x00,
    0x00, 0x00, 0x77, 0x44, 0x88, 0x82, 0x22, 0x22, 0x88, 0x47, 0x77, 0x70, 0x00, 0x00, 0x00, 0x00,
    0x00, 0x00, 0x77, 0x54, 0x48, 0x82, 0x22, 0x28, 0x84, 0x77, 0x77, 0x77, 0x70, 0x00, 0x00, 0x00,
    0x00, 0x00, 0x07, 0x75, 0x44, 0x88, 0x22, 0x84, 0x47, 0x75, 0x66, 0x67, 0x77, 0x00, 0x00, 0x00,
    0x00, 0x00, 0x07, 0x79, 0x66, 0x77, 0x77, 0x69, 0x95, 0x55, 0x44, 0x44, 0x67, 0x70, 0x00, 0x00,
    0x00, 0x00, 0x77, 0x95, 0x55, 0x55, 0x56, 0x55, 0x55, 0x54, 0x82, 0x28, 0x47, 0x70, 0x00, 0x00,
    0x00, 0x00, 0x77, 0x65, 0x55, 0x55, 0x56, 0x55, 0x55, 0x55, 0x48, 0x22, 0x87, 0x70, 0x00, 0x00,
    0x00, 0x00, 0x77, 0x65, 0x55, 0x55, 0x55, 0x55, 0x55, 0x55, 0x54, 0x48, 0x86, 0x77, 0x00, 0x00,
    0x00, 0x00, 0x77, 0x55, 0x55, 0x55, 0x55, 0x55, 0x55, 0x55, 0x55, 0x54, 0x46, 0x77, 0x00, 0x00,
    0x00, 0x00, 0x77, 0x55, 0x55, 0x55, 0x55, 0x55, 0x55, 0x55, 0x55, 0x55, 0x56, 0x77, 0x00, 0x00,
    0x00, 0x00, 0x77, 0x99, 0x99, 0x95, 0x59, 0x55, 0x59, 0x99, 0x99, 0x99, 0x94, 0x77, 0x00, 0x00,
    0x00, 0x00, 0x77, 0x34, 0x44, 0x43, 0x33, 0x44, 0x44, 0x44, 0x44, 0x44, 0x33, 0x77, 0x00, 0x00,
    0x00, 0x00, 0x77, 0x33, 0x44, 0x43, 0x33, 0x44, 0x44, 0x43, 0x33, 0x33, 0x33, 0x77, 0x00, 0x00,
    0x00, 0x00, 0x77, 0x43, 0x33, 0x46, 0x66, 0x44, 0x33, 0x33, 0x33, 0x33, 0x35, 0x77, 0x00, 0x00,
    0x00, 0x00, 0x77, 0x64, 0x33, 0x37, 0x77, 0x33, 0x33, 0x33, 0x33, 0x34, 0x57, 0x70, 0x00, 0x00,
    0x00, 0x00, 0x77, 0x77, 0x77, 0x77, 0x77, 0x77, 0x77, 0x77, 0x77, 0x77, 0x77, 0x00, 0x00, 0x00,
    0x00, 0x00, 0x07, 0x77, 0x77, 0x70, 0x00, 0x77, 0x77, 0x77, 0x77, 0x77, 0x70, 0x00, 0x00, 0x00,
    0x00, 0x00, 0x00, 0x00, 0x00, 0x00, 0x00, 0x00, 0x00, 0x00, 0x00, 0x00, 0x00, 0x00, 0x00, 0x00,
    0x00, 0x00, 0x00, 0x00, 0x00, 0x00, 0x00, 0x00, 0x00, 0x00, 0x00, 0x00, 0x00, 0x00, 0x00, 0x00,
    0x00, 0x00, 0x00, 0x00, 0x00, 0x00, 0x00, 0x00, 0x00, 0x00, 0x00, 0x00, 0x00, 0x00, 0x00, 0x00,
    0x00, 0x00, 0x00, 0x00, 0x00, 0x00, 0x00, 0x00, 0x00, 0x00, 0x00, 0x00, 0x00, 0x00, 0x00, 0x00,
};
unsigned short ui_boots_pal[] = {0x3106, 0xFFFF, 0xEE9B, 0xD54D, 0xBC0F, 0x8ACB, 0x71C1, 0x3107, 0xDD97, 0x5185, 0x0001, 0x0001, 0x0001, 0x0001, 0x0001, 0x0001};
unsigned short ui_boots_disabled_pal[] = {0x739C, 0xDEF7, 0xC631, 0xB5AD, 0xA529, 0x94A5, 0x8421, 0x739D, 0xBDEF, 0x7BDF, 0x6319, 0x6319, 0x6319, 0x6319, 0x6319, 0x6319};
unsigned char ui_super_boots_png[] = {
    0x00, 0x00, 0x00, 0x00, 0x00, 0x00, 0x00, 0x00, 0x00, 0x00, 0x00, 0x00, 0x00, 0x00, 0x00, 0x00,
    0x00, 0x00, 0x00, 0x00, 0x00, 0x00, 0x00, 0x00, 0x00, 0x00, 0x00, 0x00, 0x00, 0x00, 0x00, 0x00,
    0x00, 0x00, 0x00, 0x00, 0x00, 0x00, 0x00, 0x00, 0x00, 0x00, 0x00, 0x00, 0x00, 0x00, 0x00, 0x00,
    0x00, 0x00, 0x00, 0x00, 0x00, 0x00, 0x00, 0x00, 0x00, 0x00, 0x00, 0x00, 0x00, 0x00, 0x00, 0x00,
    0x00, 0x00, 0x00, 0x00, 0xBB, 0xBB, 0xBB, 0xBB, 0xBB, 0xB0, 0x00, 0x00, 0x00, 0x00, 0x00, 0x00,
    0x00, 0x00, 0x00, 0x0B, 0xBB, 0xBB, 0xBB, 0xBB, 0xBB, 0xBB, 0x00, 0x00, 0x00, 0x00, 0x00, 0x00,
    0x00, 0x00, 0x00, 0xBB, 0xBA, 0xAA, 0xAA, 0xAA, 0xAA, 0xBB, 0xB0, 0x00, 0x00, 0x00, 0x00, 0x00,
    0x00, 0x00, 0x0B, 0xBA, 0xAB, 0xAA, 0xAA, 0xAA, 0xAB, 0xAA, 0xBB, 0x00, 0x00, 0x00, 0x00, 0x00,
    0x00, 0x00, 0x0B, 0xB9, 0x8A, 0xBB, 0xBB, 0xBB, 0xBA, 0x89, 0xBB, 0x00, 0x00, 0x00, 0x00, 0x00,
    0x00, 0x00, 0x0B, 0xB9, 0x88, 0x87, 0x77, 0xDD, 0x77, 0x89, 0xBB, 0x00, 0x00, 0x00, 0x00, 0x00,
    0x00, 0x00, 0x0B, 0xB9, 0x88, 0x88, 0x77, 0x77, 0xD7, 0x89, 0xBB, 0x00, 0x00, 0x00, 0x00, 0x00,
    0x00, 0x00, 0x0B, 0xBA, 0x98, 0x88, 0x87, 0x77, 0xD7, 0x66, 0x66, 0x66, 0x00, 0x00, 0x00, 0x00,
    0x00, 0x00, 0x00, 0x66, 0xEE, 0xA9, 0x99, 0x99, 0xAE, 0x55, 0x55, 0x66, 0x66, 0x00, 0x00, 0x00,
    0x00, 0x00, 0x06, 0x65, 0x54, 0x44, 0x44, 0x55, 0xE5, 0x44, 0x34, 0x45, 0x66, 0x60, 0x00, 0x00,
    0x00, 0x00, 0x06, 0x65, 0x54, 0x44, 0x44, 0x45, 0xE4, 0x33, 0x33, 0x44, 0x56, 0x60, 0x00, 0x00,
    0x00, 0x00, 0x06, 0x6E, 0x55, 0x44, 0x44, 0x44, 0x33, 0x32, 0xCC, 0x23, 0x35, 0x66, 0x00, 0x00,
    0x00, 0x00, 0x0B, 0xBA, 0xEE, 0x55, 0x55, 0x33, 0x33, 0x33, 0x22, 0xC3, 0x34, 0x66, 0x00, 0x00,
    0x00, 0x00, 0x0B, 0xBA, 0x99, 0xE5, 0x55, 0x33, 0x33, 0x33, 0x22, 0xC3, 0x34, 0x66, 0x00, 0x00,
    0x00, 0x00, 0x0B, 0xBA, 0x99, 0x9E, 0xE5, 0x43, 0x33, 0x33, 0x33, 0x23, 0x34, 0x66, 0x00, 0x00,
    0x00, 0x00, 0x00, 0xBB, 0xBB, 0x9A, 0xE5, 0x44, 0x33, 0x33, 0x33, 0x33, 0x44, 0x66, 0x00, 0x00,
    0x00, 0x00, 0x00, 0x0B, 0xBB, 0xA9, 0xA5, 0x54, 0x43, 0x33, 0x33, 0x34, 0x45, 0x66, 0x00, 0x00,
    0x00, 0x00, 0x00, 0x00, 0x0B, 0xB9, 0x9E, 0x55, 0x44, 0x43, 0x33, 0x44, 0x5E, 0xBB, 0x00, 0x00,
    0x00, 0x00, 0x00, 0x00, 0x0B, 0xBA, 0x99, 0xEE, 0x55, 0x44, 0x44, 0x5E, 0xEA, 0xBB, 0x00, 0x00,
    0x00, 0x00, 0x00, 0x00, 0x00, 0xBB, 0xA9, 0x9A, 0xEE, 0xEE, 0xEE, 0xEA, 0x9A, 0xBB, 0x00, 0x00,
    0x00, 0x00, 0x00, 0x00, 0x00, 0xBB, 0xBA, 0x99, 0x77, 0x77, 0xDD, 0xD7, 0x79, 0xBB, 0x00, 0x00,
    0x00, 0x00, 0x00, 0x00, 0x00, 0x0B, 0xBB, 0xAA, 0x97, 0x77, 0xDD, 0xD7, 0x9B, 0xB0, 0x00, 0x00,
    0x00, 0x00, 0x00, 0x00, 0x00, 0x00, 0xBB, 0xBB, 0xBB, 0xBB, 0xBB, 0xBB, 0xBB, 0xB0, 0x00, 0x00,
    0x00, 0x00, 0x00, 0x00, 0x00, 0x00, 0x00, 0xBB, 0xBB, 0xBB, 0xBB, 0xBB, 0xB0, 0x00, 0x00, 0x00,
    0x00, 0x00, 0x00, 0x00, 0x00, 0x00, 0x00, 0x00, 0x00, 0x00, 0x00, 0x00, 0x00, 0x00, 0x00, 0x00,
    0x00, 0x00, 0x00, 0x00, 0x00, 0x00, 0x00, 0x00, 0x00, 0x00, 0x00, 0x00, 0x00, 0x00, 0x00, 0x00,
    0x00, 0x00, 0x00, 0x00, 0x00, 0x00, 0x00, 0x00, 0x00, 0x00, 0x00, 0x00, 0x00, 0x00, 0x00, 0x00,
    0x00, 0x00, 0x00, 0x00, 0x00, 0x00, 0x00, 0x00, 0x00, 0x00, 0x00, 0x00, 0x00, 0x00, 0x00, 0x00,
};
unsigned short ui_super_boots_pal[] = {0x3106, 0xFFFF, 0x7765, 0x4E99, 0x2E0F, 0x1445, 0x21CB, 0xFECB, 0xD58B, 0xAC4B, 0x8B4B, 0x4949, 0xAFB1, 0xFEE7, 0x1A89, 0x0001};
unsigned short ui_super_boots_disabled_pal[] = {0x739C, 0xDEF7, 0xBDEF, 0xAD6B, 0x9CE7, 0x8C63, 0x7BDF, 0xC631, 0xB5AD, 0xA529, 0x9CE7, 0x7BDF, 0xCE73, 0xCE73, 0x7BDF, 0x6319};
unsigned char ui_ultra_boots_png[] = {
    0x00, 0x00, 0x00, 0x00, 0x00, 0x00, 0x00, 0x00, 0x00, 0x00, 0x00, 0x00, 0x00, 0x00, 0x00, 0x00,
    0x00, 0x00, 0x00, 0x00, 0x00, 0x00, 0x00, 0x00, 0x00, 0x00, 0x00, 0x00, 0x00, 0x00, 0x00, 0x00,
    0x00, 0x00, 0x00, 0x00, 0x00, 0x00, 0x00, 0x00, 0x00, 0x00, 0x00, 0x00, 0x00, 0x00, 0x00, 0x00,
    0x00, 0x00, 0x00, 0x00, 0x00, 0x00, 0x00, 0x00, 0x00, 0x00, 0x00, 0x00, 0x00, 0x00, 0x00, 0x00,
    0x00, 0x00, 0x00, 0x00, 0x00, 0x00, 0x00, 0x00, 0x06, 0x66, 0x66, 0x60, 0x00, 0x00, 0x00, 0x00,
    0x00, 0x00, 0x00, 0x00, 0x00, 0x00, 0x00, 0x06, 0x66, 0x66, 0x66, 0x66, 0x60, 0x00, 0x00, 0x00,
    0x00, 0x00, 0x00, 0x00, 0x0B, 0xBB, 0xB0, 0x66, 0x6D, 0x44, 0x44, 0x56, 0x66, 0x00, 0x00, 0x00,
    0x00, 0x00, 0x00, 0x00, 0xBB, 0xBB, 0xBB, 0x65, 0x43, 0x3C, 0x34, 0x4D, 0x66, 0x60, 0x00, 0x00,
    0x00, 0x00, 0x00, 0x0B, 0xBB, 0x98, 0x8B, 0x64, 0x32, 0xCC, 0x22, 0x4D, 0x56, 0xBB, 0x00, 0x00,
    0x00, 0x00, 0x00, 0xBB, 0xBE, 0xE9, 0x88, 0x64, 0x32, 0xCC, 0x22, 0x3D, 0x59, 0xBB, 0x00, 0x00,
    0x00, 0x00, 0x0B, 0xBB, 0xE9, 0x9E, 0x88, 0x64, 0x32, 0x22, 0x22, 0x3D, 0x59, 0x9B, 0xB0, 0x00,
    0x00, 0x00, 0xBB, 0xBE, 0x99, 0x9E, 0x77, 0x64, 0x43, 0x22, 0x23, 0x3D, 0x59, 0x8B, 0xB0, 0x00,
    0x00, 0x0B, 0xBB, 0xE9, 0x99, 0xE8, 0x77, 0x5D, 0x43, 0x33, 0x33, 0x3D, 0x58, 0x8B, 0xB0, 0x00,
    0x00, 0x0B, 0xBE, 0xE9, 0x9E, 0x88, 0x77, 0xA5, 0x44, 0x33, 0x33, 0x4D, 0x58, 0x8B, 0xB0, 0x00,
    0x00, 0x0B, 0xB9, 0xEE, 0xE8, 0x87, 0x77, 0xA5, 0xD4, 0x33, 0x34, 0xD5, 0x88, 0x8B, 0xB0, 0x00,
    0x00, 0x0B, 0xB9, 0x88, 0x88, 0x77, 0x77, 0xA5, 0xD4, 0x43, 0x34, 0xD5, 0x78, 0x9B, 0xB0, 0x00,
    0x00, 0x00, 0xBB, 0x98, 0x88, 0x77, 0x88, 0xA5, 0x5D, 0x44, 0x4D, 0x58, 0x78, 0xBB, 0x00, 0x00,
    0x00, 0x00, 0xBB, 0xA9, 0x88, 0x88, 0x8A, 0xD4, 0xDD, 0xDD, 0x55, 0x87, 0x79, 0xBB, 0x00, 0x00,
    0x00, 0x00, 0x0B, 0xBA, 0x98, 0x88, 0xAD, 0x44, 0x4D, 0xD5, 0x98, 0x88, 0x8B, 0xB0, 0x00, 0x00,
    0x00, 0x00, 0x0B, 0xBB, 0xAA, 0xAA, 0xD4, 0x44, 0x44, 0x59, 0x88, 0x89, 0xBB, 0xB0, 0x00, 0x00,
    0x00, 0x00, 0x00, 0xB6, 0x65, 0x5D, 0x44, 0x44, 0x45, 0x98, 0x9E, 0xBB, 0xBB, 0x00, 0x00, 0x00,
    0x00, 0x00, 0x00, 0x06, 0x66, 0x5D, 0x44, 0x44, 0x59, 0x88, 0xBB, 0xBB, 0xB0, 0x00, 0x00, 0x00,
    0x00, 0x00, 0x00, 0x00, 0x66, 0x55, 0x44, 0x45, 0x98, 0x8E, 0xBB, 0x00, 0x00, 0x00, 0x00, 0x00,
    0x00, 0x00, 0x00, 0x00, 0x66, 0x65, 0x55, 0x58, 0x88, 0x9B, 0xB0, 0x00, 0x00, 0x00, 0x00, 0x00,
    0x00, 0x00, 0x00, 0x00, 0x06, 0x66, 0x98, 0x88, 0x89, 0xBB, 0xB0, 0x00, 0x00, 0x00, 0x00, 0x00,
    0x00, 0x00, 0x00, 0x00, 0x00, 0xBB, 0xB9, 0x88, 0x9B, 0xBB, 0x00, 0x00, 0x00, 0x00, 0x00, 0x00,
    0x00, 0x00, 0x00, 0x00, 0x00, 0x0B, 0xBB, 0xBB, 0xBB, 0xB0, 0x00, 0x00, 0x00, 0x00, 0x00, 0x00,
    0x00, 0x00, 0x00, 0x00, 0x00, 0x00, 0xBB, 0xBB, 0xBB, 0x00, 0x00, 0x00, 0x00, 0x00, 0x00, 0x00,
    0x00, 0x00, 0x00, 0x00, 0x00, 0x00, 0x00, 0x00, 0x00, 0x00, 0x00, 0x00, 0x00, 0x00, 0x00, 0x00,
    0x00, 0x00, 0x00, 0x00, 0x00, 0x00, 0x00, 0x00, 0x00, 0x00, 0x00, 0x00, 0x00, 0x00, 0x00, 0x00,
    0x00, 0x00, 0x00, 0x00, 0x00, 0x00, 0x00, 0x00, 0x00, 0x00, 0x00, 0x00, 0x00, 0x00, 0x00, 0x00,
    0x00, 0x00, 0x00, 0x00, 0x00, 0x00, 0x00, 0x00, 0x00, 0x00, 0x00, 0x00, 0x00, 0x00, 0x00, 0x00,
};
unsigned short ui_ultra_boots_pal[] = {0x3106, 0xFFFF, 0xE499, 0xE2CF, 0xCA0B, 0xA081, 0x48C9, 0xEF0B, 0xC5CB, 0x9C8B, 0x7B8B, 0x3989, 0xF5EB, 0xB947, 0x6B85, 0x0001};
unsigned short ui_ultra_boots_disabled_pal[] = {0x739C, 0xDEF7, 0xB5AD, 0xA529, 0x9CE7, 0x8421, 0x7BDF, 0xC631, 0xB5AD, 0xA529, 0x94A5, 0x7BDF, 0xC631, 0x8C63, 0x94A5, 0x6319};
unsigned char ui_item_png[] = {
    0x00, 0x00, 0x00, 0x00, 0x00, 0x00, 0x00, 0x00, 0x00, 0x00, 0x00, 0x00, 0x00, 0x00, 0x00, 0x00,
    0x00, 0x00, 0x00, 0x00, 0x00, 0x00, 0x00, 0x00, 0x00, 0x00, 0x00, 0x00, 0x00, 0x00, 0x00, 0x00,
    0x00, 0x00, 0x00, 0x00, 0x00, 0x00, 0x00, 0x00, 0x00, 0x00, 0x00, 0x00, 0x00, 0x00, 0x00, 0x00,
    0x00, 0x00, 0x00, 0x00, 0x00, 0x00, 0x00, 0x00, 0x00, 0x00, 0x00, 0x00, 0x00, 0x00, 0x00, 0x00,
    0x00, 0x00, 0x00, 0x06, 0x66, 0x60, 0x00, 0x66, 0x66, 0x00, 0x06, 0x66, 0x60, 0x00, 0x00, 0x00,
    0x00, 0x00, 0x00, 0x66, 0x66, 0x66, 0x06, 0x66, 0x66, 0x60, 0x66, 0x66, 0x66, 0x00, 0x00, 0x00,
    0x00, 0x00, 0x00, 0x66, 0x54, 0x66, 0x66, 0x64, 0x46, 0x66, 0x66, 0x45, 0x66, 0x00, 0x00, 0x00,
    0x00, 0x00, 0x06, 0x66, 0x44, 0x46, 0x66, 0x44, 0x44, 0x66, 0x64, 0x44, 0x66, 0x60, 0x00, 0x00,
    0x00, 0x00, 0x06, 0x65, 0x44, 0x44, 0x64, 0x44, 0x44, 0x46, 0x44, 0x44, 0x56, 0x60, 0x00, 0x00,
    0x00, 0x00, 0x06, 0x64, 0x44, 0x44, 0x44, 0x44, 0x44, 0x44, 0x44, 0x44, 0x46, 0x60, 0x00, 0x00,
    0x00, 0x00, 0x06, 0x64, 0x44, 0x44, 0x33, 0x33, 0x33, 0x33, 0x44, 0x44, 0x46, 0x60, 0x00, 0x00,
    0x00, 0x00, 0x06, 0x64, 0x44, 0x43, 0x33, 0x33, 0x33, 0x33, 0x34, 0x44, 0x46, 0x60, 0x00, 0x00,
    0x00, 0x00, 0x06, 0x64, 0x44, 0x33, 0x65, 0x22, 0x22, 0x56, 0x33, 0x44, 0x46, 0x60, 0x00, 0x00,
    0x00, 0x00, 0x06, 0x64, 0x44, 0x33, 0x65, 0x22, 0x22, 0x56, 0x33, 0x44, 0x46, 0x60, 0x00, 0x00,
    0x00, 0x00, 0x06, 0x65, 0x44, 0x33, 0x65, 0x22, 0x22, 0x56, 0x33, 0x44, 0x56, 0x60, 0x00, 0x00,
    0x00, 0x00, 0x00, 0x66, 0x44, 0x33, 0x65, 0x33, 0x33, 0x56, 0x33, 0x44, 0x66, 0x00, 0x00, 0x00,
    0x00, 0x00, 0x00, 0x66, 0x54, 0x43, 0x33, 0x33, 0x33, 0x33, 0x34, 0x45, 0x66, 0x00, 0x00, 0x00,
    0x00, 0x00, 0x00, 0x06, 0x65, 0x44, 0x44, 0x33, 0x33, 0x44, 0x44, 0x56, 0x60, 0x00, 0x00, 0x00,
    0x00, 0x00, 0x0A, 0xAA, 0xAA, 0x65, 0x44, 0x44, 0x44, 0x44, 0x56, 0xAA, 0xAA, 0xA0, 0x00, 0x00,
    0x00, 0x00, 0xAA, 0x98, 0x89, 0xAA, 0xAA, 0x98, 0x89, 0xAA, 0xAA, 0x98, 0x89, 0xAA, 0x00, 0x00,
    0x00, 0x00, 0xAA, 0x87, 0x77, 0x89, 0xAA, 0x87, 0x78, 0xAA, 0x98, 0x77, 0x78, 0xAA, 0x00, 0x00,
    0x00, 0x00, 0xAA, 0x97, 0x77, 0x77, 0x89, 0x77, 0x77, 0x98, 0x77, 0x77, 0x79, 0xAA, 0x00, 0x00,
    0x00, 0x00, 0xAA, 0xA8, 0x77, 0x77, 0x78, 0x77, 0x77, 0x87, 0x77, 0x77, 0x8A, 0xAA, 0x00, 0x00,
    0x00, 0x00, 0x0A, 0xA9, 0x87, 0x77, 0x78, 0x77, 0x77, 0x87, 0x77, 0x78, 0x9A, 0xA0, 0x00, 0x00,
    0x00, 0x00, 0x0A, 0xAA, 0x98, 0x87, 0x79, 0x87, 0x78, 0x97, 0x78, 0x89, 0xAA, 0xA0, 0x00, 0x00,
    0x00, 0x00, 0x00, 0xAA, 0xAA, 0xA9, 0x89, 0x98, 0x89, 0x98, 0x9A, 0xAA, 0xAA, 0x00, 0x00, 0x00,
    0x00, 0x00, 0x00, 0x00, 0xAA, 0xAA, 0xAA, 0xAA, 0xAA, 0xAA, 0xAA, 0xAA, 0x00, 0x00, 0x00, 0x00,
    0x00, 0x00, 0x00, 0x00, 0x00, 0x0A, 0xAA, 0xAA, 0xAA, 0xAA, 0xA0, 0x00, 0x00, 0x00, 0x00, 0x00,
    0x00, 0x00, 0x00, 0x00, 0x00, 0x00, 0x00, 0x00, 0x00, 0x00, 0x00, 0x00, 0x00, 0x00, 0x00, 0x00,
    0x00, 0x00, 0x00, 0x00, 0x00, 0x00, 0x00, 0x00, 0x00, 0x00, 0x00, 0x00, 0x00, 0x00, 0x00, 0x00,
    0x00, 0x00, 0x00, 0x00, 0x00, 0x00, 0x00, 0x00, 0x00, 0x00, 0x00, 0x00, 0x00, 0x00, 0x00, 0x00,
    0x00, 0x00, 0x00, 0x00, 0x00, 0x00, 0x00, 0x00, 0x00, 0x00, 0x00, 0x00, 0x00, 0x00, 0x00, 0x00,
};
unsigned short ui_item_pal[] = {0x3106, 0xFFFF, 0xF715, 0xECD1, 0xE251, 0x918B, 0x518D, 0x4599, 0x43D3, 0x32CF, 0x21CB, 0x0001, 0x0001, 0x0001, 0x0001, 0x0001};
unsigned short ui_item_disabled_pal[] = {0x739C, 0xDEF7, 0xC631, 0xB5AD, 0xA529, 0x8C63, 0x8421, 0xA529, 0x94A5, 0x8421, 0x7BDF, 0x6319, 0x6319, 0x6319, 0x6319, 0x6319};
unsigned char ui_star_spirit_png[] = {
    0x00, 0x00, 0x00, 0x00, 0x00, 0x00, 0x00, 0x00, 0x00, 0x00, 0x00, 0x00, 0x00, 0x00, 0x00, 0x00,
    0x00, 0x00, 0x00, 0x00, 0x00, 0x00, 0x00, 0x00, 0x00, 0x00, 0x00, 0x00, 0x00, 0x00, 0x00, 0x00,
    0x00, 0x00, 0x00, 0x00, 0x00, 0x00, 0x00, 0x00, 0x00, 0x00, 0x00, 0x00, 0x00, 0x00, 0x00, 0x00,
    0x00, 0x00, 0x00, 0x00, 0x00, 0x00, 0x00, 0x00, 0x00, 0x00, 0x00, 0x00, 0x00, 0x00, 0x00, 0x00,
    0x00, 0x00, 0x00, 0x00, 0x00, 0x00, 0x00, 0x55, 0x55, 0x00, 0x00, 0x00, 0x00, 0x00, 0x00, 0x00,
    0x00, 0x00, 0x00, 0x00, 0x00, 0x00, 0x05, 0x55, 0x55, 0x50, 0x00, 0x00, 0x00, 0x00, 0x00, 0x00,
    0x00, 0x00, 0x00, 0x00, 0x00, 0x00, 0x55, 0x53, 0x35, 0x55, 0x00, 0x00, 0x00, 0x00, 0x00, 0x00,
    0x00, 0x00, 0x00, 0x00, 0x00, 0x00, 0x55, 0x41, 0x14, 0x55, 0x00, 0x00, 0x00, 0x00, 0x00, 0x00,
    0x00, 0x00, 0x00, 0x00, 0x00, 0x05, 0x58, 0x21, 0x12, 0x85, 0x50, 0x00, 0x00, 0x00, 0x00, 0x00,
    0x00, 0x00, 0x00, 0x00, 0x00, 0x55, 0x53, 0x11, 0x11, 0x35, 0x55, 0x00, 0x00, 0x00, 0x00, 0x00,
    0x00, 0x00, 0x00, 0x05, 0x55, 0x55, 0x42, 0x11, 0x11, 0x24, 0x55, 0x55, 0x50, 0x00, 0x00, 0x00,
    0x00, 0x00, 0x05, 0x55, 0x55, 0x83, 0x21, 0x11, 0x11, 0x12, 0x38, 0x55, 0x55, 0x50, 0x00, 0x00,
    0x00, 0x00, 0x55, 0x54, 0x32, 0x21, 0x11, 0x11, 0x11, 0x11, 0x12, 0x23, 0x45, 0x55, 0x00, 0x00,
    0x00, 0x00, 0x55, 0x32, 0x11, 0x11, 0x11, 0x11, 0x11, 0x11, 0x11, 0x11, 0x23, 0x55, 0x00, 0x00,
    0x00, 0x00, 0x55, 0x42, 0x11, 0x11, 0x11, 0x11, 0x11, 0x11, 0x11, 0x11, 0x24, 0x55, 0x00, 0x00,
    0x00, 0x00, 0x55, 0x53, 0x21, 0x11, 0x11, 0x11, 0x11, 0x11, 0x11, 0x12, 0x35, 0x55, 0x00, 0x00,
    0x00, 0x00, 0x05, 0x55, 0x32, 0x11, 0x11, 0x11, 0x11, 0x11, 0x11, 0x23, 0x55, 0x50, 0x00, 0x00,
    0x00, 0x00, 0x00, 0x55, 0x83, 0x11, 0x11, 0x11, 0x11, 0x11, 0x11, 0x38, 0x55, 0x00, 0x00, 0x00,
    0x00, 0x00, 0x00, 0x05, 0x54, 0x21, 0x11, 0x11, 0x11, 0x11, 0x12, 0x45, 0x50, 0x00, 0x00, 0x00,
    0x00, 0x00, 0x00, 0x05, 0x54, 0x21, 0x11, 0x11, 0x11, 0x11, 0x12, 0x45, 0x50, 0x00, 0x00, 0x00,
    0x00, 0x00, 0x00, 0x05, 0x54, 0x11, 0x11, 0x11, 0x11, 0x11, 0x11, 0x45, 0x50, 0x00, 0x00, 0x00,
    0x00, 0x00, 0x00, 0x55, 0x83, 0x11, 0x11, 0x11, 0x11, 0x11, 0x11, 0x38, 0x55, 0x00, 0x00, 0x00,
    0x00, 0x00, 0x00, 0x55, 0x42, 0x11, 0x11, 0x12, 0x21, 0x11, 0x11, 0x24, 0x55, 0x00, 0x00, 0x00,
    0x00, 0x00, 0x00, 0x55, 0x31, 0x11, 0x12, 0x34, 0x43, 0x21, 0x11, 0x13, 0x55, 0x00, 0x00, 0x00,
    0x00, 0x00, 0x00, 0x55, 0x31, 0x12, 0x34, 0x55, 0x55, 0x43, 0x21, 0x13, 0x55, 0x00, 0x00, 0x00,
    0x00, 0x00, 0x00, 0x55, 0x43, 0x34, 0x55, 0x55, 0x55, 0x55, 0x43, 0x34, 0x55, 0x00, 0x00, 0x00,
    0x00, 0x00, 0x00, 0x55, 0x55, 0x55, 0x55, 0x00, 0x00, 0x55, 0x55, 0x55, 0x55, 0x00, 0x00, 0x00,
    0x00, 0x00, 0x00, 0x05, 0x55, 0x55, 0x00, 0x00, 0x00, 0x00, 0x55, 0x55, 0x50, 0x00, 0x00, 0x00,
    0x00, 0x00, 0x00, 0x00, 0x00, 0x00, 0x00, 0x00, 0x00, 0x00, 0x00, 0x00, 0x00, 0x00, 0x00, 0x00,
    0x00, 0x00, 0x00, 0x00, 0x00, 0x00, 0x00, 0x00, 0x00, 0x00, 0x00, 0x00, 0x00, 0x00, 0x00, 0x00,
    0x00, 0x00, 0x00, 0x00, 0x00, 0x00, 0x00, 0x00, 0x00, 0x00, 0x00, 0x00, 0x00, 0x00, 0x00, 0x00,
    0x00, 0x00, 0x00, 0x00, 0x00, 0x00, 0x00, 0x00, 0x00, 0x00, 0x00, 0x00, 0x00, 0x00, 0x00, 0x00,
};
unsigned short ui_star_spirit_pal[] = {0x5044, 0xE709, 0xE5C9, 0xDC4B, 0xDB0B, 0x5101, 0x6181, 0x9387, 0xB1C1, 0x0001, 0x0001, 0x0001, 0x0001, 0x0001, 0x0001, 0x0001};
unsigned short ui_star_spirit_disabled_pal[] = {0x739C, 0xC631, 0xBDEF, 0xAD6B, 0xA529, 0x7BDF, 0x8421, 0x9CE7, 0x8C63, 0x6319, 0x6319, 0x6319, 0x6319, 0x6319, 0x6319, 0x6319};
unsigned char ui_arrow_left_png[] = {
    0x00, 0x00, 0x00, 0x00, 0x00, 0x00, 0x00, 0x00, 0x00, 0x00, 0x00, 0x08, 0x80, 0x00, 0x00, 0x00,
    0x00, 0x00, 0x00, 0x85, 0x80, 0x00, 0x00, 0x00, 0x00, 0x00, 0x08, 0x57, 0x80, 0x00, 0x00, 0x00,
    0x00, 0x00, 0x85, 0x67, 0x80, 0x00, 0x00, 0x00, 0x00, 0x08, 0x16, 0x67, 0x88, 0x88, 0x88, 0x80,
    0x00, 0x81, 0x66, 0x66, 0x66, 0x55, 0x56, 0x80, 0x08, 0x16, 0x66, 0x66, 0x66, 0x66, 0x67, 0x80,
    0x00, 0x87, 0x66, 0x66, 0x77, 0x77, 0x77, 0x80, 0x00, 0x08, 0x76, 0x67, 0x88, 0x88, 0x88, 0x80,
    0x00, 0x00, 0x87, 0x67, 0x80, 0x00, 0x00, 0x00, 0x00, 0x00, 0x08, 0x77, 0x80, 0x00, 0x00, 0x00,
    0x00, 0x00, 0x00, 0x87, 0x80, 0x00, 0x00, 0x00, 0x00, 0x00, 0x00, 0x08, 0x80, 0x00, 0x00, 0x00,
    0x00, 0x00, 0x00, 0x00, 0x00, 0x00, 0x00, 0x00, 0x00, 0x00, 0x00, 0x00, 0x00, 0x00, 0x00, 0x00,
};
unsigned short ui_arrow_left_pal[] = {0x645A, 0xFFFF, 0xD6B5, 0x9CA5, 0x6B17, 0xD73D, 0xA63B, 0x7D7B, 0x318D, 0x54A3, 0x54A3, 0x54A3, 0x54A3, 0x54A3, 0x54A3, 0x54A3};
unsigned char ui_arrow_right_png[] = {
    0x00, 0x00, 0x00, 0x00, 0x00, 0x00, 0x00, 0x00, 0x00, 0x00, 0x00, 0x08, 0x80, 0x00, 0x00, 0x00,
    0x00, 0x00, 0x00, 0x08, 0x18, 0x00, 0x00, 0x00, 0x00, 0x00, 0x00, 0x08, 0x57, 0x80, 0x00, 0x00,
    0x00, 0x00, 0x00, 0x08, 0x56, 0x78, 0x00, 0x00, 0x08, 0x88, 0x88, 0x88, 0x66, 0x67, 0x80, 0x00,
    0x08, 0x15, 0x55, 0x56, 0x66, 0x66, 0x78, 0x00, 0x08, 0x56, 0x66, 0x66, 0x66, 0x66, 0x67, 0x80,
    0x08, 0x67, 0x77, 0x77, 0x66, 0x66, 0x78, 0x00, 0x08, 0x88, 0x88, 0x88, 0x76, 0x67, 0x80, 0x00,
    0x00, 0x00, 0x00, 0x08, 0x76, 0x78, 0x00, 0x00, 0x00, 0x00, 0x00, 0x08, 0x77, 0x80, 0x00, 0x00,
    0x00, 0x00, 0x00, 0x08, 0x78, 0x00, 0x00, 0x00, 0x00, 0x00, 0x00, 0x08, 0x80, 0x00, 0x00, 0x00,
    0x00, 0x00, 0x00, 0x00, 0x00, 0x00, 0x00, 0x00, 0x00, 0x00, 0x00, 0x00, 0x00, 0x00, 0x00, 0x00,
};
unsigned short ui_arrow_right_pal[] = {0x645A, 0xFFFF, 0xD6B5, 0x9CA5, 0x6B17, 0xD73D, 0xA63B, 0x7D7B, 0x318D, 0x54A3, 0x54A3, 0x54A3, 0x54A3, 0x54A3, 0x54A3, 0x54A3};
unsigned char ui_point_right_png[] = {
    0x00, 0x00, 0x00, 0x00, 0x00, 0x00, 0x00, 0x00, 0x00, 0x00, 0x00, 0x88, 0x00, 0x00, 0x00, 0x00,
    0x00, 0x00, 0x08, 0x12, 0x80, 0x00, 0x00, 0x00, 0x00, 0x00, 0x08, 0x11, 0x80, 0x00, 0x00, 0x00,
    0x00, 0x00, 0x82, 0x12, 0x88, 0x88, 0x88, 0x80, 0x00, 0x88, 0x21, 0x13, 0x21, 0x11, 0x11, 0x28,
    0x08, 0x28, 0x21, 0x38, 0x88, 0x82, 0x22, 0x38, 0x08, 0x18, 0x32, 0x82, 0x11, 0x28, 0x88, 0x80,
    0x08, 0x18, 0x43, 0x88, 0x88, 0x80, 0x00, 0x00, 0x08, 0x18, 0x23, 0x82, 0x11, 0x28, 0x00, 0x00,
    0x08, 0x28, 0x22, 0x88, 0x88, 0x80, 0x00, 0x00, 0x00, 0x88, 0x43, 0x82, 0x12, 0x80, 0x00, 0x00,
    0x00, 0x00, 0x88, 0x88, 0x88, 0x00, 0x00, 0x00, 0x00, 0x00, 0x00, 0x00, 0x00, 0x00, 0x00, 0x00,
    0x00, 0x00, 0x00, 0x00, 0x00, 0x00, 0x00, 0x00, 0x00, 0x00, 0x00, 0x00, 0x00, 0x00, 0x00, 0x00,
};
unsigned short ui_point_right_pal[] = {0x645A, 0xFFFF, 0xD6B5, 0x9CA5, 0x6B17, 0xD73D, 0xA63B, 0x7D7B, 0x318D, 0x54A3, 0x54A3, 0x54A3, 0x54A3, 0x54A3, 0x54A3, 0x54A3};
unsigned char ui_pip_png[] = {
    0x00, 0x88, 0x88, 0x00, 0x08, 0x76, 0x67, 0x80, 0x87, 0x65, 0x56, 0x78, 0x86, 0x55, 0x55, 0x68,
    0x86, 0x55, 0x55, 0x68, 0x87, 0x65, 0x56, 0x78, 0x08, 0x76, 0x67, 0x80, 0x00, 0x88, 0x88, 0x00,
};
unsigned short ui_pip_pal[] = {0x645A, 0xFFFF, 0xD6B5, 0x9CA5, 0x6B17, 0xD73D, 0xA63B, 0x7D7B, 0x318D, 0x54A3, 0x54A3, 0x54A3, 0x54A3, 0x54A3, 0x54A3, 0x54A3};
unsigned char ui_pip2_png[] = {
    0x00, 0x66, 0x66, 0x00, 0x06, 0x43, 0x34, 0x60, 0x64, 0x32, 0x23, 0x46, 0x63, 0x22, 0x22, 0x36,
    0x63, 0x22, 0x22, 0x36, 0x64, 0x32, 0x23, 0x46, 0x06, 0x43, 0x34, 0x60, 0x00, 0x66, 0x66, 0x00,
};
unsigned short ui_pip2_pal[] = {0x645A, 0x54A3, 0x31D3, 0x31D3, 0x31D3, 0x54A3, 0x294B, 0x54A3, 0x54A3, 0x54A3, 0x54A3, 0x54A3, 0x54A3, 0x54A3, 0x54A3, 0x54A3};
unsigned char ui_coin_sparkle_0_png[] = {
    0x00, 0x00, 0x00, 0x00, 0x00, 0x00, 0x00, 0x00, 0x00, 0x00, 0x00, 0x00, 0x00, 0x00, 0x00, 0x00,
    0x00, 0x22, 0x20, 0x00, 0x00, 0x00, 0x00, 0x00, 0x00, 0x00, 0x00, 0x00, 0x00, 0x00, 0x00, 0x00,
};
unsigned short ui_coin_sparkle_0_pal[] = {0x6318, 0xFFFF, 0xFF29, 0xF653, 0xDD41, 0x0001, 0x0001, 0x0001, 0x0001, 0x0001, 0x0001, 0x0001, 0x0001, 0x0001, 0x0001, 0x0001};
unsigned char ui_coin_sparkle_1_png[] = {
    0x00, 0x00, 0x00, 0x00, 0x00, 0x00, 0x00, 0x00, 0x00, 0x00, 0x00, 0x00, 0x00, 0x04, 0x00, 0x00,
    0x42, 0x11, 0x12, 0x40, 0x00, 0x04, 0x00, 0x00, 0x00, 0x00, 0x00, 0x00, 0x00, 0x00, 0x00, 0x00,
};
unsigned short ui_coin_sparkle_1_pal[] = {0x6318, 0xFFFF, 0xFF29, 0xF653, 0xDD41, 0x0001, 0x0001, 0x0001, 0x0001, 0x0001, 0x0001, 0x0001, 0x0001, 0x0001, 0x0001, 0x0001};
unsigned char ui_coin_sparkle_2_png[] = {
    0x00, 0x00, 0x00, 0x00, 0x00, 0x02, 0x00, 0x00, 0x00, 0x01, 0x00, 0x00, 0x00, 0x41, 0x40, 0x00,
    0x02, 0x11, 0x12, 0x00, 0x00, 0x41, 0x40, 0x00, 0x00, 0x01, 0x00, 0x00, 0x00, 0x02, 0x00, 0x00,
};
unsigned short ui_coin_sparkle_2_pal[] = {0x6318, 0xFFFF, 0xFF29, 0xF653, 0xDD41, 0x0001, 0x0001, 0x0001, 0x0001, 0x0001, 0x0001, 0x0001, 0x0001, 0x0001, 0x0001, 0x0001};
unsigned char ui_coin_sparkle_3_png[] = {
    0x00, 0x00, 0x00, 0x00, 0x00, 0x00, 0x00, 0x00, 0x00, 0x04, 0x00, 0x00, 0x00, 0x03, 0x00, 0x00,
    0x00, 0x32, 0x30, 0x00, 0x00, 0x03, 0x00, 0x00, 0x00, 0x04, 0x00, 0x00, 0x00, 0x00, 0x00, 0x00,
};
unsigned short ui_coin_sparkle_3_pal[] = {0x6318, 0xFFFF, 0xFF29, 0xF653, 0xDD41, 0x0001, 0x0001, 0x0001, 0x0001, 0x0001, 0x0001, 0x0001, 0x0001, 0x0001, 0x0001, 0x0001};
unsigned char ui_coin_sparkle_4_png[] = {
    0x00, 0x00, 0x00, 0x00, 0x00, 0x00, 0x00, 0x00, 0x00, 0x00, 0x00, 0x00, 0x00, 0x04, 0x00, 0x00,
    0x00, 0x02, 0x00, 0x00, 0x00, 0x04, 0x00, 0x00, 0x00, 0x00, 0x00, 0x00, 0x00, 0x00, 0x00, 0x00,
};
unsigned short ui_coin_sparkle_4_pal[] = {0x6318, 0xFFFF, 0xFF29, 0xF653, 0xDD41, 0x0001, 0x0001, 0x0001, 0x0001, 0x0001, 0x0001, 0x0001, 0x0001, 0x0001, 0x0001, 0x0001};
unsigned char ui_coin_sparkle_5_png[] = {
    0x00, 0x00, 0x00, 0x00, 0x00, 0x00, 0x00, 0x00, 0x00, 0x00, 0x00, 0x00, 0x00, 0x00, 0x00, 0x00,
    0x00, 0x04, 0x00, 0x00, 0x00, 0x00, 0x00, 0x00, 0x00, 0x00, 0x00, 0x00, 0x00, 0x00, 0x00, 0x00,
};
unsigned short ui_coin_sparkle_5_pal[] = {0x6318, 0xFFFF, 0xFF29, 0xF653, 0xDD41, 0x0001, 0x0001, 0x0001, 0x0001, 0x0001, 0x0001, 0x0001, 0x0001, 0x0001, 0x0001, 0x0001};
unsigned char ui_coin_sparkle_none_png[] = {
    0x00, 0x00, 0x00, 0x00, 0x00, 0x00, 0x00, 0x00, 0x00, 0x00, 0x00, 0x00, 0x00, 0x00, 0x00, 0x00,
    0x00, 0x00, 0x00, 0x00, 0x00, 0x00, 0x00, 0x00, 0x00, 0x00, 0x00, 0x00, 0x00, 0x00, 0x00, 0x00,
};
unsigned short ui_coin_sparkle_none_pal[] = {0x6318, 0xE739, 0xEED5, 0xE64F, 0xE5CD, 0xDD49, 0xBC49, 0xAB87, 0x92C7, 0x6A09, 0xC4CB, 0x8289, 0x382F, 0x2827, 0x2023, 0x181F};
unsigned char ui_status_star_point_shine_png[] = {
    0xE0, 0xE0, 0xE0, 0xE0, 0xE0, 0xE0, 0xE0, 0xE0, 0xE0, 0xE0, 0xE0, 0xE0, 0xE0, 0xE0, 0xE0, 0xE0,
    0xE0, 0xE0, 0xE0, 0xE0, 0xE0, 0xE0, 0xE0, 0xE0, 0xE0, 0xE0, 0xE0, 0xE0, 0xE0, 0xE0, 0xE0, 0xE0,
    0xE0, 0xE0, 0xE0, 0xE0, 0xE0, 0xE0, 0xE0, 0xE0, 0xE0, 0xE0, 0xE0, 0xE0, 0xE0, 0xE0, 0xE0, 0xE0,
    0xE0, 0xE0, 0xE0, 0xE0, 0xE0, 0xE0, 0xE0, 0xE0, 0xE0, 0xE0, 0xE0, 0xE0, 0xE0, 0xE0, 0xE0, 0xE0,
    0xE0, 0xE0, 0xE0, 0xE0, 0xE0, 0xE0, 0xE0, 0xE0, 0xE0, 0xE0, 0xE0, 0xE0, 0xE0, 0xE0, 0xE0, 0xE0,
    0xE0, 0xE0, 0xE0, 0xE0, 0xE0, 0xE0, 0xE0, 0xE0, 0xE0, 0xE0, 0xE0, 0xE0, 0xE0, 0xE0, 0xE0, 0xE0,
    0xE0, 0xE0, 0xE0, 0xE0, 0xE0, 0xE0, 0xE0, 0xE0, 0xE0, 0xE0, 0xE0, 0xE0, 0xE0, 0xE0, 0xE0, 0xE0,
    0xE0, 0xE0, 0xE0, 0xE0, 0xE0, 0xE0, 0xE0, 0xE0, 0xE0, 0xE0, 0xE0, 0xE0, 0xE0, 0xE0, 0xE0, 0xE0,
    0xE0, 0xE0, 0xE0, 0xE0, 0xE0, 0xE0, 0xE0, 0xE0, 0xE0, 0xE0, 0xE0, 0xE0, 0xE0, 0xE0, 0xE0, 0xE0,
    0xE0, 0xE0, 0xE0, 0xE0, 0xE0, 0xE0, 0xE0, 0xE0, 0xE0, 0xE0, 0xE0, 0xE0, 0xE0, 0xE0, 0xE0, 0xE0,
    0xE0, 0xE0, 0xE0, 0xE0, 0xE0, 0xE0, 0xE0, 0xE0, 0xE0, 0xE0, 0xE0, 0xE0, 0xE0, 0xE0, 0xE0, 0xE0,
    0xE0, 0xE0, 0xE0, 0xE0, 0xE0, 0xE0, 0xE0, 0xE0, 0xE0, 0xE0, 0xE0, 0xE0, 0xE0, 0xE0, 0xE0, 0xE0,
    0xE0, 0xE0, 0xE0, 0xE0, 0xE0, 0xE0, 0xE0, 0xE0, 0xE0, 0xE0, 0xE0, 0xE0, 0xE0, 0xE0, 0xE0, 0xE0,
    0xE0, 0xE0, 0xE0, 0xE0, 0xE0, 0xE0, 0xE0, 0xE0, 0xE0, 0xE0, 0xE0, 0xE0, 0xE0, 0xE0, 0xE0, 0xE0,
    0xE0, 0xE2, 0xE2, 0xE2, 0xE2, 0xE0, 0xE0, 0xE0, 0xE0, 0xE0, 0xE0, 0xE0, 0xE0, 0xE0, 0xE0, 0xE0,
    0xE0, 0xE0, 0xE0, 0xE0, 0xE0, 0xE0, 0xE0, 0xE2, 0xE4, 0xE4, 0xE4, 0xE4, 0xE4, 0xE4, 0xE0, 0xE0,
    0xE0, 0xE0, 0xE0, 0xE0, 0xE0, 0xE0, 0xE0, 0xE0, 0xE0, 0xE0, 0xE0, 0xE0, 0xE0, 0xE0, 0xE4, 0xE4,
    0xEA, 0xEA, 0xE8, 0xE4, 0xE4, 0xE4, 0xE4, 0xE0, 0xE0, 0xE0, 0xE0, 0xE0, 0xE0, 0xE0, 0xE0, 0xE0,
    0xE0, 0xE0, 0xE0, 0xE0, 0xE0, 0xE2, 0xE4, 0xEA, 0xEE, 0xEE, 0xEA, 0xE4, 0xE4, 0xE4, 0xE4, 0xE2,
    0xE0, 0xE0, 0xE0, 0xE0, 0xE0, 0xE0, 0xE0, 0xE0, 0xE0, 0xE0, 0xE0, 0xE0, 0xE0, 0xE4, 0xE4, 0xEA,
    0xEE, 0xEE, 0xEA, 0xE4, 0xE4, 0xE2, 0xE2, 0xE2, 0xE2, 0xE0, 0xE0, 0xE0, 0xE0, 0xE0, 0xE0, 0xE0,
    0xE0, 0xE0, 0xE0, 0xE0, 0xE2, 0xE4, 0xE4, 0xE8, 0xEA, 0xEA, 0xE4, 0xE0, 0xE0, 0xE0, 0xE0, 0xE2,
    0xE2, 0xE0, 0xE0, 0xE0, 0xE0, 0xE0, 0xE0, 0xE0, 0xE0, 0xE0, 0xE0, 0xE0, 0xE2, 0xE4, 0xE4, 0xE4,
    0xE4, 0xE4, 0xE2, 0xE0, 0xE0, 0xE0, 0xE0, 0xE2, 0xE0, 0xE0, 0xE0, 0xE0, 0xE0, 0xE0, 0xE0, 0xE0,
    0xE0, 0xE0, 0xE0, 0xE0, 0xE2, 0xE4, 0xE4, 0xE4, 0xE4, 0xE0, 0xE0, 0xE0, 0xE0, 0xE0, 0xE0, 0xE0,
    0xE0, 0xE0, 0xE0, 0xE0, 0xE0, 0xE0, 0xE0, 0xE0, 0xE0, 0xE0, 0xE0, 0xE0, 0xE2, 0xE4, 0xE4, 0xE4,
    0xE2, 0xE0, 0xE0, 0xE0, 0xE0, 0xE0, 0xE0, 0xE0, 0xE0, 0xE0, 0xE0, 0xE0, 0xE0, 0xE0, 0xE0, 0xE0,
    0xE0, 0xE0, 0xE0, 0xE0, 0xE0, 0xE4, 0xE4, 0xE4, 0xE2, 0xE0, 0xE0, 0xE0, 0xE0, 0xE0, 0xE0, 0xE0,
    0xE2, 0xE0, 0xE0, 0xE0, 0xE0, 0xE0, 0xE0, 0xE0, 0xE0, 0xE0, 0xE0, 0xE0, 0xE0, 0xE0, 0xE4, 0xE4,
    0xE2, 0xE2, 0xE0, 0xE0, 0xE0, 0xE0, 0xE0, 0xE2, 0xE2, 0xE0, 0xE0, 0xE0, 0xE0, 0xE0, 0xE0, 0xE0,
    0xE0, 0xE0, 0xE0, 0xE0, 0xE0, 0xE0, 0xE0, 0xE2, 0xE2, 0xE2, 0xE0, 0xE0, 0xE0, 0xE0, 0xE2, 0xE4,
    0xE0, 0xE0, 0xE0, 0xE0, 0xE0, 0xE0, 0xE0, 0xE0, 0xE0, 0xE0, 0xE0, 0xE0, 0xE0, 0xE0, 0xE0, 0xE0,
    0xE2, 0xE2, 0xE0, 0xE0, 0xE0, 0xE2, 0xE4, 0xE0, 0xE0, 0xE0, 0xE0, 0xE0, 0xE0, 0xE0, 0xE0, 0xE0,
    0xE0, 0xE0, 0xE0, 0xE0, 0xE0, 0xE0, 0xE0, 0xE0, 0xE0, 0xE0, 0xE0, 0xE0, 0xE0, 0xE0, 0xE0, 0xE0,
    0xE0, 0xE0, 0xE0, 0xE0, 0xE0, 0xE0, 0xE0, 0xE0, 0xE0, 0xE0, 0xE0, 0xE0, 0xE0, 0xE0, 0xE0, 0xE0,
    0xE0, 0xE0, 0xE0, 0xE0, 0xE0, 0xE0, 0xE0, 0xE0, 0xE0, 0xE0, 0xE0, 0xE0, 0xE0, 0xE0, 0xE0, 0xE0,
};
unsigned char ui_status_star_piece_0_png[] = {
    0x00, 0x00, 0x00, 0x00, 0x00, 0x00, 0x00, 0x00, 0x00, 0x00, 0x00, 0x00, 0x00, 0x00, 0x00, 0x00,
    0x00, 0x00, 0x00, 0x00, 0x07, 0x77, 0x78, 0x00, 0x00, 0x00, 0x00, 0x07, 0x76, 0x22, 0x28, 0x00,
    0x00, 0x00, 0x07, 0x75, 0x22, 0x12, 0x48, 0x00, 0x00, 0x00, 0x75, 0x11, 0x12, 0x44, 0x88, 0x00,
    0x00, 0x00, 0x72, 0x11, 0x14, 0x44, 0x80, 0x00, 0x00, 0x07, 0x51, 0x11, 0x24, 0x47, 0x80, 0x00,
    0x00, 0x07, 0x21, 0x24, 0x42, 0x48, 0x00, 0x00, 0x00, 0x76, 0x21, 0x44, 0x43, 0x58, 0x00, 0x00,
    0x00, 0x75, 0x12, 0x44, 0x57, 0x80, 0x00, 0x00, 0x00, 0x72, 0x24, 0x57, 0x88, 0x00, 0x00, 0x00,
    0x00, 0x72, 0x38, 0x88, 0x00, 0x00, 0x00, 0x00, 0x00, 0x88, 0x88, 0x00, 0x00, 0x00, 0x00, 0x00,
    0x00, 0x00, 0x00, 0x00, 0x00, 0x00, 0x00, 0x00, 0x00, 0x00, 0x00, 0x00, 0x00, 0x00, 0x00, 0x00,
};
unsigned short ui_status_star_piece_0_pal[] = {0x0000, 0xFFFF, 0xEFAD, 0xEE81, 0xC781, 0xBEC1, 0xAE03, 0x9583, 0x84C5, 0x6407, 0x4349, 0x124B, 0xDF97, 0xC541, 0xBD61, 0xCE25};
unsigned char ui_status_star_piece_1_png[] = {
    0x00, 0x00, 0x00, 0x00, 0x00, 0x00, 0x00, 0x00, 0x00, 0x00, 0x00, 0x00, 0x00, 0x00, 0x00, 0x00,
    0x00, 0x00, 0x00, 0x00, 0x08, 0x88, 0x89, 0x00, 0x00, 0x00, 0x00, 0x08, 0x8D, 0x32, 0x29, 0x00,
    0x00, 0x00, 0x08, 0x83, 0x33, 0x26, 0x59, 0x00, 0x00, 0x00, 0x83, 0x33, 0x22, 0x65, 0x89, 0x00,
    0x00, 0x00, 0x73, 0x22, 0x26, 0x65, 0x90, 0x00, 0x00, 0x08, 0x33, 0x23, 0x36, 0x57, 0x90, 0x00,
    0x00, 0x08, 0x32, 0x36, 0x63, 0x79, 0x00, 0x00, 0x00, 0x7D, 0x32, 0x66, 0x65, 0x69, 0x00, 0x00,
    0x00, 0x83, 0x23, 0x65, 0x57, 0x90, 0x00, 0x00, 0x00, 0x83, 0x26, 0x57, 0x99, 0x00, 0x00, 0x00,
    0x00, 0x82, 0xD8, 0x99, 0x00, 0x00, 0x00, 0x00, 0x00, 0x99, 0x99, 0x00, 0x00, 0x00, 0x00, 0x00,
    0x00, 0x00, 0x00, 0x00, 0x00, 0x00, 0x00, 0x00, 0x00, 0x00, 0x00, 0x00, 0x00, 0x00, 0x00, 0x00,
};
unsigned short ui_status_star_piece_1_pal[] = {0x0000, 0xFFFF, 0xEFAD, 0xEE81, 0xC781, 0xBEC1, 0xAE03, 0x9583, 0x84C5, 0x6407, 0x4349, 0x124B, 0xDF97, 0xC541, 0xBD61, 0xCE25};
unsigned char ui_status_star_piece_2_png[] = {
    0x00, 0x00, 0x00, 0x00, 0x00, 0x00, 0x00, 0x00, 0x00, 0x00, 0x00, 0x00, 0x00, 0x00, 0x00, 0x00,
    0x00, 0x00, 0x00, 0x00, 0x08, 0x88, 0x89, 0x00, 0x00, 0x00, 0x00, 0x08, 0x88, 0x2D, 0x29, 0x00,
    0x00, 0x00, 0x08, 0x85, 0xD2, 0x26, 0x89, 0x00, 0x00, 0x00, 0x83, 0x5D, 0x23, 0x77, 0x89, 0x00,
    0x00, 0x00, 0x85, 0x23, 0x57, 0x77, 0x90, 0x00, 0x00, 0x08, 0xD2, 0x23, 0x56, 0x78, 0x90, 0x00,
    0x00, 0x08, 0x52, 0x26, 0x65, 0x79, 0x00, 0x00, 0x00, 0x88, 0x22, 0x67, 0x76, 0x69, 0x00, 0x00,
    0x00, 0x8D, 0x23, 0x77, 0x76, 0x90, 0x00, 0x00, 0x00, 0x85, 0x37, 0x78, 0x99, 0x00, 0x00, 0x00,
    0x00, 0x83, 0x88, 0x99, 0x00, 0x00, 0x00, 0x00, 0x00, 0x99, 0x99, 0x00, 0x00, 0x00, 0x00, 0x00,
    0x00, 0x00, 0x00, 0x00, 0x00, 0x00, 0x00, 0x00, 0x00, 0x00, 0x00, 0x00, 0x00, 0x00, 0x00, 0x00,
};
unsigned short ui_status_star_piece_2_pal[] = {0x0000, 0xFFFF, 0xDFA7, 0xF6C1, 0xC781, 0xBEC1, 0xBDC3, 0xA543, 0x8C85, 0x6B87, 0x4349, 0x8C45, 0xDF97, 0xD5C1, 0xBD61, 0xCE25};
unsigned char ui_menu_times_png[] = {
    0x11, 0x10, 0x01, 0x10, 0x16, 0x21, 0x16, 0x10, 0x14, 0x41, 0x44, 0x10, 0x01, 0x54, 0x61, 0x00,
    0x01, 0x46, 0x21, 0x00, 0x12, 0x52, 0x52, 0x10, 0x15, 0x21, 0x25, 0x10, 0x11, 0x10, 0x11, 0x10,
};
unsigned short ui_menu_times_pal[] = {0x0000, 0xD6B5, 0xAD6B, 0x739D, 0x6319, 0x39CF, 0x318D, 0x0001, 0x0001, 0x0001, 0x0001, 0x0001, 0x0001, 0x0001, 0x0001, 0x0001};
unsigned char ui_fp_cost_png[] = {
    0x00, 0x00, 0x00, 0x00, 0x00, 0x00, 0x00, 0x00, 0x00, 0x00, 0x00, 0x00, 0x00, 0x00, 0x00, 0x00,
    0x00, 0x00, 0x00, 0x00, 0x00, 0x00, 0x00, 0x00, 0x01, 0x11, 0x01, 0x16, 0x00, 0x00, 0x00, 0x00,
    0x01, 0x00, 0x01, 0x01, 0x00, 0x00, 0x00, 0x00, 0x01, 0x14, 0x01, 0x01, 0x00, 0x00, 0x00, 0x00,
    0x01, 0x00, 0x01, 0x16, 0x00, 0x00, 0x00, 0x00, 0x01, 0x00, 0x01, 0x00, 0x00, 0x00, 0x00, 0x00,
};
unsigned short ui_fp_cost_pal[] = {0xFFFE, 0x2949, 0x6B59, 0x8C61, 0xA527, 0xBDED, 0xD6B3, 0x0001, 0x0001, 0x0001, 0x0001, 0x0001, 0x0001, 0x0001, 0x0001, 0x0001};
unsigned short ui_fp_cost_reduced_pal[] = {0xFFFE, 0x03E7, 0x3469, 0x5D2D, 0x8DAF, 0xAE31, 0xD6B3, 0x0001, 0x0001, 0x0001, 0x0001, 0x0001, 0x0001, 0x0001, 0x0001, 0x0001};
unsigned short ui_fp_cost_reduced_twice_pal[] = {0xFFFE, 0x113F, 0x427B, 0x7BF7, 0x9CF7, 0xBDF3, 0xD6B3, 0x0001, 0x0001, 0x0001, 0x0001, 0x0001, 0x0001, 0x0001, 0x0001, 0x0001};
unsigned short ui_fp_cost_notenough_pal[] = {0xFFFE, 0x7BDD, 0x94A3, 0xAD69, 0xC62F, 0xCE71, 0xD6B3, 0x0001, 0x0001, 0x0001, 0x0001, 0x0001, 0x0001, 0x0001, 0x0001, 0x0001};
unsigned char ui_pow_cost_png[] = {
    0x00, 0x00, 0x00, 0x00, 0x00, 0x00, 0x00, 0x00, 0x00, 0x00, 0x00, 0x00, 0x00, 0x00, 0x00, 0x00,
    0x00, 0x00, 0x00, 0x00, 0x00, 0x00, 0x00, 0x00, 0x11, 0x60, 0x61, 0x60, 0x10, 0x10, 0x00, 0x00,
    0x10, 0x10, 0x10, 0x10, 0x10, 0x10, 0x00, 0x00, 0x10, 0x10, 0x10, 0x10, 0x11, 0x10, 0x00, 0x00,
    0x11, 0x60, 0x10, 0x10, 0x12, 0x10, 0x00, 0x00, 0x10, 0x00, 0x61, 0x60, 0x10, 0x10, 0x00, 0x00,
};
unsigned short ui_pow_cost_pal[] = {0xFFFE, 0x2949, 0x6B59, 0x8C61, 0xA527, 0xBDED, 0xD6B3, 0x0001, 0x0001, 0x0001, 0x0001, 0x0001, 0x0001, 0x0001, 0x0001, 0x0001};
unsigned short ui_pow_cost_reduced_pal[] = {0xFFFE, 0x03E7, 0x3469, 0x5D2D, 0x8DAF, 0xAE31, 0xD6B3, 0x0001, 0x0001, 0x0001, 0x0001, 0x0001, 0x0001, 0x0001, 0x0001, 0x0001};
unsigned short ui_pow_cost_reduced_twice_pal[] = {0xFFFE, 0x113F, 0x427B, 0x7BF7, 0x9CF7, 0xBDF3, 0xD6B3, 0x0001, 0x0001, 0x0001, 0x0001, 0x0001, 0x0001, 0x0001, 0x0001, 0x0001};
unsigned short ui_pow_cost_notenough_pal[] = {0xFFFE, 0x7BDD, 0x94A3, 0xAD69, 0xC62F, 0xCE71, 0xD6B3, 0x0001, 0x0001, 0x0001, 0x0001, 0x0001, 0x0001, 0x0001, 0x0001, 0x0001};
unsigned char ui_green_arrow_down_png[] = {
    0x22, 0x22, 0x22, 0x22, 0x22, 0x22, 0x00, 0x00, 0x22, 0x11, 0x11, 0x11, 0x11, 0x22, 0x00, 0x00,
    0x22, 0x11, 0x11, 0x11, 0x11, 0x22, 0x00, 0x00, 0x02, 0x21, 0x11, 0x11, 0x12, 0x20, 0x00, 0x00,
    0x00, 0x22, 0x11, 0x11, 0x22, 0x00, 0x00, 0x00, 0x00, 0x02, 0x21, 0x12, 0x20, 0x00, 0x00, 0x00,
    0x00, 0x00, 0x22, 0x22, 0x00, 0x00, 0x00, 0x00, 0x00, 0x00, 0x00, 0x00, 0x00, 0x00, 0x00, 0x00,
};
unsigned short ui_green_arrow_down_pal[] = {0x294A, 0x9F49, 0x2501, 0x0001, 0x0001, 0x0001, 0x0001, 0x0001, 0x0001, 0x0001, 0x0001, 0x0001, 0x0001, 0x0001, 0x0001, 0x0001};
unsigned char ui_green_arrow_up_png[] = {
    0x00, 0x00, 0x22, 0x22, 0x00, 0x00, 0x00, 0x00, 0x00, 0x02, 0x21, 0x12, 0x20, 0x00, 0x00, 0x00,
    0x00, 0x22, 0x11, 0x11, 0x22, 0x00, 0x00, 0x00, 0x02, 0x21, 0x11, 0x11, 0x12, 0x20, 0x00, 0x00,
    0x22, 0x11, 0x11, 0x11, 0x11, 0x22, 0x00, 0x00, 0x22, 0x11, 0x11, 0x11, 0x11, 0x22, 0x00, 0x00,
    0x22, 0x22, 0x22, 0x22, 0x22, 0x22, 0x00, 0x00, 0x00, 0x00, 0x00, 0x00, 0x00, 0x00, 0x00, 0x00,
};
unsigned short ui_green_arrow_up_pal[] = {0x294A, 0x9F49, 0x2501, 0x0001, 0x0001, 0x0001, 0x0001, 0x0001, 0x0001, 0x0001, 0x0001, 0x0001, 0x0001, 0x0001, 0x0001, 0x0001};
unsigned char ui_kaime_png[] = {
    0x00, 0x00, 0x00, 0x00, 0x00, 0x00, 0x00, 0x00, 0x00, 0x00, 0x00, 0x00, 0x00, 0x00, 0x00, 0x00,
    0x00, 0x00, 0x00, 0x00, 0x00, 0x00, 0x00, 0x00, 0x00, 0x00, 0x00, 0x00, 0x00, 0x00, 0x00, 0x00,
    0xFF, 0xFF, 0xFF, 0xFF, 0xFF, 0xFF, 0xFF, 0xFF, 0xFF, 0xFF, 0xFF, 0xFF, 0xFF, 0xFF, 0xFF, 0xFF,
    0xFF, 0xFF, 0xFF, 0x00, 0x00, 0x00, 0x00, 0x00, 0x00, 0x00, 0x00, 0xFF, 0xFF, 0xFF, 0xFF, 0xFF,
    0xFF, 0xFF, 0xFF, 0xFF, 0xFF, 0xFF, 0xFF, 0xFF, 0xFF, 0xFF, 0xFF, 0xFF, 0xFF, 0xFF, 0xFF, 0xF0,
    0x00, 0x00, 0x00, 0x00, 0x00, 0x00, 0x0F, 0xFF, 0x74, 0x22, 0x22, 0x22, 0x22, 0x22, 0x22, 0x22,
    0x22, 0x22, 0x22, 0x22, 0x22, 0x22, 0x22, 0x22, 0x22, 0x24, 0x7F, 0xFF, 0x00, 0x00, 0x00, 0x00,
    0x00, 0x00, 0xFF, 0xF4, 0x22, 0x33, 0x33, 0x33, 0x33, 0x33, 0x33, 0x33, 0x33, 0x33, 0x33, 0x33,
    0x33, 0x33, 0x33, 0x33, 0x33, 0x32, 0x24, 0xFF, 0xF0, 0x00, 0x00, 0x00, 0x00, 0x0F, 0xFF, 0x32,
    0x33, 0x34, 0x44, 0x43, 0x33, 0x33, 0x33, 0x33, 0x33, 0x33, 0x33, 0x33, 0x33, 0x33, 0x33, 0x33,
    0x33, 0x33, 0x32, 0x4F, 0xFF, 0x00, 0x00, 0x00, 0x00, 0xFF, 0xF3, 0x23, 0x34, 0x44, 0x44, 0x44,
    0x43, 0x33, 0x33, 0x33, 0x33, 0x33, 0x33, 0x33, 0x33, 0x33, 0x33, 0x33, 0x33, 0x33, 0x33, 0x27,
    0xFF, 0x00, 0x00, 0x00, 0x00, 0xFF, 0x42, 0x33, 0x44, 0x44, 0x44, 0x44, 0x44, 0x33, 0x33, 0x33,
    0x33, 0x33, 0x33, 0x33, 0x33, 0x33, 0x33, 0x33, 0x33, 0x33, 0x33, 0x24, 0xFF, 0x00, 0x00, 0x00,
    0x0F, 0xF6, 0x23, 0x34, 0x44, 0x44, 0x44, 0x44, 0x44, 0x43, 0x33, 0x33, 0x33, 0x33, 0x33, 0x33,
    0x33, 0x33, 0x33, 0x33, 0x33, 0x33, 0x33, 0x32, 0xFF, 0x00, 0x00, 0x00, 0x0F, 0xF4, 0x23, 0x34,
    0x44, 0x44, 0x44, 0x44, 0x44, 0x43, 0x33, 0x33, 0x33, 0x33, 0x33, 0x33, 0x33, 0x33, 0x33, 0x33,
    0x33, 0x33, 0x33, 0x32, 0xFF, 0x00, 0x00, 0x00, 0x0F, 0xF2, 0x33, 0x44, 0x44, 0x44, 0x44, 0x44,
    0x44, 0x44, 0x33, 0x33, 0x33, 0x33, 0x33, 0x33, 0x33, 0x33, 0x33, 0x33, 0x33, 0x33, 0x33, 0x32,
    0xFF, 0x00, 0x00, 0x00, 0x0F, 0xF2, 0x33, 0x44, 0x44, 0x44, 0x44, 0x44, 0x44, 0x44, 0x33, 0x33,
    0x33, 0x33, 0x33, 0x33, 0x33, 0x33, 0x33, 0x33, 0x33, 0x33, 0x33, 0x32, 0xFF, 0x00, 0x00, 0x00,
    0x0F, 0xF2, 0x33, 0x44, 0x44, 0x44, 0x44, 0x44, 0x44, 0x44, 0x33, 0x33, 0xE3, 0x3E, 0x33, 0x33,
    0x33, 0x33, 0x33, 0xE3, 0x33, 0xE3, 0x33, 0x32, 0xFF, 0x00, 0x00, 0x00, 0x0F, 0xF2, 0x33, 0x44,
    0x44, 0x44, 0x44, 0x44, 0x44, 0x44, 0x33, 0xEE, 0xEE, 0x35, 0x53, 0xE3, 0x33, 0xE4, 0x33, 0xE4,
    0xEE, 0xE3, 0x33, 0x32, 0xFF, 0x00, 0x00, 0x00, 0x0F, 0xF4, 0x33, 0x34, 0x44, 0x44, 0x44, 0x44,
    0x44, 0x43, 0x33, 0x3E, 0x33, 0xE3, 0xE3, 0xE3, 0x33, 0x3E, 0x33, 0xEE, 0x3E, 0x55, 0x33, 0x32,
    0xFF, 0x00, 0x00, 0x00, 0x0F, 0xF6, 0x33, 0x34, 0x44, 0x44, 0x44, 0x44, 0x44, 0x43, 0x33, 0x55,
    0x33, 0xE3, 0xE3, 0x55, 0x33, 0x3E, 0x3E, 0x3E, 0x3E, 0x3E, 0x33, 0x33, 0xFF, 0x00, 0x00, 0x00,
    0x00, 0xFF, 0x43, 0x33, 0x44, 0x44, 0x44, 0x44, 0x44, 0x33, 0x33, 0xE3, 0x33, 0xE3, 0x33, 0x3E,
    0x3E, 0x33, 0x3E, 0x4E, 0xE3, 0x3E, 0x33, 0x34, 0xFF, 0x00, 0x00, 0x00, 0x00, 0xFF, 0xF3, 0x33,
    0x34, 0x44, 0x44, 0x44, 0x43, 0x33, 0x33, 0x33, 0xEE, 0x43, 0x33, 0x33, 0xEE, 0x33, 0x33, 0xEE,
    0x33, 0xE4, 0x33, 0x37, 0xFF, 0x00, 0x00, 0x00, 0x00, 0x0F, 0xFF, 0x33, 0x33, 0x34, 0x44, 0x43,
    0x33, 0x33, 0x33, 0x33, 0x33, 0x33, 0x33, 0x33, 0x33, 0x33, 0x33, 0x33, 0x33, 0x33, 0x33, 0x4F,
    0xFF, 0x00, 0x00, 0x00, 0x00, 0x00, 0xFF, 0xF4, 0x33, 0x33, 0x33, 0x33, 0x33, 0x33, 0x33, 0x33,
    0x33, 0x33, 0x33, 0x33, 0x33, 0x33, 0x33, 0x33, 0x33, 0x33, 0x34, 0xFF, 0xF0, 0x00, 0x00, 0x00,
    0x00, 0x00, 0x0F, 0xFF, 0x74, 0x33, 0x33, 0x33, 0x33, 0x33, 0x33, 0x33, 0x33, 0x33, 0x33, 0x33,
    0x33, 0x33, 0x33, 0x33, 0x33, 0x34, 0x7F, 0xFF, 0x00, 0x00, 0x00, 0x00, 0x00, 0x00, 0x00, 0xFF,
    0xFF, 0xFF, 0xFF, 0xFF, 0xFF, 0xFF, 0xFF, 0xFF, 0xFF, 0xFF, 0xFF, 0xFF, 0xFF, 0xFF, 0xFF, 0xFF,
    0xFF, 0xFF, 0xFF, 0xF0, 0x00, 0x00, 0x00, 0x00, 0x00, 0x00, 0x00, 0x00, 0xFF, 0xFF, 0xFF, 0xFF,
    0xFF, 0xFF, 0xFF, 0xFF, 0xFF, 0xFF, 0xFF, 0xFF, 0xFF, 0xFF, 0xFF, 0xFF, 0xFF, 0xFF, 0xFF, 0x00,
    0x00, 0x00, 0x00, 0x00, 0x00, 0x00, 0x00, 0x00, 0x00, 0x00, 0x00, 0x00, 0x00, 0x00, 0x00, 0x00,
    0x00, 0x00, 0x00, 0x00, 0x00, 0x00, 0x00, 0x00, 0x00, 0x00, 0x00, 0x00, 0x00, 0x00, 0x00, 0x00,
};
unsigned short ui_kaime_pal[] = {0x294A, 0xCE73, 0xFB63, 0xEADF, 0xC1E3, 0x9915, 0x8913, 0x7911, 0x0001, 0x0001, 0x0001, 0x0001, 0x0001, 0x0001, 0x384B, 0x18C7};
unsigned char ui_unused_1_png[] = {
    0x00, 0x00, 0x0F, 0xF1, 0x00, 0x00, 0x00, 0x00, 0x00, 0x00, 0x0F, 0x7E, 0xF1, 0x00, 0x00, 0x00,
    0x00, 0x00, 0x0F, 0x22, 0x7F, 0x00, 0x00, 0x00, 0x00, 0x00, 0x1E, 0x22, 0x2F, 0x00, 0x00, 0x00,
    0x00, 0x00, 0xF7, 0x33, 0x7F, 0x00, 0x00, 0x00, 0x00, 0x00, 0xF3, 0x33, 0xE1, 0x00, 0x00, 0x00,
    0x00, 0x01, 0xE3, 0x33, 0xF0, 0x00, 0x00, 0x00, 0x00, 0x0F, 0x74, 0x44, 0xF0, 0x00, 0x00, 0x00,
    0x00, 0x0F, 0x44, 0x47, 0xF0, 0x00, 0x00, 0x00, 0x00, 0x1E, 0x55, 0x5E, 0x10, 0x00, 0x00, 0x00,
    0x00, 0xF7, 0x55, 0x5F, 0x00, 0x00, 0x00, 0x00, 0x00, 0xF6, 0x66, 0x6F, 0x00, 0x00, 0x00, 0x00,
    0x00, 0x1F, 0xD6, 0x6F, 0x00, 0x00, 0x00, 0x00, 0x00, 0x00, 0x1F, 0xF1, 0x00, 0x00, 0x00, 0x00,
    0x00, 0x00, 0x00, 0x00, 0x00, 0x00, 0x00, 0x00, 0x00, 0x00, 0x00, 0x00, 0x00, 0x00, 0x00, 0x00,
};
unsigned short ui_unused_1_pal[] = {0x294A, 0x9915, 0xFFC1, 0xFF41, 0xFEC1, 0xFE01, 0xFD81, 0xD583, 0x0001, 0x0001, 0x0001, 0x0001, 0x0001, 0x9307, 0x9189, 0x708D};
unsigned char ui_unused_2_png[] = {
    0x00, 0x01, 0xFF, 0x10, 0x00, 0x00, 0x00, 0x00, 0x00, 0x1F, 0x27, 0xEF, 0x10, 0x00, 0x00, 0x00,
    0x00, 0xF2, 0x22, 0x27, 0xEF, 0x10, 0x00, 0x00, 0x00, 0x1F, 0xE7, 0x22, 0x27, 0xF0, 0x00, 0x00,
    0x00, 0x00, 0x1F, 0xE3, 0x33, 0xF0, 0x00, 0x00, 0x00, 0x00, 0x01, 0xF3, 0x33, 0xF0, 0x00, 0x00,
    0x00, 0x00, 0x1F, 0x33, 0x3F, 0x10, 0x00, 0x00, 0x00, 0x01, 0xF4, 0x44, 0xF1, 0x00, 0x00, 0x00,
    0x00, 0x1F, 0x44, 0x4F, 0x10, 0x00, 0x00, 0x00, 0x01, 0xF5, 0x55, 0xDF, 0xFF, 0xF0, 0x00, 0x00,
    0x1F, 0x55, 0x55, 0x5D, 0x55, 0xF0, 0x00, 0x00, 0xF6, 0x66, 0xF6, 0x66, 0x6F, 0x10, 0x00, 0x00,
    0x1F, 0x6F, 0x1F, 0x66, 0xF1, 0x00, 0x00, 0x00, 0x01, 0xF1, 0x01, 0xFF, 0x10, 0x00, 0x00, 0x00,
    0x00, 0x00, 0x00, 0x00, 0x00, 0x00, 0x00, 0x00, 0x00, 0x00, 0x00, 0x00, 0x00, 0x00, 0x00, 0x00,
};
unsigned short ui_unused_2_pal[] = {0x294A, 0x9915, 0xFFC1, 0xFF41, 0xFEC1, 0xFE01, 0xFD81, 0xD583, 0x0001, 0x0001, 0x0001, 0x0001, 0x0001, 0x9307, 0x9189, 0x708D};
unsigned char ui_unused_3_png[] = {
    0x00, 0x00, 0x1F, 0xF1, 0x00, 0x00, 0x00, 0x00, 0x00, 0x01, 0xF2, 0x7D, 0xF1, 0x00, 0x00, 0x00,
    0x00, 0x0F, 0x72, 0x22, 0x7F, 0x10, 0x00, 0x00, 0x00, 0x01, 0xFD, 0x72, 0x22, 0xF0, 0x00, 0x00,
    0x00, 0x00, 0x01, 0xF3, 0x33, 0xF0, 0x00, 0x00, 0x00, 0x00, 0xFF, 0x33, 0x3F, 0x10, 0x00, 0x00,
    0x00, 0x00, 0xF3, 0x33, 0xF1, 0x00, 0x00, 0x00, 0x00, 0x00, 0x0F, 0x44, 0x4F, 0x10, 0x00, 0x00,
    0x01, 0xFF, 0x00, 0xF4, 0x44, 0xF0, 0x00, 0x00, 0x1F, 0x55, 0xF1, 0xF5, 0x55, 0xF0, 0x00, 0x00,
    0xF5, 0x55, 0x5F, 0x55, 0x57, 0xF0, 0x00, 0x00, 0xFE, 0x76, 0x66, 0x66, 0x6F, 0x10, 0x00, 0x00,
    0x01, 0xFD, 0x76, 0x67, 0xF1, 0x00, 0x00, 0x00, 0x00, 0x01, 0xFF, 0xFF, 0x10, 0x00, 0x00, 0x00,
    0x00, 0x00, 0x00, 0x00, 0x00, 0x00, 0x00, 0x00, 0x00, 0x00, 0x00, 0x00, 0x00, 0x00, 0x00, 0x00,
};
unsigned short ui_unused_3_pal[] = {0x294A, 0x9915, 0xFFC1, 0xFF41, 0xFEC1, 0xFE01, 0xFD81, 0xD583, 0x0001, 0x0001, 0x0001, 0x0001, 0x0001, 0x9307, 0x9189, 0x708D};
unsigned char ui_red_bar1_png[] = {
    0x11, 0x11, 0x11, 0x11, 0x11, 0x11, 0x11, 0x11, 0x11, 0x11, 0x11, 0x11, 0x11, 0x11, 0x11, 0x11,
    0x11, 0x11, 0x11, 0x11, 0x11, 0x11, 0x11, 0x11, 0x11, 0x11, 0x11, 0x11, 0x11, 0x11, 0x11, 0x11,
    0x11, 0x11, 0x11, 0x11, 0x11, 0x11, 0x11, 0x11, 0x11, 0x11, 0x11, 0x11, 0x11, 0x11, 0x11, 0x11,
    0x11, 0x11, 0x11, 0x11, 0x11, 0x12, 0x00, 0x00, 0x11, 0x11, 0x11, 0x11, 0x11, 0x11, 0x11, 0x11,
    0x11, 0x11, 0x11, 0x11, 0x11, 0x11, 0x11, 0x11, 0x11, 0x11, 0x11, 0x11, 0x11, 0x11, 0x11, 0x11,
    0x11, 0x11, 0x11, 0x11, 0x11, 0x11, 0x11, 0x11, 0x11, 0x11, 0x11, 0x11, 0x11, 0x11, 0x11, 0x11,
    0x11, 0x11, 0x11, 0x11, 0x11, 0x11, 0x11, 0x11, 0x11, 0x11, 0x11, 0x11, 0x11, 0x12, 0x00, 0x00,
    0x22, 0x22, 0x22, 0x22, 0x22, 0x22, 0x22, 0x22, 0x22, 0x22, 0x22, 0x22, 0x22, 0x22, 0x22, 0x22,
    0x22, 0x22, 0x22, 0x22, 0x22, 0x22, 0x22, 0x22, 0x22, 0x22, 0x22, 0x22, 0x22, 0x22, 0x22, 0x22,
    0x22, 0x22, 0x22, 0x22, 0x22, 0x22, 0x22, 0x22, 0x22, 0x22, 0x22, 0x22, 0x22, 0x22, 0x22, 0x22,
    0x22, 0x22, 0x22, 0x22, 0x22, 0x22, 0x00, 0x00, 0x00, 0x00, 0x00, 0x00, 0x00, 0x00, 0x00, 0x00,
    0x00, 0x00, 0x00, 0x00, 0x00, 0x00, 0x00, 0x00, 0x00, 0x00, 0x00, 0x00, 0x00, 0x00, 0x00, 0x00,
    0x00, 0x00, 0x00, 0x00, 0x00, 0x00, 0x00, 0x00, 0x00, 0x00, 0x00, 0x00, 0x00, 0x00, 0x00, 0x00,
    0x00, 0x00, 0x00, 0x00, 0x00, 0x00, 0x00, 0x00, 0x00, 0x00, 0x00, 0x00, 0x00, 0x00, 0x00, 0x00,
    0x00, 0x00, 0x00, 0x00, 0x00, 0x00, 0x00, 0x00, 0x00, 0x00, 0x00, 0x00, 0x00, 0x00, 0x00, 0x00,
    0x00, 0x00, 0x00, 0x00, 0x00, 0x00, 0x00, 0x00, 0x00, 0x00, 0x00, 0x00, 0x00, 0x00, 0x00, 0x00,
    0x00, 0x00, 0x00, 0x00, 0x00, 0x00, 0x00, 0x00, 0x00, 0x00, 0x00, 0x00, 0x00, 0x00, 0x00, 0x00,
    0x00, 0x00, 0x00, 0x00, 0x00, 0x00, 0x00, 0x00, 0x00, 0x00, 0x00, 0x00, 0x00, 0x00, 0x00, 0x00,
    0x00, 0x00, 0x00, 0x00, 0x00, 0x00, 0x00, 0x00, 0x00, 0x00, 0x00, 0x00, 0x00, 0x00, 0x00, 0x00,
    0x00, 0x00, 0x00, 0x00, 0x00, 0x00, 0x00, 0x00, 0x00, 0x00, 0x00, 0x00, 0x00, 0x00, 0x00, 0x00,
    0x00, 0x00, 0x00, 0x00, 0x00, 0x00, 0x00, 0x00, 0x00, 0x00, 0x00, 0x00, 0x00, 0x00, 0x00, 0x00,
    0x00, 0x00, 0x00, 0x00, 0x00, 0x00, 0x00, 0x00, 0x00, 0x00, 0x00, 0x00, 0x00, 0x00, 0x00, 0x00,
    0x00, 0x00, 0x00, 0x00, 0x00, 0x00, 0x00, 0x00, 0x00, 0x00, 0x00, 0x00, 0x00, 0x00, 0x00, 0x00,
    0x00, 0x00, 0x00, 0x00, 0x00, 0x00, 0x00, 0x00, 0x00, 0x00, 0x00, 0x00, 0x00, 0x00, 0x00, 0x00,
    0x00, 0x00, 0x00, 0x00, 0x00, 0x00, 0x00, 0x00, 0x00, 0x00, 0x00, 0x00, 0x00, 0x00, 0x00, 0x00,
    0x00, 0x00, 0x00, 0x00, 0x00, 0x00, 0x00, 0x00, 0x00, 0x00, 0x00, 0x00, 0x00, 0x00, 0x00, 0x00,
    0x00, 0x00, 0x00, 0x00, 0x00, 0x00, 0x00, 0x00, 0x00, 0x00, 0x00, 0x00, 0x00, 0x00, 0x00, 0x00,
    0x00, 0x00, 0x00, 0x00, 0x00, 0x00, 0x00, 0x00, 0x00, 0x00, 0x00, 0x00, 0x00, 0x00, 0x00, 0x00,
};
unsigned short ui_red_bar1_pal[] = {0x318C, 0xD35D, 0xDEF7, 0x0001, 0x0001, 0x0001, 0x0001, 0x0001, 0x0001, 0x0001, 0x0001, 0x0001, 0x0001, 0x0001, 0x0001, 0x0001};
unsigned char ui_empty_bar_png[] = {
    0x11, 0x11, 0x11, 0x11, 0x11, 0x11, 0x11, 0x11, 0x11, 0x11, 0x11, 0x11, 0x11, 0x11, 0x11, 0x11,
    0x11, 0x11, 0x11, 0x11, 0x11, 0x11, 0x11, 0x11, 0x11, 0x11, 0x11, 0x11, 0x11, 0x11, 0x11, 0x11,
    0x11, 0x11, 0x11, 0x11, 0x11, 0x11, 0x11, 0x11, 0x11, 0x11, 0x11, 0x11, 0x11, 0x11, 0x11, 0x11,
    0x11, 0x11, 0x11, 0x11, 0x11, 0x12, 0x00, 0x00, 0x22, 0x22, 0x22, 0x22, 0x22, 0x22, 0x22, 0x22,
    0x22, 0x22, 0x22, 0x22, 0x22, 0x22, 0x22, 0x22, 0x22, 0x22, 0x22, 0x22, 0x22, 0x22, 0x22, 0x22,
    0x22, 0x22, 0x22, 0x22, 0x22, 0x22, 0x22, 0x22, 0x22, 0x22, 0x22, 0x22, 0x22, 0x22, 0x22, 0x22,
    0x22, 0x22, 0x22, 0x22, 0x22, 0x22, 0x22, 0x22, 0x22, 0x22, 0x22, 0x22, 0x22, 0x22, 0x00, 0x00,
    0x00, 0x00, 0x00, 0x00, 0x00, 0x00, 0x00, 0x00, 0x00, 0x00, 0x00, 0x00, 0x00, 0x00, 0x00, 0x00,
    0x00, 0x00, 0x00, 0x00, 0x00, 0x00, 0x00, 0x00, 0x00, 0x00, 0x00, 0x00, 0x00, 0x00, 0x00, 0x00,
    0x00, 0x00, 0x00, 0x00, 0x00, 0x00, 0x00, 0x00, 0x00, 0x00, 0x00, 0x00, 0x00, 0x00, 0x00, 0x00,
    0x00, 0x00, 0x00, 0x00, 0x00, 0x00, 0x00, 0x00, 0x00, 0x00, 0x00, 0x00, 0x00, 0x00, 0x00, 0x00,
    0x00, 0x00, 0x00, 0x00, 0x00, 0x00, 0x00, 0x00, 0x00, 0x00, 0x00, 0x00, 0x00, 0x00, 0x00, 0x00,
    0x00, 0x00, 0x00, 0x00, 0x00, 0x00, 0x00, 0x00, 0x00, 0x00, 0x00, 0x00, 0x00, 0x00, 0x00, 0x00,
    0x00, 0x00, 0x00, 0x00, 0x00, 0x00, 0x00, 0x00, 0x00, 0x00, 0x00, 0x00, 0x00, 0x00, 0x00, 0x00,
    0x00, 0x00, 0x00, 0x00, 0x00, 0x00, 0x00, 0x00, 0x00, 0x00, 0x00, 0x00, 0x00, 0x00, 0x00, 0x00,
    0x00, 0x00, 0x00, 0x00, 0x00, 0x00, 0x00, 0x00, 0x00, 0x00, 0x00, 0x00, 0x00, 0x00, 0x00, 0x00,
    0x00, 0x00, 0x00, 0x00, 0x00, 0x00, 0x00, 0x00, 0x00, 0x00, 0x00, 0x00, 0x00, 0x00, 0x00, 0x00,
    0x00, 0x00, 0x00, 0x00, 0x00, 0x00, 0x00, 0x00, 0x00, 0x00, 0x00, 0x00, 0x00, 0x00, 0x00, 0x00,
    0x00, 0x00, 0x00, 0x00, 0x00, 0x00, 0x00, 0x00, 0x00, 0x00, 0x00, 0x00, 0x00, 0x00, 0x00, 0x00,
    0x00, 0x00, 0x00, 0x00, 0x00, 0x00, 0x00, 0x00, 0x00, 0x00, 0x00, 0x00, 0x00, 0x00, 0x00, 0x00,
    0x00, 0x00, 0x00, 0x00, 0x00, 0x00, 0x00, 0x00, 0x00, 0x00, 0x00, 0x00, 0x00, 0x00, 0x00, 0x00,
    0x00, 0x00, 0x00, 0x00, 0x00, 0x00, 0x00, 0x00, 0x00, 0x00, 0x00, 0x00, 0x00, 0x00, 0x00, 0x00,
    0x00, 0x00, 0x00, 0x00, 0x00, 0x00, 0x00, 0x00, 0x00, 0x00, 0x00, 0x00, 0x00, 0x00, 0x00, 0x00,
    0x00, 0x00, 0x00, 0x00, 0x00, 0x00, 0x00, 0x00, 0x00, 0x00, 0x00, 0x00, 0x00, 0x00, 0x00, 0x00,
    0x00, 0x00, 0x00, 0x00, 0x00, 0x00, 0x00, 0x00, 0x00, 0x00, 0x00, 0x00, 0x00, 0x00, 0x00, 0x00,
    0x00, 0x00, 0x00, 0x00, 0x00, 0x00, 0x00, 0x00, 0x00, 0x00, 0x00, 0x00, 0x00, 0x00, 0x00, 0x00,
    0x00, 0x00, 0x00, 0x00, 0x00, 0x00, 0x00, 0x00, 0x00, 0x00, 0x00, 0x00, 0x00, 0x00, 0x00, 0x00,
    0x00, 0x00, 0x00, 0x00, 0x00, 0x00, 0x00, 0x00, 0x00, 0x00, 0x00, 0x00, 0x00, 0x00, 0x00, 0x00,
};
unsigned short ui_empty_bar_pal[] = {0x318C, 0xA4FB, 0xDEBD, 0x0001, 0x0001, 0x0001, 0x0001, 0x0001, 0x0001, 0x0001, 0x0001, 0x0001, 0x0001, 0x0001, 0x0001, 0x0001};
unsigned char ui_red_bar2_png[] = {
    0x11, 0x11, 0x11, 0x11, 0x11, 0x11, 0x11, 0x11, 0x11, 0x11, 0x11, 0x11, 0x11, 0x11, 0x11, 0x11,
    0x11, 0x11, 0x11, 0x11, 0x11, 0x11, 0x11, 0x11, 0x11, 0x11, 0x11, 0x11, 0x11, 0x11, 0x11, 0x11,
    0x11, 0x11, 0x11, 0x11, 0x11, 0x11, 0x11, 0x11, 0x11, 0x11, 0x11, 0x11, 0x11, 0x11, 0x11, 0x11,
    0x11, 0x20, 0x00, 0x00, 0x11, 0x11, 0x11, 0x11, 0x11, 0x11, 0x11, 0x11, 0x11, 0x11, 0x11, 0x11,
    0x11, 0x11, 0x11, 0x11, 0x11, 0x11, 0x11, 0x11, 0x11, 0x11, 0x11, 0x11, 0x11, 0x11, 0x11, 0x11,
    0x11, 0x11, 0x11, 0x11, 0x11, 0x11, 0x11, 0x11, 0x11, 0x11, 0x11, 0x11, 0x11, 0x11, 0x11, 0x11,
    0x11, 0x11, 0x11, 0x11, 0x11, 0x20, 0x00, 0x00, 0x22, 0x22, 0x22, 0x22, 0x22, 0x22, 0x22, 0x22,
    0x22, 0x22, 0x22, 0x22, 0x22, 0x22, 0x22, 0x22, 0x22, 0x22, 0x22, 0x22, 0x22, 0x22, 0x22, 0x22,
    0x22, 0x22, 0x22, 0x22, 0x22, 0x22, 0x22, 0x22, 0x22, 0x22, 0x22, 0x22, 0x22, 0x22, 0x22, 0x22,
    0x22, 0x22, 0x22, 0x22, 0x22, 0x22, 0x22, 0x22, 0x22, 0x20, 0x00, 0x00, 0x00, 0x00, 0x00, 0x00,
    0x00, 0x00, 0x00, 0x00, 0x00, 0x00, 0x00, 0x00, 0x00, 0x00, 0x00, 0x00, 0x00, 0x00, 0x00, 0x00,
    0x00, 0x00, 0x00, 0x00, 0x00, 0x00, 0x00, 0x00, 0x00, 0x00, 0x00, 0x00, 0x00, 0x00, 0x00, 0x00,
    0x00, 0x00, 0x00, 0x00, 0x00, 0x00, 0x00, 0x00, 0x00, 0x00, 0x00, 0x00, 0x00, 0x00, 0x00, 0x00,
    0x00, 0x00, 0x00, 0x00, 0x00, 0x00, 0x00, 0x00, 0x00, 0x00, 0x00, 0x00, 0x00, 0x00, 0x00, 0x00,
    0x00, 0x00, 0x00, 0x00, 0x00, 0x00, 0x00, 0x00, 0x00, 0x00, 0x00, 0x00, 0x00, 0x00, 0x00, 0x00,
    0x00, 0x00, 0x00, 0x00, 0x00, 0x00, 0x00, 0x00, 0x00, 0x00, 0x00, 0x00, 0x00, 0x00, 0x00, 0x00,
    0x00, 0x00, 0x00, 0x00, 0x00, 0x00, 0x00, 0x00, 0x00, 0x00, 0x00, 0x00, 0x00, 0x00, 0x00, 0x00,
    0x00, 0x00, 0x00, 0x00, 0x00, 0x00, 0x00, 0x00, 0x00, 0x00, 0x00, 0x00, 0x00, 0x00, 0x00, 0x00,
    0x00, 0x00, 0x00, 0x00, 0x00, 0x00, 0x00, 0x00, 0x00, 0x00, 0x00, 0x00, 0x00, 0x00, 0x00, 0x00,
    0x00, 0x00, 0x00, 0x00, 0x00, 0x00, 0x00, 0x00, 0x00, 0x00, 0x00, 0x00, 0x00, 0x00, 0x00, 0x00,
    0x00, 0x00, 0x00, 0x00, 0x00, 0x00, 0x00, 0x00, 0x00, 0x00, 0x00, 0x00, 0x00, 0x00, 0x00, 0x00,
    0x00, 0x00, 0x00, 0x00, 0x00, 0x00, 0x00, 0x00, 0x00, 0x00, 0x00, 0x00, 0x00, 0x00, 0x00, 0x00,
    0x00, 0x00, 0x00, 0x00, 0x00, 0x00, 0x00, 0x00, 0x00, 0x00, 0x00, 0x00, 0x00, 0x00, 0x00, 0x00,
    0x00, 0x00, 0x00, 0x00, 0x00, 0x00, 0x00, 0x00, 0x00, 0x00, 0x00, 0x00, 0x00, 0x00, 0x00, 0x00,
    0x00, 0x00, 0x00, 0x00, 0x00, 0x00, 0x00, 0x00, 0x00, 0x00, 0x00, 0x00, 0x00, 0x00, 0x00, 0x00,
    0x00, 0x00, 0x00, 0x00, 0x00, 0x00, 0x00, 0x00, 0x00, 0x00, 0x00, 0x00, 0x00, 0x00, 0x00, 0x00,
};
unsigned short ui_red_bar2_pal[] = {0x318C, 0xD35D, 0xDEF7, 0x0001, 0x0001, 0x0001, 0x0001, 0x0001, 0x0001, 0x0001, 0x0001, 0x0001, 0x0001, 0x0001, 0x0001, 0x0001};
unsigned char ui_eldstar_png[] = {
    0x00, 0x00, 0x00, 0x00, 0x00, 0x00, 0x00, 0x00, 0x00, 0x00, 0x00, 0x00, 0x00, 0x00, 0x00, 0x00,
    0x00, 0x00, 0x00, 0x00, 0x00, 0x00, 0x00, 0x00, 0x00, 0x00, 0x00, 0x00, 0x00, 0x00, 0x00, 0x00,
    0x00, 0x00, 0x00, 0x00, 0x00, 0x00, 0x00, 0x00, 0x00, 0x00, 0x00, 0x00, 0x00, 0x00, 0x00, 0x00,
    0x00, 0x00, 0x00, 0x00, 0x00, 0x00, 0x00, 0x00, 0x00, 0x00, 0x00, 0x00, 0x00, 0x00, 0x00, 0x00,
    0x00, 0x00, 0x00, 0x00, 0x00, 0x00, 0x00, 0xBB, 0xBB, 0x00, 0x00, 0x00, 0x00, 0x00, 0x00, 0x00,
    0x00, 0x00, 0x00, 0x00, 0x00, 0x00, 0x0B, 0xBB, 0xBB, 0xB0, 0x00, 0x00, 0x00, 0x00, 0x00, 0x00,
    0x00, 0x00, 0x00, 0x00, 0x00, 0x00, 0xBB, 0xA7, 0x7A, 0xBB, 0x00, 0x00, 0x00, 0x00, 0x00, 0x00,
    0x00, 0x00, 0x00, 0x00, 0x00, 0x00, 0xBA, 0x76, 0x67, 0xAB, 0x00, 0x00, 0x00, 0x00, 0x00, 0x00,
    0x00, 0x00, 0x00, 0x00, 0x00, 0x0B, 0xB7, 0x66, 0x66, 0x7B, 0xB0, 0x00, 0x00, 0x00, 0x00, 0x00,
    0x00, 0x00, 0x00, 0x00, 0x00, 0xBB, 0xA6, 0x66, 0x66, 0x6A, 0xBB, 0x00, 0x00, 0x00, 0x00, 0x00,
    0x00, 0x00, 0x00, 0x0B, 0xBB, 0xBB, 0x76, 0x66, 0x66, 0x67, 0xBB, 0xBB, 0xB0, 0x00, 0x00, 0x00,
    0x00, 0x00, 0x0B, 0xBB, 0xBA, 0x77, 0x66, 0x66, 0x66, 0x66, 0x77, 0xAB, 0xBB, 0xB0, 0x00, 0x00,
    0x00, 0x00, 0xBB, 0xA7, 0x76, 0x66, 0x73, 0x66, 0x66, 0x37, 0x66, 0x67, 0x7A, 0xBB, 0x00, 0x00,
    0x00, 0x00, 0xBB, 0x86, 0x66, 0x63, 0x13, 0x86, 0x68, 0x31, 0x36, 0x66, 0x68, 0xBB, 0x00, 0x00,
    0x00, 0x00, 0xBB, 0x76, 0x66, 0x31, 0x27, 0x66, 0x66, 0x72, 0x13, 0x66, 0x67, 0xBB, 0x00, 0x00,
    0x00, 0x00, 0xBB, 0xA7, 0x66, 0x73, 0x77, 0xC6, 0x6C, 0x77, 0x37, 0x66, 0x7A, 0xBB, 0x00, 0x00,
    0x00, 0x00, 0x0B, 0xBA, 0x76, 0x66, 0x68, 0xC6, 0x6C, 0x86, 0x66, 0x67, 0xAB, 0xB0, 0x00, 0x00,
    0x00, 0x00, 0x00, 0xBB, 0xA6, 0x66, 0x68, 0x96, 0x69, 0x86, 0x66, 0x6A, 0xBB, 0x00, 0x00, 0x00,
    0x00, 0x00, 0x00, 0x0B, 0xA7, 0x68, 0x88, 0x89, 0x98, 0x88, 0x86, 0x7A, 0xB0, 0x00, 0x00, 0x00,
    0x00, 0x00, 0x00, 0x0B, 0xA7, 0x83, 0x11, 0x22, 0x22, 0x11, 0x38, 0x7A, 0xB0, 0x00, 0x00, 0x00,
    0x00, 0x00, 0x00, 0x0B, 0xA7, 0x42, 0x11, 0x11, 0x11, 0x11, 0x24, 0x7A, 0xB0, 0x00, 0x00, 0x00,
    0x00, 0x00, 0x00, 0x0B, 0xA3, 0x31, 0x11, 0x11, 0x11, 0x11, 0x13, 0x3A, 0xB0, 0x00, 0x00, 0x00,
    0x00, 0x00, 0x00, 0x0B, 0xA4, 0x21, 0x11, 0x12, 0x21, 0x11, 0x12, 0x4A, 0xB0, 0x00, 0x00, 0x00,
    0x00, 0x00, 0x00, 0x05, 0xB3, 0x11, 0x11, 0x23, 0x32, 0x11, 0x11, 0x3B, 0x50, 0x00, 0x00, 0x00,
    0x00, 0x00, 0x00, 0x55, 0x42, 0x11, 0x23, 0x45, 0x54, 0x32, 0x11, 0x24, 0x55, 0x00, 0x00, 0x00,
    0x00, 0x00, 0x05, 0x54, 0x22, 0x23, 0x44, 0x55, 0x55, 0x44, 0x32, 0x22, 0x45, 0x50, 0x00, 0x00,
    0x00, 0x00, 0x00, 0x55, 0x44, 0x45, 0x55, 0x50, 0x05, 0x55, 0x54, 0x44, 0x55, 0x00, 0x00, 0x00,
    0x00, 0x00, 0x00, 0x05, 0x55, 0x55, 0x00, 0x00, 0x00, 0x00, 0x55, 0x55, 0x50, 0x00, 0x00, 0x00,
    0x00, 0x00, 0x00, 0x00, 0x00, 0x00, 0x00, 0x00, 0x00, 0x00, 0x00, 0x00, 0x00, 0x00, 0x00, 0x00,
    0x00, 0x00, 0x00, 0x00, 0x00, 0x00, 0x00, 0x00, 0x00, 0x00, 0x00, 0x00, 0x00, 0x00, 0x00, 0x00,
    0x00, 0x00, 0x00, 0x00, 0x00, 0x00, 0x00, 0x00, 0x00, 0x00, 0x00, 0x00, 0x00, 0x00, 0x00, 0x00,
    0x00, 0x00, 0x00, 0x00, 0x00, 0x00, 0x00, 0x00, 0x00, 0x00, 0x00, 0x00, 0x00, 0x00, 0x00, 0x00,
};
unsigned short ui_eldstar_pal[] = {0x294A, 0xD6B9, 0xBE37, 0x8465, 0x5B1D, 0x31D3, 0xEE47, 0xE409, 0xAD15, 0x9BCF, 0x99C3, 0x618B, 0x318B, 0x0001, 0x0001, 0x0001};
unsigned short ui_eldstar_disabled_pal[] = {0x7BDE, 0xCE73, 0xC631, 0xA529, 0x94A5, 0x8421, 0xBDEF, 0xAD6B, 0xAD6B, 0xA529, 0x8C63, 0x8421, 0x7BDF, 0x6319, 0x6319, 0x6319};
unsigned char ui_mamar_png[] = {
    0x00, 0x00, 0x00, 0x00, 0x00, 0x00, 0x00, 0x00, 0x00, 0x00, 0x00, 0x00, 0x00, 0x00, 0x00, 0x00,
    0x00, 0x00, 0x00, 0x00, 0x00, 0x00, 0x00, 0x00, 0x00, 0x00, 0x00, 0x00, 0x00, 0x00, 0x00, 0x00,
    0x00, 0x00, 0x00, 0x00, 0x00, 0x00, 0x00, 0x00, 0x00, 0x00, 0x00, 0x00, 0x00, 0x00, 0x00, 0x00,
    0x00, 0x00, 0x00, 0x00, 0x00, 0x00, 0x00, 0x00, 0x00, 0x00, 0x00, 0x00, 0x00, 0x00, 0x00, 0x00,
    0x00, 0x00, 0x00, 0x00, 0xAA, 0xAA, 0xA0, 0x06, 0x60, 0x00, 0xAA, 0xAA, 0xA0, 0x00, 0x00, 0x00,
    0x00, 0x00, 0x00, 0x00, 0xA9, 0x99, 0x9A, 0x66, 0x66, 0xAA, 0x99, 0x99, 0xA0, 0x00, 0x00, 0x00,
    0x00, 0x00, 0x00, 0x00, 0x0A, 0x87, 0x78, 0x62, 0x16, 0xA8, 0x77, 0x89, 0xA0, 0x00, 0x00, 0x00,
    0x00, 0x00, 0x00, 0x00, 0x0A, 0x87, 0x98, 0x99, 0x99, 0x87, 0x97, 0x8A, 0x00, 0x00, 0x00, 0x00,
    0x00, 0x00, 0x00, 0x00, 0x0A, 0x98, 0x79, 0x97, 0x89, 0x99, 0x78, 0x9A, 0x00, 0x00, 0x00, 0x00,
    0x00, 0x00, 0x00, 0x00, 0x00, 0xA9, 0x99, 0x99, 0x99, 0x57, 0x89, 0xA0, 0x00, 0x00, 0x00, 0x00,
    0x00, 0x00, 0x00, 0x00, 0x00, 0x66, 0x54, 0x22, 0x22, 0x45, 0x66, 0x00, 0x00, 0x00, 0x00, 0x00,
    0x00, 0x00, 0x00, 0x06, 0x66, 0x66, 0x25, 0x51, 0x15, 0x52, 0x66, 0x66, 0x60, 0x00, 0x00, 0x00,
    0x00, 0x00, 0x06, 0x66, 0x66, 0x52, 0x52, 0x31, 0x13, 0x25, 0x25, 0x66, 0x66, 0x60, 0x00, 0x00,
    0x00, 0x00, 0x66, 0x65, 0x43, 0x21, 0x21, 0x11, 0x11, 0x12, 0x12, 0x34, 0x56, 0x66, 0x00, 0x00,
    0x00, 0x00, 0x66, 0x41, 0x11, 0x11, 0x14, 0x61, 0x64, 0x11, 0x11, 0x11, 0x14, 0x66, 0x00, 0x00,
    0x00, 0x00, 0x66, 0x42, 0x11, 0x11, 0x14, 0x61, 0x64, 0x11, 0x11, 0x11, 0x24, 0x66, 0x00, 0x00,
    0x00, 0x00, 0x06, 0x64, 0x21, 0x11, 0x11, 0x11, 0x11, 0x11, 0x11, 0x12, 0x46, 0x60, 0x00, 0x00,
    0x00, 0x00, 0x06, 0x65, 0x42, 0x11, 0x12, 0x52, 0x52, 0x11, 0x11, 0x24, 0x56, 0x60, 0x00, 0x00,
    0x00, 0x00, 0x00, 0x66, 0x54, 0x11, 0x11, 0x45, 0x41, 0x11, 0x11, 0x45, 0x66, 0x00, 0x00, 0x00,
    0x00, 0x00, 0x00, 0x06, 0x64, 0x11, 0x11, 0x12, 0x11, 0x11, 0x11, 0x46, 0x60, 0x00, 0x00, 0x00,
    0x00, 0x00, 0x00, 0x06, 0x63, 0x11, 0x11, 0x11, 0x11, 0x11, 0x11, 0x36, 0x60, 0x00, 0x00, 0x00,
    0x00, 0x00, 0x00, 0x06, 0x52, 0x11, 0x11, 0x11, 0x11, 0x11, 0x11, 0x25, 0x60, 0x00, 0x00, 0x00,
    0x00, 0x00, 0x00, 0x66, 0x41, 0x11, 0x11, 0x22, 0x22, 0x11, 0x11, 0x14, 0x66, 0x00, 0x00, 0x00,
    0x00, 0x00, 0x00, 0x66, 0x41, 0x11, 0x23, 0x45, 0x54, 0x32, 0x11, 0x14, 0x66, 0x00, 0x00, 0x00,
    0x00, 0x00, 0x00, 0x66, 0x43, 0x33, 0x45, 0x66, 0x66, 0x54, 0x33, 0x34, 0x66, 0x00, 0x00, 0x00,
    0x00, 0x00, 0x00, 0x66, 0x54, 0x45, 0x66, 0x60, 0x06, 0x66, 0x54, 0x45, 0x66, 0x00, 0x00, 0x00,
    0x00, 0x00, 0x00, 0x06, 0x66, 0x66, 0x66, 0x00, 0x00, 0x66, 0x66, 0x66, 0x60, 0x00, 0x00, 0x00,
    0x00, 0x00, 0x00, 0x00, 0x66, 0x66, 0x00, 0x00, 0x00, 0x00, 0x66, 0x66, 0x00, 0x00, 0x00, 0x00,
    0x00, 0x00, 0x00, 0x00, 0x00, 0x00, 0x00, 0x00, 0x00, 0x00, 0x00, 0x00, 0x00, 0x00, 0x00, 0x00,
    0x00, 0x00, 0x00, 0x00, 0x00, 0x00, 0x00, 0x00, 0x00, 0x00, 0x00, 0x00, 0x00, 0x00, 0x00, 0x00,
    0x00, 0x00, 0x00, 0x00, 0x00, 0x00, 0x00, 0x00, 0x00, 0x00, 0x00, 0x00, 0x00, 0x00, 0x00, 0x00,
    0x00, 0x00, 0x00, 0x00, 0x00, 0x00, 0x00, 0x00, 0x00, 0x00, 0x00, 0x00, 0x00, 0x00, 0x00, 0x00,
};
unsigned short ui_mamar_pal[] = {0x294A, 0xFECF, 0xF60D, 0xED0B, 0xD409, 0xA983, 0x70C5, 0xFDFF, 0xFABB, 0xD82D, 0x8815, 0x0001, 0x0001, 0x0001, 0x0001, 0x0001};
unsigned short ui_mamar_disabled_pal[] = {0x7BDE, 0xC631, 0xC631, 0xB5AD, 0xAD6B, 0x8C63, 0x7BDF, 0xCE73, 0xB5AD, 0x94A5, 0x8421, 0x6319, 0x6319, 0x6319, 0x6319, 0x6319};
unsigned char ui_skolar_png[] = {
    0x00, 0x00, 0x00, 0x00, 0x00, 0x00, 0x00, 0x00, 0x00, 0x00, 0x00, 0x00, 0x00, 0x00, 0x00, 0x00,
    0x00, 0x00, 0x00, 0x00, 0x00, 0x00, 0x00, 0x00, 0x00, 0x00, 0x00, 0x00, 0x00, 0x00, 0x00, 0x00,
    0x00, 0x00, 0x00, 0x00, 0x00, 0x00, 0x00, 0x00, 0x00, 0x00, 0x00, 0x00, 0x00, 0x00, 0x00, 0x00,
    0x00, 0x00, 0x00, 0x00, 0x00, 0x00, 0x00, 0x00, 0x00, 0x00, 0x00, 0x00, 0x00, 0x00, 0x00, 0x00,
    0x00, 0x00, 0x00, 0x00, 0x00, 0x00, 0x00, 0x08, 0x88, 0x00, 0x00, 0x00, 0x00, 0x00, 0x00, 0x00,
    0x00, 0x00, 0x00, 0x00, 0x00, 0x00, 0x00, 0x88, 0x48, 0x80, 0x00, 0x00, 0x00, 0x00, 0x00, 0x00,
    0x00, 0x00, 0x00, 0x00, 0x00, 0x00, 0x08, 0x86, 0x76, 0x88, 0x00, 0x00, 0x00, 0x00, 0x00, 0x00,
    0x00, 0x00, 0x00, 0x00, 0x0F, 0xF0, 0x88, 0x97, 0x57, 0x98, 0x8F, 0xF0, 0x00, 0x00, 0x00, 0x00,
    0x00, 0x00, 0x00, 0x00, 0x0F, 0xFF, 0x84, 0x75, 0x55, 0x74, 0xDF, 0xF0, 0x00, 0x00, 0x00, 0x00,
    0x00, 0x00, 0x00, 0x00, 0xFF, 0xDD, 0xD9, 0x75, 0x57, 0xED, 0xDD, 0xFF, 0x00, 0x00, 0x00, 0x00,
    0x00, 0x00, 0x00, 0x00, 0xFF, 0xDD, 0xDC, 0x55, 0x5E, 0xDD, 0xD8, 0x88, 0x00, 0x00, 0x00, 0x00,
    0x00, 0x00, 0x00, 0x88, 0x84, 0x32, 0x22, 0x47, 0x32, 0x22, 0x93, 0x48, 0x88, 0x00, 0x00, 0x00,
    0x00, 0x00, 0x08, 0x84, 0x39, 0x2A, 0xB1, 0x23, 0x2A, 0xBB, 0x29, 0x99, 0x48, 0x80, 0x00, 0x00,
    0x00, 0x00, 0x88, 0x37, 0x77, 0x4B, 0x1B, 0xA2, 0x2A, 0x1B, 0x29, 0x75, 0x63, 0x88, 0x00, 0x00,
    0x00, 0x00, 0x88, 0x35, 0x57, 0x44, 0xBB, 0x23, 0x2E, 0xBA, 0x26, 0x55, 0x53, 0x88, 0x00, 0x00,
    0x00, 0x00, 0x88, 0x46, 0x55, 0x62, 0x22, 0x37, 0x32, 0x22, 0x35, 0x55, 0x64, 0x88, 0x00, 0x00,
    0x00, 0x00, 0x08, 0x89, 0x65, 0x76, 0xDD, 0x67, 0x7E, 0xDC, 0x55, 0x56, 0x98, 0x80, 0x00, 0x00,
    0x00, 0x00, 0x00, 0x88, 0x95, 0x5D, 0xD5, 0xED, 0xE6, 0xED, 0xC5, 0x59, 0x88, 0x00, 0x00, 0x00,
    0x00, 0x00, 0x00, 0x88, 0x46, 0xED, 0x55, 0xD5, 0xEE, 0x76, 0xDE, 0x54, 0x88, 0x00, 0x00, 0x00,
    0x00, 0x00, 0x00, 0x08, 0x89, 0x57, 0x5C, 0x77, 0x5C, 0x57, 0x6E, 0x68, 0x80, 0x00, 0x00, 0x00,
    0x00, 0x00, 0x00, 0x08, 0x86, 0x75, 0x55, 0x55, 0x55, 0x55, 0x55, 0x68, 0x80, 0x00, 0x00, 0x00,
    0x00, 0x00, 0x00, 0x88, 0x47, 0x55, 0x55, 0x55, 0x55, 0x55, 0x55, 0x54, 0x88, 0x00, 0x00, 0x00,
    0x00, 0x00, 0x00, 0x88, 0x37, 0x55, 0x55, 0x56, 0x65, 0x55, 0x55, 0x73, 0x88, 0x00, 0x00, 0x00,
    0x00, 0x00, 0x00, 0x88, 0x95, 0x55, 0x55, 0x34, 0x43, 0x55, 0x55, 0x59, 0x88, 0x00, 0x00, 0x00,
    0x00, 0x00, 0x00, 0x88, 0x97, 0x55, 0x63, 0x48, 0x84, 0x36, 0x55, 0x79, 0x88, 0x00, 0x00, 0x00,
    0x00, 0x00, 0x00, 0x88, 0x36, 0x63, 0x48, 0x88, 0x88, 0x84, 0x36, 0x63, 0x88, 0x00, 0x00, 0x00,
    0x00, 0x00, 0x00, 0x08, 0x88, 0x88, 0x88, 0x00, 0x00, 0x88, 0x88, 0x88, 0x80, 0x00, 0x00, 0x00,
    0x00, 0x00, 0x00, 0x00, 0x88, 0x88, 0x00, 0x00, 0x00, 0x00, 0x88, 0x88, 0x00, 0x00, 0x00, 0x00,
    0x00, 0x00, 0x00, 0x00, 0x00, 0x00, 0x00, 0x00, 0x00, 0x00, 0x00, 0x00, 0x00, 0x00, 0x00, 0x00,
    0x00, 0x00, 0x00, 0x00, 0x00, 0x00, 0x00, 0x00, 0x00, 0x00, 0x00, 0x00, 0x00, 0x00, 0x00, 0x00,
    0x00, 0x00, 0x00, 0x00, 0x00, 0x00, 0x00, 0x00, 0x00, 0x00, 0x00, 0x00, 0x00, 0x00, 0x00, 0x00,
    0x00, 0x00, 0x00, 0x00, 0x00, 0x00, 0x00, 0x00, 0x00, 0x00, 0x00, 0x00, 0x00, 0x00, 0x00, 0x00,
};
unsigned short ui_skolar_pal[] = {0x294A, 0xF7BF, 0x4033, 0x83AB, 0x62E1, 0xC5F7, 0xB575, 0xCE39, 0x41DB, 0x9CF1, 0xAC79, 0x463B, 0x7355, 0x51C5, 0x945F, 0x3981};
unsigned short ui_skolar_disabled_pal[] = {0x7BDE, 0xDEF7, 0x7BDF, 0xA529, 0x94A5, 0xC631, 0xBDEF, 0xC631, 0x8421, 0xB5AD, 0xB5AD, 0xB5AD, 0x94A5, 0x8421, 0xAD6B, 0x7BDF};
unsigned char ui_muskular_png[] = {
    0x00, 0x00, 0x00, 0x00, 0x00, 0x00, 0x00, 0x00, 0x00, 0x00, 0x00, 0x00, 0x00, 0x00, 0x00, 0x00,
    0x00, 0x00, 0x00, 0x00, 0x00, 0x00, 0x00, 0x00, 0x00, 0x00, 0x00, 0x00, 0x00, 0x00, 0x00, 0x00,
    0x00, 0x00, 0x00, 0x00, 0x00, 0x00, 0x00, 0x00, 0x00, 0x00, 0x00, 0x00, 0x00, 0x00, 0x00, 0x00,
    0x00, 0x00, 0x00, 0x00, 0x00, 0x00, 0x00, 0x00, 0x00, 0x00, 0x00, 0x00, 0x00, 0x00, 0x00, 0x00,
    0x00, 0x00, 0x00, 0x00, 0x00, 0x00, 0x33, 0x33, 0x33, 0x33, 0x30, 0x00, 0x00, 0x00, 0x00, 0x00,
    0x00, 0x00, 0x00, 0x00, 0x00, 0x33, 0x35, 0x55, 0x55, 0x55, 0x33, 0x30, 0x00, 0x00, 0x00, 0x00,
    0x00, 0x00, 0x00, 0x00, 0x03, 0x35, 0x5F, 0x21, 0x11, 0x12, 0xF5, 0x33, 0x00, 0x00, 0x00, 0x00,
    0x00, 0x00, 0x00, 0x00, 0x33, 0x5F, 0x11, 0x11, 0x11, 0x11, 0x1F, 0x53, 0x00, 0x00, 0x00, 0x00,
    0x00, 0x00, 0x00, 0x03, 0x3F, 0x11, 0x1F, 0xFE, 0xEE, 0xEF, 0x12, 0x53, 0x00, 0x00, 0x00, 0x00,
    0x00, 0x00, 0x00, 0x03, 0xF1, 0x1F, 0xFE, 0x44, 0x44, 0x44, 0xEF, 0x53, 0x00, 0x00, 0x00, 0x00,
    0x00, 0x00, 0x33, 0x35, 0xFF, 0xFE, 0x44, 0x44, 0x44, 0x44, 0x43, 0x30, 0x00, 0x00, 0x00, 0x00,
    0x00, 0x00, 0x33, 0x35, 0x44, 0x44, 0x55, 0x55, 0x55, 0x55, 0x33, 0x00, 0x00, 0x00, 0x00, 0x00,
    0x00, 0x00, 0x00, 0x33, 0x33, 0x35, 0x6B, 0xCA, 0xAA, 0xD6, 0x63, 0x33, 0x30, 0x00, 0x00, 0x00,
    0x00, 0x00, 0x03, 0x35, 0xB9, 0xD8, 0x8C, 0x5B, 0xAD, 0x56, 0x7C, 0x9B, 0x53, 0x30, 0x00, 0x00,
    0x00, 0x00, 0x33, 0xBD, 0xAA, 0x78, 0x87, 0xA5, 0xC5, 0xDA, 0x87, 0x7A, 0xDB, 0x33, 0x00, 0x00,
    0x00, 0x00, 0x33, 0xD8, 0x88, 0x88, 0x88, 0x7D, 0xCD, 0xD7, 0x88, 0x88, 0x8D, 0x33, 0x00, 0x00,
    0x00, 0x00, 0x33, 0xB7, 0x88, 0x88, 0x8A, 0x85, 0xD9, 0x57, 0x88, 0x88, 0x7B, 0x33, 0x00, 0x00,
    0x00, 0x00, 0x03, 0x5B, 0x98, 0x78, 0xC6, 0xC5, 0xD9, 0x57, 0x88, 0x89, 0xB5, 0x30, 0x00, 0x00,
    0x00, 0x00, 0x00, 0x33, 0xBD, 0x88, 0xB5, 0x77, 0x78, 0x88, 0x88, 0xDB, 0x33, 0x00, 0x00, 0x00,
    0x00, 0x00, 0x00, 0x03, 0x3D, 0x78, 0xC6, 0xB9, 0xC8, 0x88, 0x87, 0xD3, 0x30, 0x00, 0x00, 0x00,
    0x00, 0x00, 0x00, 0x03, 0x3C, 0x78, 0x78, 0x9B, 0xBC, 0x88, 0x87, 0xC3, 0x30, 0x00, 0x00, 0x00,
    0x00, 0x00, 0x00, 0x03, 0xBC, 0x88, 0x87, 0xA7, 0x88, 0x88, 0x88, 0xCB, 0x30, 0x00, 0x00, 0x00,
    0x00, 0x00, 0x00, 0x33, 0x97, 0x88, 0x88, 0x88, 0x88, 0x88, 0x88, 0x79, 0x33, 0x00, 0x00, 0x00,
    0x00, 0x00, 0x00, 0x35, 0xCA, 0x88, 0x88, 0x9B, 0xB9, 0x88, 0x88, 0xAC, 0x53, 0x00, 0x00, 0x00,
    0x00, 0x00, 0x00, 0x35, 0xC7, 0x88, 0xC6, 0x33, 0x33, 0x6C, 0x88, 0x7C, 0x53, 0x00, 0x00, 0x00,
    0x00, 0x00, 0x00, 0x33, 0x97, 0xCD, 0x33, 0x30, 0x03, 0x33, 0xDC, 0x79, 0x33, 0x00, 0x00, 0x00,
    0x00, 0x00, 0x00, 0x33, 0x33, 0x33, 0x33, 0x00, 0x00, 0x33, 0x33, 0x33, 0x33, 0x00, 0x00, 0x00,
    0x00, 0x00, 0x00, 0x03, 0x33, 0x33, 0x00, 0x00, 0x00, 0x00, 0x33, 0x33, 0x30, 0x00, 0x00, 0x00,
    0x00, 0x00, 0x00, 0x00, 0x00, 0x00, 0x00, 0x00, 0x00, 0x00, 0x00, 0x00, 0x00, 0x00, 0x00, 0x00,
    0x00, 0x00, 0x00, 0x00, 0x00, 0x00, 0x00, 0x00, 0x00, 0x00, 0x00, 0x00, 0x00, 0x00, 0x00, 0x00,
    0x00, 0x00, 0x00, 0x00, 0x00, 0x00, 0x00, 0x00, 0x00, 0x00, 0x00, 0x00, 0x00, 0x00, 0x00, 0x00,
    0x00, 0x00, 0x00, 0x00, 0x00, 0x00, 0x00, 0x00, 0x00, 0x00, 0x00, 0x00, 0x00, 0x00, 0x00, 0x00,
};
unsigned short ui_muskular_pal[] = {0x294A, 0xEFFF, 0xC73F, 0x2217, 0x3373, 0x329B, 0x7425, 0xA677, 0xA677, 0x6D2D, 0xAEB9, 0x539F, 0x9633, 0x85AF, 0x6CF7, 0x967D};
unsigned short ui_muskular_disabled_pal[] = {0x7BDE, 0xDEF7, 0xCE73, 0x8421, 0x94A5, 0x8C63, 0xA529, 0xC631, 0xC631, 0xAD6B, 0xC631, 0x94A5, 0xBDEF, 0xB5AD, 0xAD6B, 0xC631};
unsigned char ui_misstar_png[] = {
    0x00, 0x00, 0x00, 0x00, 0x00, 0x00, 0x00, 0x00, 0x00, 0x00, 0x00, 0x00, 0x00, 0x00, 0x00, 0x00,
    0x00, 0x00, 0x00, 0x00, 0x00, 0x00, 0x00, 0x00, 0x00, 0x00, 0x00, 0x00, 0x00, 0x00, 0x00, 0x00,
    0x00, 0x00, 0x00, 0x00, 0x00, 0x00, 0x00, 0x00, 0x00, 0x00, 0x00, 0x00, 0x00, 0x00, 0x00, 0x00,
    0x00, 0x00, 0x00, 0x00, 0x00, 0x00, 0x00, 0x00, 0x00, 0x00, 0x00, 0x00, 0x00, 0x00, 0x00, 0x00,
    0x00, 0x00, 0x00, 0x00, 0x99, 0x99, 0x99, 0x00, 0x00, 0x09, 0x99, 0x90, 0x00, 0x00, 0x00, 0x00,
    0x00, 0x00, 0x00, 0x09, 0x67, 0x77, 0x76, 0x99, 0x09, 0x96, 0x77, 0x69, 0x00, 0x00, 0x00, 0x00,
    0x00, 0x00, 0x00, 0x96, 0x77, 0x67, 0x77, 0x76, 0x96, 0x77, 0x77, 0x76, 0x90, 0x00, 0x00, 0x00,
    0x00, 0x00, 0x09, 0x67, 0x69, 0x99, 0x99, 0x67, 0x77, 0x69, 0x96, 0x67, 0x90, 0x00, 0x00, 0x00,
    0x00, 0x00, 0x09, 0x66, 0x99, 0x00, 0x08, 0x89, 0x99, 0x88, 0x09, 0x67, 0x90, 0x00, 0x00, 0x00,
    0x00, 0x00, 0x09, 0x66, 0x90, 0x00, 0x88, 0x53, 0x33, 0x48, 0x09, 0x67, 0x90, 0x00, 0x00, 0x00,
    0x00, 0x00, 0x09, 0x66, 0x90, 0x00, 0x85, 0x21, 0x11, 0x45, 0x96, 0x76, 0x90, 0x00, 0x00, 0x00,
    0x00, 0x00, 0x00, 0x96, 0x79, 0x08, 0x83, 0x22, 0x11, 0x24, 0x96, 0x69, 0x00, 0x00, 0x00, 0x00,
    0x00, 0x00, 0x00, 0x09, 0x67, 0x98, 0x53, 0xAA, 0x32, 0x2A, 0x59, 0x99, 0x90, 0x00, 0x00, 0x00,
    0x00, 0x00, 0x00, 0x88, 0x96, 0x76, 0x31, 0x11, 0xA1, 0xA2, 0x31, 0x96, 0x79, 0x00, 0x00, 0x00,
    0x00, 0x00, 0x08, 0x84, 0x39, 0x67, 0x64, 0x11, 0x11, 0x11, 0x11, 0x39, 0x66, 0x90, 0x00, 0x00,
    0x00, 0x00, 0x08, 0x84, 0x13, 0x97, 0x63, 0x11, 0x11, 0x11, 0x11, 0x25, 0x97, 0x90, 0x00, 0x00,
    0x00, 0x00, 0x08, 0x8A, 0x13, 0x67, 0x63, 0x13, 0x81, 0x83, 0x11, 0x25, 0x97, 0x90, 0x00, 0x00,
    0x00, 0x00, 0x00, 0x88, 0x55, 0x67, 0x63, 0x13, 0x81, 0x83, 0x11, 0x25, 0x97, 0x90, 0x00, 0x00,
    0x00, 0x00, 0x00, 0x08, 0x86, 0x77, 0x63, 0x11, 0x11, 0x11, 0x11, 0x38, 0x97, 0x90, 0x00, 0x00,
    0x00, 0x00, 0x00, 0x09, 0x96, 0x76, 0x53, 0x11, 0xA2, 0xA1, 0x11, 0x58, 0x66, 0x90, 0x00, 0x00,
    0x00, 0x00, 0x00, 0x99, 0x67, 0x66, 0x31, 0x11, 0x3A, 0x31, 0x11, 0x38, 0x99, 0x00, 0x00, 0x00,
    0x00, 0x00, 0x09, 0x96, 0x76, 0x95, 0x31, 0x11, 0x11, 0x11, 0x11, 0x3A, 0x80, 0x09, 0x00, 0x00,
    0x00, 0x00, 0x09, 0x66, 0x69, 0x53, 0x11, 0x11, 0x11, 0x11, 0x11, 0x25, 0x89, 0x99, 0x00, 0x00,
    0x00, 0x00, 0x99, 0x76, 0x85, 0x31, 0x11, 0x13, 0x53, 0x11, 0x11, 0x14, 0x87, 0x79, 0x00, 0x00,
    0x00, 0x00, 0x96, 0x79, 0x85, 0x11, 0x13, 0x35, 0x88, 0x53, 0x11, 0x14, 0x86, 0x69, 0x00, 0x00,
    0x00, 0x00, 0x97, 0x76, 0x85, 0x43, 0x35, 0x88, 0x88, 0x88, 0x54, 0x4A, 0x89, 0x99, 0x00, 0x00,
    0x00, 0x00, 0x97, 0x99, 0x88, 0x88, 0x88, 0x88, 0x00, 0x88, 0x88, 0x88, 0x80, 0x00, 0x00, 0x00,
    0x00, 0x00, 0x99, 0x90, 0x08, 0x88, 0x88, 0x00, 0x00, 0x00, 0x88, 0x88, 0x00, 0x00, 0x00, 0x00,
    0x00, 0x00, 0x00, 0x00, 0x00, 0x00, 0x00, 0x00, 0x00, 0x00, 0x00, 0x00, 0x00, 0x00, 0x00, 0x00,
    0x00, 0x00, 0x00, 0x00, 0x00, 0x00, 0x00, 0x00, 0x00, 0x00, 0x00, 0x00, 0x00, 0x00, 0x00, 0x00,
    0x00, 0x00, 0x00, 0x00, 0x00, 0x00, 0x00, 0x00, 0x00, 0x00, 0x00, 0x00, 0x00, 0x00, 0x00, 0x00,
    0x00, 0x00, 0x00, 0x00, 0x00, 0x00, 0x00, 0x00, 0x00, 0x00, 0x00, 0x00, 0x00, 0x00, 0x00, 0x00,
};
unsigned short ui_misstar_pal[] = {0x294A, 0xFEBB, 0xF635, 0xF4B1, 0xF531, 0xDC21, 0xD8C5, 0xFA87, 0x694D, 0x9983, 0xC387, 0x0001, 0x0001, 0x0001, 0x0001, 0x0001};
unsigned short ui_misstar_disabled_pal[] = {0x7BDE, 0xD6B5, 0xCE73, 0xC631, 0xC631, 0xB5AD, 0x8C63, 0xA529, 0x8421, 0x8C63, 0xA529, 0x6319, 0x6319, 0x6319, 0x6319, 0x6319};
unsigned char ui_klevar_png[] = {
    0x00, 0x00, 0x00, 0x00, 0x00, 0x00, 0x00, 0x00, 0x00, 0x00, 0x00, 0x00, 0x00, 0x00, 0x00, 0x00,
    0x00, 0x00, 0x00, 0x00, 0x00, 0x00, 0x00, 0x00, 0x00, 0x00, 0x00, 0x00, 0x00, 0x00, 0x00, 0x00,
    0x00, 0x00, 0x00, 0x00, 0x00, 0x00, 0x00, 0x00, 0x00, 0x00, 0x00, 0x00, 0x00, 0x00, 0x00, 0x00,
    0x00, 0x00, 0x00, 0x00, 0x00, 0x00, 0x00, 0x00, 0x00, 0x00, 0x00, 0x00, 0x00, 0x00, 0x00, 0x00,
    0x00, 0x00, 0x00, 0x00, 0x00, 0x00, 0x00, 0x55, 0x55, 0x50, 0x00, 0x00, 0x00, 0x00, 0x00, 0x00,
    0x00, 0x00, 0x00, 0x00, 0x00, 0x00, 0x05, 0x55, 0x45, 0x55, 0x00, 0x00, 0x00, 0x00, 0x00, 0x00,
    0x00, 0x00, 0x00, 0x00, 0x00, 0x00, 0x55, 0x52, 0x12, 0x55, 0x50, 0x00, 0x00, 0x00, 0x00, 0x00,
    0x00, 0x00, 0x00, 0x00, 0x00, 0x00, 0x55, 0x31, 0x11, 0x35, 0x50, 0x00, 0x00, 0x00, 0x00, 0x00,
    0x00, 0x00, 0x00, 0x00, 0x00, 0x05, 0x54, 0x11, 0x11, 0x14, 0x55, 0x00, 0x00, 0x00, 0x00, 0x00,
    0x00, 0x00, 0x00, 0x00, 0x00, 0x05, 0x52, 0x11, 0x11, 0x12, 0x55, 0x00, 0x00, 0x00, 0x00, 0x00,
    0x00, 0x00, 0x00, 0x00, 0x55, 0x55, 0x41, 0x11, 0x11, 0x11, 0x45, 0x50, 0x00, 0x00, 0x00, 0x00,
    0x00, 0x00, 0x00, 0x55, 0x55, 0x54, 0x2D, 0x31, 0x13, 0xD2, 0x24, 0x55, 0x50, 0x00, 0x00, 0x00,
    0x00, 0x00, 0x05, 0x55, 0x43, 0x22, 0xD3, 0x11, 0x11, 0x3D, 0x12, 0x35, 0x55, 0x00, 0x00, 0x00,
    0x00, 0x00, 0x55, 0x42, 0x11, 0x11, 0x11, 0x11, 0x11, 0x11, 0x11, 0x12, 0x35, 0x50, 0x00, 0x00,
    0x00, 0x00, 0x55, 0x21, 0x11, 0x11, 0x31, 0x11, 0x31, 0x11, 0x11, 0x11, 0x24, 0x55, 0x00, 0x00,
    0x00, 0x00, 0x55, 0x41, 0x11, 0x11, 0x4D, 0x31, 0x4D, 0x31, 0x11, 0x21, 0x13, 0x55, 0x00, 0x00,
    0x00, 0x00, 0x05, 0x54, 0x11, 0x77, 0x22, 0x11, 0x22, 0x17, 0x4E, 0xE2, 0x12, 0x55, 0x00, 0x00,
    0x00, 0x00, 0x00, 0x55, 0x31, 0x88, 0x11, 0xDD, 0x31, 0x18, 0xEB, 0xE3, 0x24, 0x55, 0x00, 0x00,
    0x00, 0x00, 0x00, 0x05, 0x53, 0x11, 0x11, 0x11, 0x11, 0x11, 0xEA, 0xC5, 0x55, 0x5E, 0x00, 0x00,
    0x00, 0x00, 0x00, 0x05, 0x54, 0x1D, 0xDD, 0x93, 0x9D, 0xDD, 0xEA, 0xFF, 0xBF, 0xFE, 0x00, 0x00,
    0x00, 0x00, 0x00, 0x05, 0x53, 0x1D, 0x88, 0x9D, 0x98, 0x8D, 0xEA, 0xFF, 0xBF, 0xFE, 0x00, 0x00,
    0x00, 0x00, 0x00, 0x05, 0x52, 0x1D, 0x8D, 0xD8, 0xDD, 0x9D, 0xEA, 0xFF, 0xBF, 0xFE, 0x00, 0x00,
    0x00, 0x00, 0x00, 0x05, 0x51, 0x1D, 0x88, 0x9D, 0x98, 0x8D, 0xEA, 0xFF, 0xFF, 0xFE, 0x00, 0x00,
    0x00, 0x00, 0x00, 0x55, 0x41, 0x1D, 0xDD, 0x23, 0x9D, 0xDD, 0xEE, 0xEE, 0xEE, 0xEE, 0x00, 0x00,
    0x00, 0x00, 0x00, 0x55, 0x41, 0x11, 0x12, 0x34, 0x43, 0x22, 0x11, 0x11, 0x55, 0x00, 0x00, 0x00,
    0x00, 0x00, 0x00, 0x55, 0x42, 0x22, 0x45, 0x55, 0x55, 0x55, 0x43, 0x22, 0x55, 0x00, 0x00, 0x00,
    0x00, 0x00, 0x00, 0x55, 0x54, 0x55, 0x55, 0x50, 0x00, 0x55, 0x55, 0x45, 0x55, 0x00, 0x00, 0x00,
    0x00, 0x00, 0x00, 0x05, 0x55, 0x55, 0x50, 0x00, 0x00, 0x00, 0x55, 0x55, 0x50, 0x00, 0x00, 0x00,
    0x00, 0x00, 0x00, 0x00, 0x00, 0x00, 0x00, 0x00, 0x00, 0x00, 0x00, 0x00, 0x00, 0x00, 0x00, 0x00,
    0x00, 0x00, 0x00, 0x00, 0x00, 0x00, 0x00, 0x00, 0x00, 0x00, 0x00, 0x00, 0x00, 0x00, 0x00, 0x00,
    0x00, 0x00, 0x00, 0x00, 0x00, 0x00, 0x00, 0x00, 0x00, 0x00, 0x00, 0x00, 0x00, 0x00, 0x00, 0x00,
    0x00, 0x00, 0x00, 0x00, 0x00, 0x00, 0x00, 0x00, 0x00, 0x00, 0x00, 0x00, 0x00, 0x00, 0x00, 0x00,
};
unsigned short ui_klevar_pal[] = {0x294A, 0xE707, 0xCDC3, 0xB485, 0x9343, 0x5A01, 0x83D7, 0xED99, 0xEBE9, 0xC2E1, 0xF7BF, 0xDEF9, 0x83D7, 0x89CD, 0x7A41, 0xE24F};
unsigned short ui_klevar_disabled_pal[] = {0x7BDE, 0xC631, 0xB5AD, 0xA529, 0x94A5, 0x8421, 0x9CE7, 0xBDEF, 0xB5AD, 0xA529, 0xDEF7, 0xCE73, 0x9CE7, 0x8C63, 0x8C63, 0xA529};
unsigned char ui_kalmar_png[] = {
    0x00, 0x00, 0x00, 0x00, 0x00, 0x00, 0x00, 0x00, 0x00, 0x00, 0x00, 0x00, 0x00, 0x00, 0x00, 0x00,
    0x00, 0x00, 0x00, 0x00, 0x00, 0x00, 0x00, 0x00, 0x00, 0x00, 0x00, 0x00, 0x00, 0x00, 0x00, 0x00,
    0x00, 0x00, 0x00, 0x00, 0x00, 0x00, 0x00, 0x00, 0x00, 0x00, 0x00, 0x00, 0x00, 0x00, 0x00, 0x00,
    0x00, 0x00, 0x00, 0x00, 0x00, 0x00, 0x00, 0x00, 0x00, 0x00, 0x00, 0x00, 0x00, 0x00, 0x00, 0x00,
    0x00, 0x00, 0x00, 0x00, 0x00, 0x00, 0x00, 0x77, 0x77, 0x00, 0x00, 0x00, 0x00, 0x00, 0x00, 0x00,
    0x00, 0x00, 0x00, 0x00, 0x00, 0x00, 0x07, 0x77, 0x77, 0x70, 0x00, 0x00, 0x00, 0x00, 0x00, 0x00,
    0x00, 0x00, 0x00, 0x00, 0x00, 0x00, 0x77, 0x74, 0x47, 0x77, 0x00, 0x00, 0x00, 0x00, 0x00, 0x00,
    0x00, 0x00, 0x00, 0x00, 0x00, 0x00, 0x77, 0x53, 0x35, 0x77, 0x00, 0x00, 0x00, 0x00, 0x00, 0x00,
    0x00, 0x00, 0x00, 0x00, 0x00, 0x07, 0x76, 0x43, 0x34, 0x67, 0x70, 0x00, 0x00, 0x00, 0x00, 0x00,
    0x00, 0x00, 0x00, 0x00, 0x00, 0x77, 0x75, 0x11, 0x11, 0x57, 0x77, 0x00, 0x00, 0x00, 0x00, 0x00,
    0x00, 0x00, 0x00, 0x07, 0x77, 0x77, 0x61, 0x11, 0x11, 0x16, 0x77, 0x77, 0x70, 0x00, 0x00, 0x00,
    0x00, 0x00, 0x07, 0x77, 0x77, 0x65, 0x41, 0x11, 0x11, 0x14, 0x56, 0x77, 0x77, 0x70, 0x00, 0x00,
    0x00, 0x00, 0x77, 0x75, 0x43, 0x14, 0x77, 0x51, 0x15, 0x77, 0x42, 0x34, 0x57, 0x77, 0x00, 0x00,
    0x00, 0x00, 0x77, 0x42, 0x11, 0x25, 0x74, 0x21, 0x12, 0x47, 0x52, 0x11, 0x24, 0x77, 0x00, 0x00,
    0x00, 0x00, 0x77, 0x52, 0x11, 0x24, 0x32, 0x11, 0x11, 0x23, 0x41, 0x11, 0x25, 0x77, 0x00, 0x00,
    0x00, 0x00, 0x07, 0x74, 0x11, 0x11, 0x47, 0x51, 0x15, 0x73, 0x11, 0x11, 0x47, 0x70, 0x00, 0x00,
    0x00, 0x00, 0x07, 0x77, 0x41, 0x15, 0x76, 0x41, 0x14, 0x67, 0x51, 0x14, 0x77, 0x70, 0x00, 0x00,
    0x00, 0x00, 0x00, 0x77, 0x64, 0x11, 0x24, 0x45, 0x54, 0x42, 0x11, 0x46, 0x77, 0x00, 0x00, 0x00,
    0x00, 0x00, 0x00, 0x07, 0x76, 0x11, 0x46, 0x77, 0x77, 0x64, 0x11, 0x67, 0x70, 0x00, 0x00, 0x00,
    0x00, 0x00, 0x00, 0x07, 0x76, 0x11, 0x56, 0x56, 0x65, 0x65, 0x11, 0x67, 0x70, 0x00, 0x00, 0x00,
    0x00, 0x00, 0x00, 0x07, 0x75, 0x11, 0x11, 0x11, 0x11, 0x11, 0x11, 0x57, 0x70, 0x00, 0x00, 0x00,
    0x00, 0x00, 0x00, 0x77, 0x74, 0x11, 0x11, 0x11, 0x11, 0x11, 0x11, 0x47, 0x77, 0x00, 0x00, 0x00,
    0x00, 0x00, 0x00, 0x77, 0x62, 0x11, 0x11, 0x13, 0x31, 0x11, 0x11, 0x26, 0x77, 0x00, 0x00, 0x00,
    0x00, 0x00, 0x00, 0x77, 0x52, 0x11, 0x14, 0x57, 0x75, 0x41, 0x11, 0x25, 0x77, 0x00, 0x00, 0x00,
    0x00, 0x00, 0x00, 0x77, 0x54, 0x34, 0x56, 0x77, 0x77, 0x65, 0x43, 0x45, 0x77, 0x00, 0x00, 0x00,
    0x00, 0x00, 0x00, 0x77, 0x65, 0x56, 0x77, 0x70, 0x07, 0x77, 0x65, 0x56, 0x77, 0x00, 0x00, 0x00,
    0x00, 0x00, 0x00, 0x07, 0x77, 0x77, 0x77, 0x00, 0x00, 0x77, 0x77, 0x77, 0x70, 0x00, 0x00, 0x00,
    0x00, 0x00, 0x00, 0x00, 0x77, 0x70, 0x00, 0x00, 0x00, 0x00, 0x77, 0x77, 0x00, 0x00, 0x00, 0x00,
    0x00, 0x00, 0x00, 0x00, 0x00, 0x00, 0x00, 0x00, 0x00, 0x00, 0x00, 0x00, 0x00, 0x00, 0x00, 0x00,
    0x00, 0x00, 0x00, 0x00, 0x00, 0x00, 0x00, 0x00, 0x00, 0x00, 0x00, 0x00, 0x00, 0x00, 0x00, 0x00,
    0x00, 0x00, 0x00, 0x00, 0x00, 0x00, 0x00, 0x00, 0x00, 0x00, 0x00, 0x00, 0x00, 0x00, 0x00, 0x00,
    0x00, 0x00, 0x00, 0x00, 0x00, 0x00, 0x00, 0x00, 0x00, 0x00, 0x00, 0x00, 0x00, 0x00, 0x00, 0x00,
};
unsigned short ui_kalmar_pal[] = {0x294A, 0xDEC7, 0xE707, 0xCE45, 0xADC5, 0x8CC7, 0x63C3, 0x3247, 0x5B55, 0x4213, 0x0001, 0x0001, 0x0001, 0x0001, 0x0001, 0x0001};
unsigned short ui_kalmar_disabled_pal[] = {0x7BDE, 0xC631, 0xC631, 0xBDEF, 0xAD6B, 0xA529, 0x94A5, 0x8421, 0x94A5, 0x8421, 0x6319, 0x6319, 0x6319, 0x6319, 0x6319, 0x6319};
unsigned char ui_star_beam_png[] = {
    0x00, 0x00, 0x00, 0x00, 0x00, 0x00, 0x00, 0x00, 0x00, 0x00, 0x00, 0x00, 0x00, 0x00, 0x00, 0x00,
    0x00, 0x00, 0x00, 0x00, 0x00, 0x00, 0x00, 0x00, 0x00, 0x00, 0x00, 0x00, 0x00, 0x00, 0x00, 0x00,
    0x00, 0x00, 0x00, 0x00, 0x00, 0x00, 0x00, 0x00, 0x00, 0x00, 0x00, 0x00, 0x00, 0x00, 0x00, 0x00,
    0x00, 0x00, 0x00, 0x00, 0x00, 0x00, 0x00, 0x00, 0x00, 0x00, 0x00, 0x00, 0x00, 0x00, 0x00, 0x00,
    0x00, 0x00, 0x00, 0x00, 0x00, 0x03, 0x33, 0x00, 0x00, 0x03, 0x33, 0x00, 0x00, 0x00, 0x00, 0x00,
    0x00, 0x00, 0x00, 0x00, 0x00, 0x33, 0x33, 0x30, 0x00, 0x33, 0x33, 0x30, 0x00, 0x00, 0x00, 0x00,
    0x00, 0x00, 0x00, 0x00, 0x03, 0x33, 0x13, 0x33, 0x33, 0x33, 0x13, 0x33, 0x00, 0x00, 0x00, 0x00,
    0x00, 0x00, 0x00, 0x03, 0x33, 0x32, 0x12, 0x33, 0x33, 0x32, 0x12, 0x33, 0x33, 0x00, 0x00, 0x00,
    0x00, 0x00, 0x00, 0x03, 0x31, 0x1E, 0x1E, 0x11, 0x31, 0x11, 0xF1, 0x11, 0x33, 0x00, 0x00, 0x00,
    0x00, 0x00, 0x00, 0x03, 0x33, 0x2E, 0xEE, 0x23, 0x33, 0x2F, 0x8F, 0x83, 0x33, 0x00, 0x00, 0x00,
    0x00, 0x00, 0x00, 0x00, 0x33, 0x2E, 0x1E, 0x23, 0x33, 0x21, 0x11, 0x23, 0x30, 0x00, 0x00, 0x00,
    0x00, 0x00, 0x00, 0xCC, 0xC3, 0x12, 0x32, 0x13, 0x33, 0x12, 0x32, 0x13, 0x39, 0x00, 0x00, 0x00,
    0x00, 0x00, 0x0C, 0xEC, 0xAC, 0xE3, 0x33, 0x33, 0x33, 0x33, 0x39, 0x77, 0x79, 0x90, 0x00, 0x00,
    0x00, 0x00, 0xCC, 0xEB, 0xAB, 0xEC, 0xC3, 0x30, 0x03, 0x39, 0x99, 0x88, 0x89, 0x99, 0x00, 0x00,
    0x00, 0x00, 0xCA, 0xEA, 0xAE, 0xAA, 0xCC, 0x00, 0x00, 0x99, 0x77, 0x77, 0x77, 0x79, 0x00, 0x00,
    0x00, 0x00, 0xCC, 0xBA, 0xAE, 0xBC, 0xCC, 0x00, 0x00, 0x99, 0x98, 0x77, 0x78, 0x99, 0x00, 0x00,
    0x00, 0x00, 0xCE, 0xBA, 0xAA, 0xEE, 0xC0, 0x00, 0x00, 0x09, 0x98, 0x77, 0x78, 0x99, 0x00, 0x00,
    0x00, 0x00, 0xCC, 0xAB, 0xCB, 0xAC, 0xC0, 0x00, 0x00, 0x09, 0x97, 0x89, 0x87, 0x99, 0x00, 0x00,
    0x00, 0x00, 0xCC, 0xCC, 0xCC, 0xCC, 0xC0, 0x03, 0x30, 0x09, 0x99, 0x99, 0x99, 0x99, 0x00, 0x00,
    0x00, 0x00, 0x0C, 0x66, 0x64, 0x66, 0x63, 0x33, 0x33, 0x33, 0x3E, 0x31, 0x3E, 0x30, 0x00, 0x00,
    0x00, 0x00, 0x06, 0x66, 0x54, 0x56, 0x66, 0x33, 0x13, 0x33, 0x33, 0xEE, 0xE3, 0x33, 0x00, 0x00,
    0x00, 0x00, 0x06, 0x48, 0xFF, 0x8F, 0x43, 0x32, 0x12, 0x33, 0x11, 0x12, 0x11, 0x13, 0x00, 0x00,
    0x00, 0x00, 0x06, 0x6F, 0xF4, 0xFF, 0x61, 0x12, 0x22, 0x11, 0x32, 0x11, 0x12, 0x33, 0x00, 0x00,
    0x00, 0x00, 0x06, 0x65, 0x44, 0x45, 0x63, 0x21, 0xD1, 0x23, 0x32, 0x11, 0x12, 0x33, 0x00, 0x00,
    0x00, 0x00, 0x06, 0x64, 0x56, 0x54, 0x63, 0x2D, 0xDD, 0x23, 0x31, 0x23, 0x21, 0x33, 0x00, 0x00,
    0x00, 0x00, 0x06, 0x66, 0x66, 0x66, 0x63, 0xDD, 0x3D, 0xD3, 0x33, 0x33, 0x33, 0x33, 0x00, 0x00,
    0x00, 0x00, 0x00, 0x66, 0x60, 0x66, 0x63, 0x33, 0x33, 0x33, 0x33, 0x30, 0x33, 0x30, 0x00, 0x00,
    0x00, 0x00, 0x00, 0x00, 0x00, 0x00, 0x03, 0x33, 0x03, 0x33, 0x00, 0x00, 0x00, 0x00, 0x00, 0x00,
    0x00, 0x00, 0x00, 0x00, 0x00, 0x00, 0x00, 0x00, 0x00, 0x00, 0x00, 0x00, 0x00, 0x00, 0x00, 0x00,
    0x00, 0x00, 0x00, 0x00, 0x00, 0x00, 0x00, 0x00, 0x00, 0x00, 0x00, 0x00, 0x00, 0x00, 0x00, 0x00,
    0x00, 0x00, 0x00, 0x00, 0x00, 0x00, 0x00, 0x00, 0x00, 0x00, 0x00, 0x00, 0x00, 0x00, 0x00, 0x00,
    0x00, 0x00, 0x00, 0x00, 0x00, 0x00, 0x00, 0x00, 0x00, 0x00, 0x00, 0x00, 0x00, 0x00, 0x00, 0x00,
};
unsigned short ui_star_beam_pal[] = {0x294A, 0xFF81, 0xE3C1, 0x6083, 0xC4FF, 0xB2F7, 0x481D, 0xA77F, 0x2421, 0x0215, 0xFD7B, 0xD227, 0x7813, 0xFFFF, 0xD8CD, 0x1B5D};
unsigned short ui_star_beam_disabled_pal[] = {0x7BDE, 0xC631, 0xA529, 0x7BDF, 0xBDEF, 0xAD6B, 0x7BDF, 0xCE73, 0x94A5, 0x7BDF, 0xC631, 0xA529, 0x7BDF, 0xDEF7, 0x94A5, 0x8C63};
unsigned char ui_peach_beam_png[] = {
    0x00, 0x00, 0x00, 0x00, 0x00, 0x00, 0x00, 0x00, 0x00, 0x00, 0x00, 0x00, 0x00, 0x00, 0x00, 0x00,
    0x00, 0x00, 0x00, 0x00, 0x00, 0x00, 0x00, 0x00, 0x00, 0x00, 0x00, 0x00, 0x00, 0x00, 0x00, 0x00,
    0x00, 0x00, 0x00, 0x00, 0x00, 0x00, 0x00, 0x00, 0x00, 0x00, 0x00, 0x00, 0x00, 0x00, 0x00, 0x00,
    0x00, 0x00, 0x00, 0x00, 0x00, 0x00, 0x00, 0x00, 0x00, 0x00, 0x00, 0x00, 0x00, 0x00, 0x00, 0x00,
    0x00, 0x00, 0x00, 0x00, 0x00, 0x04, 0x44, 0x44, 0x44, 0x44, 0x40, 0x00, 0x00, 0x00, 0x00, 0x00,
    0x00, 0x00, 0x00, 0x00, 0x00, 0x44, 0x34, 0x33, 0x33, 0x43, 0x44, 0x00, 0x00, 0x00, 0x00, 0x00,
    0x00, 0x00, 0x00, 0x00, 0x00, 0x44, 0x37, 0x36, 0x63, 0x73, 0x44, 0x00, 0x00, 0x00, 0x00, 0x00,
    0x00, 0x00, 0x00, 0x00, 0x99, 0x44, 0x33, 0x65, 0x66, 0x33, 0x44, 0x99, 0x00, 0x00, 0x00, 0x00,
    0x00, 0x00, 0x00, 0x09, 0x99, 0xF4, 0x33, 0x36, 0x63, 0x33, 0x4F, 0x99, 0x90, 0x00, 0x00, 0x00,
    0x00, 0x00, 0x00, 0x99, 0xF7, 0x77, 0xF7, 0x33, 0x33, 0x7F, 0x77, 0x7F, 0x99, 0x00, 0x00, 0x00,
    0x00, 0x00, 0x00, 0x99, 0x78, 0x87, 0x7F, 0xFF, 0xFF, 0xF7, 0x77, 0x77, 0x99, 0x00, 0x00, 0x00,
    0x00, 0x00, 0x09, 0x9F, 0x87, 0xFF, 0x77, 0x77, 0x77, 0x77, 0xFF, 0x77, 0xF9, 0x90, 0x00, 0x00,
    0x00, 0x00, 0x99, 0x77, 0x7F, 0x72, 0xFF, 0x77, 0x77, 0xFF, 0x27, 0xF7, 0x77, 0x99, 0x00, 0x00,
    0x00, 0x00, 0x09, 0x97, 0x7F, 0x11, 0x12, 0xFF, 0xFF, 0x21, 0x11, 0xF7, 0x79, 0x90, 0x00, 0x00,
    0x00, 0x00, 0x99, 0x77, 0x7F, 0x11, 0x11, 0x11, 0x11, 0x11, 0x11, 0xF7, 0x77, 0x99, 0x00, 0x00,
    0x00, 0x00, 0x09, 0x9F, 0x7F, 0x1A, 0x11, 0xA1, 0x1A, 0x11, 0xA1, 0xF7, 0xF9, 0x90, 0x00, 0x00,
    0x00, 0x00, 0x00, 0x99, 0xFF, 0x12, 0xAA, 0x21, 0x12, 0xAA, 0x21, 0xFF, 0x99, 0x00, 0x00, 0x00,
    0x00, 0x00, 0x00, 0x99, 0x56, 0xF1, 0x11, 0x11, 0x11, 0x11, 0x1F, 0x56, 0x99, 0x00, 0x00, 0x00,
    0x00, 0x00, 0x00, 0x99, 0x66, 0xFF, 0x71, 0x11, 0x11, 0x17, 0xFF, 0x66, 0x99, 0x00, 0x00, 0x00,
    0x00, 0x00, 0x09, 0x9F, 0x77, 0x7F, 0xCC, 0xCC, 0xCC, 0xCC, 0xF7, 0x77, 0xF9, 0x90, 0x00, 0x00,
    0x00, 0x00, 0x09, 0x97, 0x87, 0xFC, 0xBC, 0xDB, 0xED, 0xCB, 0xCF, 0x77, 0x79, 0x90, 0x00, 0x00,
    0x00, 0x00, 0x99, 0xF8, 0x77, 0xCB, 0xCD, 0xDE, 0xDD, 0xDC, 0xBC, 0x77, 0x7F, 0x99, 0x00, 0x00,
    0x00, 0x00, 0x99, 0x78, 0x77, 0xCB, 0xCD, 0xDB, 0xED, 0xDC, 0xBC, 0x77, 0x77, 0x99, 0x00, 0x00,
    0x00, 0x00, 0x99, 0x77, 0x77, 0xCC, 0xDD, 0xDC, 0xCB, 0xDD, 0xCC, 0x77, 0x77, 0x99, 0x00, 0x00,
    0x00, 0x00, 0x99, 0x77, 0x7F, 0xCD, 0xDD, 0xCC, 0xCC, 0xDD, 0xDC, 0xF7, 0x77, 0x99, 0x00, 0x00,
    0x00, 0x00, 0x09, 0x97, 0x7E, 0xDD, 0xDB, 0xCB, 0xBC, 0xBD, 0xDD, 0xE7, 0x79, 0x90, 0x00, 0x00,
    0x00, 0x00, 0x09, 0x99, 0xFE, 0xDD, 0xDC, 0xBB, 0xBB, 0xCD, 0xDD, 0xEF, 0x99, 0x90, 0x00, 0x00,
    0x00, 0x00, 0x00, 0x09, 0x99, 0xCC, 0xCC, 0xCC, 0xCC, 0xCC, 0xCC, 0x99, 0x90, 0x00, 0x00, 0x00,
    0x00, 0x00, 0x00, 0x00, 0x00, 0x00, 0x00, 0x00, 0x00, 0x00, 0x00, 0x00, 0x00, 0x00, 0x00, 0x00,
    0x00, 0x00, 0x00, 0x00, 0x00, 0x00, 0x00, 0x00, 0x00, 0x00, 0x00, 0x00, 0x00, 0x00, 0x00, 0x00,
    0x00, 0x00, 0x00, 0x00, 0x00, 0x00, 0x00, 0x00, 0x00, 0x00, 0x00, 0x00, 0x00, 0x00, 0x00, 0x00,
    0x00, 0x00, 0x00, 0x00, 0x00, 0x00, 0x00, 0x00, 0x00, 0x00, 0x00, 0x00, 0x00, 0x00, 0x00, 0x00,
};
unsigned short ui_peach_beam_pal[] = {0x294A, 0xEE65, 0xCD95, 0xE747, 0x0AC3, 0x5EBD, 0x043F, 0xDC01, 0xF641, 0x7181, 0x28C5, 0xE3F1, 0xC05D, 0xEF7B, 0x6319, 0x99C1};
unsigned short ui_peach_beam_disabled_pal[] = {0x7BDE, 0xC631, 0xBDEF, 0xC631, 0x7BDF, 0xBDEF, 0x9CE7, 0xAD6B, 0xBDEF, 0x8421, 0x739D, 0xB5AD, 0x8C63, 0xD6B5, 0x94A5, 0x8C63};
unsigned char ui_mario_head_png[] = {
    0x00, 0x00, 0x00, 0x00, 0x00, 0x00, 0x00, 0x00, 0x00, 0x00, 0x00, 0x09, 0x99, 0x99, 0x00, 0x00,
    0x00, 0x00, 0x09, 0xAB, 0xBB, 0x5B, 0x90, 0x00, 0x00, 0x00, 0x9B, 0xBB, 0xB4, 0x51, 0x90, 0x00,
    0x00, 0x08, 0xBB, 0xBB, 0x98, 0x22, 0x22, 0x00, 0x00, 0x8B, 0xB9, 0x82, 0x22, 0x22, 0x22, 0x20,
    0x00, 0xF6, 0xF2, 0x2E, 0x2E, 0x2E, 0xF0, 0x00, 0x0F, 0x6F, 0xD2, 0xE6, 0x26, 0x26, 0x33, 0x00,
    0x0F, 0xD3, 0x62, 0x26, 0x66, 0x66, 0x66, 0x30, 0x00, 0xFD, 0x62, 0x66, 0x2E, 0x66, 0x6D, 0x30,
    0x00, 0x0F, 0xD6, 0x62, 0x22, 0x22, 0x22, 0x00, 0x00, 0x00, 0xF3, 0x66, 0xD2, 0x22, 0x20, 0x00,
    0x00, 0x00, 0x0F, 0x22, 0x22, 0x80, 0x00, 0x00, 0x00, 0x00, 0x00, 0x00, 0x00, 0x00, 0x00, 0x00,
    0x00, 0x00, 0x00, 0x00, 0x00, 0x00, 0x00, 0x00, 0x00, 0x00, 0x00, 0x00, 0x00, 0x00, 0x00, 0x00,
};
unsigned short ui_mario_head_pal[] = {0xCE72, 0xFFFF, 0x0001, 0x8A47, 0xDD0F, 0xFEDD, 0xFEB1, 0x043F, 0x5001, 0x98C7, 0xC14B, 0xE18D, 0x043F, 0xF5A7, 0xEC9B, 0x5985};
unsigned char ui_partner0_png[] = {
    0x00, 0x00, 0x00, 0x00, 0x00, 0x00, 0x00, 0x00, 0x00, 0x00, 0x00, 0x00, 0x00, 0x00, 0x00, 0x00,
    0x00, 0x00, 0x00, 0x00, 0x00, 0x00, 0x00, 0x00, 0x00, 0x00, 0x00, 0x00, 0x00, 0x00, 0x00, 0x00,
    0x00, 0x00, 0x00, 0x00, 0x00, 0x00, 0x00, 0x00, 0x00, 0x00, 0x00, 0x00, 0x00, 0x00, 0x00, 0x00,
    0x00, 0x00, 0x00, 0x00, 0x00, 0x00, 0x00, 0x00, 0x00, 0x00, 0x00, 0x00, 0x00, 0x00, 0x00, 0x00,
    0x00, 0x00, 0x00, 0x00, 0x00, 0x00, 0x00, 0x00, 0xEE, 0xEE, 0xEE, 0x00, 0x00, 0x00, 0x00, 0x00,
    0x00, 0x00, 0x00, 0x00, 0x00, 0x00, 0x00, 0x0E, 0xEE, 0xEE, 0xEE, 0xE0, 0x00, 0x00, 0x00, 0x00,
    0x00, 0x00, 0x00, 0x00, 0x00, 0x00, 0x00, 0xEE, 0x12, 0x21, 0x2E, 0xE0, 0x00, 0x00, 0x00, 0x00,
    0x00, 0x00, 0x00, 0x00, 0x00, 0x00, 0x0F, 0xEE, 0x22, 0xE2, 0xEE, 0xFF, 0x00, 0x00, 0x00, 0x00,
    0x00, 0x00, 0x00, 0x00, 0x00, 0x00, 0x0F, 0xFD, 0x22, 0xE2, 0xE7, 0xDF, 0xF0, 0x00, 0x00, 0x00,
    0x00, 0x00, 0x00, 0x00, 0x00, 0x00, 0xFF, 0xD8, 0x99, 0x99, 0x88, 0x87, 0xFF, 0x00, 0x00, 0x00,
    0x00, 0x00, 0x00, 0x00, 0x55, 0x50, 0xFF, 0x78, 0x88, 0x88, 0x88, 0x88, 0xFF, 0x00, 0x00, 0x00,
    0x00, 0x00, 0x00, 0x00, 0x55, 0x55, 0xFF, 0x88, 0x88, 0x88, 0x88, 0x88, 0xFF, 0x00, 0x00, 0x00,
    0x00, 0x00, 0x00, 0x00, 0x54, 0x33, 0x5F, 0x88, 0x8D, 0x88, 0x88, 0x8D, 0xFF, 0x00, 0x00, 0x00,
    0x00, 0x00, 0x00, 0x00, 0x05, 0x54, 0x3F, 0xD8, 0x87, 0xD7, 0x88, 0x7F, 0xFF, 0x00, 0x00, 0x00,
    0x00, 0x00, 0x00, 0x00, 0x00, 0x55, 0x55, 0x5D, 0x88, 0x8D, 0xDF, 0xFF, 0xF0, 0x00, 0x00, 0x00,
    0x00, 0x00, 0x00, 0x00, 0x0C, 0xCA, 0xAF, 0xF5, 0x55, 0x5F, 0xFF, 0xF0, 0x00, 0x00, 0x00, 0x00,
    0x00, 0x00, 0x00, 0x00, 0xCC, 0xAB, 0xA8, 0x8D, 0xF5, 0x44, 0xF0, 0x00, 0x00, 0x00, 0x00, 0x00,
    0x00, 0x00, 0x00, 0x00, 0xCC, 0xBA, 0x78, 0x7D, 0xF5, 0x43, 0x4F, 0x00, 0x00, 0x00, 0x00, 0x00,
    0x00, 0x00, 0x00, 0x0C, 0xCA, 0xBA, 0x78, 0xDF, 0x61, 0x53, 0x35, 0xF0, 0x00, 0x00, 0x00, 0x00,
    0x00, 0x00, 0x00, 0x0C, 0xCB, 0xA4, 0x33, 0x34, 0x16, 0x15, 0x34, 0xF0, 0x00, 0x00, 0x00, 0x00,
    0x00, 0x00, 0x00, 0x0C, 0xCB, 0xCD, 0x88, 0x7D, 0xF6, 0x1F, 0xF4, 0xF0, 0x00, 0x00, 0x00, 0x00,
    0x00, 0x00, 0x00, 0x0C, 0xCA, 0xFD, 0x88, 0x87, 0xF1, 0xF0, 0x0F, 0xF0, 0x00, 0x00, 0x00, 0x00,
    0x00, 0x00, 0x00, 0xFF, 0x8D, 0xFF, 0xD7, 0x7F, 0x1C, 0xCC, 0x00, 0x00, 0x00, 0x00, 0x00, 0x00,
    0x00, 0x00, 0x00, 0xFF, 0x8F, 0xCC, 0xFF, 0xFF, 0xCA, 0xBC, 0xCC, 0x00, 0x00, 0x00, 0x00, 0x00,
    0x00, 0x00, 0x00, 0xFF, 0xFC, 0xCA, 0xBB, 0xBA, 0xCA, 0xBA, 0xAC, 0xC0, 0x00, 0x00, 0x00, 0x00,
    0x00, 0x00, 0x00, 0x0F, 0xFC, 0xCA, 0xBB, 0xBA, 0xCA, 0xBB, 0xBC, 0xC0, 0x00, 0x00, 0x00, 0x00,
    0x00, 0x00, 0x00, 0x00, 0x0F, 0xFD, 0x77, 0x7D, 0xFD, 0x77, 0x7F, 0xF0, 0x00, 0x00, 0x00, 0x00,
    0x00, 0x00, 0x00, 0x00, 0x0F, 0xFF, 0xFF, 0xFF, 0xFF, 0xFF, 0xFF, 0xF0, 0x00, 0x00, 0x00, 0x00,
    0x00, 0x00, 0x00, 0x00, 0x00, 0x00, 0x00, 0x00, 0x00, 0x00, 0x00, 0x00, 0x00, 0x00, 0x00, 0x00,
    0x00, 0x00, 0x00, 0x00, 0x00, 0x00, 0x00, 0x00, 0x00, 0x00, 0x00, 0x00, 0x00, 0x00, 0x00, 0x00,
    0x00, 0x00, 0x00, 0x00, 0x00, 0x00, 0x00, 0x00, 0x00, 0x00, 0x00, 0x00, 0x00, 0x00, 0x00, 0x00,
    0x00, 0x00, 0x00, 0x00, 0x00, 0x00, 0x00, 0x00, 0x00, 0x00, 0x00, 0x00, 0x00, 0x00, 0x00, 0x00,
};
unsigned short ui_partner0_pal[] = {0x294A, 0x730F, 0xBDEF, 0xD943, 0xA881, 0x80C1, 0xBD61, 0xBBD1, 0xE50B, 0xED97, 0x2A67, 0x3B39, 0x3199, 0x9AC9, 0x418F, 0x5901};
unsigned short ui_partner0_disabled_pal[] = {0x7BDE, 0x94A5, 0xC631, 0x94A5, 0x8421, 0x7BDF, 0xB5AD, 0xA529, 0xB5AD, 0xBDEF, 0x8C63, 0x9CE7, 0x8421, 0x94A5, 0x7BDF, 0x7BDF};
unsigned char ui_goombario_png[] = {
    0x00, 0x00, 0x00, 0x00, 0x00, 0x00, 0x00, 0x00, 0x00, 0x00, 0x00, 0x00, 0x00, 0x00, 0x00, 0x00,
    0x00, 0x00, 0x00, 0x00, 0x00, 0x00, 0x00, 0x00, 0x00, 0x00, 0x00, 0x00, 0x00, 0x00, 0x00, 0x00,
    0x00, 0x00, 0x00, 0x00, 0x00, 0x00, 0x00, 0x00, 0x00, 0x00, 0x00, 0x00, 0x00, 0x00, 0x00, 0x00,
    0x00, 0x00, 0x00, 0x00, 0x00, 0x00, 0x00, 0x00, 0x00, 0x00, 0x00, 0x00, 0x00, 0x00, 0x00, 0x00,
    0x00, 0x00, 0x00, 0x00, 0x00, 0x00, 0x00, 0x00, 0x00, 0x00, 0x00, 0x00, 0x00, 0x00, 0x00, 0x00,
    0x00, 0x00, 0x00, 0x00, 0x00, 0x0C, 0xCC, 0xCC, 0x00, 0x0C, 0xCC, 0xC0, 0x00, 0x00, 0x00, 0x00,
    0x00, 0x00, 0x00, 0x00, 0x0C, 0xCC, 0xCC, 0xCC, 0xCC, 0xCC, 0xCC, 0xCC, 0xC0, 0x00, 0x00, 0x00,
    0x00, 0x00, 0x00, 0x00, 0xCC, 0xCA, 0xBB, 0xAC, 0xCC, 0xBB, 0xBA, 0xAC, 0xCC, 0x00, 0x00, 0x00,
    0x00, 0x00, 0x00, 0x0C, 0xCC, 0xBB, 0xAA, 0xCC, 0xCB, 0xBA, 0xAA, 0xAA, 0xCC, 0x00, 0x00, 0x00,
    0x00, 0x00, 0x00, 0x0C, 0xCA, 0xFF, 0xAC, 0xCC, 0xAA, 0xAA, 0xFF, 0xAA, 0xCC, 0x00, 0x00, 0x00,
    0x00, 0x00, 0x00, 0x0C, 0xCA, 0xFF, 0xF2, 0x22, 0x22, 0x2F, 0xFF, 0xAA, 0xCC, 0x00, 0x00, 0x00,
    0x00, 0x00, 0x00, 0x0C, 0xCC, 0xAF, 0xFF, 0x35, 0x53, 0xFF, 0xFA, 0xCC, 0xC0, 0x00, 0x00, 0x00,
    0x00, 0x00, 0x00, 0x00, 0x22, 0x35, 0x53, 0xF5, 0x5F, 0x35, 0x53, 0x22, 0x00, 0x00, 0x00, 0x00,
    0x00, 0x00, 0x00, 0x00, 0x22, 0x54, 0xD6, 0x35, 0x53, 0x6D, 0x45, 0x22, 0x00, 0x00, 0x00, 0x00,
    0x00, 0x00, 0x00, 0x02, 0x23, 0x4D, 0xDD, 0x35, 0x53, 0xDD, 0xD4, 0x32, 0x20, 0x00, 0x00, 0x00,
    0x00, 0x00, 0x00, 0x02, 0x25, 0x7D, 0xD3, 0x25, 0x52, 0x3D, 0xD7, 0x52, 0x20, 0x00, 0x00, 0x00,
    0x00, 0x00, 0x00, 0x02, 0x25, 0xDD, 0xD3, 0x25, 0x52, 0x31, 0xDD, 0x52, 0x20, 0x00, 0x00, 0x00,
    0x00, 0x00, 0x00, 0x22, 0x35, 0xDD, 0xDD, 0x74, 0x47, 0x11, 0xDD, 0x53, 0x22, 0x00, 0x00, 0x00,
    0x00, 0x00, 0x00, 0x22, 0x55, 0x4D, 0xDD, 0x44, 0x44, 0xDD, 0xD4, 0x55, 0x22, 0x00, 0x00, 0x00,
    0x00, 0x00, 0x00, 0x22, 0x55, 0x1E, 0x55, 0x44, 0x44, 0x55, 0xE1, 0x55, 0x22, 0x00, 0x00, 0x00,
    0x00, 0x00, 0x00, 0x22, 0x51, 0x11, 0xE4, 0x44, 0x44, 0x4E, 0x11, 0x15, 0x22, 0x00, 0x00, 0x00,
    0x00, 0x00, 0x00, 0x22, 0x53, 0x3E, 0xE3, 0x33, 0x33, 0x3E, 0xE3, 0x35, 0x22, 0x00, 0x00, 0x00,
    0x00, 0x00, 0x00, 0x02, 0x33, 0x54, 0x44, 0x44, 0x44, 0x44, 0x45, 0x33, 0x20, 0x00, 0x00, 0x00,
    0x00, 0x00, 0x00, 0x00, 0x22, 0x22, 0x22, 0x22, 0x22, 0x22, 0x22, 0x22, 0x00, 0x00, 0x00, 0x00,
    0x00, 0x00, 0x00, 0x22, 0x23, 0x35, 0x77, 0x77, 0x77, 0x77, 0x53, 0x32, 0x22, 0x00, 0x00, 0x00,
    0x00, 0x00, 0x02, 0x23, 0x33, 0x32, 0x44, 0x44, 0x44, 0x44, 0x23, 0x33, 0x32, 0x20, 0x00, 0x00,
    0x00, 0x00, 0x02, 0x23, 0x33, 0x32, 0xEE, 0xEE, 0xEE, 0xEE, 0x23, 0x33, 0x32, 0x20, 0x00, 0x00,
    0x00, 0x00, 0x02, 0x22, 0x22, 0x22, 0x00, 0x00, 0x00, 0x00, 0x22, 0x22, 0x22, 0x20, 0x00, 0x00,
    0x00, 0x00, 0x00, 0x00, 0x00, 0x00, 0x00, 0x00, 0x00, 0x00, 0x00, 0x00, 0x00, 0x00, 0x00, 0x00,
    0x00, 0x00, 0x00, 0x00, 0x00, 0x00, 0x00, 0x00, 0x00, 0x00, 0x00, 0x00, 0x00, 0x00, 0x00, 0x00,
    0x00, 0x00, 0x00, 0x00, 0x00, 0x00, 0x00, 0x00, 0x00, 0x00, 0x00, 0x00, 0x00, 0x00, 0x00, 0x00,
    0x00, 0x00, 0x00, 0x00, 0x00, 0x00, 0x00, 0x00, 0x00, 0x00, 0x00, 0x00, 0x00, 0x00, 0x00, 0x00,
};
unsigned short ui_goombario_pal[] = {0x294A, 0xBDAD, 0x40C1, 0x6943, 0xAAC9, 0x9203, 0x6A93, 0xCC0F, 0xA3D5, 0x4ADD, 0x11E5, 0x126D, 0x08D9, 0xB5AF, 0x79C7, 0x2805};
unsigned short ui_goombario_disabled_pal[] = {0x7BDE, 0xBDEF, 0x739D, 0x8421, 0x9CE7, 0x8C63, 0x8C63, 0xAD6B, 0xA529, 0x8C63, 0x8421, 0x8421, 0x739D, 0xBDEF, 0x8C63, 0x6B5B};
unsigned char ui_kooper_png[] = {
    0x00, 0x00, 0x00, 0x00, 0x00, 0x00, 0x00, 0x00, 0x00, 0x00, 0x00, 0x00, 0x00, 0x00, 0x00, 0x00,
    0x00, 0x00, 0x00, 0x00, 0x00, 0x00, 0x00, 0x00, 0x00, 0x00, 0x00, 0x00, 0x00, 0x00, 0x00, 0x00,
    0x00, 0x00, 0x00, 0x00, 0x00, 0x00, 0x00, 0x00, 0x00, 0x00, 0x00, 0x00, 0x00, 0x00, 0x00, 0x00,
    0x00, 0x00, 0x00, 0x00, 0x00, 0x00, 0x00, 0x00, 0x00, 0x00, 0x00, 0x00, 0x00, 0x00, 0x00, 0x00,
    0x00, 0x00, 0x00, 0x00, 0x00, 0x00, 0x00, 0x00, 0xEE, 0xEE, 0xEE, 0x00, 0x00, 0x00, 0x00, 0x00,
    0x00, 0x00, 0x00, 0x00, 0x00, 0x00, 0x00, 0x0E, 0xEE, 0xEE, 0xEE, 0xE0, 0x00, 0x00, 0x00, 0x00,
    0x00, 0x00, 0x00, 0x00, 0x00, 0x00, 0x00, 0xEE, 0x12, 0x21, 0x2E, 0xE0, 0x00, 0x00, 0x00, 0x00,
    0x00, 0x00, 0x00, 0x00, 0x00, 0x00, 0x0F, 0xEE, 0x22, 0xE2, 0xEE, 0xFF, 0x00, 0x00, 0x00, 0x00,
    0x00, 0x00, 0x00, 0x00, 0x00, 0x00, 0x0F, 0xFD, 0x22, 0xE2, 0xE7, 0xDF, 0xF0, 0x00, 0x00, 0x00,
    0x00, 0x00, 0x00, 0x00, 0x00, 0x00, 0xFF, 0xD8, 0x99, 0x99, 0x88, 0x87, 0xFF, 0x00, 0x00, 0x00,
    0x00, 0x00, 0x00, 0x00, 0x55, 0x50, 0xFF, 0x78, 0x88, 0x88, 0x88, 0x88, 0xFF, 0x00, 0x00, 0x00,
    0x00, 0x00, 0x00, 0x00, 0x55, 0x55, 0xFF, 0x88, 0x88, 0x88, 0x88, 0x88, 0xFF, 0x00, 0x00, 0x00,
    0x00, 0x00, 0x00, 0x00, 0x54, 0x33, 0x5F, 0x88, 0x8D, 0x88, 0x88, 0x8D, 0xFF, 0x00, 0x00, 0x00,
    0x00, 0x00, 0x00, 0x00, 0x05, 0x54, 0x3F, 0xD8, 0x87, 0xD7, 0x88, 0x7F, 0xFF, 0x00, 0x00, 0x00,
    0x00, 0x00, 0x00, 0x00, 0x00, 0x55, 0x55, 0x5D, 0x88, 0x8D, 0xDF, 0xFF, 0xF0, 0x00, 0x00, 0x00,
    0x00, 0x00, 0x00, 0x00, 0x0C, 0xCA, 0xAF, 0xF5, 0x55, 0x5F, 0xFF, 0xF0, 0x00, 0x00, 0x00, 0x00,
    0x00, 0x00, 0x00, 0x00, 0xCC, 0xAB, 0xA8, 0x8D, 0xF5, 0x44, 0xF0, 0x00, 0x00, 0x00, 0x00, 0x00,
    0x00, 0x00, 0x00, 0x00, 0xCC, 0xBA, 0x78, 0x7D, 0xF5, 0x43, 0x4F, 0x00, 0x00, 0x00, 0x00, 0x00,
    0x00, 0x00, 0x00, 0x0C, 0xCA, 0xBA, 0x78, 0xDF, 0x61, 0x53, 0x35, 0xF0, 0x00, 0x00, 0x00, 0x00,
    0x00, 0x00, 0x00, 0x0C, 0xCB, 0xA4, 0x33, 0x34, 0x16, 0x15, 0x34, 0xF0, 0x00, 0x00, 0x00, 0x00,
    0x00, 0x00, 0x00, 0x0C, 0xCB, 0xCD, 0x88, 0x7D, 0xF6, 0x1F, 0xF4, 0xF0, 0x00, 0x00, 0x00, 0x00,
    0x00, 0x00, 0x00, 0x0C, 0xCA, 0xFD, 0x88, 0x87, 0xF1, 0xF0, 0x0F, 0xF0, 0x00, 0x00, 0x00, 0x00,
    0x00, 0x00, 0x00, 0xFF, 0x8D, 0xFF, 0xD7, 0x7F, 0x1C, 0xCC, 0x00, 0x00, 0x00, 0x00, 0x00, 0x00,
    0x00, 0x00, 0x00, 0xFF, 0x8F, 0xCC, 0xFF, 0xFF, 0xCA, 0xBC, 0xCC, 0x00, 0x00, 0x00, 0x00, 0x00,
    0x00, 0x00, 0x00, 0xFF, 0xFC, 0xCA, 0xBB, 0xBA, 0xCA, 0xBA, 0xAC, 0xC0, 0x00, 0x00, 0x00, 0x00,
    0x00, 0x00, 0x00, 0x0F, 0xFC, 0xCA, 0xBB, 0xBA, 0xCA, 0xBB, 0xBC, 0xC0, 0x00, 0x00, 0x00, 0x00,
    0x00, 0x00, 0x00, 0x00, 0x0F, 0xFD, 0x77, 0x7D, 0xFD, 0x77, 0x7F, 0xF0, 0x00, 0x00, 0x00, 0x00,
    0x00, 0x00, 0x00, 0x00, 0x0F, 0xFF, 0xFF, 0xFF, 0xFF, 0xFF, 0xFF, 0xF0, 0x00, 0x00, 0x00, 0x00,
    0x00, 0x00, 0x00, 0x00, 0x00, 0x00, 0x00, 0x00, 0x00, 0x00, 0x00, 0x00, 0x00, 0x00, 0x00, 0x00,
    0x00, 0x00, 0x00, 0x00, 0x00, 0x00, 0x00, 0x00, 0x00, 0x00, 0x00, 0x00, 0x00, 0x00, 0x00, 0x00,
    0x00, 0x00, 0x00, 0x00, 0x00, 0x00, 0x00, 0x00, 0x00, 0x00, 0x00, 0x00, 0x00, 0x00, 0x00, 0x00,
    0x00, 0x00, 0x00, 0x00, 0x00, 0x00, 0x00, 0x00, 0x00, 0x00, 0x00, 0x00, 0x00, 0x00, 0x00, 0x00,
};
unsigned short ui_kooper_pal[] = {0x294A, 0x730F, 0xBDEF, 0xD943, 0xA881, 0x80C1, 0xBD61, 0xBBD1, 0xE50B, 0xED97, 0x2A67, 0x3B39, 0x3199, 0x9AC9, 0x418F, 0x5901};
unsigned short ui_kooper_disabled_pal[] = {0x7BDE, 0x94A5, 0xC631, 0x94A5, 0x8421, 0x7BDF, 0xB5AD, 0xA529, 0xB5AD, 0xBDEF, 0x8C63, 0x9CE7, 0x8421, 0x94A5, 0x7BDF, 0x7BDF};
unsigned char ui_bombette_png[] = {
    0x00, 0x00, 0x00, 0x00, 0x00, 0x00, 0x00, 0x00, 0x00, 0x00, 0x00, 0x00, 0x00, 0x00, 0x00, 0x00,
    0x00, 0x00, 0x00, 0x00, 0x00, 0x00, 0x00, 0x00, 0x00, 0x00, 0x00, 0x00, 0x00, 0x00, 0x00, 0x00,
    0x00, 0x00, 0x00, 0x00, 0x00, 0x00, 0x00, 0x00, 0x00, 0x00, 0x00, 0x00, 0x00, 0x00, 0x00, 0x00,
    0x00, 0x00, 0x00, 0x00, 0x00, 0x00, 0x00, 0x00, 0x00, 0x00, 0x00, 0x00, 0x00, 0x00, 0x00, 0x00,
    0x00, 0x00, 0x00, 0x00, 0x33, 0x33, 0x03, 0x33, 0x00, 0x00, 0x00, 0x00, 0x00, 0x00, 0x00, 0x00,
    0x00, 0x00, 0x00, 0x03, 0x34, 0x43, 0x33, 0x33, 0x3A, 0xAA, 0x00, 0x00, 0x00, 0x00, 0x00, 0x00,
    0x00, 0x00, 0x00, 0x03, 0x45, 0x54, 0x35, 0x37, 0x3A, 0xAA, 0xA0, 0x00, 0x00, 0x00, 0x00, 0x00,
    0x00, 0x00, 0x00, 0x34, 0x57, 0x76, 0x47, 0x39, 0x18, 0x89, 0xAA, 0x00, 0x00, 0x00, 0x00, 0x00,
    0x00, 0x00, 0x03, 0x36, 0x57, 0x54, 0x35, 0x31, 0x88, 0x81, 0xAF, 0xF0, 0x00, 0x00, 0x00, 0x00,
    0x00, 0x00, 0x33, 0x55, 0x55, 0x63, 0x3F, 0xF1, 0x93, 0x33, 0x3F, 0xFF, 0xF0, 0x00, 0x00, 0x00,
    0x00, 0x00, 0x33, 0x44, 0x44, 0x33, 0x0F, 0xF3, 0xEB, 0xBB, 0xBC, 0xEF, 0xFF, 0x00, 0x00, 0x00,
    0x00, 0x00, 0x03, 0x33, 0x33, 0x30, 0xFF, 0xEC, 0xBB, 0xBB, 0xBB, 0xBC, 0xFF, 0xF0, 0x00, 0x00,
    0x00, 0x00, 0x0A, 0xA1, 0x19, 0xAA, 0xFE, 0xCB, 0xBB, 0xBB, 0xBB, 0xBB, 0xDF, 0xF0, 0x00, 0x00,
    0x00, 0x00, 0xAA, 0x18, 0x88, 0x1A, 0xFC, 0xBB, 0xBB, 0xB3, 0xEB, 0x3E, 0xBF, 0xFF, 0x00, 0x00,
    0x00, 0x00, 0xAA, 0x88, 0x88, 0x2F, 0xEB, 0xBB, 0xBB, 0xBF, 0x3B, 0xF3, 0xBD, 0xFF, 0x00, 0x00,
    0x00, 0x00, 0xAA, 0x88, 0x88, 0x23, 0xDB, 0xBB, 0xBB, 0xBF, 0x3B, 0xF3, 0xBB, 0xFF, 0x00, 0x00,
    0x00, 0x00, 0xAA, 0x98, 0x88, 0x2E, 0xDB, 0xBB, 0xBB, 0xB3, 0xEB, 0x3E, 0xBB, 0xFF, 0x00, 0x00,
    0x00, 0x00, 0x0A, 0xA9, 0x88, 0x2E, 0xDB, 0xBB, 0xBB, 0xBB, 0xBB, 0xBB, 0xBB, 0xFF, 0x00, 0x00,
    0x00, 0x00, 0x0A, 0xA2, 0x88, 0x23, 0xDC, 0xBB, 0xBB, 0xBB, 0xBB, 0xBB, 0xBB, 0xFF, 0x00, 0x00,
    0x00, 0x00, 0xAA, 0x18, 0x88, 0x23, 0xEC, 0xBB, 0xBB, 0xBB, 0xBB, 0xBB, 0xBD, 0xFF, 0x00, 0x00,
    0x00, 0x00, 0xAA, 0x28, 0x88, 0x1F, 0xFD, 0xCB, 0xBB, 0xBB, 0xBB, 0xBB, 0xBF, 0xF0, 0x00, 0x00,
    0x00, 0x00, 0xAA, 0x18, 0x81, 0xAA, 0xFF, 0xDC, 0xBB, 0xBB, 0xBB, 0xBB, 0xEF, 0xF0, 0x00, 0x00,
    0x00, 0x00, 0x0A, 0xAA, 0xAA, 0xAA, 0x0F, 0xFE, 0xDC, 0xCC, 0xCC, 0xDF, 0xFF, 0x00, 0x00, 0x00,
    0x00, 0x00, 0x00, 0xAA, 0xAA, 0x00, 0x03, 0x33, 0x33, 0x33, 0x33, 0x33, 0x33, 0x30, 0x00, 0x00,
    0x00, 0x00, 0x00, 0x00, 0x00, 0x00, 0x33, 0x45, 0x55, 0x55, 0x75, 0x36, 0x56, 0x33, 0x00, 0x00,
    0x00, 0x00, 0x00, 0x00, 0x00, 0x00, 0x33, 0x65, 0x55, 0x55, 0x55, 0x36, 0x55, 0x33, 0x00, 0x00,
    0x00, 0x00, 0x00, 0x00, 0x00, 0x00, 0x33, 0x46, 0x66, 0x66, 0x64, 0x36, 0x64, 0x33, 0x00, 0x00,
    0x00, 0x00, 0x00, 0x00, 0x00, 0x00, 0x03, 0x33, 0x33, 0x33, 0x33, 0x33, 0x33, 0x30, 0x00, 0x00,
    0x00, 0x00, 0x00, 0x00, 0x00, 0x00, 0x00, 0x00, 0x00, 0x00, 0x00, 0x00, 0x00, 0x00, 0x00, 0x00,
    0x00, 0x00, 0x00, 0x00, 0x00, 0x00, 0x00, 0x00, 0x00, 0x00, 0x00, 0x00, 0x00, 0x00, 0x00, 0x00,
    0x00, 0x00, 0x00, 0x00, 0x00, 0x00, 0x00, 0x00, 0x00, 0x00, 0x00, 0x00, 0x00, 0x00, 0x00, 0x00,
    0x00, 0x00, 0x00, 0x00, 0x00, 0x00, 0x00, 0x00, 0x00, 0x00, 0x00, 0x00, 0x00, 0x00, 0x00, 0x00,
};
unsigned short ui_bombette_pal[] = {0x294A, 0x8C63, 0xA56B, 0x58C1, 0x7A09, 0xCB43, 0x9B07, 0xCD8F, 0xB631, 0x6B5D, 0x4215, 0xDA67, 0xC1E1, 0xA99B, 0x79CF, 0x48CD};
unsigned short ui_bombette_disabled_pal[] = {0x7BDE, 0xAD6B, 0xB5AD, 0x7BDF, 0x8C63, 0xA529, 0x94A5, 0xB5AD, 0xC631, 0x9CE7, 0x8421, 0xA529, 0x9CE7, 0x94A5, 0x8C63, 0x7BDF};
unsigned char ui_parakarry_png[] = {
    0x00, 0x00, 0x00, 0x00, 0x00, 0x00, 0x00, 0x00, 0x00, 0x00, 0x00, 0x00, 0x00, 0x00, 0x00, 0x00,
    0x00, 0x00, 0x00, 0x00, 0x00, 0x00, 0x00, 0x00, 0x00, 0x00, 0x00, 0x00, 0x00, 0x00, 0x00, 0x00,
    0x00, 0x00, 0x00, 0x00, 0x00, 0x00, 0x00, 0x00, 0x00, 0x00, 0x00, 0x00, 0x00, 0x00, 0x00, 0x00,
    0x00, 0x00, 0x00, 0x00, 0x00, 0x00, 0x00, 0x00, 0x00, 0x00, 0x00, 0x00, 0x00, 0x00, 0x00, 0x00,
    0x00, 0x00, 0x00, 0x44, 0x44, 0x00, 0x00, 0x00, 0x00, 0x44, 0x44, 0x44, 0x00, 0x00, 0x00, 0x00,
    0x00, 0x00, 0x04, 0x44, 0x44, 0x40, 0x00, 0x00, 0x04, 0x44, 0x44, 0x44, 0x40, 0x00, 0x00, 0x00,
    0x00, 0x00, 0x44, 0x42, 0x3D, 0x44, 0x00, 0x05, 0x54, 0xDE, 0xCD, 0xEC, 0x44, 0x00, 0x00, 0x00,
    0x00, 0x00, 0x44, 0x2F, 0xF3, 0x44, 0x00, 0x55, 0x54, 0xEE, 0xD4, 0xE4, 0x44, 0x00, 0x00, 0x00,
    0x00, 0x00, 0x44, 0xFF, 0xFF, 0x44, 0x05, 0x56, 0x86, 0xEE, 0xD4, 0xE4, 0x44, 0x00, 0x00, 0x00,
    0x00, 0x00, 0x44, 0xFF, 0xFF, 0x44, 0x05, 0x68, 0x86, 0xCE, 0xD4, 0x96, 0x85, 0x50, 0x00, 0x00,
    0x00, 0x00, 0x44, 0x3F, 0xFF, 0xD4, 0x45, 0x88, 0x66, 0x89, 0xAA, 0xAA, 0xA8, 0x55, 0x00, 0x00,
    0x00, 0x00, 0x44, 0x2F, 0xFF, 0x24, 0x45, 0x86, 0x66, 0x8A, 0xAA, 0xAA, 0xAA, 0x55, 0x00, 0x00,
    0x00, 0x00, 0x04, 0x4F, 0xFF, 0x34, 0x45, 0x66, 0x86, 0x9A, 0x8A, 0xAA, 0xAA, 0x55, 0x00, 0x00,
    0x00, 0x00, 0x04, 0x42, 0xFF, 0xF3, 0x46, 0x88, 0x86, 0x9A, 0x69, 0xAA, 0xA8, 0x55, 0x00, 0x00,
    0x00, 0x00, 0x00, 0x44, 0x2F, 0xFF, 0x26, 0x68, 0x66, 0x9A, 0x86, 0x88, 0x85, 0x55, 0x00, 0x00,
    0x00, 0x00, 0x00, 0x04, 0x4D, 0xFF, 0x32, 0x66, 0x66, 0x9A, 0xA9, 0x65, 0x55, 0x50, 0x00, 0x00,
    0x00, 0x00, 0x00, 0x00, 0x44, 0x42, 0x34, 0xDC, 0x68, 0x68, 0x66, 0x55, 0x50, 0x00, 0x00, 0x00,
    0x00, 0x00, 0x00, 0x00, 0x04, 0x44, 0x4C, 0xC6, 0xAA, 0x96, 0x11, 0x55, 0x00, 0x00, 0x00, 0x00,
    0x00, 0x00, 0x00, 0x00, 0x00, 0x56, 0x6C, 0x69, 0xAA, 0x86, 0x11, 0x55, 0x00, 0x00, 0x00, 0x00,
    0x00, 0x00, 0x00, 0x00, 0x05, 0x69, 0x86, 0x6A, 0xA8, 0x61, 0x16, 0x85, 0x50, 0x00, 0x00, 0x00,
    0x00, 0x00, 0x00, 0x00, 0x56, 0x9B, 0xB9, 0x69, 0xAA, 0x86, 0x16, 0xA5, 0x50, 0x00, 0x00, 0x00,
    0x00, 0x00, 0x00, 0x00, 0x56, 0x9B, 0xBB, 0x96, 0xAA, 0xA4, 0x68, 0xA5, 0x50, 0x00, 0x00, 0x00,
    0x00, 0x00, 0x00, 0x00, 0x55, 0x89, 0xBB, 0x98, 0x68, 0x84, 0x55, 0x55, 0x00, 0x00, 0x00, 0x00,
    0x00, 0x00, 0x00, 0x00, 0x05, 0x58, 0x99, 0x85, 0x75, 0x44, 0x55, 0x00, 0x00, 0x00, 0x00, 0x00,
    0x00, 0x00, 0x00, 0x00, 0x00, 0x55, 0x88, 0x58, 0x85, 0x78, 0x55, 0x00, 0x00, 0x00, 0x00, 0x00,
    0x00, 0x00, 0x00, 0x00, 0x00, 0x05, 0x55, 0x78, 0x89, 0x57, 0x85, 0x50, 0x00, 0x00, 0x00, 0x00,
    0x00, 0x00, 0x00, 0x00, 0x00, 0x00, 0x56, 0x78, 0x88, 0x57, 0x85, 0x50, 0x00, 0x00, 0x00, 0x00,
    0x00, 0x00, 0x00, 0x00, 0x00, 0x00, 0x55, 0x55, 0x55, 0x55, 0x55, 0x50, 0x00, 0x00, 0x00, 0x00,
    0x00, 0x00, 0x00, 0x00, 0x00, 0x00, 0x00, 0x00, 0x00, 0x00, 0x00, 0x00, 0x00, 0x00, 0x00, 0x00,
    0x00, 0x00, 0x00, 0x00, 0x00, 0x00, 0x00, 0x00, 0x00, 0x00, 0x00, 0x00, 0x00, 0x00, 0x00, 0x00,
    0x00, 0x00, 0x00, 0x00, 0x00, 0x00, 0x00, 0x00, 0x00, 0x00, 0x00, 0x00, 0x00, 0x00, 0x00, 0x00,
    0x00, 0x00, 0x00, 0x00, 0x00, 0x00, 0x00, 0x00, 0x00, 0x00, 0x00, 0x00, 0x00, 0x00, 0x00, 0x00,
};
unsigned short ui_parakarry_pal[] = {0x294A, 0x7B0B, 0x8C63, 0xB5AD, 0x41CF, 0x4881, 0x7143, 0x79C3, 0xB285, 0xD407, 0xDCCD, 0xC513, 0x44E1, 0x639D, 0x8637, 0xCE73};
unsigned short ui_parakarry_disabled_pal[] = {0x7BDE, 0x94A5, 0xAD6B, 0xBDEF, 0x8421, 0x739D, 0x8421, 0x8421, 0x94A5, 0xAD6B, 0xB5AD, 0xB5AD, 0x9CE7, 0x9CE7, 0xBDEF, 0xC631};
unsigned char ui_bow_png[] = {
    0x00, 0x00, 0x00, 0x00, 0x00, 0x00, 0x00, 0x00, 0x00, 0x00, 0x00, 0x00, 0x00, 0x00, 0x00, 0x00,
    0x00, 0x00, 0x00, 0x00, 0x00, 0x00, 0x00, 0x00, 0x00, 0x00, 0x00, 0x00, 0x00, 0x00, 0x00, 0x00,
    0x00, 0x00, 0x00, 0x00, 0x00, 0x00, 0x00, 0x00, 0x00, 0x00, 0x00, 0x00, 0x00, 0x00, 0x00, 0x00,
    0x00, 0x00, 0x00, 0x00, 0x00, 0x00, 0x00, 0x00, 0x00, 0x00, 0x00, 0x00, 0x00, 0x00, 0x00, 0x00,
    0x00, 0x00, 0x00, 0x00, 0x00, 0x00, 0x00, 0x00, 0x00, 0x88, 0x80, 0x00, 0x00, 0x00, 0x00, 0x00,
    0x00, 0x00, 0x00, 0x00, 0x00, 0x00, 0x00, 0x00, 0x08, 0x88, 0x88, 0x00, 0x00, 0x00, 0x00, 0x00,
    0x00, 0x00, 0x00, 0x00, 0x00, 0x00, 0x05, 0x55, 0x58, 0x76, 0x78, 0x00, 0x00, 0x00, 0x00, 0x00,
    0x00, 0x00, 0x00, 0x88, 0x00, 0x05, 0x55, 0x55, 0x55, 0x87, 0x68, 0x80, 0x00, 0x00, 0x00, 0x00,
    0x00, 0x00, 0x08, 0x88, 0x85, 0x55, 0x53, 0x22, 0x22, 0x34, 0x88, 0x88, 0x88, 0x00, 0x00, 0x00,
    0x00, 0x00, 0x88, 0x67, 0x85, 0x53, 0x21, 0x14, 0x11, 0x14, 0x34, 0x57, 0x68, 0x80, 0x00, 0x00,
    0x00, 0x00, 0x88, 0x66, 0x85, 0x32, 0x11, 0x11, 0x54, 0x15, 0x12, 0x45, 0x68, 0x80, 0x00, 0x00,
    0x00, 0x00, 0x88, 0x67, 0x85, 0x88, 0x88, 0x11, 0x11, 0x11, 0x21, 0x25, 0x78, 0x80, 0x00, 0x00,
    0x00, 0x00, 0x88, 0x88, 0x68, 0x66, 0x68, 0x11, 0x33, 0x13, 0x31, 0x14, 0x58, 0x00, 0x00, 0x00,
    0x00, 0x00, 0x08, 0x88, 0x88, 0x87, 0x68, 0x12, 0x23, 0x13, 0x45, 0x13, 0x55, 0x00, 0x00, 0x00,
    0x00, 0x00, 0x87, 0x67, 0x86, 0x66, 0x68, 0x13, 0x45, 0x13, 0x51, 0x12, 0x55, 0x00, 0x00, 0x00,
    0x00, 0x00, 0x88, 0x96, 0x78, 0x66, 0x83, 0x11, 0x15, 0x11, 0x51, 0x11, 0x55, 0x00, 0x00, 0x00,
    0x00, 0x00, 0x08, 0x79, 0x67, 0x88, 0x31, 0x11, 0x14, 0x11, 0x11, 0x11, 0x45, 0x50, 0x00, 0x00,
    0x00, 0x00, 0x05, 0x88, 0x88, 0x32, 0x11, 0x11, 0x12, 0x11, 0x41, 0x11, 0x45, 0x50, 0x00, 0x00,
    0x00, 0x00, 0x55, 0x54, 0x32, 0x14, 0x31, 0x11, 0x11, 0x11, 0x34, 0x11, 0x44, 0x55, 0x00, 0x00,
    0x00, 0x00, 0x55, 0x22, 0x14, 0x43, 0x11, 0x11, 0x11, 0x11, 0x42, 0x11, 0x43, 0x55, 0x00, 0x00,
    0x00, 0x00, 0x55, 0x32, 0x43, 0x11, 0x11, 0x41, 0x11, 0x11, 0x11, 0x14, 0x55, 0x55, 0x00, 0x00,
    0x00, 0x00, 0x05, 0x52, 0x34, 0x31, 0x14, 0x31, 0x11, 0x11, 0x11, 0x35, 0x55, 0x50, 0x00, 0x00,
    0x00, 0x00, 0x05, 0x54, 0x23, 0x44, 0x43, 0x21, 0x11, 0x11, 0x13, 0x55, 0x50, 0x00, 0x00, 0x00,
    0x00, 0x00, 0x00, 0x55, 0x52, 0x22, 0x21, 0x11, 0x11, 0x13, 0x45, 0x55, 0x00, 0x00, 0x00, 0x00,
    0x00, 0x00, 0x00, 0x05, 0x55, 0x53, 0x22, 0x22, 0x23, 0x45, 0x55, 0x50, 0x00, 0x00, 0x00, 0x00,
    0x00, 0x00, 0x00, 0x00, 0x05, 0x55, 0x55, 0x55, 0x55, 0x55, 0x50, 0x00, 0x00, 0x00, 0x00, 0x00,
    0x00, 0x00, 0x00, 0x00, 0x00, 0x05, 0x55, 0x55, 0x55, 0x50, 0x00, 0x00, 0x00, 0x00, 0x00, 0x00,
    0x00, 0x00, 0x00, 0x00, 0x00, 0x00, 0x00, 0x00, 0x00, 0x00, 0x00, 0x00, 0x00, 0x00, 0x00, 0x00,
    0x00, 0x00, 0x00, 0x00, 0x00, 0x00, 0x00, 0x00, 0x00, 0x00, 0x00, 0x00, 0x00, 0x00, 0x00, 0x00,
    0x00, 0x00, 0x00, 0x00, 0x00, 0x00, 0x00, 0x00, 0x00, 0x00, 0x00, 0x00, 0x00, 0x00, 0x00, 0x00,
    0x00, 0x00, 0x00, 0x00, 0x00, 0x00, 0x00, 0x00, 0x00, 0x00, 0x00, 0x00, 0x00, 0x00, 0x00, 0x00,
    0x00, 0x00, 0x00, 0x00, 0x00, 0x00, 0x00, 0x00, 0x00, 0x00, 0x00, 0x00, 0x00, 0x00, 0x00, 0x00,
};
unsigned short ui_bow_pal[] = {0x294A, 0xAFED, 0x8EE7, 0x6D9F, 0x43D5, 0x3A0F, 0xF109, 0x9001, 0x4801, 0xFE4D, 0x0001, 0x0001, 0x0001, 0x0001, 0x0001, 0x0001};
unsigned short ui_bow_disabled_pal[] = {0x7BDE, 0xCE73, 0xBDEF, 0xAD6B, 0x94A5, 0x8421, 0x94A5, 0x7BDF, 0x739D, 0xC631, 0x6319, 0x6319, 0x6319, 0x6319, 0x6319, 0x6319};
unsigned char ui_watt_png[] = {
    0x00, 0x00, 0x00, 0x00, 0x00, 0x00, 0x00, 0x00, 0x00, 0x00, 0x00, 0x00, 0x00, 0x00, 0x00, 0x00,
    0x00, 0x00, 0x00, 0x00, 0x00, 0x00, 0x00, 0x00, 0x00, 0x00, 0x00, 0x00, 0x00, 0x00, 0x00, 0x00,
    0x00, 0x00, 0x00, 0x00, 0x00, 0x00, 0x00, 0x00, 0x00, 0x00, 0x00, 0x00, 0x00, 0x00, 0x00, 0x00,
    0x00, 0x00, 0x00, 0x00, 0x00, 0x00, 0x00, 0x00, 0x00, 0x00, 0x00, 0x00, 0x00, 0x00, 0x00, 0x00,
    0x00, 0x00, 0x00, 0x00, 0x00, 0x11, 0x10, 0x00, 0x01, 0x00, 0x00, 0x00, 0x00, 0x00, 0x00, 0x00,
    0x00, 0x00, 0x00, 0x00, 0x00, 0x11, 0x11, 0x00, 0x11, 0x10, 0x00, 0x00, 0x00, 0x00, 0x00, 0x00,
    0x00, 0x00, 0x00, 0x00, 0x00, 0x11, 0xA1, 0x11, 0x11, 0x11, 0x00, 0x00, 0x00, 0x00, 0x00, 0x00,
    0x00, 0x00, 0x00, 0x00, 0x00, 0x11, 0xD6, 0x11, 0x1D, 0x11, 0x10, 0x01, 0x11, 0x10, 0x00, 0x00,
    0x00, 0x00, 0x00, 0x00, 0x00, 0x11, 0xDD, 0xA6, 0x2D, 0xD1, 0x11, 0x11, 0x11, 0x10, 0x00, 0x00,
    0x00, 0x00, 0x00, 0x01, 0x11, 0x11, 0xDD, 0xDC, 0xCC, 0xCD, 0x61, 0x12, 0xB1, 0x10, 0x00, 0x00,
    0x00, 0x00, 0x00, 0x01, 0x11, 0x16, 0xDC, 0xCE, 0xEE, 0xEC, 0xDB, 0x6D, 0x61, 0x10, 0x00, 0x00,
    0x00, 0x00, 0x00, 0x01, 0x1B, 0xDD, 0xCE, 0xEE, 0xEE, 0xEE, 0xEC, 0xDD, 0x11, 0x00, 0x00, 0x00,
    0x00, 0x00, 0x00, 0x01, 0x1D, 0xDC, 0xEE, 0xEE, 0x16, 0xE1, 0x6E, 0xCD, 0x11, 0x00, 0x00, 0x00,
    0x00, 0x00, 0x00, 0x01, 0x1D, 0xDE, 0xEE, 0xEE, 0x11, 0xE1, 0x1E, 0xEB, 0x11, 0x00, 0x00, 0x00,
    0x00, 0x00, 0x00, 0x01, 0x1D, 0xCE, 0xEE, 0xEE, 0x61, 0xE6, 0x1E, 0xEC, 0xB1, 0x10, 0x00, 0x00,
    0x00, 0x00, 0x00, 0x11, 0x6D, 0xCE, 0xFF, 0xFE, 0xCC, 0xEC, 0xCE, 0xFF, 0xDB, 0x11, 0x00, 0x00,
    0x00, 0x00, 0x01, 0x11, 0xDD, 0xCE, 0xFF, 0xFE, 0xEE, 0xEE, 0x88, 0x88, 0xCD, 0x21, 0x00, 0x00,
    0x00, 0x00, 0x11, 0x1D, 0xDD, 0xCE, 0xEE, 0xEE, 0xEE, 0xE7, 0x88, 0x99, 0x82, 0x11, 0x00, 0x00,
    0x00, 0x00, 0x16, 0xBD, 0xDD, 0xCE, 0xEE, 0xEE, 0xEE, 0x87, 0x88, 0x99, 0x81, 0x10, 0x00, 0x00,
    0x00, 0x00, 0x11, 0x16, 0xBD, 0xDC, 0xEE, 0xEE, 0xEE, 0x87, 0x88, 0x88, 0x81, 0x00, 0x00, 0x00,
    0x00, 0x00, 0x01, 0x11, 0x1B, 0xDC, 0xEE, 0xEE, 0xEE, 0xE8, 0x78, 0x88, 0x11, 0x00, 0x00, 0x00,
    0x00, 0x00, 0x00, 0x01, 0x16, 0xDD, 0xCC, 0xEE, 0xEE, 0xEC, 0x87, 0x77, 0x61, 0x10, 0x00, 0x00,
    0x00, 0x00, 0x00, 0x00, 0x11, 0xDD, 0xDD, 0xCC, 0xCC, 0xDD, 0xDD, 0xBB, 0xB6, 0x11, 0x00, 0x00,
    0x00, 0x00, 0x00, 0x00, 0x11, 0xDD, 0xBD, 0xDD, 0xDB, 0xBD, 0xDB, 0x61, 0x11, 0x10, 0x00, 0x00,
    0x00, 0x00, 0x00, 0x00, 0x11, 0xD6, 0x16, 0xDD, 0x61, 0x26, 0xBD, 0xB1, 0x11, 0x00, 0x00, 0x00,
    0x00, 0x00, 0x00, 0x00, 0x11, 0xB1, 0x11, 0x6B, 0x11, 0x11, 0x6B, 0xD1, 0x00, 0x00, 0x00, 0x00,
    0x00, 0x00, 0x00, 0x00, 0x11, 0x11, 0x01, 0x11, 0x11, 0x01, 0x11, 0x11, 0x00, 0x00, 0x00, 0x00,
    0x00, 0x00, 0x00, 0x00, 0x01, 0x10, 0x00, 0x11, 0x00, 0x00, 0x01, 0x11, 0x00, 0x00, 0x00, 0x00,
    0x00, 0x00, 0x00, 0x00, 0x00, 0x00, 0x00, 0x00, 0x00, 0x00, 0x00, 0x00, 0x00, 0x00, 0x00, 0x00,
    0x00, 0x00, 0x00, 0x00, 0x00, 0x00, 0x00, 0x00, 0x00, 0x00, 0x00, 0x00, 0x00, 0x00, 0x00, 0x00,
    0x00, 0x00, 0x00, 0x00, 0x00, 0x00, 0x00, 0x00, 0x00, 0x00, 0x00, 0x00, 0x00, 0x00, 0x00, 0x00,
    0x00, 0x00, 0x00, 0x00, 0x00, 0x00, 0x00, 0x00, 0x00, 0x00, 0x00, 0x00, 0x00, 0x00, 0x00, 0x00,
};
unsigned short ui_watt_pal[] = {0x294A, 0x4901, 0x6A05, 0x4A0D, 0x4213, 0x8243, 0x9285, 0x2A5B, 0x4BF9, 0x863D, 0xCC01, 0xCC01, 0xDD11, 0xFCC1, 0xFEDF, 0xFC25};
unsigned short ui_watt_disabled_pal[] = {0x7BDE, 0x7BDF, 0x8421, 0x8421, 0x8421, 0x8C63, 0x94A5, 0x8421, 0xA529, 0xBDEF, 0xA529, 0xA529, 0xB5AD, 0xB5AD, 0xCE73, 0xBDEF};
unsigned char ui_sushie_png[] = {
    0x00, 0x00, 0x00, 0x00, 0x00, 0x00, 0x00, 0x00, 0x00, 0x00, 0x00, 0x00, 0x00, 0x00, 0x00, 0x00,
    0x00, 0x00, 0x00, 0x00, 0x00, 0x00, 0x00, 0x00, 0x00, 0x00, 0x00, 0x00, 0x00, 0x00, 0x00, 0x00,
    0x00, 0x00, 0x00, 0x00, 0x00, 0x00, 0x00, 0x00, 0x00, 0x00, 0x00, 0x00, 0x00, 0x00, 0x00, 0x00,
    0x00, 0x00, 0x00, 0x00, 0x00, 0x00, 0x00, 0x00, 0x00, 0x00, 0x00, 0x00, 0x00, 0x00, 0x00, 0x00,
    0x00, 0x00, 0x00, 0x00, 0x00, 0x00, 0x0B, 0xBB, 0xBB, 0x00, 0x00, 0x00, 0x00, 0x00, 0x00, 0x00,
    0x00, 0x00, 0x00, 0x00, 0x00, 0x0B, 0xBB, 0xBB, 0xBB, 0xB0, 0x00, 0x00, 0x00, 0x00, 0x00, 0x00,
    0x00, 0x00, 0x00, 0x00, 0x00, 0xBB, 0xB9, 0x88, 0x8B, 0xB0, 0x00, 0x00, 0x00, 0x00, 0x00, 0x00,
    0x00, 0x00, 0x00, 0x00, 0x0B, 0xB9, 0x88, 0xA8, 0x8B, 0xB0, 0x00, 0x00, 0x00, 0x00, 0x00, 0x00,
    0x00, 0x00, 0x00, 0x00, 0x0B, 0xB8, 0x88, 0xA8, 0x9B, 0x44, 0x44, 0x40, 0x00, 0x00, 0x00, 0x00,
    0x00, 0x00, 0x00, 0x00, 0xBB, 0x8A, 0x88, 0xA9, 0xAB, 0x44, 0x44, 0x44, 0x00, 0x00, 0x00, 0x00,
    0x00, 0x00, 0x00, 0x00, 0xBA, 0x8A, 0x97, 0x77, 0x31, 0x23, 0x21, 0x34, 0x40, 0x00, 0x00, 0x00,
    0x00, 0x00, 0x00, 0x0B, 0xB8, 0x8A, 0x76, 0x56, 0x11, 0x12, 0x11, 0x14, 0x40, 0x00, 0x00, 0x00,
    0x00, 0x00, 0x00, 0x0B, 0xB8, 0x97, 0x55, 0x56, 0x11, 0x42, 0x34, 0x14, 0x40, 0x00, 0x00, 0x00,
    0x00, 0x00, 0x00, 0x0B, 0xB9, 0x75, 0x55, 0x56, 0x11, 0x42, 0x34, 0x14, 0x40, 0x00, 0x00, 0x00,
    0x00, 0x00, 0x00, 0x0B, 0xB7, 0x55, 0x98, 0x96, 0x21, 0x42, 0xAA, 0xAA, 0xBB, 0x00, 0x00, 0x00,
    0x00, 0x00, 0x00, 0x07, 0x77, 0x55, 0x89, 0xAA, 0xAA, 0x99, 0x98, 0x88, 0xAB, 0xB0, 0x00, 0x00,
    0x00, 0x00, 0x00, 0x07, 0x75, 0x55, 0x5A, 0x98, 0x88, 0x88, 0x88, 0x88, 0x9B, 0xB0, 0x00, 0x00,
    0x00, 0x00, 0x0B, 0xBB, 0x75, 0x55, 0x6A, 0x88, 0x9A, 0xAA, 0xAA, 0xAA, 0xAB, 0xB0, 0x00, 0x00,
    0x00, 0x00, 0xBB, 0xA9, 0x76, 0x44, 0x33, 0xA8, 0x88, 0x88, 0x88, 0x88, 0xAB, 0xB0, 0x00, 0x00,
    0x00, 0x00, 0xBB, 0x88, 0x44, 0x21, 0x13, 0xEA, 0xA9, 0x99, 0x99, 0x9A, 0xBB, 0x00, 0x00, 0x00,
    0x00, 0x00, 0xBB, 0x84, 0x31, 0x13, 0x14, 0xDD, 0xEA, 0xAA, 0xAA, 0xAB, 0xB4, 0x40, 0x00, 0x00,
    0x00, 0x00, 0xBB, 0x84, 0x13, 0x31, 0x14, 0xCC, 0xCC, 0xCC, 0xCC, 0xDF, 0x11, 0x44, 0x00, 0x00,
    0x00, 0x00, 0xBB, 0x84, 0x21, 0x11, 0x4E, 0xCC, 0xCC, 0xCC, 0xCC, 0xFF, 0x33, 0x44, 0x00, 0x00,
    0x00, 0x00, 0xBB, 0x88, 0x44, 0x44, 0xEC, 0xCC, 0xCC, 0xCC, 0xDF, 0xFF, 0x44, 0x40, 0x00, 0x00,
    0x00, 0x00, 0xBB, 0xB8, 0x89, 0xBF, 0xFE, 0xDC, 0xCD, 0xEF, 0xFF, 0xF0, 0x00, 0x00, 0x00, 0x00,
    0x00, 0x00, 0x0B, 0xBB, 0xBB, 0xBF, 0xFF, 0xFF, 0xFF, 0xFF, 0xF0, 0x00, 0x00, 0x00, 0x00, 0x00,
    0x00, 0x00, 0x00, 0xBB, 0xBB, 0x00, 0x0F, 0xFF, 0xFF, 0xF0, 0x00, 0x00, 0x00, 0x00, 0x00, 0x00,
    0x00, 0x00, 0x00, 0x00, 0x00, 0x00, 0x00, 0x00, 0x00, 0x00, 0x00, 0x00, 0x00, 0x00, 0x00, 0x00,
    0x00, 0x00, 0x00, 0x00, 0x00, 0x00, 0x00, 0x00, 0x00, 0x00, 0x00, 0x00, 0x00, 0x00, 0x00, 0x00,
    0x00, 0x00, 0x00, 0x00, 0x00, 0x00, 0x00, 0x00, 0x00, 0x00, 0x00, 0x00, 0x00, 0x00, 0x00, 0x00,
    0x00, 0x00, 0x00, 0x00, 0x00, 0x00, 0x00, 0x00, 0x00, 0x00, 0x00, 0x00, 0x00, 0x00, 0x00, 0x00,
    0x00, 0x00, 0x00, 0x00, 0x00, 0x00, 0x00, 0x00, 0x00, 0x00, 0x00, 0x00, 0x00, 0x00, 0x00, 0x00,
};
unsigned short ui_sushie_pal[] = {0x294A, 0xD6B5, 0x8C67, 0x5299, 0x210D, 0x7A69, 0x61A1, 0x4955, 0xECCD, 0xD38B, 0x8A09, 0x4907, 0xD6A3, 0xAD5B, 0x83D3, 0x39C5};
unsigned short ui_sushie_disabled_pal[] = {0x7BDE, 0xCE73, 0xAD6B, 0x8C63, 0x739D, 0x94A5, 0x8C63, 0x8421, 0xB5AD, 0xA529, 0x8C63, 0x7BDF, 0xC631, 0xB5AD, 0x9CE7, 0x7BDF};
unsigned char ui_lakilester_png[] = {
    0x00, 0x00, 0x00, 0x00, 0x00, 0x00, 0x00, 0x00, 0x00, 0x00, 0x00, 0x00, 0x00, 0x00, 0x00, 0x00,
    0x00, 0x00, 0x00, 0x00, 0x00, 0x00, 0x00, 0x00, 0x00, 0x00, 0x00, 0x00, 0x00, 0x00, 0x00, 0x00,
    0x00, 0x00, 0x00, 0x00, 0x00, 0x00, 0x00, 0x00, 0x00, 0x00, 0x00, 0x00, 0x00, 0x00, 0x00, 0x00,
    0x00, 0x00, 0x00, 0x00, 0x00, 0x00, 0x00, 0x00, 0x00, 0x00, 0x00, 0x00, 0x00, 0x00, 0x00, 0x00,
    0x00, 0x00, 0x00, 0x00, 0x00, 0x09, 0x99, 0x99, 0x90, 0x00, 0x00, 0x00, 0x00, 0x00, 0x00, 0x00,
    0x00, 0x00, 0x00, 0x00, 0x00, 0x00, 0x98, 0x76, 0x89, 0x00, 0x00, 0x00, 0x00, 0x00, 0x00, 0x00,
    0x00, 0x00, 0x00, 0x00, 0x00, 0x09, 0x87, 0x77, 0x69, 0x90, 0x00, 0x00, 0x00, 0x00, 0x00, 0x00,
    0x00, 0x00, 0x00, 0x00, 0x00, 0x09, 0x87, 0x78, 0x89, 0x9D, 0x00, 0x00, 0x00, 0x00, 0x00, 0x00,
    0x00, 0x00, 0x00, 0x00, 0x00, 0x0D, 0xDD, 0xCB, 0xBB, 0xCD, 0xD0, 0x00, 0x00, 0x00, 0x00, 0x00,
    0x00, 0x00, 0x00, 0x00, 0x00, 0xDD, 0xCA, 0xAA, 0xAA, 0xAC, 0xDD, 0x00, 0x00, 0x00, 0x00, 0x00,
    0x00, 0x00, 0x00, 0x00, 0x00, 0xDD, 0xAB, 0xDD, 0xDA, 0xDD, 0xDD, 0x00, 0x00, 0x00, 0x00, 0x00,
    0x00, 0x00, 0x00, 0x00, 0x0D, 0xDC, 0xDD, 0x53, 0x2D, 0x55, 0x2D, 0xD0, 0x00, 0x00, 0x00, 0x00,
    0x00, 0x00, 0x00, 0x00, 0x0D, 0xDA, 0xAD, 0x55, 0x3D, 0x55, 0x4D, 0xD0, 0x00, 0x00, 0x00, 0x00,
    0x00, 0x00, 0x00, 0x00, 0xDD, 0xCA, 0xAB, 0x55, 0x5B, 0x55, 0x5B, 0xDD, 0x00, 0x00, 0x00, 0x00,
    0x00, 0x00, 0x00, 0x00, 0xDD, 0xBA, 0xAA, 0xAA, 0xAA, 0xAA, 0xAB, 0xDD, 0x00, 0x00, 0x00, 0x00,
    0x00, 0x00, 0x00, 0xFF, 0xDD, 0xBB, 0xAA, 0xAC, 0xCA, 0xAA, 0xAB, 0xDD, 0xFF, 0x00, 0x00, 0x00,
    0x00, 0x00, 0x0F, 0xFF, 0x5D, 0xDC, 0xCB, 0xAA, 0xBC, 0xBB, 0xCC, 0xD5, 0xFF, 0xF0, 0x00, 0x00,
    0x00, 0x00, 0xFF, 0x53, 0x3C, 0xAA, 0xAB, 0xCC, 0xCC, 0xCC, 0xAA, 0xBC, 0x2F, 0xF0, 0x00, 0x00,
    0x00, 0x00, 0xFF, 0x31, 0x24, 0xCC, 0xCC, 0x42, 0x22, 0x24, 0xCC, 0xC3, 0x14, 0xFF, 0x00, 0x00,
    0x00, 0x00, 0xFF, 0x11, 0x12, 0x22, 0x21, 0x11, 0x45, 0x15, 0x41, 0x11, 0x12, 0xFF, 0x00, 0x00,
    0x00, 0x00, 0xFF, 0x11, 0x11, 0x11, 0x11, 0x11, 0x4F, 0x1F, 0x41, 0x11, 0x11, 0xFF, 0x00, 0x00,
    0x00, 0x00, 0xFF, 0x21, 0x11, 0x11, 0x11, 0x11, 0x45, 0x15, 0x41, 0x11, 0x11, 0xFF, 0x00, 0x00,
    0x00, 0x00, 0xFF, 0x41, 0x11, 0x11, 0x11, 0x14, 0x11, 0x11, 0x11, 0x11, 0x13, 0xFF, 0x00, 0x00,
    0x00, 0x00, 0xFF, 0x52, 0x11, 0x11, 0x11, 0x25, 0x21, 0x11, 0x11, 0x11, 0x25, 0xFF, 0x00, 0x00,
    0x00, 0x00, 0x0F, 0xF5, 0x21, 0x11, 0x14, 0x52, 0x55, 0x54, 0x11, 0x12, 0x5F, 0xF0, 0x00, 0x00,
    0x00, 0x00, 0x00, 0xFF, 0xF4, 0x32, 0x11, 0x11, 0x11, 0x11, 0x12, 0x4F, 0xFF, 0x00, 0x00, 0x00,
    0x00, 0x00, 0x00, 0x0F, 0xFF, 0xFF, 0xFF, 0xFF, 0xFF, 0xFF, 0xFF, 0xFF, 0xF0, 0x00, 0x00, 0x00,
    0x00, 0x00, 0x00, 0x00, 0x0F, 0xFF, 0xFF, 0xFF, 0xFF, 0xFF, 0xFF, 0xF0, 0x00, 0x00, 0x00, 0x00,
    0x00, 0x00, 0x00, 0x00, 0x00, 0x00, 0x00, 0x00, 0x00, 0x00, 0x00, 0x00, 0x00, 0x00, 0x00, 0x00,
    0x00, 0x00, 0x00, 0x00, 0x00, 0x00, 0x00, 0x00, 0x00, 0x00, 0x00, 0x00, 0x00, 0x00, 0x00, 0x00,
    0x00, 0x00, 0x00, 0x00, 0x00, 0x00, 0x00, 0x00, 0x00, 0x00, 0x00, 0x00, 0x00, 0x00, 0x00, 0x00,
    0x00, 0x00, 0x00, 0x00, 0x00, 0x00, 0x00, 0x00, 0x00, 0x00, 0x00, 0x00, 0x00, 0x00, 0x00, 0x00,
};
unsigned short ui_lakilester_pal[] = {0x294A, 0xCF3D, 0xAE39, 0x8D75, 0x646F, 0x2A5B, 0x154F, 0x1B85, 0x1245, 0x0943, 0xFE11, 0xAC0D, 0x6A47, 0x3907, 0x0001, 0x2109};
unsigned short ui_lakilester_disabled_pal[] = {0x7BDE, 0xCE73, 0xC631, 0xB5AD, 0xA529, 0x8421, 0x94A5, 0x8421, 0x7BDF, 0x739D, 0xC631, 0xA529, 0x8C63, 0x739D, 0x6319, 0x739D};
unsigned char ui_partner9_png[] = {
    0x00, 0x00, 0x00, 0x00, 0x00, 0x00, 0x00, 0x00, 0x00, 0x00, 0x00, 0x00, 0x00, 0x00, 0x00, 0x00,
    0x00, 0x00, 0x00, 0x00, 0x00, 0x00, 0x00, 0x00, 0x00, 0x00, 0x00, 0x00, 0x00, 0x00, 0x00, 0x00,
    0x00, 0x00, 0x00, 0x00, 0x00, 0x00, 0x00, 0x00, 0x00, 0x00, 0x00, 0x00, 0x00, 0x00, 0x00, 0x00,
    0x00, 0x00, 0x00, 0x00, 0x00, 0x00, 0x00, 0x00, 0x00, 0x00, 0x00, 0x00, 0x00, 0x00, 0x00, 0x00,
    0x00, 0x00, 0x00, 0x00, 0x00, 0x00, 0x00, 0x00, 0xEE, 0xEE, 0xEE, 0x00, 0x00, 0x00, 0x00, 0x00,
    0x00, 0x00, 0x00, 0x00, 0x00, 0x00, 0x00, 0x0E, 0xEE, 0xEE, 0xEE, 0xE0, 0x00, 0x00, 0x00, 0x00,
    0x00, 0x00, 0x00, 0x00, 0x00, 0x00, 0x00, 0xEE, 0x12, 0x21, 0x2E, 0xE0, 0x00, 0x00, 0x00, 0x00,
    0x00, 0x00, 0x00, 0x00, 0x00, 0x00, 0x0F, 0xEE, 0x22, 0xE2, 0xEE, 0xFF, 0x00, 0x00, 0x00, 0x00,
    0x00, 0x00, 0x00, 0x00, 0x00, 0x00, 0x0F, 0xFD, 0x22, 0xE2, 0xE7, 0xDF, 0xF0, 0x00, 0x00, 0x00,
    0x00, 0x00, 0x00, 0x00, 0x00, 0x00, 0xFF, 0xD8, 0x99, 0x99, 0x88, 0x87, 0xFF, 0x00, 0x00, 0x00,
    0x00, 0x00, 0x00, 0x00, 0x55, 0x50, 0xFF, 0x78, 0x88, 0x88, 0x88, 0x88, 0xFF, 0x00, 0x00, 0x00,
    0x00, 0x00, 0x00, 0x00, 0x55, 0x55, 0xFF, 0x88, 0x88, 0x88, 0x88, 0x88, 0xFF, 0x00, 0x00, 0x00,
    0x00, 0x00, 0x00, 0x00, 0x54, 0x33, 0x5F, 0x88, 0x8D, 0x88, 0x88, 0x8D, 0xFF, 0x00, 0x00, 0x00,
    0x00, 0x00, 0x00, 0x00, 0x05, 0x54, 0x3F, 0xD8, 0x87, 0xD7, 0x88, 0x7F, 0xFF, 0x00, 0x00, 0x00,
    0x00, 0x00, 0x00, 0x00, 0x00, 0x55, 0x55, 0x5D, 0x88, 0x8D, 0xDF, 0xFF, 0xF0, 0x00, 0x00, 0x00,
    0x00, 0x00, 0x00, 0x00, 0x0C, 0xCA, 0xAF, 0xF5, 0x55, 0x5F, 0xFF, 0xF0, 0x00, 0x00, 0x00, 0x00,
    0x00, 0x00, 0x00, 0x00, 0xCC, 0xAB, 0xA8, 0x8D, 0xF5, 0x44, 0xF0, 0x00, 0x00, 0x00, 0x00, 0x00,
    0x00, 0x00, 0x00, 0x00, 0xCC, 0xBA, 0x78, 0x7D, 0xF5, 0x43, 0x4F, 0x00, 0x00, 0x00, 0x00, 0x00,
    0x00, 0x00, 0x00, 0x0C, 0xCA, 0xBA, 0x78, 0xDF, 0x61, 0x53, 0x35, 0xF0, 0x00, 0x00, 0x00, 0x00,
    0x00, 0x00, 0x00, 0x0C, 0xCB, 0xA4, 0x33, 0x34, 0x16, 0x15, 0x34, 0xF0, 0x00, 0x00, 0x00, 0x00,
    0x00, 0x00, 0x00, 0x0C, 0xCB, 0xCD, 0x88, 0x7D, 0xF6, 0x1F, 0xF4, 0xF0, 0x00, 0x00, 0x00, 0x00,
    0x00, 0x00, 0x00, 0x0C, 0xCA, 0xFD, 0x88, 0x87, 0xF1, 0xF0, 0x0F, 0xF0, 0x00, 0x00, 0x00, 0x00,
    0x00, 0x00, 0x00, 0xFF, 0x8D, 0xFF, 0xD7, 0x7F, 0x1C, 0xCC, 0x00, 0x00, 0x00, 0x00, 0x00, 0x00,
    0x00, 0x00, 0x00, 0xFF, 0x8F, 0xCC, 0xFF, 0xFF, 0xCA, 0xBC, 0xCC, 0x00, 0x00, 0x00, 0x00, 0x00,
    0x00, 0x00, 0x00, 0xFF, 0xFC, 0xCA, 0xBB, 0xBA, 0xCA, 0xBA, 0xAC, 0xC0, 0x00, 0x00, 0x00, 0x00,
    0x00, 0x00, 0x00, 0x0F, 0xFC, 0xCA, 0xBB, 0xBA, 0xCA, 0xBB, 0xBC, 0xC0, 0x00, 0x00, 0x00, 0x00,
    0x00, 0x00, 0x00, 0x00, 0x0F, 0xFD, 0x77, 0x7D, 0xFD, 0x77, 0x7F, 0xF0, 0x00, 0x00, 0x00, 0x00,
    0x00, 0x00, 0x00, 0x00, 0x0F, 0xFF, 0xFF, 0xFF, 0xFF, 0xFF, 0xFF, 0xF0, 0x00, 0x00, 0x00, 0x00,
    0x00, 0x00, 0x00, 0x00, 0x00, 0x00, 0x00, 0x00, 0x00, 0x00, 0x00, 0x00, 0x00, 0x00, 0x00, 0x00,
    0x00, 0x00, 0x00, 0x00, 0x00, 0x00, 0x00, 0x00, 0x00, 0x00, 0x00, 0x00, 0x00, 0x00, 0x00, 0x00,
    0x00, 0x00, 0x00, 0x00, 0x00, 0x00, 0x00, 0x00, 0x00, 0x00, 0x00, 0x00, 0x00, 0x00, 0x00, 0x00,
    0x00, 0x00, 0x00, 0x00, 0x00, 0x00, 0x00, 0x00, 0x00, 0x00, 0x00, 0x00, 0x00, 0x00, 0x00, 0x00,
};
unsigned short ui_partner9_pal[] = {0x294A, 0x730F, 0xBDEF, 0xD943, 0xA881, 0x80C1, 0xBD61, 0xBBD1, 0xE50B, 0xED97, 0x2A67, 0x3B39, 0x3199, 0x9AC9, 0x418F, 0x5901};
unsigned short ui_partner9_disabled_pal[] = {0x7BDE, 0x94A5, 0xC631, 0x94A5, 0x8421, 0x7BDF, 0xB5AD, 0xA529, 0xB5AD, 0xBDEF, 0x8C63, 0x9CE7, 0x8421, 0x94A5, 0x7BDF, 0x7BDF};
unsigned char ui_partner10_png[] = {
    0x00, 0x00, 0x00, 0x00, 0x00, 0x00, 0x00, 0x00, 0x00, 0x00, 0x00, 0x00, 0x00, 0x00, 0x00, 0x00,
    0x00, 0x00, 0x00, 0x00, 0x00, 0x00, 0x00, 0x00, 0x00, 0x00, 0x00, 0x00, 0x00, 0x00, 0x00, 0x00,
    0x00, 0x00, 0x00, 0x00, 0x00, 0x00, 0x00, 0x00, 0x00, 0x00, 0x00, 0x00, 0x00, 0x00, 0x00, 0x00,
    0x00, 0x00, 0x00, 0x00, 0x00, 0x00, 0x00, 0x00, 0x00, 0x00, 0x00, 0x00, 0x00, 0x00, 0x00, 0x00,
    0x00, 0x00, 0x00, 0x00, 0x00, 0x00, 0x00, 0x00, 0xEE, 0xEE, 0xEE, 0x00, 0x00, 0x00, 0x00, 0x00,
    0x00, 0x00, 0x00, 0x00, 0x00, 0x00, 0x00, 0x0E, 0xEE, 0xEE, 0xEE, 0xE0, 0x00, 0x00, 0x00, 0x00,
    0x00, 0x00, 0x00, 0x00, 0x00, 0x00, 0x00, 0xEE, 0x12, 0x21, 0x2E, 0xE0, 0x00, 0x00, 0x00, 0x00,
    0x00, 0x00, 0x00, 0x00, 0x00, 0x00, 0x0F, 0xEE, 0x22, 0xE2, 0xEE, 0xFF, 0x00, 0x00, 0x00, 0x00,
    0x00, 0x00, 0x00, 0x00, 0x00, 0x00, 0x0F, 0xFD, 0x22, 0xE2, 0xE7, 0xDF, 0xF0, 0x00, 0x00, 0x00,
    0x00, 0x00, 0x00, 0x00, 0x00, 0x00, 0xFF, 0xD8, 0x99, 0x99, 0x88, 0x87, 0xFF, 0x00, 0x00, 0x00,
    0x00, 0x00, 0x00, 0x00, 0x55, 0x50, 0xFF, 0x78, 0x88, 0x88, 0x88, 0x88, 0xFF, 0x00, 0x00, 0x00,
    0x00, 0x00, 0x00, 0x00, 0x55, 0x55, 0xFF, 0x88, 0x88, 0x88, 0x88, 0x88, 0xFF, 0x00, 0x00, 0x00,
    0x00, 0x00, 0x00, 0x00, 0x54, 0x33, 0x5F, 0x88, 0x8D, 0x88, 0x88, 0x8D, 0xFF, 0x00, 0x00, 0x00,
    0x00, 0x00, 0x00, 0x00, 0x05, 0x54, 0x3F, 0xD8, 0x87, 0xD7, 0x88, 0x7F, 0xFF, 0x00, 0x00, 0x00,
    0x00, 0x00, 0x00, 0x00, 0x00, 0x55, 0x55, 0x5D, 0x88, 0x8D, 0xDF, 0xFF, 0xF0, 0x00, 0x00, 0x00,
    0x00, 0x00, 0x00, 0x00, 0x0C, 0xCA, 0xAF, 0xF5, 0x55, 0x5F, 0xFF, 0xF0, 0x00, 0x00, 0x00, 0x00,
    0x00, 0x00, 0x00, 0x00, 0xCC, 0xAB, 0xA8, 0x8D, 0xF5, 0x44, 0xF0, 0x00, 0x00, 0x00, 0x00, 0x00,
    0x00, 0x00, 0x00, 0x00, 0xCC, 0xBA, 0x78, 0x7D, 0xF5, 0x43, 0x4F, 0x00, 0x00, 0x00, 0x00, 0x00,
    0x00, 0x00, 0x00, 0x0C, 0xCA, 0xBA, 0x78, 0xDF, 0x61, 0x53, 0x35, 0xF0, 0x00, 0x00, 0x00, 0x00,
    0x00, 0x00, 0x00, 0x0C, 0xCB, 0xA4, 0x33, 0x34, 0x16, 0x15, 0x34, 0xF0, 0x00, 0x00, 0x00, 0x00,
    0x00, 0x00, 0x00, 0x0C, 0xCB, 0xCD, 0x88, 0x7D, 0xF6, 0x1F, 0xF4, 0xF0, 0x00, 0x00, 0x00, 0x00,
    0x00, 0x00, 0x00, 0x0C, 0xCA, 0xFD, 0x88, 0x87, 0xF1, 0xF0, 0x0F, 0xF0, 0x00, 0x00, 0x00, 0x00,
    0x00, 0x00, 0x00, 0xFF, 0x8D, 0xFF, 0xD7, 0x7F, 0x1C, 0xCC, 0x00, 0x00, 0x00, 0x00, 0x00, 0x00,
    0x00, 0x00, 0x00, 0xFF, 0x8F, 0xCC, 0xFF, 0xFF, 0xCA, 0xBC, 0xCC, 0x00, 0x00, 0x00, 0x00, 0x00,
    0x00, 0x00, 0x00, 0xFF, 0xFC, 0xCA, 0xBB, 0xBA, 0xCA, 0xBA, 0xAC, 0xC0, 0x00, 0x00, 0x00, 0x00,
    0x00, 0x00, 0x00, 0x0F, 0xFC, 0xCA, 0xBB, 0xBA, 0xCA, 0xBB, 0xBC, 0xC0, 0x00, 0x00, 0x00, 0x00,
    0x00, 0x00, 0x00, 0x00, 0x0F, 0xFD, 0x77, 0x7D, 0xFD, 0x77, 0x7F, 0xF0, 0x00, 0x00, 0x00, 0x00,
    0x00, 0x00, 0x00, 0x00, 0x0F, 0xFF, 0xFF, 0xFF, 0xFF, 0xFF, 0xFF, 0xF0, 0x00, 0x00, 0x00, 0x00,
    0x00, 0x00, 0x00, 0x00, 0x00, 0x00, 0x00, 0x00, 0x00, 0x00, 0x00, 0x00, 0x00, 0x00, 0x00, 0x00,
    0x00, 0x00, 0x00, 0x00, 0x00, 0x00, 0x00, 0x00, 0x00, 0x00, 0x00, 0x00, 0x00, 0x00, 0x00, 0x00,
    0x00, 0x00, 0x00, 0x00, 0x00, 0x00, 0x00, 0x00, 0x00, 0x00, 0x00, 0x00, 0x00, 0x00, 0x00, 0x00,
    0x00, 0x00, 0x00, 0x00, 0x00, 0x00, 0x00, 0x00, 0x00, 0x00, 0x00, 0x00, 0x00, 0x00, 0x00, 0x00,
};
unsigned short ui_partner10_pal[] = {0x294A, 0x730F, 0xBDEF, 0xD943, 0xA881, 0x80C1, 0xBD61, 0xBBD1, 0xE50B, 0xED97, 0x2A67, 0x3B39, 0x3199, 0x9AC9, 0x418F, 0x5901};
unsigned short ui_partner10_disabled_pal[] = {0x7BDE, 0x94A5, 0xC631, 0x94A5, 0x8421, 0x7BDF, 0xB5AD, 0xA529, 0xB5AD, 0xBDEF, 0x8C63, 0x9CE7, 0x8421, 0x94A5, 0x7BDF, 0x7BDF};
unsigned char ui_partner11_png[] = {
    0x00, 0x00, 0x00, 0x00, 0x00, 0x00, 0x00, 0x00, 0x00, 0x00, 0x00, 0x00, 0x00, 0x00, 0x00, 0x00,
    0x00, 0x00, 0x00, 0x00, 0x00, 0x00, 0x00, 0x00, 0x00, 0x00, 0x00, 0x00, 0x00, 0x00, 0x00, 0x00,
    0x00, 0x00, 0x00, 0x00, 0x00, 0x00, 0x00, 0x00, 0x00, 0x00, 0x00, 0x00, 0x00, 0x00, 0x00, 0x00,
    0x00, 0x00, 0x00, 0x00, 0x00, 0x00, 0x00, 0x00, 0x00, 0x00, 0x00, 0x00, 0x00, 0x00, 0x00, 0x00,
    0x00, 0x00, 0x00, 0x00, 0x00, 0x00, 0x00, 0x00, 0xEE, 0xEE, 0xEE, 0x00, 0x00, 0x00, 0x00, 0x00,
    0x00, 0x00, 0x00, 0x00, 0x00, 0x00, 0x00, 0x0E, 0xEE, 0xEE, 0xEE, 0xE0, 0x00, 0x00, 0x00, 0x00,
    0x00, 0x00, 0x00, 0x00, 0x00, 0x00, 0x00, 0xEE, 0x12, 0x21, 0x2E, 0xE0, 0x00, 0x00, 0x00, 0x00,
    0x00, 0x00, 0x00, 0x00, 0x00, 0x00, 0x0F, 0xEE, 0x22, 0xE2, 0xEE, 0xFF, 0x00, 0x00, 0x00, 0x00,
    0x00, 0x00, 0x00, 0x00, 0x00, 0x00, 0x0F, 0xFD, 0x22, 0xE2, 0xE7, 0xDF, 0xF0, 0x00, 0x00, 0x00,
    0x00, 0x00, 0x00, 0x00, 0x00, 0x00, 0xFF, 0xD8, 0x99, 0x99, 0x88, 0x87, 0xFF, 0x00, 0x00, 0x00,
    0x00, 0x00, 0x00, 0x00, 0x55, 0x50, 0xFF, 0x78, 0x88, 0x88, 0x88, 0x88, 0xFF, 0x00, 0x00, 0x00,
    0x00, 0x00, 0x00, 0x00, 0x55, 0x55, 0xFF, 0x88, 0x88, 0x88, 0x88, 0x88, 0xFF, 0x00, 0x00, 0x00,
    0x00, 0x00, 0x00, 0x00, 0x54, 0x33, 0x5F, 0x88, 0x8D, 0x88, 0x88, 0x8D, 0xFF, 0x00, 0x00, 0x00,
    0x00, 0x00, 0x00, 0x00, 0x05, 0x54, 0x3F, 0xD8, 0x87, 0xD7, 0x88, 0x7F, 0xFF, 0x00, 0x00, 0x00,
    0x00, 0x00, 0x00, 0x00, 0x00, 0x55, 0x55, 0x5D, 0x88, 0x8D, 0xDF, 0xFF, 0xF0, 0x00, 0x00, 0x00,
    0x00, 0x00, 0x00, 0x00, 0x0C, 0xCA, 0xAF, 0xF5, 0x55, 0x5F, 0xFF, 0xF0, 0x00, 0x00, 0x00, 0x00,
    0x00, 0x00, 0x00, 0x00, 0xCC, 0xAB, 0xA8, 0x8D, 0xF5, 0x44, 0xF0, 0x00, 0x00, 0x00, 0x00, 0x00,
    0x00, 0x00, 0x00, 0x00, 0xCC, 0xBA, 0x78, 0x7D, 0xF5, 0x43, 0x4F, 0x00, 0x00, 0x00, 0x00, 0x00,
    0x00, 0x00, 0x00, 0x0C, 0xCA, 0xBA, 0x78, 0xDF, 0x61, 0x53, 0x35, 0xF0, 0x00, 0x00, 0x00, 0x00,
    0x00, 0x00, 0x00, 0x0C, 0xCB, 0xA4, 0x33, 0x34, 0x16, 0x15, 0x34, 0xF0, 0x00, 0x00, 0x00, 0x00,
    0x00, 0x00, 0x00, 0x0C, 0xCB, 0xCD, 0x88, 0x7D, 0xF6, 0x1F, 0xF4, 0xF0, 0x00, 0x00, 0x00, 0x00,
    0x00, 0x00, 0x00, 0x0C, 0xCA, 0xFD, 0x88, 0x87, 0xF1, 0xF0, 0x0F, 0xF0, 0x00, 0x00, 0x00, 0x00,
    0x00, 0x00, 0x00, 0xFF, 0x8D, 0xFF, 0xD7, 0x7F, 0x1C, 0xCC, 0x00, 0x00, 0x00, 0x00, 0x00, 0x00,
    0x00, 0x00, 0x00, 0xFF, 0x8F, 0xCC, 0xFF, 0xFF, 0xCA, 0xBC, 0xCC, 0x00, 0x00, 0x00, 0x00, 0x00,
    0x00, 0x00, 0x00, 0xFF, 0xFC, 0xCA, 0xBB, 0xBA, 0xCA, 0xBA, 0xAC, 0xC0, 0x00, 0x00, 0x00, 0x00,
    0x00, 0x00, 0x00, 0x0F, 0xFC, 0xCA, 0xBB, 0xBA, 0xCA, 0xBB, 0xBC, 0xC0, 0x00, 0x00, 0x00, 0x00,
    0x00, 0x00, 0x00, 0x00, 0x0F, 0xFD, 0x77, 0x7D, 0xFD, 0x77, 0x7F, 0xF0, 0x00, 0x00, 0x00, 0x00,
    0x00, 0x00, 0x00, 0x00, 0x0F, 0xFF, 0xFF, 0xFF, 0xFF, 0xFF, 0xFF, 0xF0, 0x00, 0x00, 0x00, 0x00,
    0x00, 0x00, 0x00, 0x00, 0x00, 0x00, 0x00, 0x00, 0x00, 0x00, 0x00, 0x00, 0x00, 0x00, 0x00, 0x00,
    0x00, 0x00, 0x00, 0x00, 0x00, 0x00, 0x00, 0x00, 0x00, 0x00, 0x00, 0x00, 0x00, 0x00, 0x00, 0x00,
    0x00, 0x00, 0x00, 0x00, 0x00, 0x00, 0x00, 0x00, 0x00, 0x00, 0x00, 0x00, 0x00, 0x00, 0x00, 0x00,
    0x00, 0x00, 0x00, 0x00, 0x00, 0x00, 0x00, 0x00, 0x00, 0x00, 0x00, 0x00, 0x00, 0x00, 0x00, 0x00,
};
unsigned short ui_partner11_pal[] = {0x294A, 0x730F, 0xBDEF, 0xD943, 0xA881, 0x80C1, 0xBD61, 0xBBD1, 0xE50B, 0xED97, 0x2A67, 0x3B39, 0x3199, 0x9AC9, 0x418F, 0x5901};
unsigned short ui_partner11_disabled_pal[] = {0x7BDE, 0x94A5, 0xC631, 0x94A5, 0x8421, 0x7BDF, 0xB5AD, 0xA529, 0xB5AD, 0xBDEF, 0x8C63, 0x9CE7, 0x8421, 0x94A5, 0x7BDF, 0x7BDF};
unsigned char ui_status_text_times_png[] = {
    0xCD, 0x00, 0xBD, 0x00, 0xCF, 0xC0, 0xEE, 0x00, 0x0E, 0xFE, 0xEB, 0x00, 0x00, 0xFE, 0xC0, 0x00,
    0x0B, 0xEF, 0xD0, 0x00, 0xAE, 0xEC, 0xFC, 0x00, 0xDE, 0x90, 0xDC, 0x00, 0xBA, 0x00, 0x00, 0x00,
};
unsigned short ui_status_text_times_pal[] = {0xB512, 0x8B4B, 0x938D, 0x93CD, 0x9C4F, 0xA4D1, 0xB801, 0xBCD3, 0xBCD5, 0xBCD9, 0xC51B, 0xCDA3, 0xDE6D, 0xE6F5, 0xEF7B, 0xF7FF};
unsigned char ui_status_text_slash_png[] = {
    0x00, 0x00, 0x00, 0x00, 0x00, 0x00, 0x0B, 0xB4, 0x00, 0x00, 0xBD, 0xA4, 0x00, 0x0B, 0xED, 0x44,
    0x00, 0xAD, 0xE8, 0x45, 0x00, 0xCE, 0xA4, 0x50, 0x0C, 0xEC, 0x44, 0x00, 0xBE, 0xE7, 0x45, 0x00,
    0xCE, 0xA4, 0x40, 0x00, 0xBA, 0x44, 0x00, 0x00, 0x54, 0x40, 0x00, 0x00, 0x00, 0x00, 0x00, 0x00,
    0x00, 0x00, 0x00, 0x00, 0x00, 0x00, 0x00, 0x00, 0x00, 0x00, 0x00, 0x00, 0x00, 0x00, 0x00, 0x00,
};
unsigned short ui_status_text_slash_pal[] = {0xB512, 0x8B4B, 0x938D, 0x93CD, 0x9C4F, 0xA4D1, 0xB801, 0xBCD3, 0xBCD5, 0xBCD9, 0xC51B, 0xCDA3, 0xDE6D, 0xE6F5, 0xEF7B, 0xF7FF};
unsigned char ui_status_text_0_png[] = {
    0x00, 0x00, 0x00, 0x00, 0x00, 0x00, 0x00, 0x00, 0x00, 0x0B, 0xCA, 0x80, 0x00, 0x00, 0x00, 0x00,
    0x00, 0x9E, 0xFE, 0xA8, 0x00, 0x00, 0x00, 0x00, 0x08, 0xCF, 0xCF, 0xEA, 0x50, 0x00, 0x00, 0x00,
    0x09, 0xFE, 0x4B, 0xFB, 0x30, 0x00, 0x00, 0x00, 0x8C, 0xFB, 0x27, 0xFB, 0x20, 0x00, 0x00, 0x00,
    0xAF, 0xD3, 0x27, 0xFB, 0x20, 0x00, 0x00, 0x00, 0xCF, 0xE8, 0x3B, 0xFB, 0x20, 0x00, 0x00, 0x00,
    0x9C, 0xFC, 0xBF, 0xD5, 0x20, 0x00, 0x00, 0x00, 0x59, 0xCF, 0xFD, 0x72, 0x30, 0x00, 0x00, 0x00,
    0x05, 0x9A, 0xA4, 0x23, 0x00, 0x00, 0x00, 0x00, 0x00, 0x53, 0x12, 0x30, 0x00, 0x00, 0x00, 0x00,
    0x00, 0x00, 0x00, 0x00, 0x00, 0x00, 0x00, 0x00, 0x00, 0x00, 0x00, 0x00, 0x00, 0x00, 0x00, 0x00,
    0x00, 0x00, 0x00, 0x00, 0x00, 0x00, 0x00, 0x00, 0x00, 0x00, 0x00, 0x00, 0x00, 0x00, 0x00, 0x00,
};
unsigned short ui_status_text_0_pal[] = {0xB512, 0x8B4B, 0x938D, 0x93CD, 0x9C4F, 0xA4D1, 0xB801, 0xBCD3, 0xBCD5, 0xBCD9, 0xC51B, 0xCDA3, 0xDE6D, 0xE6F5, 0xEF7B, 0xF7FF};
unsigned char ui_status_text_1_png[] = {
    0x00, 0x00, 0x00, 0x00, 0x00, 0x00, 0x00, 0x00, 0x00, 0x0B, 0xCE, 0xA4, 0x00, 0x00, 0x00, 0x00,
    0x08, 0xCE, 0xFF, 0xB2, 0x50, 0x00, 0x00, 0x00, 0x0B, 0xFF, 0xDF, 0x83, 0x50, 0x00, 0x00, 0x00,
    0x00, 0xBB, 0xDD, 0x34, 0x00, 0x00, 0x00, 0x00, 0x00, 0x49, 0xEB, 0x24, 0x00, 0x00, 0x00, 0x00,
    0x00, 0x0C, 0xFA, 0x15, 0x00, 0x00, 0x00, 0x00, 0x00, 0x8F, 0xE4, 0x35, 0x00, 0x00, 0x00, 0x00,
    0x00, 0xCF, 0xD3, 0x40, 0x00, 0x00, 0x00, 0x00, 0x00, 0xCF, 0xB1, 0x50, 0x00, 0x00, 0x00, 0x00,
    0x00, 0x5B, 0x53, 0x50, 0x00, 0x00, 0x00, 0x00, 0x00, 0x31, 0x14, 0x50, 0x00, 0x00, 0x00, 0x00,
    0x00, 0x00, 0x00, 0x00, 0x00, 0x00, 0x00, 0x00, 0x00, 0x00, 0x00, 0x00, 0x00, 0x00, 0x00, 0x00,
    0x00, 0x00, 0x00, 0x00, 0x00, 0x00, 0x00, 0x00, 0x00, 0x00, 0x00, 0x00, 0x00, 0x00, 0x00, 0x00,
};
unsigned short ui_status_text_1_pal[] = {0xB512, 0x8B4B, 0x938D, 0x93CD, 0x9C4F, 0xA4D1, 0xB801, 0xBCD3, 0xBCD5, 0xBCD9, 0xC51B, 0xCDA3, 0xDE6D, 0xE6F5, 0xEF7B, 0xF7FF};
unsigned char ui_status_text_2_png[] = {
    0x00, 0x00, 0x00, 0x00, 0x00, 0x00, 0x00, 0x00, 0x08, 0xAC, 0xDC, 0x00, 0x00, 0x00, 0x00, 0x00,
    0x9B, 0xDF, 0xFF, 0xC0, 0x00, 0x00, 0x00, 0x00, 0xCE, 0xFE, 0xBF, 0xF9, 0x40, 0x00, 0x00, 0x00,
    0xAF, 0xD7, 0xCF, 0xE7, 0x40, 0x00, 0x00, 0x00, 0x41, 0x3B, 0xFE, 0x72, 0x40, 0x00, 0x00, 0x00,
    0x00, 0xBF, 0xD7, 0x14, 0x00, 0x00, 0x00, 0x00, 0x0B, 0xFD, 0x53, 0x99, 0x50, 0x00, 0x00, 0x00,
    0xAF, 0xEA, 0xBC, 0xFB, 0x30, 0x00, 0x00, 0x00, 0xDE, 0xDE, 0xFE, 0xEB, 0x20, 0x00, 0x00, 0x00,
    0x4D, 0xDC, 0xB9, 0x55, 0x30, 0x00, 0x00, 0x00, 0x03, 0x11, 0x11, 0x33, 0x50, 0x00, 0x00, 0x00,
    0x00, 0x00, 0x00, 0x00, 0x00, 0x00, 0x00, 0x00, 0x00, 0x00, 0x00, 0x00, 0x00, 0x00, 0x00, 0x00,
    0x00, 0x00, 0x00, 0x00, 0x00, 0x00, 0x00, 0x00, 0x00, 0x00, 0x00, 0x00, 0x00, 0x00, 0x00, 0x00,
};
unsigned short ui_status_text_2_pal[] = {0xB512, 0x8B4B, 0x938D, 0x93CD, 0x9C4F, 0xA4D1, 0xB801, 0xBCD3, 0xBCD5, 0xBCD9, 0xC51B, 0xCDA3, 0xDE6D, 0xE6F5, 0xEF7B, 0xF7FF};
unsigned char ui_status_text_3_png[] = {
    0x00, 0x00, 0x00, 0x00, 0x00, 0x00, 0x00, 0x00, 0x0A, 0xCE, 0xFD, 0x85, 0x00, 0x00, 0x00, 0x00,
    0xAD, 0xFF, 0xFF, 0xD8, 0x50, 0x00, 0x00, 0x00, 0xEF, 0xC4, 0xBF, 0xC4, 0x30, 0x00, 0x00, 0x00,
    0x8B, 0x2A, 0xFD, 0x82, 0x50, 0x00, 0x00, 0x00, 0x42, 0x5D, 0xF9, 0x24, 0x00, 0x00, 0x00, 0x00,
    0x8A, 0x45, 0xDF, 0xA0, 0x00, 0x00, 0x00, 0x00, 0xBF, 0xC4, 0x5D, 0xFB, 0x40, 0x00, 0x00, 0x00,
    0xEF, 0xFC, 0xBD, 0xFB, 0x20, 0x00, 0x00, 0x00, 0x4C, 0xEF, 0xFE, 0xA2, 0x30, 0x00, 0x00, 0x00,
    0x04, 0x9B, 0xB8, 0x23, 0x00, 0x00, 0x00, 0x00, 0x00, 0x42, 0x12, 0x35, 0x00, 0x00, 0x00, 0x00,
    0x00, 0x00, 0x00, 0x00, 0x00, 0x00, 0x00, 0x00, 0x00, 0x00, 0x00, 0x00, 0x00, 0x00, 0x00, 0x00,
    0x00, 0x00, 0x00, 0x00, 0x00, 0x00, 0x00, 0x00, 0x00, 0x00, 0x00, 0x00, 0x00, 0x00, 0x00, 0x00,
};
unsigned short ui_status_text_3_pal[] = {0xB512, 0x8B4B, 0x938D, 0x93CD, 0x9C4F, 0xA4D1, 0xB801, 0xBCD3, 0xBCD5, 0xBCD9, 0xC51B, 0xCDA3, 0xDE6D, 0xE6F5, 0xEF7B, 0xF7FF};
unsigned char ui_status_text_4_png[] = {
    0x00, 0x00, 0x00, 0x00, 0x00, 0x00, 0x00, 0x00, 0x00, 0x8D, 0xDA, 0x80, 0x00, 0x00, 0x00, 0x00,
    0x00, 0xDF, 0xE9, 0x34, 0x00, 0x00, 0x00, 0x00, 0x0B, 0xFE, 0xA5, 0x35, 0x00, 0x00, 0x00, 0x00,
    0x8E, 0xFB, 0xFC, 0x20, 0x00, 0x00, 0x00, 0x00, 0xBF, 0xB4, 0xED, 0x45, 0x00, 0x00, 0x00, 0x00,
    0xCF, 0x45, 0xEE, 0xEA, 0x40, 0x00, 0x00, 0x00, 0xEF, 0xEE, 0xFF, 0xEB, 0x30, 0x00, 0x00, 0x00,
    0xAC, 0xBD, 0xFB, 0x45, 0x30, 0x00, 0x00, 0x00, 0x43, 0x3F, 0xF9, 0x23, 0x50, 0x00, 0x00, 0x00,
    0x05, 0x5A, 0xA5, 0x20, 0x00, 0x00, 0x00, 0x00, 0x00, 0x53, 0x11, 0x40, 0x00, 0x00, 0x00, 0x00,
    0x00, 0x00, 0x00, 0x00, 0x00, 0x00, 0x00, 0x00, 0x00, 0x00, 0x00, 0x00, 0x00, 0x00, 0x00, 0x00,
    0x00, 0x00, 0x00, 0x00, 0x00, 0x00, 0x00, 0x00, 0x00, 0x00, 0x00, 0x00, 0x00, 0x00, 0x00, 0x00,
};
unsigned short ui_status_text_4_pal[] = {0xB512, 0x8B4B, 0x938D, 0x93CD, 0x9C4F, 0xA4D1, 0xB801, 0xBCD3, 0xBCD5, 0xBCD9, 0xC51B, 0xCDA3, 0xDE6D, 0xE6F5, 0xEF7B, 0xF7FF};
unsigned char ui_status_text_5_png[] = {
    0x00, 0x00, 0x00, 0x00, 0x00, 0x00, 0x00, 0x00, 0x00, 0xAE, 0xFF, 0xF9, 0x30, 0x00, 0x00, 0x00,
    0x08, 0xEF, 0xDD, 0xD9, 0x30, 0x00, 0x00, 0x00, 0x0A, 0xFD, 0x44, 0x44, 0x50, 0x00, 0x00, 0x00,
    0x0C, 0xFB, 0xBC, 0xC4, 0x00, 0x00, 0x00, 0x00, 0xAE, 0xFF, 0xEE, 0xFB, 0x40, 0x00, 0x00, 0x00,
    0xBD, 0xB8, 0x3A, 0xED, 0x35, 0x00, 0x00, 0x00, 0x54, 0x24, 0xBF, 0xDA, 0x20, 0x00, 0x00, 0x00,
    0x00, 0xBE, 0xFE, 0xA2, 0x40, 0x00, 0x00, 0x00, 0x00, 0xDF, 0xE8, 0x24, 0x50, 0x00, 0x00, 0x00,
    0x00, 0x9A, 0x81, 0x45, 0x00, 0x00, 0x00, 0x00, 0x00, 0x51, 0x14, 0x50, 0x00, 0x00, 0x00, 0x00,
    0x00, 0x00, 0x00, 0x00, 0x00, 0x00, 0x00, 0x00, 0x00, 0x00, 0x00, 0x00, 0x00, 0x00, 0x00, 0x00,
    0x00, 0x00, 0x00, 0x00, 0x00, 0x00, 0x00, 0x00, 0x00, 0x00, 0x00, 0x00, 0x00, 0x00, 0x00, 0x00,
};
unsigned short ui_status_text_5_pal[] = {0xB512, 0x8B4B, 0x938D, 0x93CD, 0x9C4F, 0xA4D1, 0xB801, 0xBCD3, 0xBCD5, 0xBCD9, 0xC51B, 0xCDA3, 0xDE6D, 0xE6F5, 0xEF7B, 0xF7FF};
unsigned char ui_status_text_6_png[] = {
    0x00, 0x00, 0x00, 0x00, 0x00, 0x00, 0x00, 0x00, 0x00, 0x9D, 0xEA, 0x45, 0x00, 0x00, 0x00, 0x00,
    0x00, 0xBF, 0xF8, 0x35, 0x00, 0x00, 0x00, 0x00, 0x0A, 0xDF, 0xA3, 0x50, 0x00, 0x00, 0x00, 0x00,
    0x0B, 0xEE, 0xCB, 0x50, 0x00, 0x00, 0x00, 0x00, 0xAE, 0xFC, 0xCF, 0xB5, 0x80, 0x00, 0x00, 0x00,
    0xBE, 0xC4, 0x4D, 0xFB, 0x30, 0x00, 0x00, 0x00, 0xCF, 0xA2, 0x4B, 0xFB, 0x30, 0x00, 0x00, 0x00,
    0x8D, 0xFC, 0xBF, 0xD4, 0x30, 0x00, 0x00, 0x00, 0x08, 0xDF, 0xFD, 0x42, 0x40, 0x00, 0x00, 0x00,
    0x05, 0x59, 0xA4, 0x24, 0x50, 0x00, 0x00, 0x00, 0x00, 0x52, 0x22, 0x40, 0x00, 0x00, 0x00, 0x00,
    0x00, 0x00, 0x00, 0x00, 0x00, 0x00, 0x00, 0x00, 0x00, 0x00, 0x00, 0x00, 0x00, 0x00, 0x00, 0x00,
    0x00, 0x00, 0x00, 0x00, 0x00, 0x00, 0x00, 0x00, 0x00, 0x00, 0x00, 0x00, 0x00, 0x00, 0x00, 0x00,
};
unsigned short ui_status_text_6_pal[] = {0xB512, 0x8B4B, 0x938D, 0x93CD, 0x9C4F, 0xA4D1, 0xB801, 0xBCD3, 0xBCD5, 0xBCD9, 0xC51B, 0xCDA3, 0xDE6D, 0xE6F5, 0xEF7B, 0xF7FF};
unsigned char ui_status_text_7_png[] = {
    0x00, 0x00, 0x00, 0x00, 0x00, 0x00, 0x00, 0x00, 0x0A, 0xDF, 0xFF, 0xFC, 0x00, 0x00, 0x00, 0x00,
    0x0C, 0xFD, 0xBC, 0xFD, 0x20, 0x00, 0x00, 0x00, 0xAE, 0xF5, 0x2B, 0xE9, 0x10, 0x00, 0x00, 0x00,
    0xAF, 0x82, 0xAF, 0xC2, 0x40, 0x00, 0x00, 0x00, 0x04, 0x25, 0xEE, 0x53, 0x50, 0x00, 0x00, 0x00,
    0x05, 0x4C, 0xFB, 0x24, 0x00, 0x00, 0x00, 0x00, 0x00, 0xAF, 0xE7, 0x35, 0x00, 0x00, 0x00, 0x00,
    0x00, 0xAF, 0xE4, 0x30, 0x00, 0x00, 0x00, 0x00, 0x00, 0xAF, 0xD4, 0x30, 0x00, 0x00, 0x00, 0x00,
    0x00, 0x5A, 0x51, 0x30, 0x00, 0x00, 0x00, 0x00, 0x00, 0x51, 0x13, 0x00, 0x00, 0x00, 0x00, 0x00,
    0x00, 0x00, 0x00, 0x00, 0x00, 0x00, 0x00, 0x00, 0x00, 0x00, 0x00, 0x00, 0x00, 0x00, 0x00, 0x00,
    0x00, 0x00, 0x00, 0x00, 0x00, 0x00, 0x00, 0x00, 0x00, 0x00, 0x00, 0x00, 0x00, 0x00, 0x00, 0x00,
};
unsigned short ui_status_text_7_pal[] = {0xB512, 0x8B4B, 0x938D, 0x93CD, 0x9C4F, 0xA4D1, 0xB801, 0xBCD3, 0xBCD5, 0xBCD9, 0xC51B, 0xCDA3, 0xDE6D, 0xE6F5, 0xEF7B, 0xF7FF};
unsigned char ui_status_text_8_png[] = {
    0x00, 0x00, 0x00, 0x00, 0x00, 0x00, 0x00, 0x00, 0x0B, 0xDF, 0xFD, 0x00, 0x00, 0x00, 0x00, 0x00,
    0xBE, 0xD5, 0xBF, 0xD5, 0x30, 0x00, 0x00, 0x00, 0xCF, 0x32, 0x2D, 0xF5, 0x30, 0x00, 0x00, 0x00,
    0x0D, 0xD8, 0xFF, 0xC3, 0x40, 0x00, 0x00, 0x00, 0x0A, 0xFF, 0xFE, 0x84, 0x00, 0x00, 0x00, 0x00,
    0xAE, 0xFB, 0xAD, 0xFA, 0x20, 0x00, 0x00, 0x00, 0xDF, 0xB1, 0x2A, 0xFD, 0x10, 0x00, 0x00, 0x00,
    0xBE, 0xFB, 0xBF, 0xE8, 0x10, 0x00, 0x00, 0x00, 0x0A, 0xEF, 0xFE, 0x91, 0x30, 0x00, 0x00, 0x00,
    0x04, 0x8A, 0xA7, 0x13, 0x00, 0x00, 0x00, 0x00, 0x00, 0x42, 0x11, 0x30, 0x00, 0x00, 0x00, 0x00,
    0x00, 0x00, 0x00, 0x00, 0x00, 0x00, 0x00, 0x00, 0x00, 0x00, 0x00, 0x00, 0x00, 0x00, 0x00, 0x00,
    0x00, 0x00, 0x00, 0x00, 0x00, 0x00, 0x00, 0x00, 0x00, 0x00, 0x00, 0x00, 0x00, 0x00, 0x00, 0x00,
};
unsigned short ui_status_text_8_pal[] = {0xB512, 0x8B4B, 0x938D, 0x93CD, 0x9C4F, 0xA4D1, 0xB801, 0xBCD3, 0xBCD5, 0xBCD9, 0xC51B, 0xCDA3, 0xDE6D, 0xE6F5, 0xEF7B, 0xF7FF};
unsigned char ui_status_text_9_png[] = {
    0x00, 0x00, 0x00, 0x00, 0x00, 0x00, 0x00, 0x00, 0x8D, 0xFF, 0xFF, 0xB0, 0x00, 0x00, 0x00, 0x00,
    0xCF, 0xEB, 0xBE, 0xEA, 0x40, 0x00, 0x00, 0x00, 0xDF, 0xA2, 0x28, 0xE8, 0x10, 0x00, 0x00, 0x00,
    0xDF, 0xE9, 0xAE, 0x83, 0x40, 0x00, 0x00, 0x00, 0x8D, 0xEE, 0xEE, 0xA2, 0x00, 0x00, 0x00, 0x00,
    0x04, 0x5B, 0xEC, 0x34, 0x00, 0x00, 0x00, 0x00, 0x00, 0xAC, 0xE7, 0x25, 0x00, 0x00, 0x00, 0x00,
    0x00, 0xBE, 0xE4, 0x40, 0x00, 0x00, 0x00, 0x00, 0x00, 0xEE, 0xD2, 0x40, 0x00, 0x00, 0x00, 0x00,
    0x00, 0x8A, 0x81, 0x50, 0x00, 0x00, 0x00, 0x00, 0x00, 0x02, 0x12, 0x00, 0x00, 0x00, 0x00, 0x00,
    0x00, 0x00, 0x00, 0x00, 0x00, 0x00, 0x00, 0x00, 0x00, 0x00, 0x00, 0x00, 0x00, 0x00, 0x00, 0x00,
    0x00, 0x00, 0x00, 0x00, 0x00, 0x00, 0x00, 0x00, 0x00, 0x00, 0x00, 0x00, 0x00, 0x00, 0x00, 0x00,
};
unsigned short ui_status_text_9_pal[] = {0xB512, 0x8B4B, 0x938D, 0x93CD, 0x9C4F, 0xA4D1, 0xB801, 0xBCD3, 0xBCD5, 0xBCD9, 0xC51B, 0xCDA3, 0xDE6D, 0xE6F5, 0xEF7B, 0xF7FF};
unsigned char ui_status_text_hp_png[] = {
    0x00, 0x00, 0x00, 0x00, 0x00, 0x00, 0x00, 0x00, 0x5C, 0x03, 0xCE, 0xBE, 0xCB, 0xEE, 0xB5, 0x00,
    0xEE, 0xA1, 0xCE, 0xBE, 0xEE, 0xEE, 0xE4, 0x40, 0xEE, 0xA1, 0xCE, 0x9B, 0xE9, 0x1B, 0xE9, 0x10,
    0xDE, 0xB9, 0xEE, 0x95, 0xE9, 0x1C, 0xE9, 0x10, 0xCE, 0xEE, 0xEE, 0x95, 0xEC, 0xCE, 0xE4, 0x20,
    0xBE, 0xEE, 0xEE, 0x45, 0xEE, 0xEE, 0x91, 0x40, 0xAE, 0xE1, 0xCE, 0x45, 0xEE, 0x43, 0x23, 0x50,
    0x0E, 0xE1, 0xCE, 0x25, 0xEE, 0x13, 0x45, 0x00, 0x0C, 0xB1, 0xCB, 0x28, 0xCC, 0x14, 0x00, 0x00,
    0x01, 0x11, 0x11, 0x10, 0x11, 0x14, 0x00, 0x00, 0x00, 0x00, 0x00, 0x00, 0x00, 0x00, 0x00, 0x00,
    0x00, 0x00, 0x00, 0x00, 0x00, 0x00, 0x00, 0x00, 0x00, 0x00, 0x00, 0x00, 0x00, 0x00, 0x00, 0x00,
    0x00, 0x00, 0x00, 0x00, 0x00, 0x00, 0x00, 0x00, 0x00, 0x00, 0x00, 0x00, 0x00, 0x00, 0x00, 0x00,
};
unsigned short ui_status_text_hp_pal[] = {0xB512, 0x8B4B, 0x938D, 0x93CD, 0x9C4F, 0xA4D1, 0xB801, 0xBCD3, 0xBCD5, 0xBCD9, 0xC51B, 0xCDA3, 0xDE6D, 0xE6F5, 0xEF7B, 0xF7FF};
unsigned char ui_status_text_fp_png[] = {
    0x00, 0x09, 0xAB, 0xA0, 0x80, 0x00, 0x00, 0x00, 0x09, 0xBC, 0xDE, 0xBE, 0xCB, 0xEE, 0xB5, 0x00,
    0x9E, 0xEE, 0xEE, 0xBE, 0xEE, 0xEE, 0xE4, 0x40, 0x9E, 0xEB, 0xCC, 0x4B, 0xE9, 0x1B, 0xE9, 0x10,
    0x7D, 0xE4, 0x44, 0x25, 0xE9, 0x1C, 0xE9, 0x10, 0x5C, 0xEE, 0xEE, 0x15, 0xEC, 0xCE, 0xE4, 0x20,
    0x0C, 0xEC, 0xDE, 0x15, 0xEE, 0xEE, 0x91, 0x40, 0x0B, 0xEC, 0x22, 0x15, 0xEE, 0x43, 0x23, 0x50,
    0x0A, 0xED, 0x14, 0x45, 0xEE, 0x13, 0x45, 0x00, 0x09, 0xEC, 0x14, 0x08, 0xCC, 0x14, 0x00, 0x00,
    0x05, 0x11, 0x14, 0x00, 0x11, 0x14, 0x00, 0x00, 0x00, 0x00, 0x00, 0x00, 0x00, 0x00, 0x00, 0x00,
    0x00, 0x00, 0x00, 0x00, 0x00, 0x00, 0x00, 0x00, 0x00, 0x00, 0x00, 0x00, 0x00, 0x00, 0x00, 0x00,
    0x00, 0x00, 0x00, 0x00, 0x00, 0x00, 0x00, 0x00, 0x00, 0x00, 0x00, 0x00, 0x00, 0x00, 0x00, 0x00,
};
unsigned short ui_status_text_fp_pal[] = {0xB512, 0x8B4B, 0x938D, 0x93CD, 0x9C4F, 0xA4D1, 0xB801, 0xBCD3, 0xBCD5, 0xBCD9, 0xC51B, 0xCDA3, 0xDE6D, 0xE6F5, 0xEF7B, 0xF7FF};
unsigned char ui_status_pow_unit_1_png[] = {
    0x00, 0x00, 0x00, 0x00, 0x00, 0x00, 0x00, 0x00, 0x00, 0x00, 0x00, 0x00, 0x00, 0x00, 0x00, 0x00,
    0x0A, 0xA0, 0x00, 0x00, 0x0E, 0xEB, 0x00, 0x00, 0x0D, 0xDB, 0x00, 0x00, 0x0B, 0xBB, 0x00, 0x00,
};
unsigned short ui_status_pow_unit_1_pal[] = {0xB512, 0xCDC1, 0x0001, 0x0001, 0x0001, 0x0001, 0x8B89, 0xFFFF, 0x0001, 0xD553, 0xD553, 0x9395, 0xB601, 0xCEC1, 0xDF55, 0x0001};
unsigned char ui_status_pow_unit_2_png[] = {
    0x00, 0x00, 0x00, 0x00, 0x00, 0x00, 0x00, 0x00, 0x00, 0x00, 0x00, 0x00, 0x00, 0x00, 0x00, 0x00,
    0x0A, 0xA0, 0x00, 0x00, 0x0E, 0xEB, 0x00, 0x00, 0x0D, 0xDB, 0x00, 0x00, 0x0B, 0xBB, 0x00, 0x00,
};
unsigned short ui_status_pow_unit_2_pal[] = {0xB512, 0x0001, 0x0001, 0x0001, 0x0001, 0x0001, 0x0001, 0x0001, 0x0001, 0xD553, 0xD553, 0x9B8B, 0x1577, 0x367D, 0x6EFF, 0x0001};
unsigned char ui_status_pow_unit_3_png[] = {
    0x00, 0x00, 0x00, 0x00, 0x00, 0x00, 0x00, 0x00, 0x00, 0x00, 0x00, 0x00, 0x00, 0x00, 0x00, 0x00,
    0x0A, 0xA0, 0x00, 0x00, 0x0E, 0xEB, 0x00, 0x00, 0x0D, 0xDB, 0x00, 0x00, 0x0B, 0xBB, 0x00, 0x00,
};
unsigned short ui_status_pow_unit_3_pal[] = {0xB512, 0xB513, 0x0001, 0x0001, 0x0001, 0x0001, 0x0001, 0x0001, 0x0001, 0xD553, 0xD553, 0x9B8B, 0x3641, 0x3743, 0x67CB, 0x0001};
unsigned char ui_status_pow_unit_4_png[] = {
    0x00, 0x00, 0x00, 0x00, 0x00, 0x00, 0x00, 0x00, 0x00, 0x00, 0x00, 0x00, 0x00, 0x00, 0x00, 0x00,
    0x0A, 0xA0, 0x00, 0x00, 0x08, 0x8B, 0x00, 0x00, 0x0C, 0xCB, 0x00, 0x00, 0x0B, 0xBB, 0x00, 0x00,
};
unsigned short ui_status_pow_unit_4_pal[] = {0xB512, 0x0001, 0x0001, 0x0001, 0x0001, 0x0001, 0x0001, 0x0001, 0x443F, 0xD553, 0xD553, 0x9B15, 0x32BF, 0x4B7F, 0x647F, 0x0001};
unsigned char ui_status_pow_unit_5_png[] = {
    0x00, 0x00, 0x00, 0x00, 0x00, 0x00, 0x00, 0x00, 0x00, 0x00, 0x00, 0x00, 0x00, 0x00, 0x00, 0x00,
    0x0A, 0xA0, 0x00, 0x00, 0x08, 0x8B, 0x00, 0x00, 0x0C, 0xCB, 0x00, 0x00, 0x0B, 0xBB, 0x00, 0x00,
};
unsigned short ui_status_pow_unit_5_pal[] = {0xB512, 0x0001, 0x0001, 0x938D, 0x0001, 0x0001, 0x0001, 0x0001, 0x9ABF, 0xD553, 0xD553, 0xAB13, 0x783B, 0x99FF, 0xA33F, 0x0001};
unsigned char ui_status_pow_unit_6_png[] = {
    0x00, 0x00, 0x00, 0x00, 0x00, 0x00, 0x00, 0x00, 0x00, 0x00, 0x00, 0x00, 0x00, 0x00, 0x00, 0x00,
    0x0A, 0xA0, 0x00, 0x00, 0x0E, 0xEB, 0x00, 0x00, 0x0D, 0xDB, 0x00, 0x00, 0x0B, 0xBB, 0x00, 0x00,
};
unsigned short ui_status_pow_unit_6_pal[] = {0xB512, 0x0001, 0x0001, 0x0001, 0x0001, 0x0001, 0x0001, 0x0001, 0x0001, 0xD553, 0xD553, 0x8393, 0xC035, 0xE8FF, 0xF2BF, 0x0001};
unsigned char ui_status_pow_unit_7_png[] = {
    0x00, 0x00, 0x00, 0x00, 0x00, 0x00, 0x00, 0x00, 0x00, 0x00, 0x00, 0x00, 0x00, 0x00, 0x00, 0x00,
    0x0A, 0xA0, 0x00, 0x00, 0x0E, 0xEB, 0x00, 0x00, 0x0D, 0xDB, 0x00, 0x00, 0x0B, 0xBB, 0x00, 0x00,
};
unsigned short ui_status_pow_unit_7_pal[] = {0xB512, 0x0001, 0x0001, 0x0001, 0x0001, 0x0001, 0x0001, 0x0001, 0xC515, 0xD553, 0xD553, 0x738D, 0xD141, 0xF981, 0xFB57, 0x0001};
unsigned char ui_status_pow_unit_empty_png[] = {
    0x00, 0x00, 0x00, 0x00, 0x00, 0x00, 0x00, 0x00, 0x00, 0x00, 0x00, 0x00, 0x00, 0x00, 0x00, 0x00,
    0x00, 0x00, 0x00, 0x00, 0x00, 0x00, 0x00, 0x00, 0x0B, 0xBB, 0x00, 0x00, 0x0B, 0xBB, 0x00, 0x00,
};
unsigned short ui_status_pow_unit_empty_pal[] = {0xB512, 0xB513, 0x0001, 0x0001, 0x0001, 0x0001, 0x0001, 0x0001, 0x0001, 0xD553, 0xD553, 0x9B8B, 0x3641, 0x3743, 0x67CB, 0x0001};
unsigned char ui_status_pow_star_1_png[] = {
    0x00, 0x0C, 0xA0, 0x00, 0x00, 0xCE, 0xCA, 0x00, 0xDE, 0xEE, 0xEE, 0xDA, 0xBC, 0xED, 0xEC, 0xBB,
    0x0D, 0xDD, 0xDD, 0xBA, 0x0D, 0xCB, 0xCD, 0xBA, 0x0C, 0xBB, 0xAC, 0xBA, 0x00, 0xBA, 0x00, 0xBA,
};
unsigned short ui_status_pow_star_1_pal[] = {0xB512, 0xCDC1, 0x0001, 0x0001, 0x0001, 0x0001, 0x8B89, 0xFFFF, 0x0001, 0xD553, 0xD553, 0x9395, 0xB601, 0xCEC1, 0xDF55, 0x0001};
unsigned char ui_status_pow_star_2_png[] = {
    0x00, 0x0C, 0xA0, 0x00, 0x00, 0xCE, 0xCA, 0x00, 0xDE, 0xEE, 0xEE, 0xDA, 0xBC, 0xED, 0xEC, 0xBB,
    0x0D, 0xDD, 0xDD, 0xBA, 0x0D, 0xCB, 0xCD, 0xBA, 0x0C, 0xBB, 0xAC, 0xBA, 0x00, 0xBA, 0x00, 0xBA,
};
unsigned short ui_status_pow_star_2_pal[] = {0xB512, 0x0001, 0x0001, 0x0001, 0x0001, 0x0001, 0x0001, 0x0001, 0x0001, 0xD553, 0xD553, 0x9B8B, 0x1577, 0x367D, 0x6EFF, 0x0001};
unsigned char ui_status_pow_star_3_png[] = {
    0x00, 0x0C, 0xA0, 0x00, 0x00, 0xCE, 0xCA, 0x00, 0xDE, 0xEE, 0xEE, 0xDA, 0xBC, 0xED, 0xEC, 0xBB,
    0x0D, 0xDD, 0xDD, 0xBA, 0x0D, 0xCB, 0xCD, 0xBA, 0x0C, 0xBB, 0xAC, 0xBA, 0x00, 0xBA, 0x00, 0xBA,
};
unsigned short ui_status_pow_star_3_pal[] = {0xB512, 0xB513, 0x0001, 0x0001, 0x0001, 0x0001, 0x0001, 0x0001, 0x0001, 0xD553, 0xD553, 0x9B8B, 0x3641, 0x3743, 0x67CB, 0x0001};
unsigned char ui_status_pow_star_4_png[] = {
    0x00, 0x0C, 0xA0, 0x00, 0x00, 0xCE, 0xCA, 0x00, 0xDE, 0xEE, 0xEE, 0xDA, 0xBC, 0xED, 0xEC, 0xBB,
    0x0D, 0xDD, 0xDD, 0xBA, 0x0D, 0xCB, 0xCD, 0xBA, 0x0C, 0xBB, 0xAC, 0xBA, 0x00, 0xBA, 0x00, 0xBA,
};
unsigned short ui_status_pow_star_4_pal[] = {0xB512, 0x0001, 0x0001, 0x0001, 0x0001, 0x0001, 0x0001, 0x0001, 0x443F, 0xD553, 0xD553, 0x9B15, 0x32BF, 0x4B7F, 0x647F, 0x0001};
unsigned char ui_status_pow_star_5_png[] = {
    0x00, 0x0C, 0xA0, 0x00, 0x00, 0xCE, 0xCA, 0x00, 0xDE, 0xEE, 0xEE, 0xDA, 0xBC, 0xED, 0xEC, 0xBB,
    0x0D, 0xDD, 0xDD, 0xBA, 0x0D, 0xCB, 0xCD, 0xBA, 0x0C, 0xBB, 0xAC, 0xBA, 0x00, 0xBA, 0x00, 0xBA,
};
unsigned short ui_status_pow_star_5_pal[] = {0xB512, 0x0001, 0x0001, 0x938D, 0x0001, 0x0001, 0x0001, 0x0001, 0x9ABF, 0xD553, 0xD553, 0xAB13, 0x783B, 0x99FF, 0xA33F, 0x0001};
unsigned char ui_status_pow_star_6_png[] = {
    0x00, 0x0C, 0xA0, 0x00, 0x00, 0xCE, 0xCA, 0x00, 0xDE, 0xEE, 0xEE, 0xDA, 0xBC, 0xED, 0xEC, 0xBB,
    0x0D, 0xDD, 0xDD, 0xBA, 0x0D, 0xCB, 0xCD, 0xBA, 0x0C, 0xBB, 0xAC, 0xBA, 0x00, 0xBA, 0x00, 0xBA,
};
