// Auto-generated asset data (batch 0)
// Generated by tools/pc/gen_asset_data.py

unsigned char ui_battle_menu_unused_png[] = {
    0x00, 0x00, 0x00, 0x00, 0x00, 0x00, 0x00, 0x00, 0x00, 0x00, 0x00, 0x00, 0x00, 0x00, 0x00, 0x00,
    0x00, 0x00, 0x00, 0x00, 0x00, 0x00, 0x00, 0x00, 0x00, 0x00, 0x00, 0x00, 0x00, 0x00, 0x00, 0x00,
    0x00, 0x00, 0x00, 0x00, 0x00, 0x00, 0x00, 0x00, 0x00, 0x00, 0x00, 0x00, 0x00, 0x00, 0x00, 0x00,
    0x00, 0x00, 0x00, 0x00, 0x00, 0x00, 0x00, 0x00, 0x00, 0x00, 0x00, 0x00, 0x00, 0x00, 0x00, 0x00,
    0x00, 0x00, 0x00, 0x00, 0x00, 0x00, 0x00, 0x66, 0x66, 0x00, 0x00, 0x00, 0x00, 0x00, 0x00, 0x00,
    0x00, 0x00, 0x00, 0x00, 0x00, 0x00, 0x06, 0x66, 0x66, 0x60, 0x00, 0x00, 0x00, 0x00, 0x00, 0x00,
    0x00, 0x00, 0x00, 0x00, 0x00, 0x00, 0x66, 0x55, 0x55, 0x66, 0x00, 0x00, 0x00, 0x00, 0x00, 0x00,
    0x00, 0x00, 0x00, 0x00, 0x00, 0x06, 0x65, 0x32, 0x22, 0x56, 0x60, 0x00, 0x00, 0x00, 0x00, 0x00,
    0x00, 0x00, 0x00, 0x00, 0x00, 0x66, 0x32, 0x22, 0x22, 0x23, 0x66, 0x00, 0x00, 0x00, 0x00, 0x00,
    0x00, 0x00, 0x00, 0x00, 0x06, 0x63, 0x22, 0x23, 0x22, 0x22, 0x26, 0x60, 0x00, 0x00, 0x00, 0x00,
    0x00, 0x00, 0x00, 0x00, 0x66, 0x32, 0x23, 0x66, 0x66, 0x32, 0x23, 0x66, 0x00, 0x00, 0x00, 0x00,
    0x00, 0x00, 0x00, 0x06, 0x66, 0x32, 0x26, 0x55, 0x55, 0x62, 0x23, 0x66, 0x60, 0x00, 0x00, 0x00,
    0x00, 0x00, 0x00, 0x66, 0x66, 0x22, 0x26, 0x55, 0x55, 0x62, 0x22, 0x66, 0x66, 0x00, 0x00, 0x00,
    0x00, 0x00, 0x06, 0x66, 0x36, 0x22, 0x26, 0x55, 0x55, 0x52, 0x23, 0x65, 0x66, 0x60, 0x00, 0x00,
    0x00, 0x00, 0x66, 0x63, 0x36, 0x33, 0x36, 0x55, 0x55, 0x32, 0x23, 0x65, 0x56, 0x66, 0x00, 0x00,
    0x00, 0x00, 0x66, 0x33, 0x34, 0x66, 0x65, 0x55, 0x32, 0x22, 0x25, 0x65, 0x55, 0x66, 0x00, 0x00,
    0x00, 0x00, 0x66, 0x33, 0x44, 0x44, 0x55, 0x52, 0x22, 0x23, 0x56, 0x55, 0x55, 0x66, 0x00, 0x00,
    0x00, 0x00, 0x66, 0x64, 0x44, 0x44, 0x55, 0x32, 0x22, 0x36, 0x65, 0x55, 0x56, 0x66, 0x00, 0x00,
    0x00, 0x00, 0x06, 0x66, 0x44, 0x44, 0x46, 0x32, 0x22, 0x66, 0x55, 0x55, 0x66, 0x60, 0x00, 0x00,
    0x00, 0x00, 0x00, 0x66, 0x64, 0x44, 0x46, 0x22, 0x22, 0x65, 0x55, 0x56, 0x66, 0x00, 0x00, 0x00,
    0x00, 0x00, 0x00, 0x06, 0x66, 0x44, 0x46, 0x55, 0x55, 0x65, 0x55, 0x66, 0x60, 0x00, 0x00, 0x00,
    0x00, 0x00, 0x00, 0x00, 0x66, 0x64, 0x46, 0x66, 0x66, 0x65, 0x56, 0x66, 0x00, 0x00, 0x00, 0x00,
    0x00, 0x00, 0x00, 0x00, 0x06, 0x66, 0x46, 0x32, 0x23, 0x65, 0x66, 0x60, 0x00, 0x00, 0x00, 0x00,
    0x00, 0x00, 0x00, 0x00, 0x00, 0x66, 0x66, 0x22, 0x22, 0x66, 0x66, 0x00, 0x00, 0x00, 0x00, 0x00,
    0x00, 0x00, 0x00, 0x00, 0x00, 0x06, 0x66, 0x32, 0x23, 0x66, 0x60, 0x00, 0x00, 0x00, 0x00, 0x00,
    0x00, 0x00, 0x00, 0x00, 0x00, 0x00, 0x66, 0x65, 0x56, 0x66, 0x00, 0x00, 0x00, 0x00, 0x00, 0x00,
    0x00, 0x00, 0x00, 0x00, 0x00, 0x00, 0x06, 0x66, 0x66, 0x60, 0x00, 0x00, 0x00, 0x00, 0x00, 0x00,
    0x00, 0x00, 0x00, 0x00, 0x00, 0x00, 0x00, 0x66, 0x66, 0x00, 0x00, 0x00, 0x00, 0x00, 0x00, 0x00,
    0x00, 0x00, 0x00, 0x00, 0x00, 0x00, 0x00, 0x00, 0x00, 0x00, 0x00, 0x00, 0x00, 0x00, 0x00, 0x00,
    0x00, 0x00, 0x00, 0x00, 0x00, 0x00, 0x00, 0x00, 0x00, 0x00, 0x00, 0x00, 0x00, 0x00, 0x00, 0x00,
    0x00, 0x00, 0x00, 0x00, 0x00, 0x00, 0x00, 0x00, 0x00, 0x00, 0x00, 0x00, 0x00, 0x00, 0x00, 0x00,
    0x00, 0x00, 0x00, 0x00, 0x00, 0x00, 0x00, 0x00, 0x00, 0x00, 0x00, 0x00, 0x00, 0x00, 0x00, 0x00,
};
unsigned short ui_battle_menu_unused_pal[] = {0x3106, 0xFFFF, 0xFF0D, 0xDD45, 0xA3C5, 0x6AC5, 0x4185, 0x0001, 0x0001, 0x0001, 0x0001, 0x0001, 0x0001, 0x0001, 0x0001, 0x0001};
unsigned short ui_battle_menu_unused_disabled_pal[] = {0x739C, 0xDEF7, 0xC631, 0xB5AD, 0x9CE7, 0x8C63, 0x7BDF, 0x6319, 0x6319, 0x6319, 0x6319, 0x6319, 0x6319, 0x6319, 0x6319, 0x6319};
unsigned char ui_battle_menu_flee_png[] = {
    0x00, 0x00, 0x00, 0x00, 0x00, 0x00, 0x00, 0x00, 0x00, 0x00, 0x00, 0x00, 0x00, 0x00, 0x00, 0x00,
    0x00, 0x00, 0x00, 0x00, 0x00, 0x00, 0x00, 0x00, 0x00, 0x00, 0x00, 0x00, 0x00, 0x00, 0x00, 0x00,
    0x00, 0x00, 0x00, 0x00, 0x00, 0x00, 0x00, 0x00, 0x00, 0x00, 0x00, 0x00, 0x00, 0x00, 0x00, 0x00,
    0x00, 0x00, 0x00, 0x00, 0x00, 0x00, 0x00, 0x00, 0x00, 0x00, 0x00, 0x00, 0x00, 0x00, 0x00, 0x00,
    0x00, 0x00, 0x00, 0x00, 0x00, 0x00, 0x00, 0x00, 0x00, 0x00, 0x00, 0x00, 0x00, 0x00, 0x00, 0x00,
    0x00, 0x00, 0x00, 0x00, 0x00, 0x00, 0x00, 0x06, 0x66, 0x00, 0x00, 0x00, 0x00, 0x00, 0x00, 0x00,
    0x00, 0x00, 0x00, 0x00, 0x00, 0x00, 0x00, 0x66, 0x66, 0x00, 0x00, 0x00, 0x00, 0x00, 0x00, 0x00,
    0x00, 0x00, 0x00, 0x00, 0x00, 0x00, 0x06, 0x61, 0x66, 0x00, 0x00, 0x00, 0x00, 0x00, 0x00, 0x00,
    0x00, 0x00, 0x00, 0x00, 0x00, 0x00, 0x66, 0x11, 0x66, 0x00, 0x00, 0x00, 0x00, 0x00, 0x00, 0x00,
    0x00, 0x00, 0x00, 0x00, 0x00, 0x06, 0x61, 0x13, 0x66, 0x00, 0x00, 0x00, 0x00, 0x00, 0x00, 0x00,
    0x00, 0x00, 0x00, 0x00, 0x00, 0x66, 0x11, 0x32, 0x66, 0x66, 0x66, 0x66, 0x66, 0x60, 0x00, 0x00,
    0x00, 0x00, 0x00, 0x00, 0x06, 0x61, 0x13, 0x23, 0x66, 0x66, 0x66, 0x66, 0x66, 0x60, 0x00, 0x00,
    0x00, 0x00, 0x00, 0x00, 0x66, 0x11, 0x32, 0x33, 0x33, 0x33, 0x43, 0x44, 0x46, 0x60, 0x00, 0x00,
    0x00, 0x00, 0x00, 0x06, 0x61, 0x13, 0x23, 0x33, 0x33, 0x34, 0x34, 0x44, 0x56, 0x60, 0x00, 0x00,
    0x00, 0x00, 0x00, 0x66, 0x11, 0x32, 0x33, 0x33, 0x33, 0x43, 0x44, 0x45, 0x46, 0x60, 0x00, 0x00,
    0x00, 0x00, 0x06, 0x61, 0x13, 0x23, 0x33, 0x33, 0x34, 0x34, 0x44, 0x54, 0x56, 0x60, 0x00, 0x00,
    0x00, 0x00, 0x06, 0x61, 0x32, 0x33, 0x33, 0x33, 0x43, 0x44, 0x45, 0x45, 0x56, 0x60, 0x00, 0x00,
    0x00, 0x00, 0x00, 0x66, 0x23, 0x33, 0x33, 0x34, 0x34, 0x44, 0x54, 0x55, 0x56, 0x60, 0x00, 0x00,
    0x00, 0x00, 0x00, 0x06, 0x63, 0x33, 0x33, 0x43, 0x44, 0x45, 0x45, 0x55, 0x56, 0x60, 0x00, 0x00,
    0x00, 0x00, 0x00, 0x00, 0x66, 0x33, 0x34, 0x34, 0x44, 0x54, 0x55, 0x55, 0x56, 0x60, 0x00, 0x00,
    0x00, 0x00, 0x00, 0x00, 0x06, 0x63, 0x43, 0x44, 0x66, 0x66, 0x66, 0x66, 0x66, 0x60, 0x00, 0x00,
    0x00, 0x00, 0x00, 0x00, 0x00, 0x66, 0x34, 0x44, 0x66, 0x66, 0x66, 0x66, 0x66, 0x60, 0x00, 0x00,
    0x00, 0x00, 0x00, 0x00, 0x00, 0x06, 0x64, 0x44, 0x66, 0x00, 0x00, 0x00, 0x00, 0x00, 0x00, 0x00,
    0x00, 0x00, 0x00, 0x00, 0x00, 0x00, 0x66, 0x44, 0x66, 0x00, 0x00, 0x00, 0x00, 0x00, 0x00, 0x00,
    0x00, 0x00, 0x00, 0x00, 0x00, 0x00, 0x06, 0x64, 0x66, 0x00, 0x00, 0x00, 0x00, 0x00, 0x00, 0x00,
    0x00, 0x00, 0x00, 0x00, 0x00, 0x00, 0x00, 0x66, 0x66, 0x00, 0x00, 0x00, 0x00, 0x00, 0x00, 0x00,
    0x00, 0x00, 0x00, 0x00, 0x00, 0x00, 0x00, 0x06, 0x66, 0x00, 0x00, 0x00, 0x00, 0x00, 0x00, 0x00,
    0x00, 0x00, 0x00, 0x00, 0x00, 0x00, 0x00, 0x00, 0x00, 0x00, 0x00, 0x00, 0x00, 0x00, 0x00, 0x00,
    0x00, 0x00, 0x00, 0x00, 0x00, 0x00, 0x00, 0x00, 0x00, 0x00, 0x00, 0x00, 0x00, 0x00, 0x00, 0x00,
    0x00, 0x00, 0x00, 0x00, 0x00, 0x00, 0x00, 0x00, 0x00, 0x00, 0x00, 0x00, 0x00, 0x00, 0x00, 0x00,
    0x00, 0x00, 0x00, 0x00, 0x00, 0x00, 0x00, 0x00, 0x00, 0x00, 0x00, 0x00, 0x00, 0x00, 0x00, 0x00,
    0x00, 0x00, 0x00, 0x00, 0x00, 0x00, 0x00, 0x00, 0x00, 0x00, 0x00, 0x00, 0x00, 0x00, 0x00, 0x00,
};
unsigned short ui_battle_menu_flee_pal[] = {0x5044, 0xCB17, 0xCA53, 0xC94D, 0xB10B, 0x9087, 0x5045, 0x0001, 0x0001, 0x0001, 0x0001, 0x0001, 0x0001, 0x0001, 0x0001, 0x0001};
unsigned short ui_battle_menu_flee_disabled_pal[] = {0x739C, 0xA529, 0x9CE7, 0x94A5, 0x8C63, 0x8421, 0x739D, 0x6319, 0x6319, 0x6319, 0x6319, 0x6319, 0x6319, 0x6319, 0x6319, 0x6319};
unsigned char ui_battle_menu_defend_png[] = {
    0x00, 0x00, 0x00, 0x00, 0x00, 0x00, 0x00, 0x00, 0x00, 0x00, 0x00, 0x00, 0x00, 0x00, 0x00, 0x00,
    0x00, 0x00, 0x00, 0x00, 0x00, 0x00, 0x00, 0x00, 0x00, 0x00, 0x00, 0x00, 0x00, 0x00, 0x00, 0x00,
    0x00, 0x00, 0x00, 0x00, 0x00, 0x00, 0x00, 0x00, 0x00, 0x00, 0x00, 0x00, 0x00, 0x00, 0x00, 0x00,
    0x00, 0x00, 0x00, 0x00, 0x00, 0x00, 0x00, 0x00, 0x00, 0x00, 0x00, 0x00, 0x00, 0x00, 0x00, 0x00,
    0x00, 0x00, 0x00, 0x00, 0x00, 0x00, 0x00, 0x00, 0x00, 0xBB, 0xBB, 0x00, 0x00, 0x00, 0x00, 0x00,
    0x00, 0x00, 0x00, 0x00, 0x00, 0x00, 0x00, 0x00, 0xBB, 0xBB, 0xBB, 0xB0, 0x00, 0x00, 0x00, 0x00,
    0x00, 0x00, 0x00, 0x00, 0x00, 0x00, 0x00, 0xBB, 0xBB, 0xA9, 0xAB, 0xBB, 0x00, 0x00, 0x00, 0x00,
    0x00, 0x00, 0x00, 0x00, 0x00, 0x00, 0xBB, 0xBB, 0xA9, 0x99, 0x9A, 0xBB, 0x00, 0x00, 0x00, 0x00,
    0x00, 0x00, 0x00, 0xBB, 0xBB, 0xBB, 0xBB, 0xA9, 0x99, 0x99, 0xA6, 0xBB, 0x00, 0x00, 0x00, 0x00,
    0x00, 0x00, 0x0B, 0xBB, 0xBB, 0xBB, 0xA9, 0x99, 0x99, 0x9A, 0x66, 0xBB, 0x00, 0x00, 0x00, 0x00,
    0x00, 0x00, 0xBB, 0xBA, 0x99, 0xAA, 0x99, 0x99, 0x99, 0x96, 0x66, 0xBB, 0xBB, 0xB0, 0x00, 0x00,
    0x00, 0x00, 0xBB, 0xA9, 0x99, 0x9A, 0x99, 0x99, 0x99, 0x97, 0x7A, 0xAA, 0xAA, 0xBB, 0x00, 0x00,
    0x00, 0x00, 0xBB, 0x99, 0x99, 0x9A, 0x99, 0x99, 0x99, 0x99, 0xAA, 0x99, 0x99, 0xB4, 0x00, 0x00,
    0x00, 0x00, 0xBB, 0x99, 0x99, 0x99, 0x99, 0x99, 0x99, 0x9A, 0xA9, 0x99, 0x9A, 0xB4, 0x00, 0x00,
    0x00, 0x00, 0xBB, 0xA9, 0x98, 0x66, 0x99, 0x99, 0xAA, 0xA9, 0x99, 0x9A, 0x55, 0x40, 0x00, 0x00,
    0x00, 0x00, 0x0B, 0xB9, 0x96, 0x66, 0x76, 0x79, 0x99, 0x99, 0xA5, 0x55, 0x44, 0x00, 0x00, 0x00,
    0x00, 0x00, 0x0B, 0xB9, 0x96, 0x66, 0x76, 0x6A, 0x99, 0xA5, 0x54, 0x44, 0x44, 0x00, 0x00, 0x00,
    0x00, 0x00, 0x05, 0x56, 0x76, 0x66, 0x66, 0x67, 0x55, 0x53, 0x22, 0x11, 0x34, 0x40, 0x00, 0x00,
    0x00, 0x00, 0x55, 0x46, 0x76, 0x66, 0x66, 0x66, 0x32, 0x21, 0x11, 0x11, 0x14, 0x40, 0x00, 0x00,
    0x00, 0x00, 0x55, 0x46, 0x66, 0x66, 0x66, 0x67, 0x32, 0x21, 0x11, 0x11, 0x14, 0x40, 0x00, 0x00,
    0x00, 0x00, 0x55, 0x48, 0x76, 0x66, 0x66, 0x78, 0x55, 0x53, 0x21, 0x11, 0x24, 0x40, 0x00, 0x00,
    0x00, 0x00, 0x55, 0x44, 0x88, 0x77, 0x77, 0x83, 0x55, 0x55, 0x55, 0x55, 0x44, 0x40, 0x00, 0x00,
    0x00, 0x00, 0x55, 0x44, 0x47, 0x76, 0x67, 0x73, 0x55, 0x55, 0x55, 0x55, 0x55, 0x00, 0x00, 0x00,
    0x00, 0x00, 0x00, 0x54, 0x46, 0x66, 0x66, 0x68, 0x11, 0x35, 0x55, 0x55, 0x50, 0x00, 0x00, 0x00,
    0x00, 0x00, 0x55, 0x55, 0x5A, 0x99, 0x9A, 0xA3, 0x21, 0x11, 0x11, 0x44, 0x00, 0x00, 0x00, 0x00,
    0x00, 0x00, 0x55, 0x55, 0x5A, 0x99, 0x9A, 0xA3, 0x32, 0x11, 0x14, 0x44, 0x00, 0x00, 0x00, 0x00,
    0x00, 0x00, 0x00, 0x04, 0x4B, 0xAA, 0xAA, 0xB4, 0x33, 0x34, 0x44, 0x40, 0x00, 0x00, 0x00, 0x00,
    0x00, 0x00, 0x00, 0x00, 0x0B, 0xBB, 0xBB, 0xB4, 0x44, 0x44, 0x40, 0x00, 0x00, 0x00, 0x00, 0x00,
    0x00, 0x00, 0x00, 0x00, 0x00, 0x00, 0x00, 0x00, 0x00, 0x00, 0x00, 0x00, 0x00, 0x00, 0x00, 0x00,
    0x00, 0x00, 0x00, 0x00, 0x00, 0x00, 0x00, 0x00, 0x00, 0x00, 0x00, 0x00, 0x00, 0x00, 0x00, 0x00,
    0x00, 0x00, 0x00, 0x00, 0x00, 0x00, 0x00, 0x00, 0x00, 0x00, 0x00, 0x00, 0x00, 0x00, 0x00, 0x00,
    0x00, 0x00, 0x00, 0x00, 0x00, 0x00, 0x00, 0x00, 0x00, 0x00, 0x00, 0x00, 0x00, 0x00, 0x00, 0x00,
};
unsigned short ui_battle_menu_defend_pal[] = {0x5044, 0xDD9D, 0xC451, 0x7249, 0x4147, 0x1085, 0xE737, 0xAE35, 0x5C65, 0xB14B, 0x7887, 0x48C9, 0x0001, 0x0001, 0x0001, 0x0001};
unsigned short ui_battle_menu_defend_disabled_pal[] = {0x739C, 0xBDEF, 0xAD6B, 0x8C63, 0x7BDF, 0x6B5B, 0xCE73, 0xC631, 0xA529, 0x8C63, 0x7BDF, 0x7BDF, 0x6319, 0x6319, 0x6319, 0x6319};
unsigned char ui_battle_menu_strategies_png[] = {
    0x00, 0x00, 0x00, 0x00, 0x00, 0x00, 0x00, 0x00, 0x00, 0x00, 0x00, 0x00, 0x00, 0x00, 0x00, 0x00,
    0x00, 0x00, 0x00, 0x00, 0x00, 0x00, 0x00, 0x00, 0x00, 0x00, 0x00, 0x00, 0x00, 0x00, 0x00, 0x00,
    0x00, 0x00, 0x00, 0x00, 0x00, 0x00, 0x00, 0x00, 0x00, 0x00, 0x00, 0x00, 0x00, 0x00, 0x00, 0x00,
    0x00, 0x00, 0x00, 0x00, 0x00, 0x00, 0x00, 0x00, 0x00, 0x00, 0x00, 0x00, 0x00, 0x00, 0x00, 0x00,
    0x00, 0x00, 0x05, 0x55, 0x55, 0x50, 0x00, 0x00, 0x00, 0x00, 0x00, 0x00, 0x00, 0x00, 0x00, 0x00,
    0x00, 0x00, 0x05, 0x55, 0x55, 0xBB, 0xBB, 0xBB, 0xBB, 0x00, 0x00, 0x00, 0x00, 0x00, 0x00, 0x00,
    0x00, 0x00, 0x05, 0x53, 0x35, 0xBB, 0xBB, 0xBB, 0xBB, 0xBB, 0xB0, 0x00, 0x00, 0x00, 0x00, 0x00,
    0x00, 0x00, 0x05, 0x53, 0x35, 0x11, 0x11, 0x1C, 0x66, 0xBB, 0xBB, 0xBB, 0xBB, 0xB0, 0x00, 0x00,
    0x00, 0x00, 0x05, 0x53, 0xD5, 0x11, 0xCC, 0xC2, 0x22, 0x66, 0xBB, 0xBB, 0xBB, 0xB0, 0x00, 0x00,
    0x00, 0x00, 0x05, 0x53, 0xD5, 0x1C, 0x22, 0x22, 0x2C, 0x11, 0x11, 0x1C, 0xCB, 0xB0, 0x00, 0x00,
    0x00, 0x00, 0x05, 0x53, 0xD5, 0xC2, 0x22, 0x22, 0xC1, 0x1C, 0xCC, 0xCC, 0x2B, 0xB0, 0x00, 0x00,
    0x00, 0x00, 0x05, 0x53, 0xD5, 0xC2, 0x22, 0x22, 0xC1, 0xCC, 0x22, 0x22, 0x2B, 0xB0, 0x00, 0x00,
    0x00, 0x00, 0x05, 0x5D, 0xD5, 0x22, 0x22, 0x22, 0xC1, 0xC2, 0x22, 0x22, 0x2B, 0xB0, 0x00, 0x00,
    0x00, 0x00, 0x05, 0x5D, 0x45, 0x22, 0x22, 0x22, 0xCC, 0x22, 0x22, 0x22, 0x2B, 0xB0, 0x00, 0x00,
    0x00, 0x00, 0x05, 0x5D, 0x45, 0x22, 0x22, 0x22, 0xCC, 0x22, 0x22, 0x22, 0x2B, 0xB0, 0x00, 0x00,
    0x00, 0x00, 0x05, 0x5D, 0x45, 0x22, 0x22, 0x22, 0xC2, 0x22, 0x22, 0x22, 0x2B, 0xB0, 0x00, 0x00,
    0x00, 0x00, 0x05, 0x5D, 0x45, 0x22, 0x22, 0x22, 0xC2, 0x22, 0x22, 0x22, 0x2B, 0xB0, 0x00, 0x00,
    0x00, 0x00, 0x05, 0x54, 0x45, 0x22, 0x22, 0x22, 0x22, 0x22, 0x22, 0x22, 0x2B, 0xB0, 0x00, 0x00,
    0x00, 0x00, 0x05, 0x54, 0x45, 0x22, 0x22, 0x22, 0x22, 0x22, 0x22, 0x22, 0x2B, 0xB0, 0x00, 0x00,
    0x00, 0x00, 0x05, 0x54, 0x45, 0xBB, 0xBB, 0xB6, 0x62, 0x22, 0x22, 0x22, 0x2B, 0xB0, 0x00, 0x00,
    0x00, 0x00, 0x05, 0x54, 0x45, 0xBB, 0xBB, 0xBB, 0xB6, 0x62, 0x22, 0x22, 0x2B, 0xB0, 0x00, 0x00,
    0x00, 0x00, 0x05, 0x54, 0x45, 0x50, 0x00, 0x0B, 0xBB, 0xBB, 0xBB, 0xBB, 0xBB, 0xB0, 0x00, 0x00,
    0x00, 0x00, 0x05, 0x54, 0x45, 0x50, 0x00, 0x00, 0x0B, 0xBB, 0xBB, 0xBB, 0xBB, 0xB0, 0x00, 0x00,
    0x00, 0x00, 0xAA, 0xAA, 0xAA, 0xAA, 0x00, 0x00, 0x00, 0x00, 0x00, 0x00, 0x00, 0x00, 0x00, 0x00,
    0x00, 0x00, 0xAA, 0x87, 0x79, 0xAA, 0x00, 0x00, 0x00, 0x00, 0x00, 0x00, 0x00, 0x00, 0x00, 0x00,
    0x00, 0x00, 0xAA, 0x87, 0x79, 0xAA, 0x00, 0x00, 0x00, 0x00, 0x00, 0x00, 0x00, 0x00, 0x00, 0x00,
    0x00, 0x00, 0xAA, 0xAA, 0xAA, 0xAA, 0x00, 0x00, 0x00, 0x00, 0x00, 0x00, 0x00, 0x00, 0x00, 0x00,
    0x00, 0x00, 0xAA, 0xAA, 0xAA, 0xAA, 0x00, 0x00, 0x00, 0x00, 0x00, 0x00, 0x00, 0x00, 0x00, 0x00,
    0x00, 0x00, 0x00, 0x00, 0x00, 0x00, 0x00, 0x00, 0x00, 0x00, 0x00, 0x00, 0x00, 0x00, 0x00, 0x00,
    0x00, 0x00, 0x00, 0x00, 0x00, 0x00, 0x00, 0x00, 0x00, 0x00, 0x00, 0x00, 0x00, 0x00, 0x00, 0x00,
    0x00, 0x00, 0x00, 0x00, 0x00, 0x00, 0x00, 0x00, 0x00, 0x00, 0x00, 0x00, 0x00, 0x00, 0x00, 0x00,
    0x00, 0x00, 0x00, 0x00, 0x00, 0x00, 0x00, 0x00, 0x00, 0x00, 0x00, 0x00, 0x00, 0x00, 0x00, 0x00,
};
unsigned short ui_battle_menu_strategies_pal[] = {0x5044, 0xEA5B, 0xB909, 0xAE35, 0x74EB, 0x014B, 0x8885, 0xE64D, 0xE739, 0xCC47, 0x6101, 0x4801, 0xD1D3, 0x95B1, 0x0001, 0x0001};
unsigned short ui_battle_menu_strategies_disabled_pal[] = {0x739C, 0xA529, 0x8C63, 0xC631, 0xAD6B, 0x739D, 0x8421, 0xBDEF, 0xD6B5, 0xAD6B, 0x7BDF, 0x739D, 0x9CE7, 0xBDEF, 0x6319, 0x6319};
unsigned char ui_battle_menu_nothing_png[] = {
    0x00, 0x00, 0x00, 0x00, 0x00, 0x00, 0x00, 0x00, 0x00, 0x00, 0x00, 0x00, 0x00, 0x00, 0x00, 0x00,
    0x00, 0x00, 0x00, 0x00, 0x00, 0x00, 0x00, 0x00, 0x00, 0x00, 0x00, 0x00, 0x00, 0x00, 0x00, 0x00,
    0x00, 0x00, 0x00, 0x00, 0x00, 0x00, 0x00, 0x00, 0x00, 0x00, 0x00, 0x00, 0x00, 0x00, 0x00, 0x00,
    0x00, 0x00, 0x00, 0x00, 0x00, 0x00, 0x00, 0x00, 0x00, 0x00, 0x00, 0x00, 0x00, 0x00, 0x00, 0x00,
    0x00, 0x00, 0x00, 0x0A, 0xAA, 0x00, 0x00, 0x00, 0x00, 0x00, 0x00, 0xAA, 0x00, 0x00, 0x00, 0x00,
    0x00, 0x00, 0x00, 0xAA, 0xAA, 0xA0, 0x00, 0x00, 0x00, 0x00, 0x0A, 0xAA, 0xA0, 0x00, 0x00, 0x00,
    0x00, 0x00, 0x0A, 0xAA, 0x11, 0xAA, 0x00, 0x00, 0x00, 0x00, 0xAA, 0x11, 0xAA, 0x00, 0x00, 0x00,
    0x00, 0x00, 0xAA, 0xA1, 0x11, 0x1A, 0xA0, 0x00, 0x00, 0x0A, 0xA1, 0x12, 0x2A, 0xA0, 0x00, 0x00,
    0x00, 0x00, 0xAA, 0x11, 0x11, 0x11, 0xAA, 0x00, 0x00, 0xAA, 0x11, 0x22, 0x34, 0xAA, 0x00, 0x00,
    0x00, 0x00, 0xAA, 0x11, 0x11, 0x11, 0x1A, 0xA0, 0x0A, 0xA1, 0x12, 0x23, 0x44, 0xAA, 0x00, 0x00,
    0x00, 0x00, 0x0A, 0xA1, 0x11, 0x11, 0x11, 0xAA, 0xAA, 0x11, 0x22, 0x34, 0x4A, 0xA0, 0x00, 0x00,
    0x00, 0x00, 0x00, 0xAA, 0x11, 0x11, 0x11, 0x1A, 0xA1, 0x12, 0x23, 0x44, 0xAA, 0x00, 0x00, 0x00,
    0x00, 0x00, 0x00, 0x0A, 0xA1, 0x11, 0x11, 0x11, 0x11, 0x22, 0x34, 0x4A, 0xA0, 0x00, 0x00, 0x00,
    0x00, 0x00, 0x00, 0x00, 0xAA, 0x11, 0x11, 0x11, 0x12, 0x23, 0x44, 0xAA, 0x00, 0x00, 0x00, 0x00,
    0x00, 0x00, 0x00, 0x00, 0x0A, 0xA1, 0x11, 0x11, 0x22, 0x34, 0x4A, 0xA0, 0x00, 0x00, 0x00, 0x00,
    0x00, 0x00, 0x00, 0x00, 0x00, 0xAA, 0x11, 0x12, 0x23, 0x44, 0xAA, 0x00, 0x00, 0x00, 0x00, 0x00,
    0x00, 0x00, 0x00, 0x00, 0x00, 0xAA, 0x11, 0x22, 0x34, 0x45, 0xAA, 0x00, 0x00, 0x00, 0x00, 0x00,
    0x00, 0x00, 0x00, 0x00, 0x0A, 0xA1, 0x12, 0x23, 0x44, 0x55, 0x5A, 0xA0, 0x00, 0x00, 0x00, 0x00,
    0x00, 0x00, 0x00, 0x00, 0xAA, 0x11, 0x22, 0x34, 0x45, 0x55, 0x66, 0xAA, 0x00, 0x00, 0x00, 0x00,
    0x00, 0x00, 0x00, 0x0A, 0xA1, 0x12, 0x23, 0x44, 0x55, 0x56, 0x66, 0x7A, 0xA0, 0x00, 0x00, 0x00,
    0x00, 0x00, 0x00, 0xAA, 0x11, 0x22, 0x34, 0x4A, 0xA5, 0x66, 0x67, 0x77, 0xAA, 0x00, 0x00, 0x00,
    0x00, 0x00, 0x0A, 0xA1, 0x12, 0x23, 0x44, 0xAA, 0xAA, 0x66, 0x77, 0x78, 0x8A, 0xA0, 0x00, 0x00,
    0x00, 0x00, 0xAA, 0x11, 0x22, 0x34, 0x4A, 0xA0, 0x0A, 0xA7, 0x77, 0x88, 0x89, 0xAA, 0x00, 0x00,
    0x00, 0x00, 0xAA, 0x12, 0x23, 0x44, 0xAA, 0x00, 0x00, 0xAA, 0x78, 0x88, 0x99, 0xAA, 0x00, 0x00,
    0x00, 0x00, 0xAA, 0xA2, 0x34, 0x4A, 0xA0, 0x00, 0x00, 0x0A, 0xA8, 0x89, 0x9A, 0xAA, 0x00, 0x00,
    0x00, 0x00, 0x0A, 0xAA, 0x44, 0xAA, 0x00, 0x00, 0x00, 0x00, 0xAA, 0x99, 0xAA, 0xA0, 0x00, 0x00,
    0x00, 0x00, 0x00, 0xAA, 0xAA, 0xA0, 0x00, 0x00, 0x00, 0x00, 0x0A, 0xAA, 0xAA, 0x00, 0x00, 0x00,
    0x00, 0x00, 0x00, 0x0A, 0xAA, 0x00, 0x00, 0x00, 0x00, 0x00, 0x00, 0xAA, 0xA0, 0x00, 0x00, 0x00,
    0x00, 0x00, 0x00, 0x00, 0x00, 0x00, 0x00, 0x00, 0x00, 0x00, 0x00, 0x00, 0x00, 0x00, 0x00, 0x00,
    0x00, 0x00, 0x00, 0x00, 0x00, 0x00, 0x00, 0x00, 0x00, 0x00, 0x00, 0x00, 0x00, 0x00, 0x00, 0x00,
    0x00, 0x00, 0x00, 0x00, 0x00, 0x00, 0x00, 0x00, 0x00, 0x00, 0x00, 0x00, 0x00, 0x00, 0x00, 0x00,
    0x00, 0x00, 0x00, 0x00, 0x00, 0x00, 0x00, 0x00, 0x00, 0x00, 0x00, 0x00, 0x00, 0x00, 0x00, 0x00,
};
unsigned short ui_battle_menu_nothing_pal[] = {0x5044, 0xDEF5, 0xD6B3, 0xD6B3, 0xCE71, 0xCE71, 0xC62F, 0xC62F, 0xBDED, 0xBDED, 0x0001, 0x0001, 0x0001, 0x0001, 0x0001, 0x0001};
unsigned short ui_battle_menu_nothing_disabled_pal[] = {0x739C, 0xCE73, 0xC631, 0xC631, 0xBDEF, 0xB5AD, 0xAD6B, 0xA529, 0x9CE7, 0x9CE7, 0x6319, 0x6319, 0x6319, 0x6319, 0x6319, 0x6319};
unsigned char ui_battle_menu_pouch_png[] = {
    0x00, 0x00, 0x00, 0x00, 0x00, 0x00, 0x00, 0x00, 0x00, 0x00, 0x00, 0x00, 0x00, 0x00, 0x00, 0x00,
    0x00, 0x00, 0x00, 0x00, 0x00, 0x00, 0x00, 0x00, 0x00, 0x00, 0x00, 0x00, 0x00, 0x00, 0x00, 0x00,
    0x00, 0x00, 0x00, 0x00, 0x00, 0x00, 0x00, 0x00, 0x00, 0x00, 0x00, 0x00, 0x00, 0x00, 0x00, 0x00,
    0x00, 0x00, 0x00, 0x00, 0x00, 0x00, 0x00, 0x00, 0x00, 0x00, 0x00, 0x00, 0x00, 0x00, 0x00, 0x00,
    0x00, 0x00, 0x00, 0x66, 0x66, 0x66, 0x66, 0x66, 0x66, 0x66, 0x66, 0x66, 0x66, 0x00, 0x00, 0x00,
    0x00, 0x00, 0x06, 0x66, 0x66, 0x66, 0x66, 0x66, 0x66, 0x66, 0x66, 0x66, 0x66, 0x60, 0x00, 0x00,
    0x00, 0x00, 0x66, 0x11, 0x11, 0x11, 0x11, 0x11, 0x11, 0x11, 0x11, 0x22, 0x22, 0x66, 0x00, 0x00,
    0x00, 0x00, 0x66, 0x11, 0x11, 0x11, 0x11, 0x11, 0x11, 0x11, 0x22, 0x22, 0x22, 0x66, 0x00, 0x00,
    0x00, 0x00, 0x66, 0x11, 0x11, 0x11, 0x11, 0x11, 0x11, 0x12, 0x22, 0x22, 0x22, 0x66, 0x00, 0x00,
    0x00, 0x00, 0x66, 0x11, 0x11, 0x22, 0x29, 0x9B, 0xB9, 0x92, 0x22, 0x22, 0x33, 0x66, 0x00, 0x00,
    0x00, 0x00, 0x66, 0x12, 0x22, 0x22, 0x9B, 0xD7, 0x7D, 0xB9, 0x33, 0x33, 0x33, 0x66, 0x00, 0x00,
    0x00, 0x00, 0x66, 0x12, 0x22, 0x22, 0x9D, 0x77, 0x78, 0xD9, 0x33, 0x33, 0x3A, 0x66, 0x00, 0x00,
    0x00, 0x00, 0x66, 0x33, 0x32, 0x22, 0x9C, 0x77, 0x78, 0x89, 0x33, 0x33, 0xA4, 0x66, 0x00, 0x00,
    0x00, 0x00, 0x66, 0x43, 0x33, 0x33, 0x9D, 0x77, 0x88, 0xD9, 0x33, 0x3A, 0xA4, 0x66, 0x00, 0x00,
    0x00, 0x00, 0x66, 0x64, 0xA3, 0x33, 0x9B, 0xD8, 0x8D, 0xB9, 0x33, 0xAA, 0x46, 0x60, 0x00, 0x00,
    0x00, 0x00, 0x06, 0x65, 0x4A, 0x33, 0x39, 0x9B, 0xB9, 0x9A, 0xAA, 0xA4, 0x56, 0x60, 0x00, 0x00,
    0x00, 0x00, 0x06, 0x6A, 0x55, 0x4A, 0xAA, 0xAA, 0xAA, 0xAA, 0xA4, 0x55, 0x46, 0x60, 0x00, 0x00,
    0x00, 0x00, 0x06, 0x63, 0xA4, 0x55, 0x5A, 0xAA, 0xAA, 0x45, 0x55, 0x44, 0x46, 0x60, 0x00, 0x00,
    0x00, 0x00, 0x06, 0x63, 0x33, 0xA4, 0x45, 0x55, 0x55, 0x54, 0x44, 0x44, 0x46, 0x60, 0x00, 0x00,
    0x00, 0x00, 0x06, 0x63, 0x33, 0x33, 0xAA, 0xAA, 0x44, 0x44, 0x44, 0x44, 0x46, 0x60, 0x00, 0x00,
    0x00, 0x00, 0x06, 0x63, 0x33, 0x33, 0x3A, 0xAA, 0x44, 0x44, 0x44, 0x44, 0x46, 0x60, 0x00, 0x00,
    0x00, 0x00, 0x06, 0x64, 0x33, 0x33, 0x33, 0xAA, 0xA4, 0x44, 0x44, 0x44, 0x56, 0x60, 0x00, 0x00,
    0x00, 0x00, 0x00, 0x66, 0xA3, 0x33, 0x33, 0x3A, 0xAA, 0x44, 0x44, 0x44, 0x66, 0x00, 0x00, 0x00,
    0x00, 0x00, 0x00, 0x66, 0x6A, 0x33, 0x33, 0x3A, 0xAA, 0x44, 0x44, 0x46, 0x66, 0x00, 0x00, 0x00,
    0x00, 0x00, 0x00, 0x06, 0x66, 0x5A, 0xAA, 0xAA, 0xAA, 0x44, 0x45, 0x66, 0x60, 0x00, 0x00, 0x00,
    0x00, 0x00, 0x00, 0x00, 0x66, 0x66, 0x55, 0x55, 0x55, 0x55, 0x66, 0x66, 0x00, 0x00, 0x00, 0x00,
    0x00, 0x00, 0x00, 0x00, 0x00, 0x66, 0x66, 0x66, 0x66, 0x66, 0x66, 0x00, 0x00, 0x00, 0x00, 0x00,
    0x00, 0x00, 0x00, 0x00, 0x00, 0x00, 0x66, 0x66, 0x66, 0x66, 0x00, 0x00, 0x00, 0x00, 0x00, 0x00,
    0x00, 0x00, 0x00, 0x00, 0x00, 0x00, 0x00, 0x00, 0x00, 0x00, 0x00, 0x00, 0x00, 0x00, 0x00, 0x00,
    0x00, 0x00, 0x00, 0x00, 0x00, 0x00, 0x00, 0x00, 0x00, 0x00, 0x00, 0x00, 0x00, 0x00, 0x00, 0x00,
    0x00, 0x00, 0x00, 0x00, 0x00, 0x00, 0x00, 0x00, 0x00, 0x00, 0x00, 0x00, 0x00, 0x00, 0x00, 0x00,
    0x00, 0x00, 0x00, 0x00, 0x00, 0x00, 0x00, 0x00, 0x00, 0x00, 0x00, 0x00, 0x00, 0x00, 0x00, 0x00,
};
unsigned short ui_battle_menu_pouch_pal[] = {0x5044, 0x95FD, 0x753D, 0x5C77, 0x2B2D, 0x09E5, 0x110D, 0xEE8D, 0xD541, 0x5299, 0x3BB1, 0x7A83, 0xB4C9, 0xA383, 0x0001, 0x0001};
unsigned short ui_battle_menu_pouch_disabled_pal[] = {0x739C, 0xBDEF, 0xB5AD, 0xA529, 0x94A5, 0x7BDF, 0x739D, 0xC631, 0xB5AD, 0x8C63, 0x9CE7, 0x8C63, 0xAD6B, 0x9CE7, 0x6319, 0x6319};
unsigned char ui_battle_swap_Z_png[] = {
    0x0B, 0x44, 0x44, 0x44, 0x4B, 0x00, 0x00, 0x00, 0xB4, 0xBA, 0xAA, 0xAA, 0xB4, 0xB0, 0x00, 0x00,
    0x49, 0xED, 0xDD, 0xDD, 0xE9, 0x40, 0x00, 0x00, 0x49, 0x99, 0x99, 0x99, 0x99, 0x40, 0x00, 0x00,
    0x35, 0x99, 0x99, 0x99, 0x95, 0x30, 0x00, 0x00, 0x35, 0x94, 0x44, 0x44, 0x95, 0x30, 0x00, 0x00,
    0x35, 0x93, 0x33, 0x33, 0x95, 0x30, 0x00, 0x00, 0x35, 0x99, 0x93, 0x39, 0x95, 0x30, 0x00, 0x00,
    0x35, 0x99, 0x23, 0x99, 0x95, 0x30, 0x00, 0x00, 0x35, 0x92, 0x22, 0x23, 0x95, 0x30, 0x00, 0x00,
    0x35, 0x94, 0x44, 0x44, 0x95, 0x30, 0x00, 0x00, 0x35, 0x99, 0x99, 0x99, 0x95, 0x30, 0x00, 0x00,
    0xA3, 0x55, 0x55, 0x55, 0x53, 0xA0, 0x00, 0x00, 0x0A, 0x33, 0x33, 0x33, 0x3A, 0x00, 0x00, 0x00,
    0x00, 0x00, 0x00, 0x00, 0x00, 0x00, 0x00, 0x00, 0x00, 0x00, 0x00, 0x00, 0x00, 0x00, 0x00, 0x00,
};
unsigned short ui_battle_swap_Z_pal[] = {0x0000, 0x39CF, 0x39D1, 0x4211, 0x5299, 0x6319, 0x841F, 0x7BE3, 0x8421, 0x8425, 0x94A5, 0x9CEB, 0xAD6B, 0xB5AD, 0xC631, 0xFFFF};
unsigned char ui_battle_swap_arrow_left_png[] = {
    0x00, 0x06, 0x60, 0x00, 0x00, 0x6E, 0xE6, 0x00, 0x06, 0xDD, 0xDD, 0x60, 0x6C, 0xBC, 0xBC, 0xB6,
    0x06, 0x6A, 0xA6, 0x60, 0x00, 0x69, 0x96, 0x60, 0x00, 0x68, 0x88, 0x86, 0x00, 0x06, 0x77, 0x76,
    0x00, 0x00, 0x66, 0x66, 0x00, 0x00, 0x00, 0x00, 0x00, 0x00, 0x00, 0x00, 0x00, 0x00, 0x00, 0x00,
    0x00, 0x00, 0x00, 0x00, 0x00, 0x00, 0x00, 0x00, 0x00, 0x00, 0x00, 0x00, 0x00, 0x00, 0x00, 0x00,
};
unsigned short ui_battle_swap_arrow_left_pal[] = {0x0000, 0x0001, 0x0001, 0x0001, 0x0001, 0x4B1B, 0x5B9F, 0x746F, 0x7CB1, 0x7CF1, 0x8533, 0x8D35, 0x9577, 0x95B7, 0x9DF9, 0xFFFF};
unsigned char ui_battle_swap_arrow_right_png[] = {
    0x00, 0x06, 0x60, 0x00, 0x00, 0x6E, 0xE6, 0x00, 0x06, 0xDD, 0xDD, 0x60, 0x6B, 0xCB, 0xCB, 0xC6,
    0x06, 0x6A, 0xA6, 0x60, 0x06, 0x69, 0x96, 0x00, 0x68, 0x88, 0x86, 0x00, 0x67, 0x77, 0x60, 0x00,
    0x66, 0x66, 0x00, 0x00, 0x00, 0x00, 0x00, 0x00, 0x00, 0x00, 0x00, 0x00, 0x00, 0x00, 0x00, 0x00,
    0x00, 0x00, 0x00, 0x00, 0x00, 0x00, 0x00, 0x00, 0x00, 0x00, 0x00, 0x00, 0x00, 0x00, 0x00, 0x00,
};
unsigned short ui_battle_swap_arrow_right_pal[] = {0x0000, 0x0001, 0x0001, 0x0001, 0x0001, 0x4B1B, 0x5B9F, 0x746F, 0x7CB1, 0x7CF1, 0x8533, 0x8D35, 0x9577, 0x95B7, 0x9DF9, 0xFFFF, 0x00EF, 0xE001, 0x0E55, 0x5E01, 0xE533, 0x35E1, 0xE423, 0x24E1, 0xE533, 0x35E1, 0x0E55, 0x5E01, 0x00EF, 0xE001, 0x0001, 0x0001, 0x5295, 0xE739, 0xFFE1, 0xD65B, 0x9C97, 0xBA2F, 0xBA2F, 0xBA2F, 0xBA2F, 0xBA2F, 0xBA2F, 0xBA2F, 0xBA2F, 0xBA2F, 0x41CB, 0xC2AF, 0x0001, 0x0001, 0x0001, 0x0001, 0x0001, 0x0001, 0x0001, 0x0001, 0x0001, 0x0001, 0x000F, 0xEEEF, 0x0001, 0x0001, 0x0001, 0x0001, 0x000F, 0x322F, 0x0001, 0x0001, 0x0001, 0x0001, 0x000F, 0x422F, 0x0001, 0x0001, 0x0001, 0x0001, 0x0001, 0xE22F, 0x0001, 0x0001, 0x0001, 0x0001, 0x0001, 0xE32F, 0x0001, 0x0001, 0xE001, 0x0001, 0x0001, 0xE42F, 0x0001, 0x000F, 0x3E01, 0x0001, 0x0001, 0x0E3F, 0x0001, 0x00E5, 0x22E1, 0x0001, 0x0001, 0x0E4F, 0x0001, 0x00E3, 0x222F, 0x0001, 0x0001, 0x00E1, 0x0001, 0x00EF, 0x4223, 0xE001, 0x0001, 0x0001, 0x0001, 0x0001, 0xEE43, 0x2E01, 0x0001, 0x0001, 0x0001, 0x0001, 0x00EF, 0x42E1, 0x0001, 0x0001, 0x0001, 0x0001, 0x0001, 0xEEE1, 0x0001, 0x0001, 0x0001, 0x0001, 0x0001, 0x0001, 0x0001, 0x0001, 0x0001, 0x0001, 0x0001, 0x0001, 0x0001, 0x0001, 0x0001, 0x0001, 0x0001, 0x0001, 0x0001, 0x0001, 0x0001, 0x0001, 0x0001, 0x0001, 0x0001, 0x0001, 0x0EEF, 0x0001, 0x0001, 0x0001, 0x0001, 0x0001, 0x0E35, 0xEEE1, 0x0001, 0x0001, 0x0001, 0x0001, 0x0E23, 0x234F, 0xE001, 0x0001, 0x0001, 0x0001, 0x0E23, 0x2223, 0x4E01, 0x0001, 0x0001, 0x0001, 0x0EEF, 0xEEEF, 0xEE01, 0x0001, 0x0001, 0x0001, 0x0001, 0x0001, 0x0001, 0x0001, 0x0001, 0x0001, 0x5295, 0xE739, 0xFFE1, 0xD65B, 0x9C97, 0xBA2F, 0xBA2F, 0xBA2F, 0xBA2F, 0xBA2F, 0xBA2F, 0xBA2F, 0xBA2F, 0xBA2F, 0x41CB, 0xC2AF};
unsigned char ui_battle_menu_spirits_png[] = {
    0x00, 0x00, 0x00, 0x00, 0x00, 0x00, 0x00, 0x77, 0x77, 0x00, 0x00, 0x00, 0x00, 0x00, 0x00, 0x00,
    0x00, 0x00, 0x00, 0x00, 0x00, 0x00, 0x07, 0x77, 0x77, 0x70, 0x00, 0x00, 0x00, 0x00, 0x00, 0x00,
    0x00, 0x00, 0x00, 0x00, 0x00, 0x00, 0x77, 0x74, 0x47, 0x77, 0x00, 0x00, 0x00, 0x00, 0x00, 0x00,
    0x00, 0x00, 0x00, 0x00, 0x00, 0x00, 0x77, 0x62, 0x26, 0x77, 0x00, 0x00, 0x00, 0x00, 0x00, 0x00,
    0x00, 0x00, 0x00, 0x00, 0x00, 0x07, 0x77, 0x22, 0x32, 0x77, 0x70, 0x00, 0x00, 0x00, 0x00, 0x00,
    0x00, 0x00, 0x00, 0x00, 0x00, 0x07, 0x74, 0x33, 0x21, 0x47, 0x70, 0x00, 0x00, 0x00, 0x00, 0x00,
    0x00, 0x00, 0x00, 0x00, 0x00, 0x77, 0x64, 0x32, 0x11, 0x26, 0x77, 0x00, 0x00, 0x00, 0x00, 0x00,
    0x00, 0x00, 0x00, 0x00, 0x00, 0x77, 0x42, 0x22, 0x21, 0x14, 0x77, 0x00, 0x00, 0x00, 0x00, 0x00,
    0x00, 0x00, 0x00, 0x00, 0x07, 0x76, 0x22, 0x21, 0x11, 0x12, 0x67, 0x70, 0x00, 0x00, 0x00, 0x00,
    0x00, 0x00, 0x77, 0x77, 0x77, 0x74, 0x22, 0x11, 0x21, 0x12, 0x47, 0x77, 0x77, 0x77, 0x00, 0x00,
    0x07, 0x77, 0x77, 0x77, 0x77, 0x62, 0x21, 0x21, 0x11, 0x22, 0x26, 0x77, 0x77, 0x77, 0x77, 0x70,
    0x77, 0x76, 0x65, 0x54, 0x42, 0x32, 0x21, 0x11, 0x12, 0x21, 0x12, 0x24, 0x45, 0x56, 0x67, 0x77,
    0x77, 0x53, 0x33, 0x23, 0x23, 0x12, 0x11, 0x22, 0x22, 0x11, 0x22, 0x32, 0x23, 0x23, 0x35, 0x77,
    0x77, 0x33, 0x32, 0x32, 0x12, 0x11, 0x12, 0x12, 0x21, 0x22, 0x22, 0x23, 0x32, 0x24, 0x33, 0x77,
    0x77, 0x53, 0x33, 0x22, 0x21, 0x12, 0x12, 0x22, 0x12, 0x22, 0x23, 0x33, 0x22, 0x33, 0x35, 0x77,
    0x77, 0x75, 0x32, 0x22, 0x11, 0x21, 0x21, 0x23, 0x22, 0x23, 0x23, 0x22, 0x23, 0x33, 0x57, 0x77,
    0x07, 0x77, 0x53, 0x22, 0x12, 0x12, 0x22, 0x22, 0x22, 0x33, 0x22, 0x23, 0x43, 0x35, 0x77, 0x70,
    0x00, 0x77, 0x74, 0x31, 0x11, 0x22, 0x23, 0x23, 0x33, 0x23, 0x23, 0x34, 0x33, 0x47, 0x77, 0x00,
    0x00, 0x07, 0x77, 0x44, 0x12, 0x22, 0x32, 0x22, 0x23, 0x32, 0x33, 0x33, 0x34, 0x77, 0x70, 0x00,
    0x00, 0x00, 0x77, 0x74, 0x42, 0x32, 0x22, 0x23, 0x33, 0x33, 0x33, 0x33, 0x47, 0x77, 0x00, 0x00,
    0x00, 0x00, 0x07, 0x76, 0x42, 0x22, 0x23, 0x33, 0x32, 0x33, 0x33, 0x24, 0x67, 0x70, 0x00, 0x00,
    0x00, 0x00, 0x07, 0x76, 0x42, 0x23, 0x32, 0x32, 0x23, 0x43, 0x23, 0x44, 0x67, 0x70, 0x00, 0x00,
    0x00, 0x00, 0x77, 0x74, 0x42, 0x23, 0x33, 0x34, 0x34, 0x33, 0x34, 0x34, 0x47, 0x77, 0x00, 0x00,
    0x00, 0x00, 0x77, 0x74, 0x33, 0x33, 0x23, 0x42, 0x43, 0x43, 0x33, 0x44, 0x47, 0x77, 0x00, 0x00,
    0x00, 0x00, 0x77, 0x54, 0x33, 0x23, 0x34, 0x44, 0x44, 0x44, 0x34, 0x43, 0x45, 0x77, 0x00, 0x00,
    0x00, 0x07, 0x77, 0x44, 0x33, 0x43, 0x33, 0x46, 0x64, 0x33, 0x34, 0x34, 0x44, 0x77, 0x70, 0x00,
    0x00, 0x07, 0x77, 0x43, 0x34, 0x34, 0x35, 0x77, 0x77, 0x53, 0x43, 0x44, 0x44, 0x77, 0x70, 0x00,
    0x00, 0x07, 0x75, 0x43, 0x43, 0x43, 0x77, 0x77, 0x77, 0x77, 0x34, 0x44, 0x44, 0x57, 0x70, 0x00,
    0x00, 0x07, 0x74, 0x34, 0x34, 0x77, 0x77, 0x70, 0x07, 0x77, 0x75, 0x44, 0x44, 0x47, 0x70, 0x00,
    0x00, 0x07, 0x75, 0x34, 0x77, 0x77, 0x70, 0x00, 0x00, 0x07, 0x77, 0x75, 0x44, 0x57, 0x70, 0x00,
    0x00, 0x07, 0x77, 0x77, 0x77, 0x70, 0x00, 0x00, 0x00, 0x00, 0x07, 0x77, 0x77, 0x77, 0x70, 0x00,
    0x00, 0x00, 0x77, 0x77, 0x70, 0x00, 0x00, 0x00, 0x00, 0x00, 0x00, 0x07, 0x77, 0x77, 0x00, 0x00,
};
unsigned short ui_battle_menu_spirits_pal[] = {0x294A, 0xDEE5, 0xEEC9, 0xDE09, 0xDD81, 0xC383, 0x9A03, 0x6901, 0x7BFF, 0x7BFF, 0x7BFF, 0x7BFF, 0x7BFF, 0x7BFF, 0x7BFF, 0x7BFF};
unsigned char ui_battle_yellow_arrow_png[] = {
    0x00, 0x00, 0x00, 0x00, 0x00, 0x00, 0x00, 0x00, 0x00, 0x00, 0x00, 0x00, 0x00, 0x00, 0x00, 0x00,
    0x00, 0x00, 0x00, 0xEE, 0x00, 0x00, 0x00, 0x00, 0x00, 0x00, 0x0E, 0x43, 0xE0, 0x00, 0x00, 0x00,
    0x00, 0x00, 0xE3, 0x22, 0xE0, 0x00, 0x00, 0x00, 0x00, 0x0E, 0x32, 0x22, 0x5E, 0xEE, 0xE0, 0x00,
    0x00, 0xE4, 0x22, 0x22, 0x33, 0x33, 0x4E, 0x00, 0x0E, 0x42, 0x22, 0x22, 0x22, 0x22, 0x3E, 0x00,
    0x0E, 0x42, 0x22, 0x22, 0x22, 0x22, 0x3E, 0x00, 0x00, 0xE3, 0x22, 0x22, 0x33, 0x33, 0x4E, 0x00,
    0x00, 0x0E, 0x32, 0x22, 0x5E, 0xEE, 0xE0, 0x00, 0x00, 0x00, 0xE4, 0x22, 0xE0, 0x00, 0x00, 0x00,
    0x00, 0x00, 0x0E, 0x43, 0xE0, 0x00, 0x00, 0x00, 0x00, 0x00, 0x00, 0xEE, 0x00, 0x00, 0x00, 0x00,
    0x00, 0x00, 0x00, 0x00, 0x00, 0x00, 0x00, 0x00, 0x00, 0x00, 0x00, 0x00, 0x00, 0x00, 0x00, 0x00,
};
unsigned short ui_battle_yellow_arrow_pal[] = {0x6B5A, 0xEF7B, 0xEF4D, 0xC60D, 0x9CCB, 0x524B, 0xA02D, 0xA02D, 0xA02D, 0xA02D, 0xA02D, 0xD6B3, 0xA4E3, 0x7353, 0x2909, 0xA02D, 0x0001, 0x0001, 0x0001, 0x0001, 0x0001, 0x0001, 0x0001, 0x0001, 0x0001, 0x0001, 0x0001, 0x0001, 0x0001, 0x0001, 0x0001, 0x0001, 0x0001, 0x0001, 0x0001, 0x0001, 0x0001, 0x0001, 0x0001, 0x0001, 0x0001, 0x0001, 0x0001, 0x0001, 0x0001, 0x000F, 0xEEEF, 0xEEE1, 0x0001, 0x00E5, 0x2223, 0x445F, 0x0001, 0x00E5, 0x2223, 0x445F, 0x0001, 0x00EF, 0xE667, 0xEEE1, 0x0001, 0x0E43, 0x2243, 0x25E1, 0x0001, 0xE223, 0x2253, 0x235F, 0x000F, 0x3223, 0x2263, 0x235F, 0x0EE5, 0x2223, 0x2463, 0x235F, 0xE223, 0x2423, 0x2E45, 0x445F, 0xE545, 0xE625, 0x6EE5, 0xE5EF, 0x0EEF, 0x0E25, 0xE55F, 0x5E5F, 0x0001, 0x0E55, 0xE55F, 0x5E5F, 0x0001, 0x0E25, 0xE24F, 0x2E2F, 0x0001, 0x0E25, 0xE24F, 0x2E2F, 0x0001, 0x0E25, 0xEEEF, 0xEEE1, 0x0001, 0x0E23, 0xE001, 0x0001, 0x0001, 0x0E23, 0xE001, 0x0001, 0x0001, 0x0E25, 0xE001, 0x0001, 0x0001, 0x00EF, 0x0001, 0x0001, 0x0001, 0x0001, 0x0001, 0x0001, 0x0001, 0x0001, 0x0001, 0x0001, 0x0001, 0x0001, 0x0001, 0x0001, 0x0001, 0x0001, 0x0001, 0x0001, 0x0001, 0x0001, 0x0001, 0x0001, 0x0001, 0x0001, 0x0001, 0x0001, 0x63DD, 0xFFFF, 0xD6B5, 0xA63B, 0x7D7B, 0x5BED, 0x4259, 0x7BFF, 0x7BFF, 0x7BFF, 0x7BFF, 0x7BFF, 0x7BFF, 0x7BFF, 0x294B, 0x0001};
unsigned char ui_battle_hp_bar_png[] = {
    0x0F, 0xFF, 0xFF, 0xFF, 0xFF, 0xFF, 0xFF, 0xFF, 0xFF, 0xFF, 0xFF, 0xFF, 0xFF, 0xF0, 0x00, 0x00,
    0xF2, 0x22, 0x22, 0x22, 0x22, 0x22, 0x22, 0x22, 0x22, 0x22, 0x22, 0x22, 0x22, 0x2F, 0x00, 0x00,
    0xF2, 0xEE, 0xEE, 0xEE, 0xEE, 0xEE, 0xEE, 0xEE, 0xEE, 0xEE, 0xEE, 0xEE, 0xEE, 0xE5, 0x40, 0x00,
    0xF2, 0xDD, 0xDD, 0xDD, 0xDD, 0xDD, 0xDD, 0xDD, 0xDD, 0xDD, 0xDD, 0xDD, 0xDD, 0xD5, 0x44, 0x00,
    0xF2, 0xCC, 0xCC, 0xCC, 0xCC, 0xCC, 0xCC, 0xCC, 0xCC, 0xCC, 0xCC, 0xCC, 0xCC, 0xC5, 0x44, 0x00,
    0x52, 0xBB, 0xBB, 0xBB, 0xBB, 0xBB, 0xBB, 0xBB, 0xBB, 0xBB, 0xBB, 0xBB, 0xBB, 0xB5, 0x44, 0x00,
    0x05, 0x55, 0x55, 0x55, 0x55, 0x55, 0x55, 0x55, 0x55, 0x55, 0x55, 0x55, 0x55, 0x54, 0x44, 0x00,
    0x00, 0x44, 0x44, 0x44, 0x44, 0x44, 0x44, 0x44, 0x44, 0x44, 0x44, 0x44, 0x44, 0x44, 0x44, 0x00,
    0x00, 0x04, 0x44, 0x44, 0x44, 0x44, 0x44, 0x44, 0x44, 0x44, 0x44, 0x44, 0x44, 0x44, 0x40, 0x00,
    0x00, 0x00, 0x00, 0x00, 0x00, 0x00, 0x00, 0x00, 0x00, 0x00, 0x00, 0x00, 0x00, 0x00, 0x00, 0x00,
    0x00, 0x00, 0x00, 0x00, 0x00, 0x00, 0x00, 0x00, 0x00, 0x00, 0x00, 0x00, 0x00, 0x00, 0x00, 0x00,
    0x00, 0x00, 0x00, 0x00, 0x00, 0x00, 0x00, 0x00, 0x00, 0x00, 0x00, 0x00, 0x00, 0x00, 0x00, 0x00,
    0x00, 0x00, 0x00, 0x00, 0x00, 0x00, 0x00, 0x00, 0x00, 0x00, 0x00, 0x00, 0x00, 0x00, 0x00, 0x00,
    0x00, 0x00, 0x00, 0x00, 0x00, 0x00, 0x00, 0x00, 0x00, 0x00, 0x00, 0x00, 0x00, 0x00, 0x00, 0x00,
    0x00, 0x00, 0x00, 0x00, 0x00, 0x00, 0x00, 0x00, 0x00, 0x00, 0x00, 0x00, 0x00, 0x00, 0x00, 0x00,
    0x00, 0x00, 0x00, 0x00, 0x00, 0x00, 0x00, 0x00, 0x00, 0x00, 0x00, 0x00, 0x00, 0x00, 0x00, 0x00,
};
unsigned short ui_battle_hp_bar_pal[] = {0x7BDE, 0xA801, 0x8BC1, 0xF801, 0x3991, 0xF7BD, 0x0001, 0x0001, 0x0001, 0x0001, 0x0001, 0xDCC1, 0xE501, 0xF5C1, 0xFE41, 0xE739};
unsigned char ui_battle_hp_0_png[] = {
    0x0F, 0xFF, 0x00, 0x00, 0xFF, 0x3F, 0xF0, 0x00, 0xEE, 0x2E, 0xE2, 0x00, 0xEE, 0x2E, 0xE2, 0x00,
    0xDD, 0x2D, 0xD2, 0x00, 0x0D, 0xDD, 0x11, 0x00, 0x00, 0x11, 0x10, 0x00, 0x00, 0x00, 0x00, 0x00,
};
unsigned short ui_battle_hp_0_pal[] = {0x7BDE, 0x314F, 0x3991, 0x39D3, 0x0001, 0x0001, 0x0001, 0x0001, 0x0001, 0x0001, 0x0001, 0x0001, 0x0001, 0xFFFF, 0xEFBD, 0xE77B};
unsigned char ui_battle_hp_1_png[] = {
    0x00, 0xFF, 0x00, 0x00, 0x0F, 0xFF, 0x30, 0x00, 0x02, 0xEE, 0x20, 0x00, 0x00, 0xEE, 0x20, 0x00,
    0x00, 0xDD, 0x20, 0x00, 0x00, 0xDD, 0x10, 0x00, 0x00, 0x01, 0x10, 0x00, 0x00, 0x00, 0x00, 0x00,
};
unsigned short ui_battle_hp_1_pal[] = {0x7BDE, 0x314F, 0x3991, 0x39D3, 0x0001, 0x0001, 0x0001, 0x0001, 0x0001, 0x0001, 0x0001, 0x0001, 0x0001, 0xFFFF, 0xEFBD, 0xE77B};
unsigned char ui_battle_hp_2_png[] = {
    0x0F, 0xFF, 0x30, 0x00, 0xFF, 0x3F, 0xF3, 0x00, 0x22, 0x2E, 0xE2, 0x00, 0x00, 0xEE, 0x22, 0x00,
    0x0D, 0xD2, 0x20, 0x00, 0xDD, 0xDD, 0xD1, 0x00, 0x01, 0x11, 0x11, 0x00, 0x00, 0x00, 0x00, 0x00,
};
unsigned short ui_battle_hp_2_pal[] = {0x7BDE, 0x314F, 0x3991, 0x39D3, 0x0001, 0x0001, 0x0001, 0x0001, 0x0001, 0x0001, 0x0001, 0x0001, 0x0001, 0xFFFF, 0xEFBD, 0xE77B};
unsigned char ui_battle_hp_3_png[] = {
    0x0F, 0xFF, 0x30, 0x00, 0xFF, 0x3F, 0xF3, 0x00, 0x22, 0xEE, 0x22, 0x00, 0x00, 0x2E, 0xE2, 0x00,
    0xDD, 0x2D, 0xD2, 0x00, 0x1D, 0xDD, 0x11, 0x00, 0x01, 0x11, 0x10, 0x00, 0x00, 0x00, 0x00, 0x00,
};
unsigned short ui_battle_hp_3_pal[] = {0x7BDE, 0x314F, 0x3991, 0x39D3, 0x0001, 0x0001, 0x0001, 0x0001, 0x0001, 0x0001, 0x0001, 0x0001, 0x0001, 0xFFFF, 0xEFBD, 0xE77B};
unsigned char ui_battle_hp_4_png[] = {
    0x00, 0x0F, 0xF3, 0x00, 0x00, 0xFF, 0xF3, 0x00, 0x0E, 0xEE, 0xE2, 0x00, 0xEE, 0x2E, 0xE2, 0x00,
    0xDD, 0xDD, 0xD2, 0x00, 0x01, 0x1D, 0xD1, 0x00, 0x00, 0x01, 0x11, 0x00, 0x00, 0x00, 0x00, 0x00,
};
unsigned short ui_battle_hp_4_pal[] = {0x7BDE, 0x314F, 0x3991, 0x39D3, 0x0001, 0x0001, 0x0001, 0x0001, 0x0001, 0x0001, 0x0001, 0x0001, 0x0001, 0xFFFF, 0xEFBD, 0xE77B};
unsigned char ui_battle_hp_5_png[] = {
    0xFF, 0xFF, 0x30, 0x00, 0xFF, 0x33, 0x30, 0x00, 0xEE, 0xEE, 0x20, 0x00, 0x02, 0x2E, 0xE2, 0x00,
    0x00, 0x0D, 0xD2, 0x00, 0xDD, 0xDD, 0x11, 0x00, 0x01, 0x11, 0x10, 0x00, 0x00, 0x00, 0x00, 0x00,
};
unsigned short ui_battle_hp_5_pal[] = {0x7BDE, 0x314F, 0x3991, 0x39D3, 0x0001, 0x0001, 0x0001, 0x0001, 0x0001, 0x0001, 0x0001, 0x0001, 0x0001, 0xFFFF, 0xEFBD, 0xE77B};
unsigned char ui_battle_hp_6_png[] = {
    0x00, 0xFF, 0x30, 0x00, 0x0F, 0xF3, 0x30, 0x00, 0xEE, 0xEE, 0x20, 0x00, 0xEE, 0x2E, 0xE2, 0x00,
    0xDD, 0x2D, 0xD2, 0x00, 0x0D, 0xDD, 0x11, 0x00, 0x00, 0x11, 0x10, 0x00, 0x00, 0x00, 0x00, 0x00,
};
unsigned short ui_battle_hp_6_pal[] = {0x7BDE, 0x314F, 0x3991, 0x39D3, 0x0001, 0x0001, 0x0001, 0x0001, 0x0001, 0x0001, 0x0001, 0x0001, 0x0001, 0xFFFF, 0xEFBD, 0xE77B};
unsigned char ui_battle_hp_7_png[] = {
    0xFF, 0xFF, 0xF0, 0x00, 0x03, 0x3F, 0xF3, 0x00, 0x00, 0xEE, 0x22, 0x00, 0x00, 0xEE, 0x20, 0x00,
    0x0D, 0xD2, 0x20, 0x00, 0x0D, 0xD1, 0x00, 0x00, 0x00, 0x11, 0x00, 0x00, 0x00, 0x00, 0x00, 0x00,
};
unsigned short ui_battle_hp_7_pal[] = {0x7BDE, 0x314F, 0x3991, 0x39D3, 0x0001, 0x0001, 0x0001, 0x0001, 0x0001, 0x0001, 0x0001, 0x0001, 0x0001, 0xFFFF, 0xEFBD, 0xE77B};
unsigned char ui_battle_hp_8_png[] = {
    0x0F, 0xFF, 0x30, 0x00, 0xFF, 0x3F, 0xF3, 0x00, 0x0E, 0xEE, 0x22, 0x00, 0xEE, 0x2E, 0xE2, 0x00,
    0xDD, 0x2D, 0xD2, 0x00, 0x0D, 0xDD, 0x11, 0x00, 0x00, 0x11, 0x10, 0x00, 0x00, 0x00, 0x00, 0x00,
};
unsigned short ui_battle_hp_8_pal[] = {0x7BDE, 0x314F, 0x3991, 0x39D3, 0x0001, 0x0001, 0x0001, 0x0001, 0x0001, 0x0001, 0x0001, 0x0001, 0x0001, 0xFFFF, 0xEFBD, 0xE77B};
unsigned char ui_battle_hp_9_png[] = {
    0x0F, 0xFF, 0x00, 0x00, 0xFF, 0x3F, 0xF0, 0x00, 0xEE, 0x2E, 0xE2, 0x00, 0x0E, 0xEE, 0xE2, 0x00,
    0x00, 0xDD, 0x22, 0x00, 0x0D, 0xD1, 0x10, 0x00, 0x00, 0x11, 0x00, 0x00, 0x00, 0x00, 0x00, 0x00,
};
unsigned short ui_battle_hp_9_pal[] = {0x7BDE, 0x314F, 0x3991, 0x39D3, 0x0001, 0x0001, 0x0001, 0x0001, 0x0001, 0x0001, 0x0001, 0x0001, 0x0001, 0xFFFF, 0xEFBD, 0xE77B};
unsigned char ui_battle_cont_b_up_png[] = {
    0x00, 0x00, 0x00, 0x00, 0x00, 0x00, 0x00, 0x00, 0x00, 0x00, 0x00, 0x00, 0x00, 0x00, 0x00, 0x00,
    0x00, 0x00, 0x00, 0x00, 0x00, 0x00, 0x00, 0x00, 0x00, 0x00, 0x00, 0x00, 0x00, 0x00, 0x00, 0x00,
    0x00, 0xFF, 0xFF, 0xFF, 0xFF, 0xFF, 0xF0, 0x00, 0x00, 0x00, 0x00, 0x00, 0x00, 0x00, 0x00, 0x00,
    0x00, 0x00, 0x00, 0x00, 0x00, 0x00, 0x00, 0x00, 0xFF, 0xFF, 0xFF, 0xFF, 0xFF, 0xFF, 0xFF, 0xF0,
    0x00, 0x00, 0x00, 0x00, 0x00, 0x00, 0x00, 0x00, 0x00, 0x00, 0x00, 0x00, 0x00, 0x00, 0x00, 0xFF,
    0xFF, 0xFA, 0xA8, 0x88, 0x88, 0x8A, 0xAF, 0xFF, 0xF0, 0x00, 0x00, 0x00, 0x00, 0x00, 0x00, 0x00,
    0x00, 0x00, 0x00, 0x00, 0x00, 0x00, 0x0F, 0xFF, 0xA9, 0x88, 0x88, 0x88, 0x88, 0x88, 0x89, 0xAF,
    0xFF, 0x00, 0x00, 0x00, 0x00, 0x00, 0x00, 0x00, 0x00, 0x00, 0x00, 0x00, 0x00, 0x00, 0xFF, 0xF8,
    0x88, 0x88, 0x88, 0x88, 0x88, 0x88, 0x88, 0x88, 0xFF, 0xF0, 0x00, 0x00, 0x00, 0x00, 0x00, 0x00,
    0x00, 0x00, 0x00, 0x00, 0x00, 0x0F, 0xFF, 0x78, 0xEE, 0xEE, 0xEE, 0xE7, 0x88, 0x88, 0x88, 0x88,
    0x7F, 0xFF, 0x00, 0x00, 0x00, 0x00, 0x00, 0x00, 0x00, 0x00, 0x00, 0x00, 0x00, 0xFF, 0xF7, 0x88,
    0xEE, 0xEE, 0xEE, 0xEE, 0x78, 0x88, 0x88, 0x88, 0x87, 0xFF, 0xF0, 0x00, 0x00, 0x00, 0x00, 0x00,
    0x00, 0x00, 0x00, 0x00, 0x0F, 0xFF, 0x78, 0x88, 0xEE, 0xE7, 0x7E, 0xEE, 0x78, 0x88, 0x88, 0x88,
    0x88, 0x8F, 0xFF, 0x00, 0x00, 0x00, 0x00, 0x00, 0x00, 0x00, 0x00, 0x00, 0xFF, 0xFA, 0x88, 0x88,
    0xEE, 0xE7, 0x8E, 0xEE, 0x68, 0x88, 0x88, 0x88, 0x88, 0x8A, 0xFF, 0xF0, 0x00, 0x00, 0x00, 0x00,
    0x00, 0x00, 0x00, 0x0F, 0xFF, 0xF8, 0x88, 0x88, 0xEE, 0xEE, 0xEE, 0xE6, 0x78, 0x88, 0x88, 0x88,
    0x88, 0x88, 0xFF, 0xFF, 0x00, 0x00, 0x00, 0x00, 0x00, 0x00, 0x00, 0xFF, 0xF2, 0xE8, 0x88, 0x88,
    0xEE, 0xEE, 0xEE, 0xE7, 0x88, 0x88, 0x88, 0x88, 0x88, 0x88, 0xE2, 0xFF, 0xF0, 0x00, 0x00, 0x00,
    0x00, 0x00, 0x0F, 0xFF, 0x2C, 0xE8, 0x88, 0x88, 0xEE, 0xE6, 0x6E, 0xEE, 0x78, 0x88, 0x88, 0x88,
    0x88, 0x88, 0xEC, 0x2F, 0xFF, 0x00, 0x00, 0x00, 0x00, 0x00, 0x0F, 0xF2, 0xCD, 0xE8, 0x88, 0x88,
    0xEE, 0xE7, 0x8E, 0xEE, 0x78, 0x88, 0x88, 0x88, 0x88, 0x88, 0xED, 0xC2, 0xFF, 0x00, 0x00, 0x00,
    0x00, 0x00, 0xFF, 0xFC, 0xCD, 0xE7, 0x88, 0x88, 0xEE, 0xE7, 0x8E, 0xEE, 0x68, 0x88, 0x88, 0x88,
    0x88, 0x88, 0xED, 0xCC, 0xFF, 0xF0, 0x00, 0x00, 0x00, 0x00, 0xFF, 0x2C, 0xCD, 0xE7, 0x78, 0x88,
    0xEE, 0xEE, 0xEE, 0xEE, 0x68, 0x88, 0x88, 0x88, 0x88, 0x87, 0xED, 0xCC, 0x2F, 0xF0, 0x00, 0x00,
    0x00, 0x0F, 0xFF, 0xDC, 0xCD, 0xE8, 0x67, 0x88, 0xEE, 0xEE, 0xEE, 0xE5, 0x78, 0x88, 0x88, 0x88,
    0x88, 0x77, 0xED, 0xCC, 0xDF, 0xFF, 0x00, 0x00, 0x00, 0x0F, 0xFF, 0xCC, 0xCD, 0xEA, 0x85, 0x67,
    0x77, 0x77, 0x66, 0x67, 0x88, 0x88, 0x88, 0x88, 0x86, 0x58, 0xED, 0xCC, 0xCF, 0xFF, 0x00, 0x00,
    0x00, 0x0F, 0xFF, 0xCC, 0xCD, 0xEA, 0xA7, 0x55, 0x78, 0x88, 0x88, 0x88, 0x88, 0x88, 0x88, 0x86,
    0x34, 0x5A, 0xED, 0xCC, 0xCF, 0xFF, 0x00, 0x00, 0x00, 0x0F, 0xFF, 0xCC, 0xCD, 0x2A, 0xAA, 0x65,
    0x55, 0x78, 0x88, 0x88, 0x88, 0x88, 0x87, 0x41, 0x14, 0x9A, 0x2D, 0xCC, 0xCF, 0xFF, 0x00, 0x00,
    0x00, 0x0F, 0xFF, 0xCC, 0xCD, 0xDE, 0xAA, 0xA8, 0x55, 0x55, 0x78, 0x88, 0x88, 0x74, 0x31, 0x11,
    0x59, 0xAE, 0xDD, 0xCC, 0xCF, 0xFF, 0x00, 0x00, 0x00, 0x0F, 0xFF, 0xDC, 0xCC, 0xD2, 0xAA, 0xAA,
    0x87, 0x55, 0x54, 0x44, 0x33, 0x11, 0x11, 0x37, 0x9A, 0xA2, 0xDC, 0xCC, 0xDF, 0xFF, 0x00, 0x00,
    0x00, 0x0F, 0xFF, 0xDC, 0xCB, 0xDD, 0xEA, 0xAA, 0xAA, 0x87, 0x66, 0x54, 0x44, 0x33, 0x48, 0xAA,
    0xAA, 0xED, 0xDB, 0xCC, 0xDF, 0xFF, 0x00, 0x00, 0x00, 0x00, 0xFF, 0x2C, 0xBB, 0xCD, 0xDE, 0xAA,
    0xAA, 0xAA, 0xA8, 0x88, 0x88, 0x8A, 0xAA, 0xAA, 0xAE, 0xDD, 0xCB, 0xBC, 0x2F, 0xF0, 0x00, 0x00,
    0x00, 0x00, 0xFF, 0xFD, 0xBB, 0xBC, 0xDD, 0xEA, 0xAA, 0xAA, 0xAA, 0xAA, 0xAA, 0xAA, 0xAA, 0xAA,
    0xED, 0xDC, 0xBB, 0xBD, 0xFF, 0xF0, 0x00, 0x00, 0x00, 0x00, 0x0F, 0xFF, 0xDB, 0xBB, 0xCD, 0xD2,
    0xAA, 0xAA, 0xAA, 0xAA, 0xAA, 0xAA, 0xAA, 0xA2, 0xDD, 0xCB, 0xBB, 0xCF, 0xFF, 0x00, 0x00, 0x00,
    0x00, 0x00, 0x0F, 0xFF, 0xFC, 0xBB, 0xBC, 0xDD, 0xD2, 0xEA, 0xAA, 0xAA, 0xAA, 0xAA, 0xE2, 0xDD,
    0xDC, 0xBB, 0xBC, 0xFF, 0xFF, 0x00, 0x00, 0x00, 0x00, 0x00, 0x00, 0xFF, 0xFF, 0xCB, 0xBB, 0xBC,
    0xDD, 0xD2, 0x2E, 0xEE, 0xEE, 0x22, 0xDD, 0xDC, 0xBB, 0xBB, 0xCF, 0xFF, 0xF0, 0x00, 0x00, 0x00,
    0x00, 0x00, 0x00, 0x0F, 0xFF, 0xFC, 0xBB, 0xBB, 0xBC, 0xCD, 0xDD, 0xDD, 0xDD, 0xDD, 0xCC, 0xBB,
    0xBB, 0xBC, 0xFF, 0xFF, 0x00, 0x00, 0x00, 0x00, 0x00, 0x00, 0x00, 0x00, 0xFF, 0xFF, 0xDC, 0xBB,
    0xBB, 0xBB, 0xCC, 0xCC, 0xCC, 0xCB, 0xBB, 0xBB, 0xBB, 0xCF, 0xFF, 0xF0, 0x00, 0x00, 0x00, 0x00,
    0x00, 0x00, 0x00, 0x00, 0x0F, 0xFF, 0xF2, 0xCB, 0xBB, 0xBB, 0xBB, 0xBB, 0xBB, 0xBB, 0xBB, 0xBB,
    0xC2, 0xFF, 0xFF, 0x00, 0x00, 0x00, 0x00, 0x00, 0x00, 0x00, 0x00, 0x00, 0x00, 0xFF, 0xFF, 0xF2,
    0xDD, 0xCC, 0xBB, 0xBB, 0xBB, 0xBC, 0xCD, 0xD2, 0xFF, 0xFF, 0xF0, 0x00, 0x00, 0x00, 0x00, 0x00,
    0x00, 0x00, 0x00, 0x00, 0x00, 0x00, 0xFF, 0xFF, 0xFF, 0x2D, 0xDD, 0xDD, 0xDD, 0xDD, 0x2F, 0xFF,
    0xFF, 0xF0, 0x00, 0x00, 0x00, 0x00, 0x00, 0x00, 0x00, 0x00, 0x00, 0x00, 0x00, 0x00, 0x00, 0xFF,
    0xFF, 0xFF, 0xFF, 0xFF, 0xFF, 0xFF, 0xFF, 0xFF, 0xF0, 0x00, 0x00, 0x00, 0x00, 0x00, 0x00, 0x00,
    0x00, 0x00, 0x00, 0x00, 0x00, 0x00, 0x00, 0x00, 0x0F, 0xFF, 0xFF, 0xFF, 0xFF, 0xFF, 0xFF, 0x00,
    0x00, 0x00, 0x00, 0x00, 0x00, 0x00, 0x00, 0x00, 0x00, 0x00, 0x00, 0x00, 0x00, 0x00, 0x00, 0x00,
    0x00, 0x00, 0x00, 0x00, 0x00, 0x00, 0x00, 0x00, 0x00, 0x00, 0x00, 0x00, 0x00, 0x00, 0x00, 0x00,
    0x00, 0x00, 0x00, 0x00, 0x00, 0x00, 0x00, 0x00, 0x00, 0x00, 0x00, 0x00, 0x00, 0x00, 0x00, 0x00,
    0x00, 0x00, 0x00, 0x00, 0x00, 0x00, 0x00, 0x00, 0x00, 0x00, 0x00, 0x00, 0x00, 0x00, 0x00, 0x00,
    0x00, 0x00, 0x00, 0x00, 0x00, 0x00, 0x00, 0x00, 0x00, 0x00, 0x00, 0x00, 0x00, 0x00, 0x00, 0x00,
    0x00, 0x00, 0x00, 0x00, 0x00, 0x00, 0x00, 0x00, 0x00, 0x00, 0x00, 0x00, 0x00, 0x00, 0x00, 0x00,
    0x00, 0x00, 0x00, 0x00, 0x00, 0x00, 0x00, 0x00, 0x00, 0x00, 0x00, 0x00, 0x00, 0x00, 0x00, 0x00,
    0x00, 0x00, 0x00, 0x00, 0x00, 0x00, 0x00, 0x00, 0x00, 0x00, 0x00, 0x00, 0x00, 0x00, 0x00, 0x00,
};
unsigned short ui_battle_cont_b_up_pal[] = {0x7BDE, 0xB5AD, 0x4A53, 0x85E1, 0x6D59, 0x5CD5, 0x4451, 0x33CB, 0x1B47, 0x1AC7, 0x2289, 0x9CE7, 0x8421, 0x6B5B, 0x1205, 0x1085};
unsigned char ui_battle_cont_b_down_png[] = {
    0x00, 0x00, 0x00, 0x00, 0x00, 0x00, 0x00, 0x00, 0x00, 0x00, 0x00, 0x00, 0x00, 0x00, 0x00, 0x00,
    0x00, 0x00, 0x00, 0x00, 0x00, 0x00, 0x00, 0x00, 0x00, 0x00, 0x00, 0x00, 0x00, 0x00, 0x00, 0x00,
    0x00, 0x00, 0x00, 0x00, 0x00, 0x00, 0x00, 0x00, 0x00, 0x00, 0x00, 0x00, 0x00, 0x00, 0x00, 0x00,
    0x00, 0x00, 0x00, 0x00, 0x00, 0x00, 0x00, 0x00, 0x00, 0x00, 0x00, 0x00, 0x00, 0x00, 0x00, 0x00,
    0x00, 0x00, 0x00, 0x00, 0x00, 0x00, 0x00, 0x00, 0x00, 0x00, 0x00, 0x00, 0x00, 0x00, 0x00, 0x00,
    0x00, 0x00, 0x00, 0x00, 0x00, 0x00, 0x00, 0x00, 0x00, 0x00, 0x00, 0x00, 0x00, 0x00, 0x00, 0x00,
    0x00, 0x00, 0x00, 0x00, 0x00, 0x00, 0x00, 0x00, 0x0F, 0xFF, 0xFF, 0xFF, 0xFF, 0xFF, 0xFF, 0x00,
    0x00, 0x00, 0x00, 0x00, 0x00, 0x00, 0x00, 0x00, 0x00, 0x00, 0x00, 0x00, 0x00, 0x00, 0x00, 0xFF,
    0xFF, 0xFF, 0xFF, 0xFF, 0xFF, 0xFF, 0xFF, 0xFF, 0xF0, 0x00, 0x00, 0x00, 0x00, 0x00, 0x00, 0x00,
    0x00, 0x00, 0x00, 0x00, 0x00, 0x00, 0xFF, 0xFF, 0xF2, 0xDD, 0xCC, 0xCC, 0xCC, 0xCD, 0xD2, 0xFF,
    0xFF, 0xF0, 0x00, 0x00, 0x00, 0x00, 0x00, 0x00, 0x00, 0x00, 0x00, 0x00, 0x00, 0xFF, 0xFF, 0xFD,
    0xCC, 0xCA, 0xA8, 0x88, 0x88, 0x8A, 0xAC, 0xCD, 0xFF, 0xFF, 0xF0, 0x00, 0x00, 0x00, 0x00, 0x00,
    0x00, 0x00, 0x00, 0x00, 0x0F, 0xFF, 0xFD, 0xCC, 0xA9, 0x88, 0x88, 0x88, 0x88, 0x88, 0x89, 0xAC,
    0xCD, 0xFF, 0xFF, 0x00, 0x00, 0x00, 0x00, 0x00, 0x00, 0x00, 0x00, 0x00, 0xFF, 0xF2, 0xCC, 0xD8,
    0x88, 0x88, 0x88, 0x88, 0x88, 0x88, 0x88, 0x88, 0xDC, 0xC2, 0xFF, 0xF0, 0x00, 0x00, 0x00, 0x00,
    0x00, 0x00, 0x00, 0x0F, 0xFF, 0x2C, 0xDD, 0x78, 0xEE, 0xEE, 0xEE, 0xE7, 0x88, 0x88, 0x88, 0x88,
    0x7D, 0xDC, 0x2F, 0xFF, 0x00, 0x00, 0x00, 0x00, 0x00, 0x00, 0x00, 0xFF, 0xF2, 0xCD, 0xD7, 0x88,
    0xEE, 0xEE, 0xEE, 0xEE, 0x78, 0x88, 0x88, 0x88, 0x87, 0xDD, 0xC2, 0xFF, 0xF0, 0x00, 0x00, 0x00,
    0x00, 0x00, 0x0F, 0xFF, 0x2C, 0xDD, 0x78, 0x88, 0xEE, 0xE7, 0x7E, 0xEE, 0x78, 0x88, 0x88, 0x88,
    0x88, 0x8D, 0xDC, 0x2F, 0xFF, 0x00, 0x00, 0x00, 0x00, 0x00, 0x0F, 0xF2, 0xCD, 0xDA, 0x88, 0x88,
    0xEE, 0xE7, 0x8E, 0xEE, 0x68, 0x88, 0x88, 0x88, 0x88, 0x8A, 0xDD, 0xC2, 0xFF, 0x00, 0x00, 0x00,
    0x00, 0x00, 0xFF, 0xFC, 0xCD, 0xD8, 0x88, 0x88, 0xEE, 0xEE, 0xEE, 0xE6, 0x78, 0x88, 0x88, 0x88,
    0x88, 0x88, 0xDD, 0xCC, 0xFF, 0xF0, 0x00, 0x00, 0x00, 0x00, 0xFF, 0x2C, 0xCD, 0xA8, 0x88, 0x88,
    0xEE, 0xEE, 0xEE, 0xE7, 0x88, 0x88, 0x88, 0x88, 0x88, 0x88, 0xAD, 0xCC, 0x2F, 0xF0, 0x00, 0x00,
    0x00, 0x0F, 0xFF, 0xDC, 0xCD, 0xA8, 0x88, 0x88, 0xEE, 0xE6, 0x6E, 0xEE, 0x78, 0x88, 0x88, 0x88,
    0x88, 0x88, 0xAD, 0xCC, 0xDF, 0xFF, 0x00, 0x00, 0x00, 0x0F, 0xFF, 0xCC, 0xCD, 0xA8, 0x88, 0x88,
    0xEE, 0xE7, 0x8E, 0xEE, 0x78, 0x88, 0x88, 0x88, 0x88, 0x88, 0xAD, 0xCC, 0xCF, 0xFF, 0x00, 0x00,
    0x00, 0x0F, 0xFF, 0xCC, 0xCD, 0xA7, 0x88, 0x88, 0xEE, 0xE7, 0x8E, 0xEE, 0x68, 0x88, 0x88, 0x88,
    0x88, 0x88, 0xAD, 0xCC, 0xCF, 0xFF, 0x00, 0x00, 0x00, 0x0F, 0xFF, 0xCC, 0xCD, 0xA7, 0x78, 0x88,
    0xEE, 0xEE, 0xEE, 0xEE, 0x68, 0x88, 0x88, 0x88, 0x88, 0x87, 0xAD, 0xCC, 0xCF, 0xFF, 0x00, 0x00,
    0x00, 0x0F, 0xFF, 0xCC, 0xCD, 0x28, 0x67, 0x88, 0xEE, 0xEE, 0xEE, 0xE5, 0x78, 0x88, 0x88, 0x88,
    0x88, 0x77, 0x2D, 0xCC, 0xCF, 0xFF, 0x00, 0x00, 0x00, 0x0F, 0xFF, 0xDC, 0xCC, 0xDE, 0x85, 0x67,
    0x77, 0x77, 0x66, 0x67, 0x88, 0x88, 0x88, 0x88, 0x86, 0x5E, 0xDC, 0xCC, 0xDF, 0xFF, 0x00, 0x00,
    0x00, 0x0F, 0xFF, 0xDC, 0xCB, 0xDD, 0xE7, 0x55, 0x78, 0x88, 0x88, 0x88, 0x88, 0x88, 0x88, 0x86,
    0x44, 0xED, 0xDB, 0xCC, 0xDF, 0xFF, 0x00, 0x00, 0x00, 0x00, 0xFF, 0x2C, 0xBB, 0xCD, 0xDE, 0x65,
    0x55, 0x78, 0x88, 0x88, 0x88, 0x88, 0x87, 0x43, 0x4E, 0xDD, 0xCB, 0xBC, 0x2F, 0xF0, 0x00, 0x00,
    0x00, 0x00, 0xFF, 0xFD, 0xBB, 0xBC, 0xDD, 0xE8, 0x55, 0x55, 0x78, 0x88, 0x88, 0x75, 0x43, 0x35,
    0xED, 0xDC, 0xBB, 0xBD, 0xFF, 0xF0, 0x00, 0x00, 0x00, 0x00, 0x0F, 0xFF, 0xDB, 0xBB, 0xCD, 0xDE,
    0xA7, 0x55, 0x55, 0x55, 0x44, 0x33, 0x35, 0xEE, 0xDD, 0xCB, 0xBB, 0xCF, 0xFF, 0x00, 0x00, 0x00,
    0x00, 0x00, 0x0F, 0xFF, 0xFC, 0xBB, 0xBC, 0xDD, 0xDE, 0xE7, 0x66, 0x55, 0x55, 0x45, 0xEE, 0xDD,
    0xDC, 0xBB, 0xBC, 0xFF, 0xFF, 0x00, 0x00, 0x00, 0x00, 0x00, 0x00, 0xFF, 0xFF, 0xCB, 0xBB, 0xBC,
    0xDD, 0xDE, 0xEE, 0xEE, 0xEE, 0xEE, 0xDD, 0xDC, 0xBB, 0xBB, 0xCF, 0xFF, 0xF0, 0x00, 0x00, 0x00,
    0x00, 0x00, 0x00, 0x0F, 0xFF, 0xFC, 0xBB, 0xBB, 0xBC, 0xCD, 0xDD, 0xDD, 0xDD, 0xDD, 0xCC, 0xBB,
    0xBB, 0xBC, 0xFF, 0xFF, 0x00, 0x00, 0x00, 0x00, 0x00, 0x00, 0x00, 0x00, 0xFF, 0xFF, 0xDC, 0xBB,
    0xBB, 0xBB, 0xCC, 0xCC, 0xCC, 0xCB, 0xBB, 0xBB, 0xBB, 0xCF, 0xFF, 0xF0, 0x00, 0x00, 0x00, 0x00,
    0x00, 0x00, 0x00, 0x00, 0x0F, 0xFF, 0xF2, 0xCB, 0xBB, 0xBB, 0xBB, 0xBB, 0xBB, 0xBB, 0xBB, 0xBB,
    0xC2, 0xFF, 0xFF, 0x00, 0x00, 0x00, 0x00, 0x00, 0x00, 0x00, 0x00, 0x00, 0x00, 0xFF, 0xFF, 0xF2,
    0xDD, 0xCC, 0xBB, 0xBB, 0xBB, 0xBC, 0xCD, 0xD2, 0xFF, 0xFF, 0xF0, 0x00, 0x00, 0x00, 0x00, 0x00,
    0x00, 0x00, 0x00, 0x00, 0x00, 0x00, 0xFF, 0xFF, 0xFF, 0x2D, 0xDD, 0xDD, 0xDD, 0xDD, 0x2F, 0xFF,
    0xFF, 0xF0, 0x00, 0x00, 0x00, 0x00, 0x00, 0x00, 0x00, 0x00, 0x00, 0x00, 0x00, 0x00, 0x00, 0xFF,
    0xFF, 0xFF, 0xFF, 0xFF, 0xFF, 0xFF, 0xFF, 0xFF, 0xF0, 0x00, 0x00, 0x00, 0x00, 0x00, 0x00, 0x00,
    0x00, 0x00, 0x00, 0x00, 0x00, 0x00, 0x00, 0x00, 0x0F, 0xFF, 0xFF, 0xFF, 0xFF, 0xFF, 0xFF, 0x00,
    0x00, 0x00, 0x00, 0x00, 0x00, 0x00, 0x00, 0x00, 0x00, 0x00, 0x00, 0x00, 0x00, 0x00, 0x00, 0x00,
    0x00, 0x00, 0x00, 0x00, 0x00, 0x00, 0x00, 0x00, 0x00, 0x00, 0x00, 0x00, 0x00, 0x00, 0x00, 0x00,
    0x00, 0x00, 0x00, 0x00, 0x00, 0x00, 0x00, 0x00, 0x00, 0x00, 0x00, 0x00, 0x00, 0x00, 0x00, 0x00,
    0x00, 0x00, 0x00, 0x00, 0x00, 0x00, 0x00, 0x00, 0x00, 0x00, 0x00, 0x00, 0x00, 0x00, 0x00, 0x00,
    0x00, 0x00, 0x00, 0x00, 0x00, 0x00, 0x00, 0x00, 0x00, 0x00, 0x00, 0x00, 0x00, 0x00, 0x00, 0x00,
    0x00, 0x00, 0x00, 0x00, 0x00, 0x00, 0x00, 0x00, 0x00, 0x00, 0x00, 0x00, 0x00, 0x00, 0x00, 0x00,
    0x00, 0x00, 0x00, 0x00, 0x00, 0x00, 0x00, 0x00, 0x00, 0x00, 0x00, 0x00, 0x00, 0x00, 0x00, 0x00,
    0x00, 0x00, 0x00, 0x00, 0x00, 0x00, 0x00, 0x00, 0x00, 0x00, 0x00, 0x00, 0x00, 0x00, 0x00, 0x00,
};
unsigned short ui_battle_cont_b_down_pal[] = {0x7BDE, 0xB5AD, 0x4A53, 0x85E1, 0x6D59, 0x5CD5, 0x4451, 0x33CB, 0x1B47, 0x1AC7, 0x2289, 0x9CE7, 0x8421, 0x6B5B, 0x1205, 0x1085};
unsigned char ui_battle_cont_c_left_up_png[] = {
    0x00, 0x00, 0x00, 0x00, 0x00, 0x00, 0x00, 0x0F, 0xFF, 0xFF, 0xFF, 0xFF, 0x00, 0x00, 0x00, 0x00,
    0x00, 0x00, 0x00, 0x00, 0x00, 0x00, 0x00, 0x00, 0x00, 0x00, 0xFF, 0xFF, 0xFF, 0xFF, 0xFF, 0xFF,
    0xFF, 0xF0, 0x00, 0x00, 0x00, 0x00, 0x00, 0x00, 0x00, 0x00, 0x00, 0x00, 0x00, 0xFF, 0xFF, 0xFF,
    0xAA, 0x88, 0x88, 0xAA, 0xFF, 0xFF, 0xF0, 0x00, 0x00, 0x00, 0x00, 0x00, 0x00, 0x00, 0x00, 0x00,
    0x0F, 0xFF, 0xFA, 0x98, 0x88, 0x88, 0x88, 0x88, 0x9A, 0xFF, 0xFF, 0x00, 0x00, 0x00, 0x00, 0x00,
    0x00, 0x00, 0x00, 0x00, 0xFF, 0xFA, 0x88, 0x88, 0x88, 0x88, 0x88, 0x99, 0x78, 0x8A, 0xFF, 0xF0,
    0x00, 0x00, 0x00, 0x00, 0x00, 0x00, 0x00, 0x0F, 0xFF, 0xA8, 0x88, 0x88, 0x88, 0x88, 0x99, 0xE9,
    0x78, 0x88, 0xAF, 0xFF, 0x00, 0x00, 0x00, 0x00, 0x00, 0x00, 0x00, 0xFF, 0xFA, 0x88, 0x88, 0x88,
    0x88, 0x99, 0xE9, 0x99, 0x78, 0x88, 0x8A, 0xFF, 0xF0, 0x00, 0x00, 0x00, 0x00, 0x00, 0x00, 0xFF,
    0xF8, 0x88, 0x88, 0x88, 0x99, 0xE9, 0x99, 0x99, 0x68, 0x88, 0x88, 0xFF, 0xF0, 0x00, 0x00, 0x00,
    0x00, 0x00, 0x0F, 0xFF, 0x88, 0x88, 0x88, 0x99, 0xE9, 0x99, 0x99, 0x99, 0x78, 0x88, 0x88, 0x8F,
    0xFF, 0x00, 0x00, 0x00, 0x00, 0x00, 0xFF, 0xFE, 0x88, 0x88, 0x99, 0xE9, 0x99, 0x99, 0x99, 0x99,
    0x68, 0x88, 0x88, 0x8E, 0xFF, 0xF0, 0x00, 0x00, 0x00, 0x0F, 0xFF, 0x2E, 0x88, 0x88, 0x99, 0x99,
    0x99, 0x99, 0x99, 0x99, 0x78, 0x88, 0x88, 0x8E, 0x2F, 0xFF, 0x00, 0x00, 0x00, 0xFF, 0xF2, 0xCE,
    0x88, 0x88, 0x77, 0x99, 0x99, 0x99, 0x99, 0x99, 0x68, 0x88, 0x88, 0x8E, 0xC2, 0xFF, 0xF0, 0x00,
    0x00, 0xFF, 0x2C, 0xDE, 0x77, 0x88, 0x88, 0x77, 0x99, 0x99, 0x99, 0x99, 0x68, 0x88, 0x88, 0x7E,
    0xDC, 0x2F, 0xF0, 0x00, 0x0F, 0xFF, 0xCC, 0xDE, 0x96, 0x78, 0x88, 0x88, 0x77, 0x99, 0x99, 0x99,
    0x68, 0x88, 0x87, 0x7E, 0xDC, 0xCF, 0xFF, 0x00, 0x0F, 0xF2, 0xCB, 0xDE, 0xA8, 0x56, 0x88, 0x88,
    0x88, 0x67, 0x99, 0x99, 0x68, 0x88, 0x65, 0x9E, 0xDB, 0xC2, 0xFF, 0x00, 0xFF, 0xFD, 0xBB, 0xDE,
    0xAA, 0x75, 0x58, 0x88, 0x88, 0x88, 0x66, 0x99, 0x58, 0x75, 0x45, 0xAE, 0xDB, 0xCD, 0xFF, 0xF0,
    0xFF, 0xFC, 0xBB, 0xD2, 0xAA, 0xA6, 0x55, 0x78, 0x88, 0x88, 0x88, 0x55, 0x56, 0x11, 0x49, 0xA2,
    0xDB, 0xBC, 0xFF, 0xF0, 0xFF, 0xFC, 0xBB, 0xDD, 0xEA, 0xAA, 0x85, 0x55, 0x57, 0x78, 0x87, 0x74,
    0x11, 0x15, 0x9A, 0xED, 0xDB, 0xBC, 0xFF, 0xF0, 0xFF, 0xFC, 0xBB, 0xCD, 0x2A, 0xAA, 0xA8, 0x75,
    0x55, 0x44, 0x31, 0x11, 0x13, 0x79, 0xAA, 0x2D, 0xCB, 0xBC, 0xFF, 0xF0, 0xFF, 0xFD, 0xBB, 0xBD,
    0xDE, 0xAA, 0xAA, 0x98, 0x76, 0x65, 0x43, 0x34, 0x89, 0xAA, 0xAE, 0xDD, 0xBB, 0xBD, 0xFF, 0xF0,
    0x0F, 0xF2, 0xBB, 0xBC, 0xDD, 0xEA, 0xAA, 0xAA, 0x99, 0x88, 0x88, 0x99, 0xAA, 0xAA, 0xED, 0xDC,
    0xBB, 0xB2, 0xFF, 0x00, 0x0F, 0xFF, 0xCB, 0xBB, 0xCD, 0xDE, 0xAA, 0xAA, 0xAA, 0xAA, 0xAA, 0xAA,
    0xAA, 0xAE, 0xDD, 0xCB, 0xBB, 0xCF, 0xFF, 0x00, 0x00, 0xFF, 0xFB, 0xBB, 0xBC, 0xDD, 0x2A, 0xAA,
    0xAA, 0xAA, 0xAA, 0xAA, 0xAA, 0x2D, 0xDC, 0xBB, 0xBB, 0xFF, 0xF0, 0x00, 0x00, 0xFF, 0xF2, 0xBB,
    0xBB, 0xCD, 0xDD, 0x2E, 0xAA, 0xAA, 0xAA, 0xAE, 0x2D, 0xDD, 0xCB, 0xBB, 0xB2, 0xFF, 0xF0, 0x00,
    0x00, 0x0F, 0xFF, 0x2B, 0xBB, 0xBB, 0xCD, 0xDD, 0x22, 0xEE, 0xE2, 0x2D, 0xDD, 0xCB, 0xBB, 0xBB,
    0x2F, 0xFF, 0x00, 0x00, 0x00, 0x00, 0xFF, 0xF2, 0xBB, 0xBB, 0xBB, 0xCC, 0xDD, 0xDD, 0xDD, 0xDC,
    0xCB, 0xBB, 0xBB, 0xB2, 0xFF, 0xF0, 0x00, 0x00, 0x00, 0x00, 0x0F, 0xFF, 0xFB, 0xBB, 0xBB, 0xBB,
    0xBB, 0xBB, 0xBB, 0xBB, 0xBB, 0xBB, 0xBB, 0x2F, 0xFF, 0x00, 0x00, 0x00, 0x00, 0x00, 0x00, 0xFF,
    0xFF, 0xDC, 0xBB, 0xBB, 0xBB, 0xBB, 0xBB, 0xBB, 0xBB, 0xBC, 0xDF, 0xFF, 0xF0, 0x00, 0x00, 0x00,
    0x00, 0x00, 0x00, 0x0F, 0xFF, 0xFF, 0x2C, 0xBB, 0xBB, 0xBB, 0xBB, 0xBB, 0xCC, 0x2F, 0xFF, 0xFF,
    0x00, 0x00, 0x00, 0x00, 0x00, 0x00, 0x00, 0x00, 0x0F, 0xFF, 0xFF, 0xF2, 0xDD, 0xCC, 0xCD, 0xD2,
    0xFF, 0xFF, 0xFF, 0x00, 0x00, 0x00, 0x00, 0x00, 0x00, 0x00, 0x00, 0x00, 0x00, 0x0F, 0xFF, 0xFF,
    0xFF, 0xFF, 0xFF, 0xFF, 0xFF, 0xFF, 0x00, 0x00, 0x00, 0x00, 0x00, 0x00, 0x00, 0x00, 0x00, 0x00,
    0x00, 0x00, 0x00, 0xFF, 0xFF, 0xFF, 0xFF, 0xFF, 0xF0, 0x00, 0x00, 0x00, 0x00, 0x00, 0x00, 0x00,
    0x00, 0x00, 0x00, 0x00, 0x00, 0x00, 0x00, 0x00, 0x00, 0x00, 0x00, 0x00, 0x00, 0x00, 0x00, 0x00,
    0x00, 0x00, 0x00, 0x00, 0x00, 0x00, 0x00, 0x00, 0x00, 0x00, 0x00, 0x00, 0x00, 0x00, 0x00, 0x00,
    0x00, 0x00, 0x00, 0x00, 0x00, 0x00, 0x00, 0x00,
};
unsigned short ui_battle_cont_c_left_up_pal[] = {0x7BDE, 0xB5AD, 0x5295, 0xB563, 0xAD1F, 0xACD7, 0xAC8D, 0xAC47, 0xA405, 0x8B49, 0x830B, 0x9CE7, 0x8421, 0x739D, 0x7ACB, 0x1085};
unsigned char ui_battle_cont_c_left_down_png[] = {
    0x00, 0x00, 0x00, 0x00, 0x00, 0x00, 0x00, 0x00, 0x00, 0x00, 0x00, 0x00, 0x00, 0x00, 0x00, 0x00,
    0x00, 0x00, 0x00, 0x00, 0x00, 0x00, 0x00, 0x00, 0x00, 0x00, 0x00, 0x00, 0x00, 0x00, 0x00, 0x00,
    0x00, 0x00, 0x00, 0x00, 0x00, 0x00, 0x00, 0x00, 0x00, 0x00, 0x00, 0x00, 0x00, 0x00, 0x00, 0x00,
    0x00, 0x00, 0x00, 0x00, 0x00, 0x00, 0x00, 0x00, 0x00, 0x00, 0x00, 0x00, 0x00, 0x00, 0x00, 0x00,
    0x00, 0x00, 0x00, 0xFF, 0xFF, 0xFF, 0xFF, 0xFF, 0xF0, 0x00, 0x00, 0x00, 0x00, 0x00, 0x00, 0x00,
    0x00, 0x00, 0x00, 0x00, 0x00, 0x0F, 0xFF, 0xFF, 0xFF, 0xFF, 0xFF, 0xFF, 0xFF, 0xFF, 0x00, 0x00,
    0x00, 0x00, 0x00, 0x00, 0x00, 0x00, 0x00, 0x00, 0x0F, 0xFF, 0xFF, 0x2D, 0xDC, 0xCC, 0xCC, 0xDD,
    0x2F, 0xFF, 0xFF, 0x00, 0x00, 0x00, 0x00, 0x00, 0x00, 0x00, 0x00, 0x0F, 0xFF, 0xFF, 0xDC, 0xCC,
    0x9A, 0x88, 0x88, 0xA9, 0xCC, 0xDF, 0xFF, 0xFF, 0x00, 0x00, 0x00, 0x00, 0x00, 0x00, 0x00, 0xFF,
    0xFF, 0xDC, 0xC9, 0x98, 0x88, 0x88, 0x88, 0x88, 0x99, 0xCC, 0xDF, 0xFF, 0xF0, 0x00, 0x00, 0x00,
    0x00, 0x00, 0x0F, 0xFF, 0x2C, 0xC9, 0x88, 0x88, 0x88, 0x88, 0x88, 0x99, 0x78, 0x89, 0xCC, 0x2F,
    0xFF, 0x00, 0x00, 0x00, 0x00, 0x00, 0xFF, 0xFF, 0xCD, 0x98, 0x88, 0x88, 0x88, 0x88, 0x99, 0xE9,
    0x78, 0x88, 0x9D, 0xC2, 0xFF, 0xF0, 0x00, 0x00, 0x00, 0x0F, 0xFF, 0x2D, 0xD9, 0x88, 0x88, 0x88,
    0x88, 0x99, 0xE9, 0x99, 0x78, 0x88, 0x89, 0xDC, 0x2F, 0xFF, 0x00, 0x00, 0x00, 0xFF, 0xF2, 0xCD,
    0xD8, 0x88, 0x88, 0x88, 0x99, 0xE9, 0x99, 0x99, 0x68, 0x88, 0x88, 0xDD, 0xC2, 0xFF, 0xF0, 0x00,
    0x00, 0xFF, 0x2C, 0xDD, 0x88, 0x88, 0x88, 0x99, 0xE9, 0x99, 0x99, 0x99, 0x78, 0x88, 0x88, 0x8D,
    0xDC, 0x2F, 0xF0, 0x00, 0x0F, 0xFF, 0xCC, 0xDE, 0x88, 0x88, 0x99, 0xE9, 0x99, 0x99, 0x99, 0x99,
    0x68, 0x88, 0x88, 0x8A, 0xDC, 0xCF, 0xFF, 0x00, 0x0F, 0xF2, 0xCB, 0xDE, 0x88, 0x88, 0x99, 0x99,
    0x99, 0x99, 0x99, 0x99, 0x78, 0x88, 0x88, 0x8A, 0xDB, 0xC2, 0xFF, 0x00, 0xFF, 0xFD, 0xBB, 0xDE,
    0x88, 0x88, 0x77, 0x99, 0x99, 0x99, 0x99, 0x99, 0x68, 0x88, 0x88, 0x8A, 0xDB, 0xCD, 0xFF, 0xF0,
    0xFF, 0xFC, 0xBB, 0xD2, 0x78, 0x88, 0x88, 0x77, 0x99, 0x99, 0x99, 0x99, 0x68, 0x88, 0x88, 0x8A,
    0xDB, 0xBC, 0xFF, 0xF0, 0xFF, 0xFC, 0xBB, 0xDD, 0x86, 0x78, 0x88, 0x88, 0x77, 0x99, 0x99, 0x99,
    0x68, 0x88, 0x87, 0x72, 0xDB, 0xBC, 0xFF, 0xF0, 0xFF, 0xFC, 0xBB, 0xCD, 0xA8, 0x56, 0x88, 0x88,
    0x88, 0x67, 0x99, 0x99, 0x68, 0x88, 0x65, 0xAD, 0xCB, 0xBC, 0xFF, 0xF0, 0xFF, 0xFD, 0xBB, 0xBD,
    0xDA, 0x75, 0x58, 0x88, 0x88, 0x88, 0x66, 0x99, 0x58, 0x64, 0x4A, 0xDD, 0xBB, 0xBD, 0xFF, 0xF0,
    0x0F, 0xF2, 0xBB, 0xBC, 0xDD, 0xA6, 0x55, 0x78, 0x88, 0x88, 0x88, 0x55, 0x54, 0x34, 0xAD, 0xDC,
    0xBB, 0xB2, 0xFF, 0x00, 0x0F, 0xFF, 0xCB, 0xBB, 0xCD, 0xDA, 0x85, 0x55, 0x55, 0x77, 0x77, 0x54,
    0x33, 0x5A, 0xDD, 0xCB, 0xBB, 0xCF, 0xFF, 0x00, 0x00, 0xFF, 0xFB, 0xBB, 0xBC, 0xDD, 0xA9, 0x87,
    0x55, 0x54, 0x43, 0x33, 0x59, 0xAD, 0xDC, 0xBB, 0xBB, 0xFF, 0xF0, 0x00, 0x00, 0xFF, 0xF2, 0xBB,
    0xBB, 0xCD, 0xDD, 0xA9, 0x76, 0x65, 0x54, 0x59, 0xAD, 0xDD, 0xCB, 0xBB, 0xB2, 0xFF, 0xF0, 0x00,
    0x00, 0x0F, 0xFF, 0x2B, 0xBB, 0xBB, 0xCD, 0xDD, 0xAA, 0xAA, 0xAA, 0xAD, 0xDD, 0xCB, 0xBB, 0xBB,
    0x2F, 0xFF, 0x00, 0x00, 0x00, 0x00, 0xFF, 0xF2, 0xBB, 0xBB, 0xBB, 0xCC, 0xDD, 0xDD, 0xDD, 0xDC,
    0xCB, 0xBB, 0xBB, 0xB2, 0xFF, 0xF0, 0x00, 0x00, 0x00, 0x00, 0x0F, 0xFF, 0xFB, 0xBB, 0xBB, 0xBB,
    0xBB, 0xBB, 0xBB, 0xBB, 0xBB, 0xBB, 0xBB, 0x2F, 0xFF, 0x00, 0x00, 0x00, 0x00, 0x00, 0x00, 0xFF,
    0xFF, 0xDC, 0xBB, 0xBB, 0xBB, 0xBB, 0xBB, 0xBB, 0xBB, 0xBC, 0xDF, 0xFF, 0xF0, 0x00, 0x00, 0x00,
    0x00, 0x00, 0x00, 0x0F, 0xFF, 0xFF, 0x2C, 0xBB, 0xBB, 0xBB, 0xBB, 0xBB, 0xCC, 0x2F, 0xFF, 0xFF,
    0x00, 0x00, 0x00, 0x00, 0x00, 0x00, 0x00, 0x00, 0x0F, 0xFF, 0xFF, 0xF2, 0xDD, 0xCC, 0xCD, 0xD2,
    0xFF, 0xFF, 0xFF, 0x00, 0x00, 0x00, 0x00, 0x00, 0x00, 0x00, 0x00, 0x00, 0x00, 0x0F, 0xFF, 0xFF,
    0xFF, 0xFF, 0xFF, 0xFF, 0xFF, 0xFF, 0x00, 0x00, 0x00, 0x00, 0x00, 0x00, 0x00, 0x00, 0x00, 0x00,
    0x00, 0x00, 0x00, 0xFF, 0xFF, 0xFF, 0xFF, 0xFF, 0xF0, 0x00, 0x00, 0x00, 0x00, 0x00, 0x00, 0x00,
    0x00, 0x00, 0x00, 0x00, 0x00, 0x00, 0x00, 0x00, 0x00, 0x00, 0x00, 0x00, 0x00, 0x00, 0x00, 0x00,
    0x00, 0x00, 0x00, 0x00, 0x00, 0x00, 0x00, 0x00, 0x00, 0x00, 0x00, 0x00, 0x00, 0x00, 0x00, 0x00,
    0x00, 0x00, 0x00, 0x00, 0x00, 0x00, 0x00, 0x00,
};
unsigned short ui_battle_cont_c_left_down_pal[] = {0x7BDE, 0xB5AD, 0x5295, 0xB563, 0xAD1F, 0xACD7, 0xAC8D, 0xAC47, 0xA405, 0x8B49, 0x830B, 0x9CE7, 0x8421, 0x739D, 0x7ACB, 0x1085};
unsigned char ui_battle_cont_c_right_up_png[] = {
    0x00, 0x00, 0x00, 0x00, 0x00, 0x00, 0x00, 0x0F, 0xFF, 0xFF, 0xFF, 0xFF, 0x00, 0x00, 0x00, 0x00,
    0x00, 0x00, 0x00, 0x00, 0x00, 0x00, 0x00, 0x00, 0x00, 0x00, 0xFF, 0xFF, 0xFF, 0xFF, 0xFF, 0xFF,
    0xFF, 0xF0, 0x00, 0x00, 0x00, 0x00, 0x00, 0x00, 0x00, 0x00, 0x00, 0x00, 0x00, 0xFF, 0xFF, 0xFF,
    0xAA, 0x88, 0x88, 0xAA, 0xFF, 0xFF, 0xF0, 0x00, 0x00, 0x00, 0x00, 0x00, 0x00, 0x00, 0x00, 0x00,
    0x0F, 0xFF, 0xFA, 0x98, 0x88, 0x88, 0x88, 0x88, 0x9A, 0xFF, 0xFF, 0x00, 0x00, 0x00, 0x00, 0x00,
    0x00, 0x00, 0x00, 0x00, 0xFF, 0xFA, 0x88, 0x79, 0x98, 0x88, 0x88, 0x88, 0x88, 0x8A, 0xFF, 0xF0,
    0x00, 0x00, 0x00, 0x00, 0x00, 0x00, 0x00, 0x0F, 0xFF, 0xA8, 0x88, 0x79, 0xE9, 0x98, 0x88, 0x88,
    0x88, 0x88, 0xAF, 0xFF, 0x00, 0x00, 0x00, 0x00, 0x00, 0x00, 0x00, 0xFF, 0xFA, 0x88, 0x88, 0x79,
    0x99, 0xE9, 0x98, 0x88, 0x88, 0x88, 0x8A, 0xFF, 0xF0, 0x00, 0x00, 0x00, 0x00, 0x00, 0x00, 0xFF,
    0xF8, 0x88, 0x88, 0x79, 0x99, 0x99, 0xE9, 0x98, 0x88, 0x88, 0x88, 0xFF, 0xF0, 0x00, 0x00, 0x00,
    0x00, 0x00, 0x0F, 0xFF, 0x88, 0x88, 0x88, 0x79, 0x99, 0x99, 0x99, 0xE9, 0x98, 0x88, 0x88, 0x8F,
    0xFF, 0x00, 0x00, 0x00, 0x00, 0x00, 0xFF, 0xFE, 0x88, 0x88, 0x88, 0x79, 0x99, 0x99, 0x99, 0x99,
    0xE9, 0x96, 0x88, 0x8E, 0xFF, 0xF0, 0x00, 0x00, 0x00, 0x0F, 0xFF, 0x2E, 0x88, 0x88, 0x88, 0x79,
    0x99, 0x99, 0x99, 0x99, 0x99, 0x96, 0x88, 0x8E, 0x2F, 0xFF, 0x00, 0x00, 0x00, 0xFF, 0xF2, 0xCE,
    0x88, 0x88, 0x88, 0x79, 0x99, 0x99, 0x99, 0x99, 0x97, 0x66, 0x88, 0x8E, 0xC2, 0xFF, 0xF0, 0x00,
    0x00, 0xFF, 0x2C, 0xDE, 0x77, 0x88, 0x88, 0x79, 0x99, 0x99, 0x99, 0x96, 0x56, 0x78, 0x88, 0x7E,
    0xDC, 0x2F, 0xF0, 0x00, 0x0F, 0xFF, 0xCC, 0xDE, 0x96, 0x78, 0x88, 0x59, 0x99, 0x99, 0x96, 0x56,
    0x78, 0x88, 0x87, 0x7E, 0xDC, 0xCF, 0xFF, 0x00, 0x0F, 0xF2, 0xCB, 0xDE, 0xA8, 0x56, 0x88, 0x79,
    0x99, 0x96, 0x46, 0x78, 0x88, 0x88, 0x65, 0x9E, 0xDB, 0xC2, 0xFF, 0x00, 0xFF, 0xFD, 0xBB, 0xDE,
    0xAA, 0x75, 0x78, 0x59, 0x95, 0x46, 0x78, 0x88, 0x88, 0x85, 0x45, 0xAE, 0xDB, 0xCD, 0xFF, 0xF0,
    0xFF, 0xFC, 0xBB, 0xD2, 0xAA, 0xA6, 0x55, 0x53, 0x36, 0x78, 0x88, 0x88, 0x86, 0x11, 0x49, 0xA2,
    0xDB, 0xBC, 0xFF, 0xF0, 0xFF, 0xFC, 0xBB, 0xDD, 0xEA, 0xAA, 0x85, 0x55, 0x57, 0x78, 0x87, 0x74,
    0x11, 0x15, 0x9A, 0xED, 0xDB, 0xBC, 0xFF, 0xF0, 0xFF, 0xFC, 0xBB, 0xCD, 0x2A, 0xAA, 0xA8, 0x75,
    0x55, 0x44, 0x31, 0x11, 0x13, 0x79, 0xAA, 0x2D, 0xCB, 0xBC, 0xFF, 0xF0, 0xFF, 0xFD, 0xBB, 0xBD,
    0xDE, 0xAA, 0xAA, 0x98, 0x76, 0x65, 0x43, 0x34, 0x89, 0xAA, 0xAE, 0xDD, 0xBB, 0xBD, 0xFF, 0xF0,
    0x0F, 0xF2, 0xBB, 0xBC, 0xDD, 0xEA, 0xAA, 0xAA, 0x98, 0x88, 0x88, 0x89, 0xAA, 0xAA, 0xED, 0xDC,
    0xBB, 0xB2, 0xFF, 0x00, 0x0F, 0xFF, 0xCB, 0xBB, 0xCD, 0xDE, 0xAA, 0xAA, 0xAA, 0xAA, 0xAA, 0xAA,
    0xAA, 0xAE, 0xDD, 0xCB, 0xBB, 0xCF, 0xFF, 0x00, 0x00, 0xFF, 0xFB, 0xBB, 0xBC, 0xDD, 0x2A, 0xAA,
    0xAA, 0xAA, 0xAA, 0xAA, 0xAA, 0x2D, 0xDC, 0xBB, 0xBB, 0xFF, 0xF0, 0x00, 0x00, 0xFF, 0xF2, 0xBB,
    0xBB, 0xCD, 0xDD, 0x2E, 0xAA, 0xAA, 0xAA, 0xAE, 0x2D, 0xDD, 0xCB, 0xBB, 0xB2, 0xFF, 0xF0, 0x00,
    0x00, 0x0F, 0xFF, 0x2B, 0xBB, 0xBB, 0xCD, 0xDD, 0x22, 0xEE, 0xE2, 0x2D, 0xDD, 0xCB, 0xBB, 0xBB,
    0x2F, 0xFF, 0x00, 0x00, 0x00, 0x00, 0xFF, 0xF2, 0xBB, 0xBB, 0xBB, 0xCC, 0xDD, 0xDD, 0xDD, 0xDC,
    0xCB, 0xBB, 0xBB, 0xB2, 0xFF, 0xF0, 0x00, 0x00, 0x00, 0x00, 0x0F, 0xFF, 0xFB, 0xBB, 0xBB, 0xBB,
    0xBB, 0xBB, 0xBB, 0xBB, 0xBB, 0xBB, 0xBB, 0x2F, 0xFF, 0x00, 0x00, 0x00, 0x00, 0x00, 0x00, 0xFF,
    0xFF, 0xDC, 0xBB, 0xBB, 0xBB, 0xBB, 0xBB, 0xBB, 0xBB, 0xBC, 0xDF, 0xFF, 0xF0, 0x00, 0x00, 0x00,
    0x00, 0x00, 0x00, 0x0F, 0xFF, 0xFF, 0x2C, 0xBB, 0xBB, 0xBB, 0xBB, 0xBB, 0xCC, 0x2F, 0xFF, 0xFF,
    0x00, 0x00, 0x00, 0x00, 0x00, 0x00, 0x00, 0x00, 0x0F, 0xFF, 0xFF, 0xF2, 0xDD, 0xCC, 0xCD, 0xD2,
    0xFF, 0xFF, 0xFF, 0x00, 0x00, 0x00, 0x00, 0x00, 0x00, 0x00, 0x00, 0x00, 0x00, 0x0F, 0xFF, 0xFF,
    0xFF, 0xFF, 0xFF, 0xFF, 0xFF, 0xFF, 0x00, 0x00, 0x00, 0x00, 0x00, 0x00, 0x00, 0x00, 0x00, 0x00,
    0x00, 0x00, 0x00, 0xFF, 0xFF, 0xFF, 0xFF, 0xFF, 0xF0, 0x00, 0x00, 0x00, 0x00, 0x00, 0x00, 0x00,
    0x00, 0x00, 0x00, 0x00, 0x00, 0x00, 0x00, 0x00, 0x00, 0x00, 0x00, 0x00, 0x00, 0x00, 0x00, 0x00,
    0x00, 0x00, 0x00, 0x00, 0x00, 0x00, 0x00, 0x00, 0x00, 0x00, 0x00, 0x00, 0x00, 0x00, 0x00, 0x00,
    0x00, 0x00, 0x00, 0x00, 0x00, 0x00, 0x00, 0x00,
};
unsigned short ui_battle_cont_c_right_up_pal[] = {0x7BDE, 0xB5AD, 0x5295, 0xB563, 0xAD1F, 0xACD7, 0xAC8D, 0xAC47, 0xA405, 0x8B49, 0x830B, 0x9CE7, 0x8421, 0x739D, 0x7ACB, 0x1085};
unsigned char ui_battle_cont_c_right_down_png[] = {
    0x00, 0x00, 0x00, 0x00, 0x00, 0x00, 0x00, 0x00, 0x00, 0x00, 0x00, 0x00, 0x00, 0x00, 0x00, 0x00,
    0x00, 0x00, 0x00, 0x00, 0x00, 0x00, 0x00, 0x00, 0x00, 0x00, 0x00, 0x00, 0x00, 0x00, 0x00, 0x00,
    0x00, 0x00, 0x00, 0x00, 0x00, 0x00, 0x00, 0x00, 0x00, 0x00, 0x00, 0x00, 0x00, 0x00, 0x00, 0x00,
    0x00, 0x00, 0x00, 0x00, 0x00, 0x00, 0x00, 0x00, 0x00, 0x00, 0x00, 0x00, 0x00, 0x00, 0x00, 0x00,
    0x00, 0x00, 0x00, 0xFF, 0xFF, 0xFF, 0xFF, 0xFF, 0xF0, 0x00, 0x00, 0x00, 0x00, 0x00, 0x00, 0x00,
    0x00, 0x00, 0x00, 0x00, 0x00, 0x0F, 0xFF, 0xFF, 0xFF, 0xFF, 0xFF, 0xFF, 0xFF, 0xFF, 0x00, 0x00,
    0x00, 0x00, 0x00, 0x00, 0x00, 0x00, 0x00, 0x00, 0x0F, 0xFF, 0xFF, 0x2D, 0xDC, 0xCC, 0xCC, 0xDD,
    0x2F, 0xFF, 0xFF, 0x00, 0x00, 0x00, 0x00, 0x00, 0x00, 0x00, 0x00, 0x0F, 0xFF, 0xFF, 0xDC, 0xCC,
    0x9A, 0x88, 0x88, 0xA9, 0xCC, 0xDF, 0xFF, 0xFF, 0x00, 0x00, 0x00, 0x00, 0x00, 0x00, 0x00, 0xFF,
    0xFF, 0xDC, 0xC9, 0x98, 0x88, 0x88, 0x88, 0x88, 0x99, 0xCC, 0xDF, 0xFF, 0xF0, 0x00, 0x00, 0x00,
    0x00, 0x00, 0x0F, 0xFF, 0x2C, 0xC9, 0x88, 0x79, 0x98, 0x88, 0x88, 0x88, 0x88, 0x8A, 0xCC, 0x2F,
    0xFF, 0x00, 0x00, 0x00, 0x00, 0x00, 0xFF, 0xFF, 0xCD, 0x98, 0x88, 0x79, 0xE9, 0x98, 0x88, 0x88,
    0x88, 0x88, 0x9D, 0xC2, 0xFF, 0xF0, 0x00, 0x00, 0x00, 0x0F, 0xFF, 0x2D, 0xD9, 0x88, 0x88, 0x79,
    0x99, 0xE9, 0x98, 0x88, 0x88, 0x88, 0x89, 0xDC, 0x2F, 0xFF, 0x00, 0x00, 0x00, 0xFF, 0xF2, 0xCD,
    0xD8, 0x88, 0x88, 0x79, 0x99, 0x99, 0xE9, 0x98, 0x88, 0x88, 0x88, 0xDD, 0xC2, 0xFF, 0xF0, 0x00,
    0x00, 0xFF, 0x2C, 0xDD, 0x88, 0x88, 0x88, 0x79, 0x99, 0x99, 0x99, 0xE9, 0x98, 0x88, 0x88, 0x8D,
    0xDC, 0x2F, 0xF0, 0x00, 0x0F, 0xFF, 0xCC, 0xDE, 0x88, 0x88, 0x88, 0x79, 0x99, 0x99, 0x99, 0x99,
    0xE9, 0x96, 0x88, 0x8A, 0xDC, 0xCF, 0xFF, 0x00, 0x0F, 0xF2, 0xCB, 0xDE, 0x88, 0x88, 0x88, 0x79,
    0x99, 0x99, 0x99, 0x99, 0x99, 0x96, 0x88, 0x8A, 0xDB, 0xC2, 0xFF, 0x00, 0xFF, 0xFD, 0xBB, 0xDE,
    0x88, 0x88, 0x88, 0x79, 0x99, 0x99, 0x99, 0x99, 0x97, 0x66, 0x88, 0x8A, 0xDB, 0xCD, 0xFF, 0xF0,
    0xFF, 0xFC, 0xBB, 0xD2, 0x78, 0x88, 0x88, 0x79, 0x99, 0x99, 0x99, 0x96, 0x56, 0x78, 0x88, 0x8A,
    0xDB, 0xBC, 0xFF, 0xF0, 0xFF, 0xFC, 0xBB, 0xDD, 0x86, 0x78, 0x88, 0x59, 0x99, 0x99, 0x96, 0x56,
    0x78, 0x88, 0x87, 0x72, 0xDB, 0xBC, 0xFF, 0xF0, 0xFF, 0xFC, 0xBB, 0xCD, 0xA8, 0x56, 0x78, 0x79,
    0x99, 0x96, 0x46, 0x88, 0x88, 0x88, 0x65, 0xAD, 0xCB, 0xBC, 0xFF, 0xF0, 0xFF, 0xFD, 0xBB, 0xBD,
    0xDA, 0x75, 0x57, 0x59, 0x95, 0x46, 0x78, 0x88, 0x88, 0x64, 0x4A, 0xDD, 0xBB, 0xBD, 0xFF, 0xF0,
    0x0F, 0xF2, 0xBB, 0xBC, 0xDD, 0xA6, 0x55, 0x53, 0x36, 0x78, 0x88, 0x88, 0x74, 0x34, 0xAD, 0xDC,
    0xBB, 0xB2, 0xFF, 0x00, 0x0F, 0xFF, 0xCB, 0xBB, 0xCD, 0xDA, 0x85, 0x55, 0x57, 0x88, 0x87, 0x54,
    0x33, 0x5A, 0xDD, 0xCB, 0xBB, 0xCF, 0xFF, 0x00, 0x00, 0xFF, 0xFB, 0xBB, 0xBC, 0xDD, 0xA9, 0x75,
    0x55, 0x55, 0x43, 0x33, 0x59, 0xAD, 0xDC, 0xBB, 0xBB, 0xFF, 0xF0, 0x00, 0x00, 0xFF, 0xF2, 0xBB,
    0xBB, 0xCD, 0xDD, 0xA9, 0x76, 0x65, 0x54, 0x59, 0xAD, 0xDD, 0xCB, 0xBB, 0xB2, 0xFF, 0xF0, 0x00,
    0x00, 0x0F, 0xFF, 0x2B, 0xBB, 0xBB, 0xCD, 0xDD, 0xAA, 0xAA, 0xAA, 0xAD, 0xDD, 0xCB, 0xBB, 0xBB,
    0x2F, 0xFF, 0x00, 0x00, 0x00, 0x00, 0xFF, 0xF2, 0xBB, 0xBB, 0xBB, 0xCC, 0xDD, 0xDD, 0xDD, 0xDC,
    0xCB, 0xBB, 0xBB, 0xB2, 0xFF, 0xF0, 0x00, 0x00, 0x00, 0x00, 0x0F, 0xFF, 0xFB, 0xBB, 0xBB, 0xBB,
    0xBB, 0xBB, 0xBB, 0xBB, 0xBB, 0xBB, 0xBB, 0x2F, 0xFF, 0x00, 0x00, 0x00, 0x00, 0x00, 0x00, 0xFF,
    0xFF, 0xDC, 0xBB, 0xBB, 0xBB, 0xBB, 0xBB, 0xBB, 0xBB, 0xBC, 0xDF, 0xFF, 0xF0, 0x00, 0x00, 0x00,
    0x00, 0x00, 0x00, 0x0F, 0xFF, 0xFF, 0x2C, 0xBB, 0xBB, 0xBB, 0xBB, 0xBB, 0xCC, 0x2F, 0xFF, 0xFF,
    0x00, 0x00, 0x00, 0x00, 0x00, 0x00, 0x00, 0x00, 0x0F, 0xFF, 0xFF, 0xF2, 0xDD, 0xCC, 0xCD, 0xD2,
    0xFF, 0xFF, 0xFF, 0x00, 0x00, 0x00, 0x00, 0x00, 0x00, 0x00, 0x00, 0x00, 0x00, 0x0F, 0xFF, 0xFF,
    0xFF, 0xFF, 0xFF, 0xFF, 0xFF, 0xFF, 0x00, 0x00, 0x00, 0x00, 0x00, 0x00, 0x00, 0x00, 0x00, 0x00,
    0x00, 0x00, 0x00, 0xFF, 0xFF, 0xFF, 0xFF, 0xFF, 0xF0, 0x00, 0x00, 0x00, 0x00, 0x00, 0x00, 0x00,
    0x00, 0x00, 0x00, 0x00, 0x00, 0x00, 0x00, 0x00, 0x00, 0x00, 0x00, 0x00, 0x00, 0x00, 0x00, 0x00,
    0x00, 0x00, 0x00, 0x00, 0x00, 0x00, 0x00, 0x00, 0x00, 0x00, 0x00, 0x00, 0x00, 0x00, 0x00, 0x00,
    0x00, 0x00, 0x00, 0x00, 0x00, 0x00, 0x00, 0x00,
};
unsigned short ui_battle_cont_c_right_down_pal[] = {0x7BDE, 0xB5AD, 0x5295, 0xB563, 0xAD1F, 0xACD7, 0xAC8D, 0xAC47, 0xA405, 0x8B49, 0x830B, 0x9CE7, 0x8421, 0x739D, 0x7ACB, 0x1085};
unsigned char ui_battle_cont_c_up_up_png[] = {
    0x00, 0x00, 0x00, 0x00, 0x00, 0x00, 0x00, 0x0F, 0xFF, 0xFF, 0xFF, 0xFF, 0x00, 0x00, 0x00, 0x00,
    0x00, 0x00, 0x00, 0x00, 0x00, 0x00, 0x00, 0x00, 0x00, 0x00, 0xFF, 0xFF, 0xFF, 0xFF, 0xFF, 0xFF,
    0xFF, 0xF0, 0x00, 0x00, 0x00, 0x00, 0x00, 0x00, 0x00, 0x00, 0x00, 0x00, 0x00, 0xFF, 0xFF, 0xFF,
    0xAA, 0x88, 0x88, 0xAA, 0xFF, 0xFF, 0xF0, 0x00, 0x00, 0x00, 0x00, 0x00, 0x00, 0x00, 0x00, 0x00,
    0x0F, 0xFF, 0xFA, 0x98, 0x88, 0x88, 0x88, 0x88, 0x9A, 0xFF, 0xFF, 0x00, 0x00, 0x00, 0x00, 0x00,
    0x00, 0x00, 0x00, 0x00, 0xFF, 0xFA, 0x88, 0x88, 0x88, 0x88, 0x88, 0x88, 0x88, 0x8A, 0xFF, 0xF0,
    0x00, 0x00, 0x00, 0x00, 0x00, 0x00, 0x00, 0x0F, 0xFF, 0xA8, 0x88, 0x88, 0x88, 0x89, 0x96, 0x88,
    0x88, 0x88, 0xAF, 0xFF, 0x00, 0x00, 0x00, 0x00, 0x00, 0x00, 0x00, 0xFF, 0xFA, 0x88, 0x88, 0x88,
    0x86, 0x99, 0x99, 0x68, 0x88, 0x88, 0x8A, 0xFF, 0xF0, 0x00, 0x00, 0x00, 0x00, 0x00, 0x00, 0xFF,
    0xF8, 0x88, 0x88, 0x88, 0x69, 0xE9, 0x9E, 0x96, 0x88, 0x88, 0x88, 0xFF, 0xF0, 0x00, 0x00, 0x00,
    0x00, 0x00, 0x0F, 0xFF, 0x88, 0x88, 0x88, 0x88, 0x9E, 0x99, 0x99, 0xE9, 0x88, 0x88, 0x88, 0x8F,
    0xFF, 0x00, 0x00, 0x00, 0x00, 0x00, 0xFF, 0xFE, 0x88, 0x88, 0x88, 0x86, 0x99, 0x99, 0x99, 0x99,
    0x68, 0x88, 0x88, 0x8E, 0xFF, 0xF0, 0x00, 0x00, 0x00, 0x0F, 0xFF, 0x2E, 0x88, 0x88, 0x88, 0x89,
    0xE9, 0x99, 0x99, 0x9E, 0x98, 0x88, 0x88, 0x8E, 0x2F, 0xFF, 0x00, 0x00, 0x00, 0xFF, 0xF2, 0xCE,
    0x88, 0x88, 0x86, 0x9E, 0x99, 0x99, 0x99, 0x99, 0xE9, 0x88, 0x88, 0x8E, 0xC2, 0xFF, 0xF0, 0x00,
    0x00, 0xFF, 0x2C, 0xDE, 0x77, 0x88, 0x88, 0xE9, 0x99, 0x99, 0x99, 0x99, 0x9E, 0x68, 0x88, 0x7E,
    0xDC, 0x2F, 0xF0, 0x00, 0x0F, 0xFF, 0xCC, 0xDE, 0x96, 0x78, 0x69, 0x99, 0x99, 0x99, 0x99, 0x99,
    0x99, 0x96, 0x87, 0x7E, 0xDC, 0xCF, 0xFF, 0x00, 0x0F, 0xF2, 0xCB, 0xDE, 0xA8, 0x56, 0x69, 0x99,
    0x99, 0x99, 0x99, 0x99, 0x99, 0x95, 0x65, 0x9E, 0xDB, 0xC2, 0xFF, 0x00, 0xFF, 0xFD, 0xBB, 0xDE,
    0xAA, 0x75, 0x55, 0x56, 0x66, 0x66, 0x66, 0x66, 0x55, 0x55, 0x45, 0xAE, 0xDB, 0xCD, 0xFF, 0xF0,
    0xFF, 0xFC, 0xBB, 0xD2, 0xAA, 0xA6, 0x55, 0x78, 0x88, 0x88, 0x88, 0x88, 0x86, 0x11, 0x49, 0xA2,
    0xDB, 0xBC, 0xFF, 0xF0, 0xFF, 0xFC, 0xBB, 0xDD, 0xEA, 0xAA, 0x85, 0x55, 0x57, 0x78, 0x87, 0x74,
    0x11, 0x15, 0x9A, 0xED, 0xDB, 0xBC, 0xFF, 0xF0, 0xFF, 0xFC, 0xBB, 0xCD, 0x2A, 0xAA, 0xA8, 0x75,
    0x55, 0x44, 0x31, 0x11, 0x13, 0x79, 0xAA, 0x2D, 0xCB, 0xBC, 0xFF, 0xF0, 0xFF, 0xFD, 0xBB, 0xBD,
    0xDE, 0xAA, 0xAA, 0x98, 0x76, 0x65, 0x43, 0x34, 0x89, 0xAA, 0xAE, 0xDD, 0xBB, 0xBD, 0xFF, 0xF0,
    0x0F, 0xF2, 0xBB, 0xBC, 0xDD, 0xEA, 0xAA, 0xAA, 0x98, 0x88, 0x88, 0x89, 0xAA, 0xAA, 0xED, 0xDC,
    0xBB, 0xB2, 0xFF, 0x00, 0x0F, 0xFF, 0xCB, 0xBB, 0xCD, 0xDE, 0xAA, 0xAA, 0xAA, 0xAA, 0xAA, 0xAA,
    0xAA, 0xAE, 0xDD, 0xCB, 0xBB, 0xCF, 0xFF, 0x00, 0x00, 0xFF, 0xFB, 0xBB, 0xBC, 0xDD, 0x2A, 0xAA,
    0xAA, 0xAA, 0xAA, 0xAA, 0xAA, 0x2D, 0xDC, 0xBB, 0xBB, 0xFF, 0xF0, 0x00, 0x00, 0xFF, 0xF2, 0xBB,
    0xBB, 0xCD, 0xDD, 0x2E, 0xAA, 0xAA, 0xAA, 0xAE, 0x2D, 0xDD, 0xCB, 0xBB, 0xB2, 0xFF, 0xF0, 0x00,
    0x00, 0x0F, 0xFF, 0x2B, 0xBB, 0xBB, 0xCD, 0xDD, 0x22, 0xEE, 0xE2, 0x2D, 0xDD, 0xCB, 0xBB, 0xBB,
    0x2F, 0xFF, 0x00, 0x00, 0x00, 0x00, 0xFF, 0xF2, 0xBB, 0xBB, 0xBB, 0xCC, 0xDD, 0xDD, 0xDD, 0xDC,
    0xCB, 0xBB, 0xBB, 0xB2, 0xFF, 0xF0, 0x00, 0x00, 0x00, 0x00, 0x0F, 0xFF, 0xFB, 0xBB, 0xBB, 0xBB,
    0xBB, 0xBB, 0xBB, 0xBB, 0xBB, 0xBB, 0xBB, 0x2F, 0xFF, 0x00, 0x00, 0x00, 0x00, 0x00, 0x00, 0xFF,
    0xFF, 0xDC, 0xBB, 0xBB, 0xBB, 0xBB, 0xBB, 0xBB, 0xBB, 0xBC, 0xDF, 0xFF, 0xF0, 0x00, 0x00, 0x00,
    0x00, 0x00, 0x00, 0x0F, 0xFF, 0xFF, 0x2C, 0xBB, 0xBB, 0xBB, 0xBB, 0xBB, 0xCC, 0x2F, 0xFF, 0xFF,
    0x00, 0x00, 0x00, 0x00, 0x00, 0x00, 0x00, 0x00, 0x0F, 0xFF, 0xFF, 0xF2, 0xDD, 0xCC, 0xCD, 0xD2,
    0xFF, 0xFF, 0xFF, 0x00, 0x00, 0x00, 0x00, 0x00, 0x00, 0x00, 0x00, 0x00, 0x00, 0x0F, 0xFF, 0xFF,
    0xFF, 0xFF, 0xFF, 0xFF, 0xFF, 0xFF, 0x00, 0x00, 0x00, 0x00, 0x00, 0x00, 0x00, 0x00, 0x00, 0x00,
    0x00, 0x00, 0x00, 0xFF, 0xFF, 0xFF, 0xFF, 0xFF, 0xF0, 0x00, 0x00, 0x00, 0x00, 0x00, 0x00, 0x00,
    0x00, 0x00, 0x00, 0x00, 0x00, 0x00, 0x00, 0x00, 0x00, 0x00, 0x00, 0x00, 0x00, 0x00, 0x00, 0x00,
    0x00, 0x00, 0x00, 0x00, 0x00, 0x00, 0x00, 0x00, 0x00, 0x00, 0x00, 0x00, 0x00, 0x00, 0x00, 0x00,
    0x00, 0x00, 0x00, 0x00, 0x00, 0x00, 0x00, 0x00,
};
unsigned short ui_battle_cont_c_up_up_pal[] = {0x7BDE, 0xB5AD, 0x5295, 0xB563, 0xAD1F, 0xACD7, 0xAC8D, 0xAC47, 0xA405, 0x8B49, 0x830B, 0x9CE7, 0x8421, 0x739D, 0x7ACB, 0x1085};
unsigned char ui_battle_cont_c_up_down_png[] = {
    0x00, 0x00, 0x00, 0x00, 0x00, 0x00, 0x00, 0x00, 0x00, 0x00, 0x00, 0x00, 0x00, 0x00, 0x00, 0x00,
    0x00, 0x00, 0x00, 0x00, 0x00, 0x00, 0x00, 0x00, 0x00, 0x00, 0x00, 0x00, 0x00, 0x00, 0x00, 0x00,
    0x00, 0x00, 0x00, 0x00, 0x00, 0x00, 0x00, 0x00, 0x00, 0x00, 0x00, 0x00, 0x00, 0x00, 0x00, 0x00,
    0x00, 0x00, 0x00, 0x00, 0x00, 0x00, 0x00, 0x00, 0x00, 0x00, 0x00, 0x00, 0x00, 0x00, 0x00, 0x00,
    0x00, 0x00, 0x00, 0xFF, 0xFF, 0xFF, 0xFF, 0xFF, 0xF0, 0x00, 0x00, 0x00, 0x00, 0x00, 0x00, 0x00,
    0x00, 0x00, 0x00, 0x00, 0x00, 0x0F, 0xFF, 0xFF, 0xFF, 0xFF, 0xFF, 0xFF, 0xFF, 0xFF, 0x00, 0x00,
    0x00, 0x00, 0x00, 0x00, 0x00, 0x00, 0x00, 0x00, 0x0F, 0xFF, 0xFF, 0x2D, 0xDC, 0xCC, 0xCC, 0xDD,
    0x2F, 0xFF, 0xFF, 0x00, 0x00, 0x00, 0x00, 0x00, 0x00, 0x00, 0x00, 0x0F, 0xFF, 0xFF, 0xDC, 0xCC,
    0x9A, 0x88, 0x88, 0xA9, 0xCC, 0xDF, 0xFF, 0xFF, 0x00, 0x00, 0x00, 0x00, 0x00, 0x00, 0x00, 0xFF,
    0xFF, 0xDC, 0xC9, 0x98, 0x88, 0x88, 0x88, 0x88, 0x99, 0xCC, 0xDF, 0xFF, 0xF0, 0x00, 0x00, 0x00,
    0x00, 0x00, 0x0F, 0xFF, 0x2C, 0xC9, 0x88, 0x88, 0x88, 0x88, 0x88, 0x88, 0x88, 0x89, 0xCC, 0x2F,
    0xFF, 0x00, 0x00, 0x00, 0x00, 0x00, 0xFF, 0xFF, 0xCD, 0x98, 0x88, 0x88, 0x88, 0x89, 0x96, 0x88,
    0x88, 0x88, 0x9D, 0xC2, 0xFF, 0xF0, 0x00, 0x00, 0x00, 0x0F, 0xFF, 0x2D, 0xD9, 0x88, 0x88, 0x88,
    0x86, 0x99, 0x99, 0x68, 0x88, 0x88, 0x89, 0xDC, 0x2F, 0xFF, 0x00, 0x00, 0x00, 0xFF, 0xF2, 0xCD,
    0xD8, 0x88, 0x88, 0x88, 0x69, 0xE9, 0x9E, 0x96, 0x88, 0x88, 0x88, 0xDD, 0xC2, 0xFF, 0xF0, 0x00,
    0x00, 0xFF, 0x2C, 0xDD, 0x88, 0x88, 0x88, 0x88, 0x9E, 0x99, 0x99, 0xE9, 0x88, 0x88, 0x88, 0x8D,
    0xDC, 0x2F, 0xF0, 0x00, 0x0F, 0xFF, 0xCC, 0xDE, 0x88, 0x88, 0x88, 0x86, 0x99, 0x99, 0x99, 0x99,
    0x68, 0x88, 0x88, 0x8A, 0xDC, 0xCF, 0xFF, 0x00, 0x0F, 0xF2, 0xCB, 0xDE, 0x88, 0x88, 0x88, 0x89,
    0xE9, 0x99, 0x99, 0x9E, 0x98, 0x88, 0x88, 0x8A, 0xDB, 0xC2, 0xFF, 0x00, 0xFF, 0xFD, 0xBB, 0xDE,
    0x88, 0x88, 0x86, 0x9E, 0x99, 0x99, 0x99, 0x99, 0xE9, 0x88, 0x88, 0x8A, 0xDB, 0xCD, 0xFF, 0xF0,
    0xFF, 0xFC, 0xBB, 0xD2, 0x78, 0x88, 0x88, 0xE9, 0x99, 0x99, 0x99, 0x99, 0x9E, 0x68, 0x88, 0x8A,
    0xDB, 0xBC, 0xFF, 0xF0, 0xFF, 0xFC, 0xBB, 0xDD, 0x86, 0x78, 0x69, 0x99, 0x99, 0x99, 0x99, 0x99,
    0x99, 0x96, 0x87, 0x72, 0xDB, 0xBC, 0xFF, 0xF0, 0xFF, 0xFC, 0xBB, 0xCD, 0xA8, 0x56, 0x69, 0x99,
    0x99, 0x99, 0x99, 0x99, 0x99, 0x95, 0x65, 0xAD, 0xCB, 0xBC, 0xFF, 0xF0, 0xFF, 0xFD, 0xBB, 0xBD,
    0xDA, 0x75, 0x55, 0x56, 0x66, 0x66, 0x66, 0x66, 0x55, 0x55, 0x4A, 0xDD, 0xBB, 0xBD, 0xFF, 0xF0,
    0x0F, 0xF2, 0xBB, 0xBC, 0xDD, 0xA6, 0x55, 0x57, 0x88, 0x88, 0x88, 0x88, 0x74, 0x34, 0xAD, 0xDC,
    0xBB, 0xB2, 0xFF, 0x00, 0x0F, 0xFF, 0xCB, 0xBB, 0xCD, 0xDA, 0x85, 0x55, 0x57, 0x88, 0x87, 0x54,
    0x33, 0x5A, 0xDD, 0xCB, 0xBB, 0xCF, 0xFF, 0x00, 0x00, 0xFF, 0xFB, 0xBB, 0xBC, 0xDD, 0xA9, 0x75,
    0x55, 0x55, 0x43, 0x33, 0x59, 0xAD, 0xDC, 0xBB, 0xBB, 0xFF, 0xF0, 0x00, 0x00, 0xFF, 0xF2, 0xBB,
    0xBB, 0xCD, 0xDD, 0xA9, 0x76, 0x65, 0x54, 0x59, 0xAD, 0xDD, 0xCB, 0xBB, 0xB2, 0xFF, 0xF0, 0x00,
    0x00, 0x0F, 0xFF, 0x2B, 0xBB, 0xBB, 0xCD, 0xDD, 0xAA, 0xAA, 0xAA, 0xAD, 0xDD, 0xCB, 0xBB, 0xBB,
    0x2F, 0xFF, 0x00, 0x00, 0x00, 0x00, 0xFF, 0xF2, 0xBB, 0xBB, 0xBB, 0xCC, 0xDD, 0xDD, 0xDD, 0xDC,
    0xCB, 0xBB, 0xBB, 0xB2, 0xFF, 0xF0, 0x00, 0x00, 0x00, 0x00, 0x0F, 0xFF, 0xFB, 0xBB, 0xBB, 0xBB,
    0xBB, 0xBB, 0xBB, 0xBB, 0xBB, 0xBB, 0xBB, 0x2F, 0xFF, 0x00, 0x00, 0x00, 0x00, 0x00, 0x00, 0xFF,
    0xFF, 0xDC, 0xBB, 0xBB, 0xBB, 0xBB, 0xBB, 0xBB, 0xBB, 0xBC, 0xDF, 0xFF, 0xF0, 0x00, 0x00, 0x00,
    0x00, 0x00, 0x00, 0x0F, 0xFF, 0xFF, 0x2C, 0xBB, 0xBB, 0xBB, 0xBB, 0xBB, 0xCC, 0x2F, 0xFF, 0xFF,
    0x00, 0x00, 0x00, 0x00, 0x00, 0x00, 0x00, 0x00, 0x0F, 0xFF, 0xFF, 0xF2, 0xDD, 0xCC, 0xCD, 0xD2,
    0xFF, 0xFF, 0xFF, 0x00, 0x00, 0x00, 0x00, 0x00, 0x00, 0x00, 0x00, 0x00, 0x00, 0x0F, 0xFF, 0xFF,
    0xFF, 0xFF, 0xFF, 0xFF, 0xFF, 0xFF, 0x00, 0x00, 0x00, 0x00, 0x00, 0x00, 0x00, 0x00, 0x00, 0x00,
    0x00, 0x00, 0x00, 0xFF, 0xFF, 0xFF, 0xFF, 0xFF, 0xF0, 0x00, 0x00, 0x00, 0x00, 0x00, 0x00, 0x00,
    0x00, 0x00, 0x00, 0x00, 0x00, 0x00, 0x00, 0x00, 0x00, 0x00, 0x00, 0x00, 0x00, 0x00, 0x00, 0x00,
    0x00, 0x00, 0x00, 0x00, 0x00, 0x00, 0x00, 0x00, 0x00, 0x00, 0x00, 0x00, 0x00, 0x00, 0x00, 0x00,
    0x00, 0x00, 0x00, 0x00, 0x00, 0x00, 0x00, 0x00,
};
unsigned short ui_battle_cont_c_up_down_pal[] = {0x7BDE, 0xB5AD, 0x5295, 0xB563, 0xAD1F, 0xACD7, 0xAC8D, 0xAC47, 0xA405, 0x8B49, 0x830B, 0x9CE7, 0x8421, 0x739D, 0x7ACB, 0x1085};
unsigned char ui_battle_cont_c_down_up_png[] = {
    0x00, 0x00, 0x00, 0x00, 0x00, 0x00, 0x00, 0x0F, 0xFF, 0xFF, 0xFF, 0xFF, 0x00, 0x00, 0x00, 0x00,
    0x00, 0x00, 0x00, 0x00, 0x00, 0x00, 0x00, 0x00, 0x00, 0x00, 0xFF, 0xFF, 0xFF, 0xFF, 0xFF, 0xFF,
    0xFF, 0xF0, 0x00, 0x00, 0x00, 0x00, 0x00, 0x00, 0x00, 0x00, 0x00, 0x00, 0x00, 0xFF, 0xFF, 0xFF,
    0xAA, 0x88, 0x88, 0xAA, 0xFF, 0xFF, 0xF0, 0x00, 0x00, 0x00, 0x00, 0x00, 0x00, 0x00, 0x00, 0x00,
    0x0F, 0xFF, 0xFA, 0x98, 0x88, 0x88, 0x88, 0x88, 0x9A, 0xFF, 0xFF, 0x00, 0x00, 0x00, 0x00, 0x00,
    0x00, 0x00, 0x00, 0x00, 0xFF, 0xFA, 0x88, 0x88, 0x88, 0x88, 0x88, 0x88, 0x88, 0x8A, 0xFF, 0xF0,
    0x00, 0x00, 0x00, 0x00, 0x00, 0x00, 0x00, 0x0F, 0xFF, 0xA8, 0x88, 0x88, 0x88, 0x88, 0x88, 0x88,
    0x88, 0x88, 0xAF, 0xFF, 0x00, 0x00, 0x00, 0x00, 0x00, 0x00, 0x00, 0xFF, 0xFA, 0x88, 0x89, 0x99,
    0x99, 0x99, 0x99, 0x99, 0x99, 0x95, 0x8A, 0xFF, 0xF0, 0x00, 0x00, 0x00, 0x00, 0x00, 0x00, 0xFF,
    0xF8, 0x88, 0x89, 0x99, 0x99, 0x99, 0x99, 0x99, 0x99, 0x85, 0x88, 0xFF, 0xF0, 0x00, 0x00, 0x00,
    0x00, 0x00, 0x0F, 0xFF, 0x88, 0x88, 0x88, 0x99, 0x99, 0x99, 0x99, 0x99, 0x99, 0x57, 0x88, 0x8F,
    0xFF, 0x00, 0x00, 0x00, 0x00, 0x00, 0xFF, 0xFE, 0x88, 0x88, 0x88, 0x69, 0x99, 0x99, 0x99, 0x99,
    0x96, 0x68, 0x88, 0x8E, 0xFF, 0xF0, 0x00, 0x00, 0x00, 0x0F, 0xFF, 0x2E, 0x88, 0x88, 0x88, 0x89,
    0x99, 0x99, 0x99, 0x99, 0x85, 0x88, 0x88, 0x8E, 0x2F, 0xFF, 0x00, 0x00, 0x00, 0xFF, 0xF2, 0xCE,
    0x88, 0x88, 0x88, 0x88, 0x99, 0x99, 0x99, 0x99, 0x57, 0x88, 0x88, 0x8E, 0xC2, 0xFF, 0xF0, 0x00,
    0x00, 0xFF, 0x2C, 0xDE, 0x77, 0x88, 0x88, 0x88, 0x69, 0x99, 0x99, 0x96, 0x68, 0x88, 0x88, 0x7E,
    0xDC, 0x2F, 0xF0, 0x00, 0x0F, 0xFF, 0xCC, 0xDE, 0x96, 0x78, 0x88, 0x88, 0x89, 0x99, 0x99, 0x85,
    0x78, 0x88, 0x87, 0x7E, 0xDC, 0xCF, 0xFF, 0x00, 0x0F, 0xF2, 0xCB, 0xDE, 0xA8, 0x56, 0x88, 0x88,
    0x86, 0x99, 0x99, 0x47, 0x88, 0x88, 0x65, 0x9E, 0xDB, 0xC2, 0xFF, 0x00, 0xFF, 0xFD, 0xBB, 0xDE,
    0xAA, 0x75, 0x58, 0x88, 0x88, 0x69, 0x95, 0x77, 0x88, 0x75, 0x45, 0xAE, 0xDB, 0xCD, 0xFF, 0xF0,
    0xFF, 0xFC, 0xBB, 0xD2, 0xAA, 0xA6, 0x55, 0x78, 0x88, 0x84, 0x46, 0x78, 0x86, 0x11, 0x49, 0xA2,
    0xDB, 0xBC, 0xFF, 0xF0, 0xFF, 0xFC, 0xBB, 0xDD, 0xEA, 0xAA, 0x85, 0x55, 0x57, 0x76, 0x67, 0x74,
    0x11, 0x15, 0x9A, 0xED, 0xDB, 0xBC, 0xFF, 0xF0, 0xFF, 0xFC, 0xBB, 0xCD, 0x2A, 0xAA, 0xA8, 0x75,
    0x55, 0x44, 0x31, 0x11, 0x13, 0x79, 0xAA, 0x2D, 0xCB, 0xBC, 0xFF, 0xF0, 0xFF, 0xFD, 0xBB, 0xBD,
    0xDE, 0xAA, 0xAA, 0x98, 0x76, 0x65, 0x43, 0x34, 0x89, 0xAA, 0xAE, 0xDD, 0xBB, 0xBD, 0xFF, 0xF0,
    0x0F, 0xF2, 0xBB, 0xBC, 0xDD, 0xEA, 0xAA, 0xAA, 0x98, 0x88, 0x88, 0x89, 0xAA, 0xAA, 0xED, 0xDC,
    0xBB, 0xB2, 0xFF, 0x00, 0x0F, 0xFF, 0xCB, 0xBB, 0xCD, 0xDE, 0xAA, 0xAA, 0xAA, 0xAA, 0xAA, 0xAA,
    0xAA, 0xAE, 0xDD, 0xCB, 0xBB, 0xCF, 0xFF, 0x00, 0x00, 0xFF, 0xFB, 0xBB, 0xBC, 0xDD, 0x2A, 0xAA,
    0xAA, 0xAA, 0xAA, 0xAA, 0xAA, 0x2D, 0xDC, 0xBB, 0xBB, 0xFF, 0xF0, 0x00, 0x00, 0xFF, 0xF2, 0xBB,
    0xBB, 0xCD, 0xDD, 0x2E, 0xAA, 0xAA, 0xAA, 0xAE, 0x2D, 0xDD, 0xCB, 0xBB, 0xB2, 0xFF, 0xF0, 0x00,
    0x00, 0x0F, 0xFF, 0x2B, 0xBB, 0xBB, 0xCD, 0xDD, 0x22, 0xEE, 0xE2, 0x2D, 0xDD, 0xCB, 0xBB, 0xBB,
    0x2F, 0xFF, 0x00, 0x00, 0x00, 0x00, 0xFF, 0xF2, 0xBB, 0xBB, 0xBB, 0xCC, 0xDD, 0xDD, 0xDD, 0xDC,
    0xCB, 0xBB, 0xBB, 0xB2, 0xFF, 0xF0, 0x00, 0x00, 0x00, 0x00, 0x0F, 0xFF, 0xFB, 0xBB, 0xBB, 0xBB,
    0xBB, 0xBB, 0xBB, 0xBB, 0xBB, 0xBB, 0xBB, 0x2F, 0xFF, 0x00, 0x00, 0x00, 0x00, 0x00, 0x00, 0xFF,
    0xFF, 0xDC, 0xBB, 0xBB, 0xBB, 0xBB, 0xBB, 0xBB, 0xBB, 0xBC, 0xDF, 0xFF, 0xF0, 0x00, 0x00, 0x00,
    0x00, 0x00, 0x00, 0x0F, 0xFF, 0xFF, 0x2C, 0xBB, 0xBB, 0xBB, 0xBB, 0xBB, 0xCC, 0x2F, 0xFF, 0xFF,
    0x00, 0x00, 0x00, 0x00, 0x00, 0x00, 0x00, 0x00, 0x0F, 0xFF, 0xFF, 0xF2, 0xDD, 0xCC, 0xCD, 0xD2,
    0xFF, 0xFF, 0xFF, 0x00, 0x00, 0x00, 0x00, 0x00, 0x00, 0x00, 0x00, 0x00, 0x00, 0x0F, 0xFF, 0xFF,
    0xFF, 0xFF, 0xFF, 0xFF, 0xFF, 0xFF, 0x00, 0x00, 0x00, 0x00, 0x00, 0x00, 0x00, 0x00, 0x00, 0x00,
    0x00, 0x00, 0x00, 0xFF, 0xFF, 0xFF, 0xFF, 0xFF, 0xF0, 0x00, 0x00, 0x00, 0x00, 0x00, 0x00, 0x00,
    0x00, 0x00, 0x00, 0x00, 0x00, 0x00, 0x00, 0x00, 0x00, 0x00, 0x00, 0x00, 0x00, 0x00, 0x00, 0x00,
    0x00, 0x00, 0x00, 0x00, 0x00, 0x00, 0x00, 0x00, 0x00, 0x00, 0x00, 0x00, 0x00, 0x00, 0x00, 0x00,
    0x00, 0x00, 0x00, 0x00, 0x00, 0x00, 0x00, 0x00,
};
unsigned short ui_battle_cont_c_down_up_pal[] = {0x7BDE, 0xB5AD, 0x5295, 0xB563, 0xAD1F, 0xACD7, 0xAC8D, 0xAC47, 0xA405, 0x8B49, 0x830B, 0x9CE7, 0x8421, 0x739D, 0x7ACB, 0x1085};
unsigned char ui_battle_cont_c_down_down_png[] = {
    0x00, 0x00, 0x00, 0x00, 0x00, 0x00, 0x00, 0x00, 0x00, 0x00, 0x00, 0x00, 0x00, 0x00, 0x00, 0x00,
    0x00, 0x00, 0x00, 0x00, 0x00, 0x00, 0x00, 0x00, 0x00, 0x00, 0x00, 0x00, 0x00, 0x00, 0x00, 0x00,
    0x00, 0x00, 0x00, 0x00, 0x00, 0x00, 0x00, 0x00, 0x00, 0x00, 0x00, 0x00, 0x00, 0x00, 0x00, 0x00,
    0x00, 0x00, 0x00, 0x00, 0x00, 0x00, 0x00, 0x00, 0x00, 0x00, 0x00, 0x00, 0x00, 0x00, 0x00, 0x00,
    0x00, 0x00, 0x00, 0xFF, 0xFF, 0xFF, 0xFF, 0xFF, 0xF0, 0x00, 0x00, 0x00, 0x00, 0x00, 0x00, 0x00,
    0x00, 0x00, 0x00, 0x00, 0x00, 0x0F, 0xFF, 0xFF, 0xFF, 0xFF, 0xFF, 0xFF, 0xFF, 0xFF, 0x00, 0x00,
    0x00, 0x00, 0x00, 0x00, 0x00, 0x00, 0x00, 0x00, 0x0F, 0xFF, 0xFF, 0x2D, 0xDC, 0xCC, 0xCC, 0xDD,
    0x2F, 0xFF, 0xFF, 0x00, 0x00, 0x00, 0x00, 0x00, 0x00, 0x00, 0x00, 0x0F, 0xFF, 0xFF, 0xDC, 0xCC,
    0x9A, 0x88, 0x88, 0xA9, 0xCC, 0xDF, 0xFF, 0xFF, 0x00, 0x00, 0x00, 0x00, 0x00, 0x00, 0x00, 0xFF,
    0xFF, 0xDC, 0xC9, 0x98, 0x88, 0x88, 0x88, 0x88, 0x99, 0xCC, 0xDF, 0xFF, 0xF0, 0x00, 0x00, 0x00,
    0x00, 0x00, 0x0F, 0xFF, 0x2C, 0xC9, 0x88, 0x88, 0x88, 0x88, 0x88, 0x88, 0x88, 0x8A, 0xCC, 0x2F,
    0xFF, 0x00, 0x00, 0x00, 0x00, 0x00, 0xFF, 0xFF, 0xCD, 0x98, 0x88, 0x88, 0x88, 0x88, 0x88, 0x88,
    0x88, 0x88, 0x9D, 0xC2, 0xFF, 0xF0, 0x00, 0x00, 0x00, 0x0F, 0xFF, 0x2D, 0xD9, 0x88, 0x89, 0x99,
    0x99, 0x99, 0x99, 0x99, 0x99, 0x95, 0x89, 0xDC, 0x2F, 0xFF, 0x00, 0x00, 0x00, 0xFF, 0xF2, 0xCD,
    0xD8, 0x88, 0x89, 0x99, 0x99, 0x99, 0x99, 0x99, 0x99, 0x85, 0x88, 0xDD, 0xC2, 0xFF, 0xF0, 0x00,
    0x00, 0xFF, 0x2C, 0xDD, 0x88, 0x88, 0x88, 0x99, 0x99, 0x99, 0x99, 0x99, 0x99, 0x57, 0x88, 0x8D,
    0xDC, 0x2F, 0xF0, 0x00, 0x0F, 0xFF, 0xCC, 0xDE, 0x88, 0x88, 0x88, 0x69, 0x99, 0x99, 0x99, 0x99,
    0x96, 0x68, 0x88, 0x8A, 0xDC, 0xCF, 0xFF, 0x00, 0x0F, 0xF2, 0xCB, 0xDE, 0x88, 0x88, 0x88, 0x89,
    0x99, 0x99, 0x99, 0x99, 0x85, 0x88, 0x88, 0x8A, 0xDB, 0xC2, 0xFF, 0x00, 0xFF, 0xFD, 0xBB, 0xDE,
    0x88, 0x88, 0x88, 0x88, 0x99, 0x99, 0x99, 0x99, 0x57, 0x88, 0x88, 0x8A, 0xDB, 0xCD, 0xFF, 0xF0,
    0xFF, 0xFC, 0xBB, 0xD2, 0x78, 0x88, 0x88, 0x88, 0x69, 0x99, 0x99, 0x96, 0x68, 0x88, 0x88, 0x8A,
    0xDB, 0xBC, 0xFF, 0xF0, 0xFF, 0xFC, 0xBB, 0xDD, 0x86, 0x78, 0x88, 0x88, 0x89, 0x99, 0x99, 0x85,
    0x78, 0x88, 0x87, 0x72, 0xDB, 0xBC, 0xFF, 0xF0, 0xFF, 0xFC, 0xBB, 0xCD, 0xA8, 0x56, 0x88, 0x88,
    0x86, 0x99, 0x99, 0x47, 0x88, 0x88, 0x65, 0xAD, 0xCB, 0xBC, 0xFF, 0xF0, 0xFF, 0xFD, 0xBB, 0xBD,
    0xDA, 0x75, 0x57, 0x88, 0x88, 0x69, 0x95, 0x78, 0x88, 0x64, 0x4A, 0xDD, 0xBB, 0xBD, 0xFF, 0xF0,
    0x0F, 0xF2, 0xBB, 0xBC, 0xDD, 0xA6, 0x55, 0x57, 0x88, 0x84, 0x46, 0x78, 0x74, 0x34, 0xAD, 0xDC,
    0xBB, 0xB2, 0xFF, 0x00, 0x0F, 0xFF, 0xCB, 0xBB, 0xCD, 0xDA, 0x85, 0x55, 0x57, 0x88, 0x87, 0x54,
    0x33, 0x5A, 0xDD, 0xCB, 0xBB, 0xCF, 0xFF, 0x00, 0x00, 0xFF, 0xFB, 0xBB, 0xBC, 0xDD, 0xA9, 0x75,
    0x55, 0x55, 0x43, 0x33, 0x59, 0xAD, 0xDC, 0xBB, 0xBB, 0xFF, 0xF0, 0x00, 0x00, 0xFF, 0xF2, 0xBB,
    0xBB, 0xCD, 0xDD, 0xA9, 0x76, 0x65, 0x54, 0x59, 0xAD, 0xDD, 0xCB, 0xBB, 0xB2, 0xFF, 0xF0, 0x00,
    0x00, 0x0F, 0xFF, 0x2B, 0xBB, 0xBB, 0xCD, 0xDD, 0xAA, 0xAA, 0xAA, 0xAD, 0xDD, 0xCB, 0xBB, 0xBB,
    0x2F, 0xFF, 0x00, 0x00, 0x00, 0x00, 0xFF, 0xF2, 0xBB, 0xBB, 0xBB, 0xCC, 0xDD, 0xDD, 0xDD, 0xDC,
    0xCB, 0xBB, 0xBB, 0xB2, 0xFF, 0xF0, 0x00, 0x00, 0x00, 0x00, 0x0F, 0xFF, 0xFB, 0xBB, 0xBB, 0xBB,
    0xBB, 0xBB, 0xBB, 0xBB, 0xBB, 0xBB, 0xBB, 0x2F, 0xFF, 0x00, 0x00, 0x00, 0x00, 0x00, 0x00, 0xFF,
    0xFF, 0xDC, 0xBB, 0xBB, 0xBB, 0xBB, 0xBB, 0xBB, 0xBB, 0xBC, 0xDF, 0xFF, 0xF0, 0x00, 0x00, 0x00,
    0x00, 0x00, 0x00, 0x0F, 0xFF, 0xFF, 0x2C, 0xBB, 0xBB, 0xBB, 0xBB, 0xBB, 0xCC, 0x2F, 0xFF, 0xFF,
    0x00, 0x00, 0x00, 0x00, 0x00, 0x00, 0x00, 0x00, 0x0F, 0xFF, 0xFF, 0xF2, 0xDD, 0xCC, 0xCD, 0xD2,
    0xFF, 0xFF, 0xFF, 0x00, 0x00, 0x00, 0x00, 0x00, 0x00, 0x00, 0x00, 0x00, 0x00, 0x0F, 0xFF, 0xFF,
    0xFF, 0xFF, 0xFF, 0xFF, 0xFF, 0xFF, 0x00, 0x00, 0x00, 0x00, 0x00, 0x00, 0x00, 0x00, 0x00, 0x00,
    0x00, 0x00, 0x00, 0xFF, 0xFF, 0xFF, 0xFF, 0xFF, 0xF0, 0x00, 0x00, 0x00, 0x00, 0x00, 0x00, 0x00,
    0x00, 0x00, 0x00, 0x00, 0x00, 0x00, 0x00, 0x00, 0x00, 0x00, 0x00, 0x00, 0x00, 0x00, 0x00, 0x00,
    0x00, 0x00, 0x00, 0x00, 0x00, 0x00, 0x00, 0x00, 0x00, 0x00, 0x00, 0x00, 0x00, 0x00, 0x00, 0x00,
    0x00, 0x00, 0x00, 0x00, 0x00, 0x00, 0x00, 0x00,
};
unsigned short ui_battle_cont_c_down_down_pal[] = {0x7BDE, 0xB5AD, 0x5295, 0xB563, 0xAD1F, 0xACD7, 0xAC8D, 0xAC47, 0xA405, 0x8B49, 0x830B, 0x9CE7, 0x8421, 0x739D, 0x7ACB, 0x1085};
unsigned char ui_battle_cmd_timing_1_chance_png[] = {
    0x00, 0x00, 0x00, 0x00, 0x00, 0x00, 0x00, 0x00, 0x00, 0x00, 0x00, 0x00, 0x00, 0x00, 0x00, 0x00,
    0x00, 0x00, 0x00, 0x00, 0x00, 0x00, 0x00, 0x00, 0x00, 0x00, 0x00, 0xFF, 0xFF, 0xFF, 0x00, 0x00,
    0x00, 0x00, 0x00, 0x00, 0x00, 0x00, 0x00, 0x00, 0x00, 0x00, 0x00, 0x00, 0x00, 0x00, 0x00, 0x00,
    0x00, 0x00, 0x00, 0x00, 0x00, 0x00, 0x00, 0x00, 0x00, 0x00, 0x00, 0x00, 0x00, 0x00, 0xFF, 0xFF,
    0xFF, 0xFF, 0xFF, 0x00, 0x00, 0x00, 0x00, 0x00, 0x00, 0x00, 0x00, 0x00, 0x00, 0x00, 0x00, 0x00,
    0x00, 0x00, 0x00, 0x00, 0x00, 0x00, 0x00, 0x00, 0x00, 0x00, 0x00, 0x00, 0x00, 0x00, 0x00, 0x00,
    0x00, 0x0F, 0xFF, 0xF0, 0x00, 0x0F, 0xFF, 0xF0, 0x00, 0x00, 0x00, 0x00, 0x00, 0x00, 0x00, 0x00,
    0x00, 0x00, 0x00, 0x00, 0x00, 0x00, 0x00, 0x00, 0x00, 0x00, 0x00, 0x00, 0x00, 0x00, 0x00, 0x00,
    0x00, 0x00, 0x00, 0x00, 0x00, 0xFF, 0xF0, 0x00, 0x00, 0x00, 0x0F, 0xFF, 0x00, 0x00, 0x00, 0x00,
    0x00, 0x00, 0x00, 0x00, 0x00, 0x00, 0x00, 0x00, 0x00, 0x00, 0x00, 0x00, 0x00, 0x00, 0x00, 0x00,
    0x00, 0x00, 0x00, 0x00, 0x00, 0x00, 0x00, 0x00, 0x0F, 0xFF, 0x00, 0x00, 0x00, 0x00, 0x00, 0xFF,
    0xF0, 0x00, 0x00, 0x00, 0x00, 0x00, 0x00, 0x00, 0x00, 0x00, 0x00, 0x00, 0x00, 0x00, 0x00, 0x00,
    0x00, 0x00, 0x00, 0x00, 0x00, 0x00, 0x00, 0x00, 0x00, 0x00, 0x00, 0x00, 0x0F, 0xF0, 0x00, 0x00,
    0x00, 0x00, 0x00, 0x0F, 0xF0, 0x00, 0x00, 0x00, 0x00, 0x00, 0x00, 0x00, 0x00, 0x00, 0x00, 0x00,
    0x00, 0x00, 0x00, 0x00, 0x00, 0x00, 0x00, 0x00, 0x00, 0x00, 0x00, 0x00, 0x00, 0x00, 0x00, 0x00,
    0xFF, 0xF0, 0x00, 0x00, 0x00, 0x00, 0x00, 0x0F, 0xFF, 0x00, 0x00, 0x00, 0x00, 0x00, 0x00, 0x00,
    0x00, 0x00, 0x00, 0x00, 0x00, 0x00, 0x00, 0x00, 0x00, 0x00, 0x00, 0x00, 0x00, 0x00, 0x00, 0x00,
    0x00, 0x00, 0x00, 0x00, 0xFF, 0x00, 0x00, 0x00, 0x00, 0x00, 0x00, 0x00, 0xFF, 0x00, 0x00, 0x00,
    0x00, 0x00, 0x00, 0xFF, 0xFF, 0xFF, 0xFF, 0xFF, 0xFF, 0xFF, 0xFF, 0xFF, 0xFF, 0xFF, 0xFF, 0xFF,
    0xFF, 0xFF, 0xFF, 0xFF, 0xFF, 0xFF, 0xFF, 0xFF, 0xFF, 0x00, 0x00, 0x00, 0x00, 0x00, 0x00, 0x00,
    0xFF, 0xFF, 0xFF, 0x00, 0x00, 0x00, 0x0F, 0xFF, 0xFF, 0xFF, 0xFF, 0xFF, 0xFF, 0xFF, 0xFF, 0xFF,
    0xFF, 0xFF, 0xFF, 0xFF, 0xFF, 0xFF, 0xFF, 0xFF, 0xFF, 0xFF, 0xFF, 0xFF, 0xFF, 0x00, 0x00, 0x00,
    0x00, 0x00, 0x00, 0x00, 0xFF, 0xFF, 0xFF, 0xF0, 0x00, 0x00, 0xFF, 0xF1, 0x22, 0x22, 0x22, 0x50,
    0x00, 0x04, 0x12, 0x22, 0x22, 0x50, 0x00, 0x04, 0x12, 0x22, 0x22, 0x50, 0x00, 0x04, 0x12, 0x22,
    0x25, 0x00, 0x00, 0x00, 0x00, 0x00, 0x00, 0x00, 0x52, 0x22, 0x2F, 0xFF, 0x00, 0x00, 0xFF, 0x11,
    0x11, 0x11, 0x25, 0x00, 0x00, 0x00, 0x41, 0x11, 0x25, 0x00, 0x00, 0x00, 0x41, 0x11, 0x25, 0x00,
    0x00, 0x00, 0x41, 0x11, 0x12, 0x50, 0x00, 0x00, 0x00, 0x00, 0x00, 0x05, 0x21, 0x12, 0x34, 0xFF,
    0x00, 0x00, 0xFF, 0x21, 0x33, 0x33, 0x35, 0x00, 0x00, 0x00, 0x42, 0x33, 0x35, 0x00, 0x00, 0x00,
    0x42, 0x33, 0x35, 0x00, 0x00, 0x00, 0x42, 0x33, 0x33, 0x50, 0x00, 0x00, 0x00, 0x00, 0x00, 0x05,
    0x23, 0x33, 0x34, 0xFF, 0x00, 0x00, 0xFF, 0x21, 0x33, 0x33, 0x35, 0x00, 0x00, 0x00, 0x52, 0x33,
    0x35, 0x00, 0x00, 0x00, 0x52, 0x33, 0x35, 0x00, 0x00, 0x00, 0x52, 0x33, 0x33, 0x35, 0x00, 0x00,
    0x00, 0x00, 0x00, 0x52, 0x33, 0x33, 0x34, 0xFF, 0x00, 0x00, 0xFF, 0x22, 0x33, 0x33, 0x35, 0x00,
    0x00, 0x00, 0x52, 0x33, 0x35, 0x00, 0x00, 0x00, 0x52, 0x33, 0x35, 0x00, 0x00, 0x00, 0x52, 0x33,
    0x33, 0x33, 0x50, 0x00, 0x00, 0x00, 0x05, 0x23, 0x33, 0x33, 0x44, 0xFF, 0x00, 0x00, 0xFF, 0xF3,
    0x44, 0x44, 0x44, 0x50, 0x00, 0x05, 0x34, 0x44, 0x44, 0x50, 0x00, 0x05, 0x34, 0x44, 0x44, 0x50,
    0x00, 0x05, 0x34, 0x44, 0x44, 0x44, 0x45, 0x50, 0x00, 0x05, 0x54, 0x44, 0x44, 0x44, 0x4F, 0xFF,
    0x00, 0x00, 0x0F, 0xFF, 0xFF, 0xFF, 0xFF, 0xFF, 0xFF, 0xFF, 0xFF, 0xFF, 0xFF, 0xFF, 0xFF, 0xFF,
    0xFF, 0xFF, 0xFF, 0xFF, 0xFF, 0xFF, 0xFF, 0xFF, 0xFF, 0xFF, 0xFF, 0xFF, 0xFF, 0xFF, 0xFF, 0xFF,
    0xFF, 0xFF, 0xFF, 0xF0, 0x00, 0x00, 0x00, 0xFF, 0xFF, 0xFF, 0xFF, 0xFF, 0xFF, 0xFF, 0xFF, 0xFF,
    0xFF, 0xFF, 0xFF, 0xFF, 0xFF, 0xFF, 0xFF, 0xFF, 0xFF, 0xFF, 0xFF, 0xFF, 0xFF, 0xFF, 0xFF, 0xFF,
    0xFF, 0xFF, 0xFF, 0xFF, 0xFF, 0xFF, 0xFF, 0x00, 0x00, 0x00, 0x00, 0x00, 0x00, 0x00, 0x00, 0x00,
    0x00, 0x00, 0x00, 0x00, 0x00, 0x00, 0x00, 0x00, 0x00, 0x00, 0x00, 0x00, 0x00, 0x00, 0x00, 0x00,
    0x00, 0x00, 0x00, 0x00, 0x00, 0x00, 0x00, 0x00, 0x00, 0x00, 0x00, 0x00, 0x00, 0x00, 0x00, 0x00,
    0x00, 0x00, 0x00, 0x00, 0x00, 0x00, 0x00, 0x00, 0x00, 0x00, 0x00, 0x00, 0x00, 0x00, 0x00, 0x00,
    0x00, 0x00, 0x00, 0x00, 0x00, 0x00, 0x00, 0x00, 0x00, 0x00, 0x00, 0x00, 0x00, 0x00, 0x00, 0x00,
    0x00, 0x00, 0x00, 0x00, 0x00, 0x00, 0x00, 0x00, 0x00, 0x00, 0x00, 0x00, 0x00, 0x00, 0x00, 0x00,
    0x00, 0x00, 0x00, 0x00, 0x00, 0x00, 0x00, 0x00, 0x00, 0x00, 0x00, 0x00, 0x00, 0x00, 0x00, 0x00,
    0x00, 0x00, 0x00, 0x00, 0x00, 0x00, 0x00, 0x00, 0x00, 0x00, 0x00, 0x00, 0x00, 0x00, 0x00, 0x00,
    0x00, 0x00, 0x00, 0x00, 0x00, 0x00, 0x00, 0x00, 0x00, 0x00, 0x00, 0x00, 0x00, 0x00, 0x00, 0x00,
    0x00, 0x00, 0x00, 0x00, 0x00, 0x00, 0x00, 0x00, 0x00, 0x00, 0x00, 0x00, 0x00, 0x00, 0x00, 0x00,
    0x00, 0x00, 0x00, 0x00, 0x00, 0x00, 0x00, 0x00, 0x00, 0x00, 0x00, 0x00, 0x00, 0x00, 0x00, 0x00,
    0x00, 0x00, 0x00, 0x00, 0x00, 0x00, 0x00, 0x00, 0x00, 0x00, 0x00, 0x00, 0x00, 0x00, 0x00, 0x00,
    0x00, 0x00, 0x00, 0x00, 0x00, 0x00, 0x00, 0x00, 0x00, 0x00, 0x00, 0x00, 0x00, 0x00, 0x00, 0x00,
    0x00, 0x00, 0x00, 0x00, 0x00, 0x00, 0x00, 0x00, 0x00, 0x00, 0x00, 0x00, 0x00, 0x00, 0x00, 0x00,
};
unsigned short ui_battle_cmd_timing_1_chance_pal[] = {0x7BDE, 0xA2CB, 0x9281, 0x7181, 0x5901, 0x5083, 0x58B1, 0x0171, 0x0025, 0xC111, 0x80A5, 0xA88D, 0x11F5, 0x6935, 0x9129, 0x1885};
unsigned char ui_battle_cmd_timing_ready_png[] = {
    0x00, 0x00, 0x00, 0x98, 0x89, 0x00, 0x00, 0x00, 0x00, 0x00, 0x97, 0x33, 0x33, 0x79, 0x00, 0x00,
    0x00, 0x09, 0x22, 0x31, 0x13, 0x34, 0x90, 0x00, 0x00, 0x92, 0x11, 0x21, 0x14, 0x43, 0x39, 0x00,
    0x09, 0x42, 0x11, 0x21, 0x15, 0x44, 0x34, 0x90, 0x07, 0x34, 0x22, 0x11, 0x11, 0x54, 0x43, 0x70,
    0x93, 0x11, 0x11, 0x11, 0x11, 0x11, 0x11, 0x39, 0x83, 0x31, 0x11, 0x11, 0x11, 0x11, 0x13, 0x38,
    0x83, 0x44, 0x11, 0x11, 0x11, 0x11, 0x44, 0x38, 0x83, 0x34, 0x51, 0x11, 0x11, 0x15, 0x43, 0x38,
    0x07, 0x34, 0x31, 0x11, 0x11, 0x13, 0x43, 0x70, 0x08, 0x33, 0x11, 0x15, 0x51, 0x11, 0x32, 0x80,
    0x00, 0x83, 0x13, 0x45, 0x54, 0x31, 0x28, 0x00, 0x00, 0x08, 0x33, 0x34, 0x43, 0x32, 0x80, 0x00,
    0x00, 0x00, 0x87, 0x33, 0x33, 0x78, 0x00, 0x00, 0x00, 0x00, 0x00, 0x88, 0x88, 0x00, 0x00, 0x00,
};
unsigned short ui_battle_cmd_timing_ready_pal[] = {0x7BDE, 0xFEF7, 0xFC27, 0xF907, 0xE8C5, 0xE085, 0xD043, 0xC001, 0xB043, 0x9843, 0xD601, 0x001F, 0x001F, 0x001F, 0x001F, 0x001F};
unsigned char ui_battle_cmd_timing_wait_png[] = {
    0x00, 0x00, 0x00, 0x77, 0x77, 0x00, 0x00, 0x00, 0x00, 0x00, 0x77, 0x33, 0x33, 0x77, 0x00, 0x00,
    0x00, 0x07, 0x99, 0x31, 0x13, 0x33, 0x70, 0x00, 0x00, 0x79, 0x88, 0x91, 0x14, 0x43, 0x37, 0x00,
    0x07, 0x39, 0x88, 0x92, 0x25, 0x44, 0x33, 0x70, 0x07, 0x34, 0x99, 0x12, 0x21, 0x54, 0x43, 0x70,
    0x73, 0x11, 0x11, 0x22, 0x22, 0x11, 0x11, 0x37, 0x73, 0x31, 0x22, 0x22, 0x22, 0x22, 0x13, 0x37,
    0x73, 0x44, 0x12, 0x22, 0x22, 0x21, 0x44, 0x37, 0x63, 0x34, 0x51, 0x22, 0x22, 0x15, 0x43, 0x36,
    0x06, 0x34, 0x31, 0x21, 0x12, 0x13, 0x43, 0x60, 0x06, 0x33, 0x11, 0x15, 0x51, 0x11, 0x33, 0x60,
    0x00, 0x63, 0x13, 0x45, 0x54, 0x31, 0x36, 0x00, 0x00, 0x06, 0x33, 0x34, 0x43, 0x33, 0x60, 0x00,
    0x00, 0x00, 0x66, 0x33, 0x33, 0x66, 0x00, 0x00, 0x00, 0x00, 0x00, 0x66, 0x66, 0x00, 0x00, 0x00,
};
unsigned short ui_battle_cmd_timing_wait_pal[] = {0x7BDE, 0x01ED, 0x016B, 0x0025, 0x085F, 0x085B, 0x1095, 0x108F, 0x3B33, 0x01AB, 0x0001, 0x0001, 0x0001, 0x0001, 0x0001, 0x1885};
unsigned char ui_battle_cmd_charge_1_png[] = {
    0x00, 0xA9, 0x9A, 0x00, 0x09, 0x66, 0x66, 0x90, 0x96, 0x44, 0x56, 0x69, 0x96, 0x44, 0x77, 0x69,
    0x96, 0x57, 0x78, 0x69, 0x96, 0x67, 0x88, 0x59, 0x09, 0x66, 0x65, 0x90, 0x00, 0xA9, 0x9A, 0x00,
};
unsigned short ui_battle_cmd_charge_1_pal[] = {0x7BDE, 0xB089, 0xC2D9, 0xDDEF, 0xF7BD, 0xFDAD, 0xFB5B, 0xFA53, 0xF14B, 0xB141, 0x9103, 0x0001, 0xE739, 0xBDAD, 0x4A53, 0x1885};
unsigned char ui_battle_cmd_charge_2_png[] = {
    0x00, 0xA9, 0x9A, 0x00, 0x09, 0x66, 0x66, 0x90, 0x96, 0x44, 0x56, 0x69, 0x96, 0x44, 0x77, 0x69,
    0x96, 0x57, 0x78, 0x69, 0x96, 0x67, 0x88, 0x59, 0x09, 0x66, 0x65, 0x90, 0x00, 0xA9, 0x9A, 0x00,
};
unsigned short ui_battle_cmd_charge_2_pal[] = {0x7BDE, 0x417B, 0x282D, 0x101B, 0xF7BD, 0xEF1F, 0xD601, 0xCCC1, 0xBB41, 0x8941, 0x7103, 0x0001, 0x0001, 0x0001, 0x0001, 0x1885};
unsigned char ui_battle_cmd_charge_3_png[] = {
    0x00, 0xA9, 0x9A, 0x00, 0x09, 0x66, 0x66, 0x90, 0x96, 0x44, 0x56, 0x69, 0x96, 0x44, 0x77, 0x69,
    0x96, 0x57, 0x78, 0x69, 0x96, 0x67, 0x88, 0x59, 0x09, 0x66, 0x65, 0x90, 0x00, 0xA9, 0x9A, 0x00,
};
unsigned short ui_battle_cmd_charge_3_pal[] = {0x7BDE, 0x11F5, 0x5BB7, 0xBE39, 0xF7BD, 0xCF5F, 0xA701, 0x7E01, 0x4CC1, 0x2341, 0x1281, 0x0001, 0xE739, 0xBDAD, 0x4A53, 0x1885};
unsigned char ui_battle_cmd_charge_4_png[] = {
    0x00, 0xFF, 0xFF, 0x00, 0x0F, 0x22, 0x22, 0xF0, 0xF2, 0x11, 0x22, 0x2F, 0xF2, 0x11, 0x33, 0x2F,
    0xF2, 0x23, 0x33, 0x2F, 0xF2, 0x23, 0x33, 0x2F, 0x0F, 0x22, 0x22, 0xF0, 0x00, 0xFF, 0xFF, 0x00,
};
unsigned short ui_battle_cmd_charge_4_pal[] = {0x7BDE, 0x417B, 0x282D, 0x101B, 0xF7BD, 0xEF1F, 0xD601, 0xCCC1, 0xBB41, 0x8941, 0x7103, 0x0001, 0x0001, 0x0001, 0x0001, 0x1885};
unsigned char ui_battle_cmd_timing_3_chances_png[] = {
    0x00, 0x00, 0x00, 0x00, 0x00, 0x00, 0x00, 0x00, 0x00, 0x00, 0x00, 0x00, 0x00, 0x00, 0x00, 0x00,
    0x00, 0x00, 0x00, 0xFF, 0xFF, 0xFF, 0x00, 0x00, 0x00, 0x00, 0x00, 0x00, 0x00, 0xFF, 0xFF, 0xFF,
    0x00, 0x00, 0x00, 0x00, 0x00, 0x00, 0x00, 0xFF, 0xFF, 0xFF, 0x00, 0x00, 0x00, 0x00, 0x00, 0x00,
    0x00, 0x00, 0x00, 0x00, 0x00, 0x00, 0x00, 0x00, 0x00, 0x00, 0x00, 0x00, 0x00, 0x00, 0x00, 0x00,
    0x00, 0x00, 0xFF, 0xFF, 0xFF, 0xFF, 0xFF, 0x00, 0x00, 0x00, 0x00, 0x00, 0xFF, 0xFF, 0xFF, 0xFF,
    0xFF, 0x00, 0x00, 0x00, 0x00, 0x00, 0xFF, 0xFF, 0xFF, 0xFF, 0xFF, 0x00, 0x00, 0x00, 0x00, 0x00,
    0x00, 0x00, 0x00, 0x00, 0x00, 0x00, 0x00, 0x00, 0x00, 0x00, 0x00, 0x00, 0x00, 0x00, 0x00, 0x00,
    0x00, 0x0F, 0xFF, 0xF0, 0x00, 0x0F, 0xFF, 0xF0, 0x00, 0x00, 0x00, 0x0F, 0xFF, 0xF0, 0x00, 0x0F,
    0xFF, 0xF0, 0x00, 0x00, 0x00, 0x0F, 0xFF, 0xF0, 0x00, 0x0F, 0xFF, 0xF0, 0x00, 0x00, 0x00, 0x00,
    0x00, 0x00, 0x00, 0x00, 0x00, 0x00, 0x00, 0x00, 0x00, 0x00, 0x00, 0x00, 0x00, 0x00, 0x00, 0x00,
    0x00, 0xFF, 0xF0, 0x00, 0x00, 0x00, 0x0F, 0xFF, 0x00, 0x00, 0x00, 0xFF, 0xF0, 0x00, 0x00, 0x00,
    0x0F, 0xFF, 0x00, 0x00, 0x00, 0xFF, 0xF0, 0x00, 0x00, 0x00, 0x0F, 0xFF, 0x00, 0x00, 0x00, 0x00,
    0x00, 0x00, 0x00, 0x00, 0x00, 0x00, 0x00, 0x00, 0x00, 0x00, 0x00, 0x00, 0x00, 0x00, 0x00, 0x00,
    0x0F, 0xFF, 0x00, 0x00, 0x00, 0x00, 0x00, 0xFF, 0xF0, 0x00, 0x0F, 0xFF, 0x00, 0x00, 0x00, 0x00,
    0x00, 0xFF, 0xF0, 0x00, 0x0F, 0xFF, 0x00, 0x00, 0x00, 0x00, 0x00, 0xFF, 0xF0, 0x00, 0x00, 0x00,
    0x00, 0x00, 0x00, 0x00, 0x00, 0x00, 0x00, 0x00, 0x00, 0x00, 0x00, 0x00, 0x00, 0x00, 0x00, 0x00,
    0x0F, 0xF0, 0x00, 0x00, 0x00, 0x00, 0x00, 0x0F, 0xF0, 0x00, 0x0F, 0xF0, 0x00, 0x00, 0x00, 0x00,
    0x00, 0x0F, 0xF0, 0x00, 0x0F, 0xF0, 0x00, 0x00, 0x00, 0x00, 0x00, 0x0F, 0xF0, 0x00, 0x00, 0x00,
    0x00, 0x00, 0x00, 0x00, 0x00, 0x00, 0x00, 0x00, 0x00, 0x00, 0x00, 0x00, 0x00, 0x00, 0x00, 0x00,
    0xFF, 0xF0, 0x00, 0x00, 0x00, 0x00, 0x00, 0x0F, 0xFF, 0x00, 0xFF, 0xF0, 0x00, 0x00, 0x00, 0x00,
    0x00, 0x0F, 0xFF, 0x00, 0xFF, 0xF0, 0x00, 0x00, 0x00, 0x00, 0x00, 0x0F, 0xFF, 0x00, 0x00, 0x00,
    0x00, 0x00, 0x00, 0x00, 0x00, 0x00, 0x00, 0x00, 0x00, 0x00, 0x00, 0x00, 0x00, 0x00, 0x00, 0x00,
    0xFF, 0x00, 0x00, 0x00, 0x00, 0x00, 0x00, 0x00, 0xFF, 0x00, 0xFF, 0x00, 0x00, 0x00, 0x00, 0x00,
    0x00, 0x00, 0xFF, 0x00, 0xFF, 0x00, 0x00, 0x00, 0x00, 0x00, 0x00, 0x00, 0xFF, 0x00, 0x00, 0x00,
    0x00, 0x00, 0xFF, 0xFF, 0xFF, 0xFF, 0xFF, 0xFF, 0xFF, 0xFF, 0xFF, 0xFF, 0xFF, 0xFF, 0xFF, 0xFF,
    0xFF, 0x00, 0x00, 0x00, 0x00, 0x00, 0x00, 0x00, 0xFF, 0xFF, 0xFF, 0x00, 0x00, 0x00, 0x00, 0x00,
    0x00, 0x00, 0xFF, 0xFF, 0xFF, 0x00, 0x00, 0x00, 0x00, 0x00, 0x00, 0x00, 0xFF, 0xFF, 0xFF, 0x00,
    0x00, 0x0F, 0xFF, 0xFF, 0xFF, 0xFF, 0xFF, 0xFF, 0xFF, 0xFF, 0xFF, 0xFF, 0xFF, 0xFF, 0xFF, 0xFF,
    0xFF, 0x00, 0x00, 0x00, 0x00, 0x00, 0x00, 0x00, 0xFF, 0xFF, 0xFF, 0x00, 0x00, 0x00, 0x00, 0x00,
    0x00, 0x00, 0xFF, 0xFF, 0xFF, 0x00, 0x00, 0x00, 0x00, 0x00, 0x00, 0x00, 0xFF, 0xFF, 0xFF, 0xF0,
    0x00, 0xFF, 0xF1, 0x22, 0x22, 0x22, 0x50, 0x00, 0x04, 0x12, 0x22, 0x22, 0x50, 0x00, 0x04, 0x12,
    0x25, 0x00, 0x00, 0x00, 0x00, 0x00, 0x00, 0x00, 0x52, 0x22, 0x25, 0x00, 0x00, 0x00, 0x00, 0x00,
    0x00, 0x00, 0x52, 0x22, 0x25, 0x00, 0x00, 0x00, 0x00, 0x00, 0x00, 0x00, 0x52, 0x22, 0x2F, 0xFF,
    0x00, 0xFF, 0x11, 0x11, 0x11, 0x25, 0x00, 0x00, 0x00, 0x41, 0x11, 0x25, 0x00, 0x00, 0x00, 0x41,
    0x12, 0x50, 0x00, 0x00, 0x00, 0x00, 0x00, 0x05, 0x21, 0x12, 0x12, 0x50, 0x00, 0x00, 0x00, 0x00,
    0x00, 0x05, 0x21, 0x12, 0x12, 0x50, 0x00, 0x00, 0x00, 0x00, 0x00, 0x05, 0x21, 0x12, 0x34, 0xFF,
    0x00, 0xFF, 0x21, 0x33, 0x33, 0x35, 0x00, 0x00, 0x00, 0x42, 0x33, 0x35, 0x00, 0x00, 0x00, 0x42,
    0x33, 0x50, 0x00, 0x00, 0x00, 0x00, 0x00, 0x05, 0x23, 0x33, 0x33, 0x50, 0x00, 0x00, 0x00, 0x00,
    0x00, 0x05, 0x23, 0x33, 0x33, 0x50, 0x00, 0x00, 0x00, 0x00, 0x00, 0x05, 0x23, 0x33, 0x34, 0xFF,
    0x00, 0xFF, 0x21, 0x33, 0x33, 0x35, 0x00, 0x00, 0x00, 0x52, 0x33, 0x35, 0x00, 0x00, 0x00, 0x52,
    0x33, 0x35, 0x00, 0x00, 0x00, 0x00, 0x00, 0x52, 0x33, 0x33, 0x33, 0x35, 0x00, 0x00, 0x00, 0x00,
    0x00, 0x52, 0x33, 0x33, 0x33, 0x35, 0x00, 0x00, 0x00, 0x00, 0x00, 0x52, 0x33, 0x33, 0x34, 0xFF,
    0x00, 0xFF, 0x22, 0x33, 0x33, 0x35, 0x00, 0x00, 0x00, 0x52, 0x33, 0x35, 0x00, 0x00, 0x00, 0x52,
    0x33, 0x33, 0x50, 0x00, 0x00, 0x00, 0x05, 0x23, 0x33, 0x33, 0x33, 0x33, 0x50, 0x00, 0x00, 0x00,
    0x05, 0x23, 0x33, 0x33, 0x33, 0x33, 0x50, 0x00, 0x00, 0x00, 0x05, 0x23, 0x33, 0x33, 0x44, 0xFF,
    0x00, 0xFF, 0xF3, 0x44, 0x44, 0x44, 0x50, 0x00, 0x05, 0x34, 0x44, 0x44, 0x50, 0x00, 0x05, 0x34,
    0x44, 0x44, 0x45, 0x50, 0x00, 0x05, 0x54, 0x44, 0x44, 0x44, 0x44, 0x44, 0x45, 0x50, 0x00, 0x05,
    0x54, 0x44, 0x44, 0x44, 0x44, 0x44, 0x45, 0x50, 0x00, 0x05, 0x54, 0x44, 0x44, 0x44, 0x4F, 0xFF,
    0x00, 0x0F, 0xFF, 0xFF, 0xFF, 0xFF, 0xFF, 0xFF, 0xFF, 0xFF, 0xFF, 0xFF, 0xFF, 0xFF, 0xFF, 0xFF,
    0xFF, 0xFF, 0xFF, 0xFF, 0xFF, 0xFF, 0xFF, 0xFF, 0xFF, 0xFF, 0xFF, 0xFF, 0xFF, 0xFF, 0xFF, 0xFF,
    0xFF, 0xFF, 0xFF, 0xFF, 0xFF, 0xFF, 0xFF, 0xFF, 0xFF, 0xFF, 0xFF, 0xFF, 0xFF, 0xFF, 0xFF, 0xF0,
    0x00, 0x00, 0xFF, 0xFF, 0xFF, 0xFF, 0xFF, 0xFF, 0xFF, 0xFF, 0xFF, 0xFF, 0xFF, 0xFF, 0xFF, 0xFF,
    0xFF, 0xFF, 0xFF, 0xFF, 0xFF, 0xFF, 0xFF, 0xFF, 0xFF, 0xFF, 0xFF, 0xFF, 0xFF, 0xFF, 0xFF, 0xFF,
    0xFF, 0xFF, 0xFF, 0xFF, 0xFF, 0xFF, 0xFF, 0xFF, 0xFF, 0xFF, 0xFF, 0xFF, 0xFF, 0xFF, 0xFF, 0x00,
    0x00, 0x00, 0x00, 0x00, 0x00, 0x00, 0x00, 0x00, 0x00, 0x00, 0x00, 0x00, 0x00, 0x00, 0x00, 0x00,
    0x00, 0x00, 0x00, 0x00, 0x00, 0x00, 0x00, 0x00, 0x00, 0x00, 0x00, 0x00, 0x00, 0x00, 0x00, 0x00,
    0x00, 0x00, 0x00, 0x00, 0x00, 0x00, 0x00, 0x00, 0x00, 0x00, 0x00, 0x00, 0x00, 0x00, 0x00, 0x00,
    0x00, 0x00, 0x00, 0x00, 0x00, 0x00, 0x00, 0x00, 0x00, 0x00, 0x00, 0x00, 0x00, 0x00, 0x00, 0x00,
    0x00, 0x00, 0x00, 0x00, 0x00, 0x00, 0x00, 0x00, 0x00, 0x00, 0x00, 0x00, 0x00, 0x00, 0x00, 0x00,
    0x00, 0x00, 0x00, 0x00, 0x00, 0x00, 0x00, 0x00, 0x00, 0x00, 0x00, 0x00, 0x00, 0x00, 0x00, 0x00,
    0x00, 0x00, 0x00, 0x00, 0x00, 0x00, 0x00, 0x00, 0x00, 0x00, 0x00, 0x00, 0x00, 0x00, 0x00, 0x00,
    0x00, 0x00, 0x00, 0x00, 0x00, 0x00, 0x00, 0x00, 0x00, 0x00, 0x00, 0x00, 0x00, 0x00, 0x00, 0x00,
    0x00, 0x00, 0x00, 0x00, 0x00, 0x00, 0x00, 0x00, 0x00, 0x00, 0x00, 0x00, 0x00, 0x00, 0x00, 0x00,
    0x00, 0x00, 0x00, 0x00, 0x00, 0x00, 0x00, 0x00, 0x00, 0x00, 0x00, 0x00, 0x00, 0x00, 0x00, 0x00,
    0x00, 0x00, 0x00, 0x00, 0x00, 0x00, 0x00, 0x00, 0x00, 0x00, 0x00, 0x00, 0x00, 0x00, 0x00, 0x00,
    0x00, 0x00, 0x00, 0x00, 0x00, 0x00, 0x00, 0x00, 0x00, 0x00, 0x00, 0x00, 0x00, 0x00, 0x00, 0x00,
    0x00, 0x00, 0x00, 0x00, 0x00, 0x00, 0x00, 0x00, 0x00, 0x00, 0x00, 0x00, 0x00, 0x00, 0x00, 0x00,
    0x00, 0x00, 0x00, 0x00, 0x00, 0x00, 0x00, 0x00, 0x00, 0x00, 0x00, 0x00, 0x00, 0x00, 0x00, 0x00,
    0x00, 0x00, 0x00, 0x00, 0x00, 0x00, 0x00, 0x00, 0x00, 0x00, 0x00, 0x00, 0x00, 0x00, 0x00, 0x00,
    0x00, 0x00, 0x00, 0x00, 0x00, 0x00, 0x00, 0x00, 0x00, 0x00, 0x00, 0x00, 0x00, 0x00, 0x00, 0x00,
    0x00, 0x00, 0x00, 0x00, 0x00, 0x00, 0x00, 0x00, 0x00, 0x00, 0x00, 0x00, 0x00, 0x00, 0x00, 0x00,
    0x00, 0x00, 0x00, 0x00, 0x00, 0x00, 0x00, 0x00, 0x00, 0x00, 0x00, 0x00, 0x00, 0x00, 0x00, 0x00,
};
unsigned short ui_battle_cmd_timing_3_chances_pal[] = {0x7BDE, 0xA2CB, 0x9281, 0x7181, 0x5901, 0x5083, 0x58B1, 0x0171, 0x0025, 0xC111, 0x80A5, 0xA88D, 0x11F5, 0x6935, 0x9129, 0x1885};
unsigned char ui_battle_cmd_gauge_result_png[] = {
    0x00, 0x00, 0x00, 0x00, 0x00, 0x00, 0x00, 0xFF, 0xFF, 0xFF, 0x00, 0x00, 0x00, 0x00, 0x00, 0x00,
    0x00, 0x00, 0x00, 0x00, 0x00, 0x00, 0xFF, 0xFF, 0xFF, 0xFF, 0xFF, 0x00, 0x00, 0x00, 0x00, 0x00,
    0x00, 0x00, 0x00, 0x00, 0x00, 0x0F, 0xFF, 0xF0, 0x00, 0x0F, 0xFF, 0xF0, 0x00, 0x00, 0x00, 0x00,
    0x00, 0x00, 0x00, 0x00, 0x00, 0xFF, 0xF0, 0x00, 0x00, 0x00, 0x0F, 0xFF, 0x00, 0x00, 0x00, 0x00,
    0x00, 0x00, 0x00, 0x00, 0x0F, 0xFF, 0x00, 0x00, 0x00, 0x00, 0x00, 0xFF, 0xF0, 0x00, 0x00, 0x00,
    0x00, 0x00, 0x00, 0x00, 0x0F, 0xF0, 0x00, 0x00, 0x00, 0x00, 0x00, 0x0F, 0xF0, 0x00, 0x00, 0x00,
    0x00, 0x00, 0x00, 0x00, 0xFF, 0xF0, 0x00, 0x00, 0x00, 0x00, 0x00, 0x0F, 0xFF, 0x00, 0x00, 0x00,
    0x00, 0x00, 0x00, 0x00, 0xFF, 0x00, 0x00, 0x00, 0x00, 0x00, 0x00, 0x00, 0xFF, 0x00, 0x00, 0x00,
    0x00, 0x00, 0xFF, 0xFF, 0xFF, 0x00, 0x00, 0x00, 0x00, 0x00, 0x00, 0x00, 0xFF, 0xFF, 0xFF, 0x00,
    0x00, 0x0F, 0xFF, 0xFF, 0xFF, 0x00, 0x00, 0x00, 0x00, 0x00, 0x00, 0x00, 0xFF, 0xFF, 0xFF, 0xF0,
    0x00, 0xFF, 0xF1, 0x22, 0x25, 0x00, 0x00, 0x00, 0x00, 0x00, 0x00, 0x00, 0x52, 0x22, 0x2F, 0xFF,
    0x00, 0xFF, 0x11, 0x11, 0x12, 0x50, 0x00, 0x00, 0x00, 0x00, 0x00, 0x05, 0x21, 0x12, 0x34, 0xFF,
    0x00, 0xFF, 0x21, 0x33, 0x33, 0x50, 0x00, 0x00, 0x00, 0x00, 0x00, 0x05, 0x23, 0x33, 0x34, 0xFF,
    0x00, 0xFF, 0x21, 0x33, 0x33, 0x35, 0x00, 0x00, 0x00, 0x00, 0x00, 0x52, 0x33, 0x33, 0x34, 0xFF,
    0x00, 0xFF, 0x22, 0x33, 0x33, 0x33, 0x50, 0x00, 0x00, 0x00, 0x05, 0x23, 0x33, 0x33, 0x44, 0xFF,
    0x00, 0xFF, 0xF3, 0x44, 0x44, 0x44, 0x45, 0x50, 0x00, 0x05, 0x54, 0x44, 0x44, 0x44, 0x4F, 0xFF,
    0x00, 0x0F, 0xFF, 0xFF, 0xFF, 0xFF, 0xFF, 0xFF, 0xFF, 0xFF, 0xFF, 0xFF, 0xFF, 0xFF, 0xFF, 0xF0,
    0x00, 0x00, 0xFF, 0xFF, 0xFF, 0xFF, 0xFF, 0xFF, 0xFF, 0xFF, 0xFF, 0xFF, 0xFF, 0xFF, 0xFF, 0x00,
    0x00, 0x00, 0x00, 0x00, 0x00, 0x00, 0x00, 0x00, 0x00, 0x00, 0x00, 0x00, 0x00, 0x00, 0x00, 0x00,
    0x00, 0x00, 0x00, 0x00, 0x00, 0x00, 0x00, 0x00, 0x00, 0x00, 0x00, 0x00, 0x00, 0x00, 0x00, 0x00,
    0x00, 0x00, 0x00, 0x00, 0x00, 0x00, 0x00, 0x00, 0x00, 0x00, 0x00, 0x00, 0x00, 0x00, 0x00, 0x00,
    0x00, 0x00, 0x00, 0x00, 0x00, 0x00, 0x00, 0x00, 0x00, 0x00, 0x00, 0x00, 0x00, 0x00, 0x00, 0x00,
    0x00, 0x00, 0x00, 0x00, 0x00, 0x00, 0x00, 0x00, 0x00, 0x00, 0x00, 0x00, 0x00, 0x00, 0x00, 0x00,
    0x00, 0x00, 0x00, 0x00, 0x00, 0x00, 0x00, 0x00, 0x00, 0x00, 0x00, 0x00, 0x00, 0x00, 0x00, 0x00,
};
unsigned short ui_battle_cmd_gauge_result_pal[] = {0x7BDE, 0xA2CB, 0x9281, 0x7181, 0x5901, 0x5083, 0x58B1, 0x0171, 0x0025, 0xC111, 0x80A5, 0xA88D, 0x11F5, 0x6935, 0x9129, 0x1885};
unsigned char ui_battle_cmd_timing_ok_png[] = {
    0x00, 0x00, 0x00, 0xFF, 0xFF, 0xFF, 0x00, 0x00, 0x00, 0x00, 0x00, 0x00, 0x00, 0x00, 0xFF, 0xFF,
    0xFF, 0xFF, 0xFF, 0x00, 0x00, 0x00, 0x00, 0x00, 0x00, 0x0F, 0xFF, 0xED, 0xCC, 0xDE, 0xFF, 0xF0,
    0x00, 0x00, 0x00, 0x00, 0x00, 0xFF, 0xED, 0xCC, 0xCC, 0xCC, 0xDE, 0xFF, 0x00, 0x00, 0x00, 0x00,
    0x0F, 0xFE, 0xCC, 0xC2, 0x11, 0x2C, 0xCC, 0xEF, 0xF0, 0x00, 0x00, 0x00, 0x0F, 0xFD, 0xC3, 0x11,
    0x11, 0x11, 0x3C, 0xDF, 0xF0, 0x00, 0x00, 0x00, 0xFF, 0xEC, 0xC1, 0x12, 0xCC, 0x21, 0x1C, 0xCE,
    0xFF, 0x00, 0x00, 0x00, 0xFF, 0xDC, 0x21, 0x2C, 0xCC, 0xC2, 0x12, 0xCD, 0xFF, 0x00, 0x00, 0x00,
    0xFF, 0xCC, 0x11, 0xCC, 0xCC, 0xCC, 0x11, 0xCC, 0xFF, 0x00, 0x00, 0x00, 0xFF, 0xCC, 0x11, 0xCC,
    0xCC, 0xCC, 0x11, 0xCC, 0xFF, 0x00, 0x00, 0x00, 0xFF, 0xDC, 0x21, 0x2C, 0xCC, 0xC2, 0x12, 0xCD,
    0xFF, 0x00, 0x00, 0x00, 0xFF, 0xEC, 0xC1, 0x12, 0xCC, 0x21, 0x1C, 0xCE, 0xFF, 0x00, 0x00, 0x00,
    0x0F, 0xFD, 0xC3, 0x11, 0x11, 0x11, 0x3C, 0xDF, 0xF0, 0x00, 0x00, 0x00, 0x0F, 0xFE, 0xCC, 0xC2,
    0x11, 0x2C, 0xCC, 0xEF, 0xF0, 0x00, 0x00, 0x00, 0x00, 0xFF, 0xED, 0xCC, 0xCC, 0xCC, 0xDE, 0xFF,
    0x00, 0x00, 0x00, 0x00, 0x00, 0x0F, 0xFF, 0xED, 0xCC, 0xDE, 0xFF, 0xF0, 0x00, 0x00, 0x00, 0x00,
    0x00, 0x00, 0xFF, 0xFF, 0xFF, 0xFF, 0xFF, 0x00, 0x00, 0x00, 0x00, 0x00, 0x00, 0x00, 0x00, 0xFF,
    0xFF, 0xFF, 0x00, 0x00, 0x00, 0x00, 0x00, 0x00, 0x00, 0x00, 0x00, 0x00, 0x00, 0x00, 0x00, 0x00,
    0x00, 0x00, 0x00, 0x00, 0x00, 0x00, 0x00, 0x00, 0x00, 0x00, 0x00, 0x00, 0x00, 0x00, 0x00, 0x00,
    0x00, 0x00, 0x00, 0x00, 0x00, 0x00, 0x00, 0x00, 0x00, 0x00, 0x00, 0x00, 0x00, 0x00, 0x00, 0x00,
    0x00, 0x00, 0x00, 0x00, 0x00, 0x00, 0x00, 0x00, 0x00, 0x00, 0x00, 0x00, 0x00, 0x00, 0x00, 0x00,
    0x00, 0x00, 0x00, 0x00, 0x00, 0x00, 0x00, 0x00, 0x00, 0x00, 0x00, 0x00, 0x00, 0x00, 0x00, 0x00,
};
unsigned short ui_battle_cmd_timing_ok_pal[] = {0x7BDE, 0xB089, 0xC2D9, 0xDDEF, 0xF7BD, 0xFDAD, 0xFB5B, 0xFA53, 0xF14B, 0xB141, 0x9103, 0x0001, 0xE739, 0xBDAD, 0x4A53, 0x1885};
unsigned char ui_battle_cmd_timing_miss_png[] = {
    0x00, 0x00, 0x00, 0xFF, 0xFF, 0xFF, 0x00, 0x00, 0x00, 0x00, 0x00, 0x00, 0x00, 0x00, 0xFF, 0xFF,
    0xFF, 0xFF, 0xFF, 0x00, 0x00, 0x00, 0x00, 0x00, 0x00, 0x0F, 0xFF, 0xED, 0xCC, 0xDE, 0xFF, 0xF0,
    0x00, 0x00, 0x00, 0x00, 0x00, 0xFF, 0xED, 0xCC, 0xCC, 0xCC, 0xDE, 0xFF, 0x00, 0x00, 0x00, 0x00,
    0x0F, 0xFE, 0xCC, 0xCC, 0xCC, 0xCC, 0xCC, 0xEF, 0xF0, 0x00, 0x00, 0x00, 0x0F, 0xFD, 0xC2, 0x1C,
    0xCC, 0xC1, 0x2C, 0xDF, 0xF0, 0x00, 0x00, 0x00, 0xFF, 0xEC, 0xC1, 0x11, 0xCC, 0x11, 0x1C, 0xCE,
    0xFF, 0x00, 0x00, 0x00, 0xFF, 0xDC, 0xCC, 0x11, 0x11, 0x11, 0xCC, 0xCD, 0xFF, 0x00, 0x00, 0x00,
    0xFF, 0xCC, 0xCC, 0xC1, 0x11, 0x1C, 0xCC, 0xCC, 0xFF, 0x00, 0x00, 0x00, 0xFF, 0xCC, 0xCC, 0xC1,
    0x11, 0x1C, 0xCC, 0xCC, 0xFF, 0x00, 0x00, 0x00, 0xFF, 0xDC, 0xCC, 0x11, 0x11, 0x11, 0xCC, 0xCD,
    0xFF, 0x00, 0x00, 0x00, 0xFF, 0xEC, 0xC1, 0x11, 0xCC, 0x11, 0x1C, 0xCE, 0xFF, 0x00, 0x00, 0x00,
    0x0F, 0xFD, 0xC2, 0x1C, 0xCC, 0xC1, 0x2C, 0xDF, 0xF0, 0x00, 0x00, 0x00, 0x0F, 0xFE, 0xCC, 0xCC,
    0xCC, 0xCC, 0xCC, 0xEF, 0xF0, 0x00, 0x00, 0x00, 0x00, 0xFF, 0xED, 0xCC, 0xCC, 0xCC, 0xDE, 0xFF,
    0x00, 0x00, 0x00, 0x00, 0x00, 0x0F, 0xFF, 0xED, 0xCC, 0xDE, 0xFF, 0xF0, 0x00, 0x00, 0x00, 0x00,
    0x00, 0x00, 0xFF, 0xFF, 0xFF, 0xFF, 0xFF, 0x00, 0x00, 0x00, 0x00, 0x00, 0x00, 0x00, 0x00, 0xFF,
    0xFF, 0xFF, 0x00, 0x00, 0x00, 0x00, 0x00, 0x00, 0x00, 0x00, 0x00, 0x00, 0x00, 0x00, 0x00, 0x00,
    0x00, 0x00, 0x00, 0x00, 0x00, 0x00, 0x00, 0x00, 0x00, 0x00, 0x00, 0x00, 0x00, 0x00, 0x00, 0x00,
    0x00, 0x00, 0x00, 0x00, 0x00, 0x00, 0x00, 0x00, 0x00, 0x00, 0x00, 0x00, 0x00, 0x00, 0x00, 0x00,
    0x00, 0x00, 0x00, 0x00, 0x00, 0x00, 0x00, 0x00, 0x00, 0x00, 0x00, 0x00, 0x00, 0x00, 0x00, 0x00,
    0x00, 0x00, 0x00, 0x00, 0x00, 0x00, 0x00, 0x00, 0x00, 0x00, 0x00, 0x00, 0x00, 0x00, 0x00, 0x00,
};
unsigned short ui_battle_cmd_timing_miss_pal[] = {0x7BDE, 0x11F5, 0x5BB7, 0xBE39, 0xF7BD, 0xCF5F, 0xA701, 0x7E01, 0x4CC1, 0x2341, 0x1281, 0x0001, 0xE739, 0xBDAD, 0x4A53, 0x1885};
unsigned char ui_battle_cmd_flee_0_png[] = {
    0x00, 0x00, 0x00, 0x00, 0x00, 0x00, 0x00, 0x00, 0x00, 0x00, 0x00, 0x66, 0x66, 0x00, 0x00, 0x00,
    0x00, 0x00, 0x06, 0x88, 0x88, 0x60, 0x00, 0x00, 0x00, 0x00, 0x06, 0x8E, 0xE8, 0x86, 0x00, 0x00,
    0x00, 0x01, 0x11, 0x28, 0xE8, 0x86, 0x66, 0x00, 0x00, 0x00, 0x11, 0x11, 0x12, 0x88, 0x88, 0x60,
    0x00, 0x00, 0x00, 0x15, 0x11, 0x11, 0x88, 0x60, 0x00, 0x00, 0x22, 0x15, 0x15, 0x52, 0x16, 0x60,
    0x00, 0x02, 0x45, 0x55, 0x55, 0x52, 0x54, 0x60, 0x00, 0x02, 0x55, 0x55, 0x11, 0x55, 0x55, 0x20,
    0x00, 0x01, 0x12, 0x21, 0x13, 0x55, 0x42, 0x20, 0x00, 0x00, 0x11, 0x11, 0x45, 0x43, 0x26, 0x00,
    0x00, 0x00, 0x00, 0xA2, 0x22, 0x26, 0x86, 0x00, 0x00, 0x00, 0x0A, 0xAC, 0xC6, 0x67, 0x86, 0x00,
    0x00, 0x22, 0xA5, 0xC5, 0xBE, 0xE8, 0x8A, 0x20, 0x02, 0x33, 0x2C, 0xCC, 0xBE, 0xE7, 0x72, 0x32,
    0x02, 0x34, 0x2A, 0xCC, 0xCB, 0xBC, 0xB2, 0x42, 0x00, 0x23, 0x32, 0xAA, 0xBC, 0xCC, 0x23, 0x32,
    0x00, 0x23, 0x32, 0x00, 0xBA, 0xAA, 0x23, 0x32, 0x00, 0x02, 0x20, 0x00, 0x00, 0x00, 0x02, 0x20,
    0x00, 0x00, 0x00, 0x00, 0x00, 0x00, 0x00, 0x00, 0x00, 0x00, 0x00, 0x00, 0x00, 0x00, 0x00, 0x00,
    0x00, 0x00, 0x00, 0x00, 0x00, 0x00, 0x00, 0x00, 0x00, 0x00, 0x00, 0x00, 0x00, 0x00, 0x00, 0x00,
};
unsigned short ui_battle_cmd_flee_0_pal[] = {0x8420, 0x1843, 0x40C1, 0x8245, 0xB3CF, 0xDD1D, 0x6801, 0x9847, 0xC8CD, 0xD50D, 0x1911, 0x2167, 0x31BF, 0x1C2D, 0xCE73, 0xF93F};
unsigned char ui_battle_cmd_flee_1_png[] = {
    0x00, 0x00, 0x00, 0x00, 0x00, 0x00, 0x00, 0x00, 0x00, 0x00, 0x00, 0x00, 0x00, 0x00, 0x00, 0x00,
    0x00, 0x00, 0x00, 0x66, 0x66, 0x00, 0x00, 0x00, 0x00, 0x00, 0x06, 0x88, 0x88, 0x60, 0x00, 0x00,
    0x00, 0x00, 0x06, 0x8E, 0xE8, 0x86, 0x00, 0x00, 0x00, 0x01, 0x11, 0x28, 0xE8, 0x86, 0x66, 0x00,
    0x00, 0x00, 0x11, 0x11, 0x12, 0x88, 0x88, 0x60, 0x00, 0x00, 0x00, 0x15, 0x11, 0x11, 0x88, 0x60,
    0x00, 0x00, 0x22, 0x15, 0x15, 0x52, 0x16, 0x60, 0x00, 0x02, 0x45, 0x55, 0x55, 0x52, 0x54, 0x60,
    0x00, 0x02, 0x55, 0x55, 0x11, 0x55, 0x55, 0x20, 0x00, 0x01, 0x12, 0x21, 0x13, 0x55, 0x42, 0x20,
    0x00, 0x00, 0x11, 0x11, 0x45, 0x43, 0x26, 0x00, 0x00, 0x00, 0x00, 0xA2, 0x22, 0x26, 0x86, 0x00,
    0x00, 0x00, 0x0A, 0xAC, 0xC6, 0x67, 0x86, 0x00, 0x00, 0x00, 0xA5, 0xC5, 0xBE, 0xE8, 0x8A, 0x00,
    0x00, 0x00, 0xAA, 0xCC, 0xBE, 0xE7, 0x7A, 0x00, 0x00, 0x00, 0x0A, 0xCC, 0xCB, 0xBA, 0xBA, 0x00,
    0x00, 0x00, 0x23, 0x2C, 0xCC, 0xCC, 0x23, 0x20, 0x00, 0x00, 0x23, 0x32, 0x22, 0x22, 0x33, 0x20,
    0x00, 0x00, 0x02, 0x33, 0x20, 0x23, 0x32, 0x00, 0x00, 0x00, 0x00, 0x22, 0x00, 0x02, 0x20, 0x00,
    0x00, 0x00, 0x00, 0x00, 0x00, 0x00, 0x00, 0x00, 0x00, 0x00, 0x00, 0x00, 0x00, 0x00, 0x00, 0x00,
};
unsigned short ui_battle_cmd_flee_1_pal[] = {0x8420, 0x1843, 0x40C1, 0x8245, 0xB3CF, 0xDD1D, 0x6801, 0x9847, 0xC8CD, 0xD50D, 0x1911, 0x2167, 0x31BF, 0x1C2D, 0xCE73, 0xF93F};
unsigned char ui_battle_cmd_flee_2_png[] = {
    0x00, 0x00, 0x00, 0x00, 0x00, 0x00, 0x00, 0x00, 0x00, 0x00, 0x00, 0x00, 0x00, 0x00, 0x00, 0x00,
    0x00, 0x00, 0x00, 0x66, 0x66, 0x00, 0x00, 0x00, 0x00, 0x00, 0x06, 0x88, 0x88, 0x60, 0x00, 0x00,
    0x00, 0x00, 0x06, 0x8E, 0xE8, 0x86, 0x00, 0x00, 0x00, 0x01, 0x11, 0x28, 0xE8, 0x86, 0x66, 0x00,
    0x00, 0x00, 0x11, 0x11, 0x12, 0x88, 0x88, 0x60, 0x00, 0x00, 0x00, 0x15, 0x11, 0x11, 0x88, 0x60,
    0x00, 0x00, 0x22, 0x15, 0x15, 0x52, 0x16, 0x60, 0x00, 0x02, 0x45, 0x55, 0x55, 0x52, 0x54, 0x60,
    0x00, 0x02, 0x55, 0x55, 0x11, 0x55, 0x55, 0x20, 0x00, 0x01, 0x12, 0x21, 0x13, 0x55, 0x42, 0x20,
    0x00, 0x00, 0x11, 0x11, 0x45, 0x43, 0x26, 0x00, 0x00, 0x00, 0x00, 0xA2, 0x22, 0x26, 0x86, 0x00,
    0x00, 0x00, 0x0A, 0xAC, 0xC6, 0x67, 0x86, 0x00, 0x00, 0x00, 0xA5, 0xC5, 0xBE, 0xE8, 0x8A, 0x00,
    0x00, 0x00, 0xAA, 0xCC, 0xBE, 0xE7, 0x7A, 0x00, 0x00, 0x00, 0x0A, 0xCC, 0xCB, 0xBC, 0xBA, 0x00,
    0x00, 0x00, 0x0A, 0xBC, 0xCC, 0xCC, 0xAA, 0x00, 0x00, 0x00, 0x00, 0x22, 0x22, 0x22, 0xA0, 0x00,
    0x00, 0x00, 0x00, 0x23, 0x43, 0x33, 0x20, 0x00, 0x00, 0x00, 0x00, 0x02, 0x22, 0x22, 0x00, 0x00,
    0x00, 0x00, 0x00, 0x00, 0x00, 0x00, 0x00, 0x00, 0x00, 0x00, 0x00, 0x00, 0x00, 0x00, 0x00, 0x00,
};
unsigned short ui_battle_cmd_flee_2_pal[] = {0x8420, 0x1843, 0x40C1, 0x8245, 0xB3CF, 0xDD1D, 0x6801, 0x9847, 0xC8CD, 0xD50D, 0x1911, 0x2167, 0x31BF, 0x1C2D, 0xCE73, 0xF93F};
unsigned char ui_battle_cmd_100pct_png[] = {
    0x00, 0x00, 0x00, 0x00, 0x00, 0x00, 0x00, 0x00, 0x00, 0x00, 0x00, 0x00, 0x00, 0x00, 0x00, 0x00,
    0x00, 0x00, 0x00, 0x00, 0x00, 0x00, 0x00, 0x00, 0x00, 0x00, 0x00, 0x00, 0x00, 0x00, 0x00, 0x00,
    0x00, 0x00, 0x00, 0x00, 0x00, 0x00, 0x00, 0x00, 0x00, 0x00, 0x00, 0x0B, 0xB0, 0x00, 0x00, 0x00,
    0x00, 0x00, 0x00, 0xB0, 0x00, 0x00, 0x00, 0x00, 0x00, 0x00, 0x00, 0x00, 0x00, 0x00, 0x00, 0x00,
    0x00, 0x00, 0x00, 0x00, 0x00, 0x00, 0x00, 0x00, 0x00, 0x00, 0x00, 0xBB, 0xBB, 0x00, 0x00, 0x00,
    0x00, 0x00, 0x0B, 0xB0, 0x00, 0x00, 0x00, 0x00, 0x00, 0x00, 0x00, 0x00, 0x00, 0x00, 0x00, 0x00,
    0x00, 0x00, 0x00, 0x00, 0x00, 0x00, 0x00, 0x00, 0x00, 0x00, 0x00, 0xBB, 0xBB, 0x00, 0x00, 0x00,
    0x00, 0x00, 0xBB, 0xB0, 0x00, 0x00, 0x00, 0x00, 0x00, 0x00, 0x00, 0x00, 0x00, 0x00, 0x00, 0x00,
    0x00, 0x00, 0x00, 0x00, 0x00, 0x00, 0x00, 0x00, 0x00, 0x00, 0x0B, 0xBB, 0xBB, 0xB0, 0x00, 0x00,
    0x00, 0x0B, 0xBB, 0xBB, 0x00, 0x00, 0x00, 0x00, 0x00, 0x00, 0x00, 0x00, 0x00, 0x00, 0x00, 0x00,
    0x00, 0x00, 0x00, 0x00, 0x00, 0x00, 0x00, 0x00, 0x00, 0x00, 0x0B, 0xBB, 0xBB, 0xBB, 0x00, 0x00,
    0x00, 0xBB, 0xBB, 0xBB, 0x00, 0x00, 0x00, 0x00, 0x00, 0x00, 0x00, 0x00, 0x00, 0x00, 0x00, 0x00,
    0x00, 0x00, 0x00, 0x00, 0x00, 0x00, 0x00, 0x00, 0x00, 0x00, 0xBB, 0xBB, 0xBB, 0xBB, 0xB0, 0x00,
    0x0B, 0xBB, 0xBB, 0xBB, 0x00, 0x00, 0x00, 0x00, 0x00, 0x0B, 0x00, 0x00, 0x00, 0x00, 0x00, 0x00,
    0x00, 0x00, 0x0B, 0xBB, 0x00, 0x00, 0x00, 0x00, 0x00, 0x00, 0xBB, 0xBB, 0xBB, 0xBB, 0xB0, 0x00,
    0xBB, 0xBB, 0xBB, 0xBB, 0xB0, 0x00, 0x00, 0x00, 0x0B, 0xBB, 0x00, 0x00, 0x00, 0x00, 0x00, 0x00,
    0x00, 0x00, 0x0B, 0xBB, 0xBB, 0xBB, 0x00, 0x00, 0x00, 0x0B, 0xBB, 0xBB, 0xBB, 0xBB, 0xBB, 0x0B,
    0xBB, 0xBB, 0xBB, 0xBB, 0xB0, 0x00, 0x00, 0x0B, 0xBB, 0xBB, 0x00, 0x00, 0x00, 0x00, 0x00, 0x00,
    0x00, 0x00, 0x00, 0xBB, 0xBB, 0xBB, 0xBB, 0xBB, 0x00, 0x0B, 0xBB, 0xBB, 0xBB, 0xBB, 0xBB, 0xBB,
    0xBB, 0xBB, 0xBB, 0xBB, 0xB0, 0x00, 0x0B, 0xBB, 0xBB, 0xBB, 0x00, 0x00, 0x00, 0x00, 0x00, 0x00,
    0x00, 0x00, 0x00, 0xBB, 0xBB, 0xBB, 0xBB, 0xBB, 0xBB, 0xBB, 0xBB, 0xBB, 0xBB, 0xBB, 0xBB, 0xBB,
    0xBB, 0xBB, 0xBB, 0xBB, 0xB0, 0x0B, 0xBB, 0xBB, 0xBB, 0xBB, 0x00, 0x00, 0x00, 0x00, 0x00, 0x00,
    0x00, 0x00, 0x00, 0xBB, 0xBB, 0xBB, 0xBB, 0xCD, 0xDE, 0xCB, 0xBB, 0xBB, 0xBB, 0xBB, 0xBB, 0xBB,
    0xBB, 0xBB, 0xBB, 0xBB, 0xBB, 0xBB, 0xBB, 0xBB, 0xBB, 0xBB, 0x00, 0x00, 0x00, 0x00, 0x00, 0x00,
    0x00, 0x00, 0x00, 0x0B, 0xBB, 0xBB, 0xBC, 0xE9, 0x19, 0xEC, 0xBB, 0xBB, 0xBB, 0xBB, 0xBB, 0xBB,
    0xBB, 0xBB, 0xBB, 0xBB, 0xBB, 0xBB, 0xBB, 0xBB, 0xBB, 0xB0, 0x00, 0x00, 0x00, 0x00, 0x00, 0x00,
    0x00, 0x00, 0x00, 0x0B, 0xBB, 0xBC, 0xDE, 0x51, 0x11, 0x9E, 0xCB, 0xBB, 0xBB, 0xBB, 0xBB, 0xBB,
    0xBB, 0xCE, 0xEE, 0xEE, 0xCB, 0xBB, 0xBB, 0xBB, 0xBB, 0xB0, 0x00, 0x00, 0x00, 0x00, 0x00, 0x00,
    0x00, 0x00, 0x00, 0x0B, 0xBB, 0xDE, 0x94, 0x11, 0x11, 0x19, 0xEB, 0xBC, 0xEE, 0xEE, 0xEC, 0xBB,
    0xBC, 0xA1, 0x11, 0x18, 0xEC, 0xBB, 0xBB, 0xBB, 0xBB, 0xB0, 0x00, 0x00, 0x00, 0x00, 0x00, 0x00,
    0x00, 0x00, 0x00, 0x00, 0xBD, 0xE8, 0x11, 0x11, 0x11, 0x12, 0xEB, 0xCE, 0x88, 0x41, 0xAE, 0xCB,
    0xCE, 0x11, 0x11, 0x11, 0x4E, 0xCB, 0xBB, 0xBB, 0xBB, 0xB0, 0x00, 0x00, 0x00, 0x00, 0x00, 0x00,
    0x00, 0x00, 0x00, 0x00, 0xBD, 0x81, 0x11, 0x11, 0x11, 0x15, 0xEC, 0xE8, 0x11, 0x11, 0x1E, 0xDC,
    0xE9, 0x11, 0x11, 0x11, 0x18, 0xDB, 0xBB, 0xBB, 0xBB, 0xB0, 0x00, 0x00, 0x00, 0x00, 0x00, 0x00,
    0x00, 0x00, 0x00, 0x00, 0xBC, 0xE2, 0x11, 0x11, 0x11, 0x18, 0xEE, 0xA1, 0x11, 0x11, 0x18, 0xED,
    0xA2, 0x22, 0x2A, 0x22, 0x28, 0xDB, 0xBB, 0xBB, 0xBB, 0xBB, 0x00, 0x00, 0x00, 0x00, 0x00, 0x00,
    0x00, 0x00, 0x00, 0x0B, 0xBB, 0xDE, 0x11, 0xA8, 0x11, 0x1A, 0xEA, 0x11, 0x22, 0x22, 0x22, 0x9E,
    0x92, 0x22, 0xAE, 0x92, 0x28, 0xDB, 0xBB, 0xBB, 0xBB, 0xBB, 0xB0, 0x00, 0x00, 0x00, 0x00, 0x00,
    0x00, 0x00, 0x00, 0xBB, 0xBB, 0xBD, 0xEA, 0xE2, 0x22, 0x2E, 0xE9, 0x22, 0x2A, 0xE2, 0x22, 0xAE,
    0x22, 0x38, 0xED, 0xE3, 0x38, 0xDB, 0xBB, 0xBB, 0xBB, 0xBB, 0xBB, 0x00, 0x00, 0x00, 0x00, 0x00,
    0x00, 0x00, 0xBB, 0xBB, 0xBB, 0xBB, 0xCD, 0xA2, 0x22, 0x3E, 0xA2, 0x22, 0x8E, 0xE4, 0x33, 0xA8,
    0x33, 0x3E, 0xDD, 0x93, 0x48, 0xDB, 0xBB, 0xBB, 0xBB, 0xBB, 0xBB, 0xB0, 0x00, 0x00, 0x00, 0x00,
    0x00, 0xBB, 0xBB, 0xBB, 0xBB, 0xBB, 0xBE, 0x93, 0x33, 0x9E, 0x53, 0x33, 0xEC, 0xE4, 0x33, 0xA4,
    0x44, 0x9E, 0xDE, 0x85, 0x58, 0xDB, 0xBB, 0xBB, 0xBB, 0xBB, 0xBB, 0xBB, 0x00, 0x00, 0x00, 0x00,
    0x0B, 0xBB, 0xBB, 0xBB, 0xBB, 0xBB, 0xCE, 0x33, 0x33, 0xEA, 0x34, 0x49, 0xEC, 0xE4, 0x45, 0xA5,
    0x55, 0x59, 0xE9, 0x55, 0x58, 0xDB, 0xBB, 0xBB, 0xBB, 0xBB, 0xBB, 0xBB, 0xB0, 0x00, 0x00, 0x00,
    0x00, 0xBB, 0xBB, 0xBB, 0xBB, 0xBB, 0xE9, 0x44, 0x44, 0xEA, 0x55, 0x5A, 0xEE, 0x95, 0x55, 0xA5,
    0x55, 0x55, 0x86, 0x66, 0x6A, 0xCB, 0xBB, 0xBC, 0xBB, 0xBB, 0xBB, 0xBB, 0xBB, 0xB0, 0x00, 0x00,
    0x00, 0x00, 0xBB, 0xBB, 0xBB, 0xBC, 0xE5, 0x55, 0x55, 0xEA, 0x55, 0x55, 0xA9, 0x56, 0x66, 0xAA,
    0x66, 0x66, 0x66, 0x66, 0x9E, 0xED, 0xCC, 0xEE, 0xCB, 0xBB, 0xBB, 0xBB, 0xBB, 0xBB, 0x00, 0x00,
    0x00, 0x00, 0x00, 0xBB, 0xBB, 0xBE, 0xA5, 0x55, 0x59, 0xEE, 0x66, 0x66, 0x66, 0x66, 0x69, 0xEE,
    0xA6, 0x67, 0x77, 0x77, 0x87, 0x79, 0xEE, 0x97, 0xEC, 0xBB, 0xBB, 0xBB, 0xBB, 0xB0, 0x00, 0x00,
    0x00, 0x00, 0x00, 0x00, 0xBB, 0xDD, 0x66, 0x66, 0x6A, 0xCD, 0xA6, 0x66, 0x67, 0x77, 0x8A, 0xDB,
    0xE9, 0x77, 0x77, 0x97, 0x79, 0x77, 0xEA, 0x77, 0x9E, 0xBB, 0xBB, 0xBB, 0xBB, 0x00, 0x00, 0x00,
    0x00, 0x00, 0x00, 0x00, 0x0B, 0xEA, 0x66, 0x77, 0x7A, 0xBC, 0xE9, 0x77, 0x77, 0x77, 0xAD, 0xBB,
    0xBE, 0xEE, 0xEE, 0xE7, 0x7A, 0x77, 0xE7, 0x77, 0xEC, 0xBB, 0xBB, 0xBB, 0x00, 0x00, 0x00, 0x00,
    0x00, 0x00, 0x00, 0x00, 0xBB, 0xE9, 0x77, 0x77, 0x7E, 0xBB, 0xCE, 0x99, 0x99, 0x9E, 0xDB, 0xBB,
    0xBB, 0xCC, 0xCC, 0xE7, 0x79, 0x77, 0x97, 0x7E, 0xCB, 0xBB, 0xBB, 0xB0, 0x00, 0x00, 0x00, 0x00,
    0x00, 0x00, 0x00, 0x00, 0xBB, 0xCE, 0x77, 0x77, 0x9E, 0xBB, 0xBC, 0xEE, 0xEE, 0xEC, 0xBB, 0xBB,
    0xBB, 0xBB, 0xBB, 0xE9, 0x77, 0x77, 0x77, 0x9E, 0xDC, 0xBB, 0xB0, 0x00, 0x00, 0x00, 0x00, 0x00,
    0x00, 0x00, 0x00, 0x0B, 0xBB, 0xBD, 0xE7, 0x77, 0xEC, 0xBB, 0xBB, 0xBB, 0xBB, 0xBB, 0xBB, 0xBB,
    0xBB, 0xBB, 0xBB, 0xCE, 0xEE, 0xA7, 0x77, 0x97, 0xAE, 0xCB, 0x00, 0x00, 0x00, 0x00, 0x00, 0x00,
    0x00, 0x00, 0x00, 0x0B, 0xBB, 0xBB, 0xDE, 0xEE, 0xDB, 0xBB, 0xBB, 0xBB, 0xBB, 0xBB, 0xBB, 0xBB,
    0xBB, 0xBB, 0xBB, 0xBB, 0xDE, 0x77, 0x78, 0x77, 0x79, 0xDB, 0x00, 0x00, 0x00, 0x00, 0x00, 0x00,
    0x00, 0x00, 0x00, 0xBB, 0xBB, 0xBB, 0xBB, 0xBB, 0xBB, 0xBB, 0xBB, 0xBB, 0xBB, 0xBB, 0xBB, 0xBB,
    0xBB, 0xBB, 0xBB, 0xBC, 0xE8, 0x77, 0x8A, 0x79, 0x77, 0xDB, 0x00, 0x00, 0x00, 0x00, 0x00, 0x00,
    0x00, 0x00, 0x00, 0xBB, 0xBB, 0xBB, 0xBB, 0xBB, 0xBB, 0xBB, 0xBB, 0xBB, 0xBB, 0xBB, 0xBB, 0xBB,
    0xBB, 0xBB, 0xBB, 0xBE, 0x87, 0x77, 0xE9, 0x77, 0x77, 0xDB, 0x00, 0x00, 0x00, 0x00, 0x00, 0x00,
    0x00, 0x00, 0x0B, 0xBB, 0xBB, 0xBB, 0xBB, 0xBB, 0xBB, 0xBB, 0xBB, 0xBB, 0xBB, 0xBB, 0xBB, 0xBB,
    0xBB, 0xBB, 0xBB, 0xBE, 0x87, 0x79, 0xEA, 0x77, 0x7A, 0xDB, 0x00, 0x00, 0x00, 0x00, 0x00, 0x00,
    0x00, 0x00, 0x0B, 0xBB, 0xBB, 0xBB, 0x00, 0x0B, 0xBB, 0xBB, 0xBB, 0xBB, 0xBB, 0xBB, 0xBB, 0xBB,
    0xBB, 0xBB, 0xBB, 0xBD, 0xE9, 0x7A, 0xDE, 0xA9, 0xAE, 0xCB, 0x00, 0x00, 0x00, 0x00, 0x00, 0x00,
    0x00, 0x00, 0x0B, 0xBB, 0x00, 0x00, 0x00, 0x0B, 0xBB, 0xBB, 0xBB, 0xBB, 0xBB, 0xBB, 0xBB, 0xBB,
    0xBB, 0xBB, 0xBB, 0xBB, 0xCE, 0xDE, 0xBB, 0xDD, 0xDB, 0xBB, 0x00, 0x00, 0x00, 0x00, 0x00, 0x00,
    0x00, 0x00, 0x00, 0x00, 0x00, 0x00, 0x00, 0x00, 0xBB, 0xBB, 0xBB, 0xBB, 0xBB, 0xBB, 0xBB, 0xBB,
    0xBB, 0xBB, 0xBB, 0xBB, 0xBB, 0xCB, 0xBB, 0xBB, 0xBB, 0xBB, 0xB0, 0x00, 0x00, 0x00, 0x00, 0x00,
    0x00, 0x00, 0x00, 0x00, 0x00, 0x00, 0x00, 0x00, 0xBB, 0xBB, 0xBB, 0xBB, 0xB0, 0x0B, 0xBB, 0xBB,
    0xBB, 0xBB, 0xBB, 0xBB, 0x00, 0x0B, 0xBB, 0xBB, 0xBB, 0xBB, 0xB0, 0x00, 0x00, 0x00, 0x00, 0x00,
    0x00, 0x00, 0x00, 0x00, 0x00, 0x00, 0x00, 0x00, 0xBB, 0xBB, 0xBB, 0xBB, 0x00, 0x00, 0xBB, 0xBB,
    0xBB, 0xBB, 0xBB, 0xB0, 0x00, 0x00, 0x00, 0xBB, 0xBB, 0xBB, 0xB0, 0x00, 0x00, 0x00, 0x00, 0x00,
    0x00, 0x00, 0x00, 0x00, 0x00, 0x00, 0x00, 0x00, 0x0B, 0xBB, 0xBB, 0xB0, 0x00, 0x00, 0x0B, 0xBB,
    0xBB, 0xBB, 0xBB, 0x00, 0x00, 0x00, 0x00, 0x00, 0x0B, 0xBB, 0xB0, 0x00, 0x00, 0x00, 0x00, 0x00,
    0x00, 0x00, 0x00, 0x00, 0x00, 0x00, 0x00, 0x00, 0x0B, 0xBB, 0xBB, 0x00, 0x00, 0x00, 0x00, 0xBB,
    0xBB, 0xBB, 0xB0, 0x00, 0x00, 0x00, 0x00, 0x00, 0x00, 0x00, 0x00, 0x00, 0x00, 0x00, 0x00, 0x00,
    0x00, 0x00, 0x00, 0x00, 0x00, 0x00, 0x00, 0x00, 0x0B, 0xBB, 0xB0, 0x00, 0x00, 0x00, 0x00, 0xBB,
    0xBB, 0xBB, 0x00, 0x00, 0x00, 0x00, 0x00, 0x00, 0x00, 0x00, 0x00, 0x00, 0x00, 0x00, 0x00, 0x00,
    0x00, 0x00, 0x00, 0x00, 0x00, 0x00, 0x00, 0x00, 0x00, 0xBB, 0x00, 0x00, 0x00, 0x00, 0x00, 0x0B,
    0xBB, 0xB0, 0x00, 0x00, 0x00, 0x00, 0x00, 0x00, 0x00, 0x00, 0x00, 0x00, 0x00, 0x00, 0x00, 0x00,
    0x00, 0x00, 0x00, 0x00, 0x00, 0x00, 0x00, 0x00, 0x00, 0xB0, 0x00, 0x00, 0x00, 0x00, 0x00, 0x00,
    0xBB, 0x00, 0x00, 0x00, 0x00, 0x00, 0x00, 0x00, 0x00, 0x00, 0x00, 0x00, 0x00, 0x00, 0x00, 0x00,
    0x00, 0x00, 0x00, 0x00, 0x00, 0x00, 0x00, 0x00, 0x00, 0x00, 0x00, 0x00, 0x00, 0x00, 0x00, 0x00,
    0x00, 0x00, 0x00, 0x00, 0x00, 0x00, 0x00, 0x00, 0x00, 0x00, 0x00, 0x00, 0x00, 0x00, 0x00, 0x00,
    0x00, 0x00, 0x00, 0x00, 0x00, 0x00, 0x00, 0x00, 0x00, 0x00, 0x00, 0x00, 0x00, 0x00, 0x00, 0x00,
    0x00, 0x00, 0x00, 0x00, 0x00, 0x00, 0x00, 0x00, 0x00, 0x00, 0x00, 0x00, 0x00, 0x00, 0x00, 0x00,
    0x00, 0x00, 0x00, 0x00, 0x00, 0x00, 0x00, 0x00, 0x00, 0x00, 0x00, 0x00, 0x00, 0x00, 0x00, 0x00,
    0x00, 0x00, 0x00, 0x00, 0x00, 0x00, 0x00, 0x00, 0x00, 0x00, 0x00, 0x00, 0x00, 0x00, 0x00, 0x00,
};
unsigned short ui_battle_cmd_100pct_pal[] = {0xD94C, 0xFF41, 0xFEC1, 0xFE41, 0xFE01, 0xFD81, 0xFD01, 0xFC81, 0xDCC1, 0xC343, 0xA203, 0xD94D, 0xB909, 0xA0C7, 0x8083, 0x6083};
unsigned char ui_battle_cmd_right_on_png[] = {
    0x00, 0x00, 0x00, 0x00, 0x00, 0x00, 0x00, 0x00, 0x00, 0x00, 0x00, 0x00, 0x00, 0x00, 0x00, 0x00,
    0x00, 0x00, 0x00, 0x00, 0x00, 0x00, 0x00, 0x00, 0x00, 0x00, 0x00, 0x00, 0x00, 0x00, 0x00, 0x00,
    0x22, 0x22, 0x22, 0x22, 0x22, 0x22, 0x22, 0x22, 0x22, 0x22, 0x22, 0x22, 0x22, 0x22, 0x22, 0x22,
    0x22, 0x22, 0x22, 0x20, 0x00, 0x00, 0x00, 0x00, 0x00, 0x00, 0x00, 0x22, 0x22, 0x22, 0x22, 0x22,
    0x22, 0x22, 0x22, 0x22, 0x22, 0x22, 0x22, 0x22, 0x22, 0x22, 0x22, 0x22, 0x22, 0x22, 0x22, 0x22,
    0x20, 0x00, 0x00, 0x00, 0x00, 0x00, 0x02, 0x22, 0x59, 0xAD, 0xDD, 0xAA, 0xAA, 0xAA, 0xAA, 0xAA,
    0xAA, 0xAA, 0xAA, 0xAA, 0xAA, 0xAA, 0xAA, 0xAA, 0xAA, 0xAA, 0xB9, 0x52, 0x22, 0x00, 0x00, 0x00,
    0x00, 0x00, 0x22, 0x59, 0xAD, 0xDB, 0xBB, 0xBB, 0xBB, 0xBB, 0xBB, 0xBB, 0xBB, 0xBB, 0xBB, 0xBB,
    0xBB, 0xBB, 0xBB, 0xBB, 0xBB, 0xBB, 0xBB, 0x94, 0x52, 0x20, 0x00, 0x00, 0x00, 0x02, 0x25, 0xAD,
    0xDB, 0xB9, 0x99, 0x99, 0x99, 0x99, 0x99, 0x99, 0x99, 0x99, 0x99, 0x99, 0x82, 0x21, 0x99, 0x99,
    0x99, 0x99, 0x99, 0x99, 0x85, 0x22, 0x00, 0x00, 0x00, 0x02, 0x29, 0xDD, 0xB9, 0x94, 0x33, 0x89,
    0x32, 0x31, 0x22, 0x79, 0x99, 0x99, 0x94, 0x73, 0x3C, 0xE6, 0x22, 0x22, 0x29, 0x22, 0x84, 0x99,
    0x47, 0x22, 0x00, 0x00, 0x00, 0x22, 0x5D, 0xDB, 0x99, 0x92, 0x3C, 0x38, 0x3F, 0xC3, 0xF6, 0x57,
    0x99, 0x92, 0x33, 0x3C, 0xFF, 0xFC, 0x13, 0xCC, 0x62, 0x6E, 0x68, 0x79, 0x97, 0x82, 0x20, 0x00,
    0x00, 0x22, 0x9D, 0xDB, 0x99, 0x81, 0xCF, 0xC3, 0x1F, 0x33, 0xF3, 0x55, 0x99, 0x98, 0x6C, 0xFF,
    0xFF, 0xC6, 0x13, 0xFC, 0x62, 0xCF, 0xF3, 0x57, 0x94, 0x72, 0x20, 0x00, 0x00, 0x22, 0xAD, 0xB9,
    0x99, 0x26, 0xFE, 0x63, 0x16, 0x15, 0x11, 0x13, 0x89, 0x99, 0x3F, 0xEC, 0xFC, 0x12, 0x53, 0xFC,
    0x62, 0xCF, 0xF3, 0x57, 0x97, 0x72, 0x20, 0x00, 0x00, 0x22, 0xAD, 0xB9, 0x98, 0x3F, 0xFC, 0x1C,
    0xF6, 0x15, 0x13, 0x66, 0x33, 0x22, 0x36, 0x63, 0xFE, 0x33, 0x33, 0xFC, 0x22, 0xEF, 0xF3, 0x57,
    0x94, 0x72, 0x20, 0x00, 0x00, 0x22, 0xAD, 0xB9, 0x92, 0xCF, 0xF6, 0x16, 0xFF, 0x31, 0xE3, 0xEF,
    0x1C, 0xF3, 0xEF, 0xFF, 0xFF, 0xFF, 0xF6, 0xC6, 0x22, 0xEF, 0xE3, 0x57, 0x97, 0x72, 0x20, 0x00,
    0x00, 0x22, 0xAD, 0xB9, 0x23, 0xFF, 0xE1, 0x21, 0xFF, 0xC1, 0xEF, 0x6E, 0x3E, 0xF3, 0xEE, 0xEC,
    0xFF, 0xC6, 0x63, 0x11, 0x51, 0xEF, 0xC3, 0x57, 0x94, 0x72, 0x20, 0x00, 0x00, 0x22, 0xAD, 0xB9,
    0x1E, 0xFF, 0xC2, 0x51, 0xCF, 0xF6, 0x61, 0x13, 0x3F, 0xF1, 0x11, 0x11, 0xEF, 0x62, 0x23, 0x55,
    0x16, 0xEF, 0x68, 0x57, 0x97, 0x72, 0x20, 0x00, 0x00, 0x22, 0xAD, 0xB9, 0x26, 0xFE, 0x62, 0x52,
    0x6F, 0xFC, 0x32, 0x11, 0x6F, 0xE2, 0x21, 0x33, 0xEF, 0x35, 0x52, 0x31, 0x6F, 0xFF, 0x38, 0x54,
    0x97, 0x72, 0x20, 0x00, 0x00, 0x22, 0x9D, 0xB9, 0x93, 0x6C, 0x15, 0x58, 0x3E, 0xC6, 0x13, 0xCE,
    0xFF, 0x65, 0x26, 0xEF, 0xFE, 0x35, 0x58, 0x3E, 0xFF, 0xF6, 0x15, 0x54, 0x97, 0x72, 0x20, 0x00,
    0x00, 0x22, 0x5D, 0xB9, 0x99, 0x31, 0x25, 0x59, 0x21, 0x25, 0x53, 0xEF, 0xE6, 0x25, 0x51, 0xFF,
    0xE1, 0x15, 0x59, 0x3C, 0xFE, 0x61, 0x55, 0x79, 0x47, 0x82, 0x20, 0x00, 0x00, 0x02, 0x29, 0xA9,
    0x99, 0x94, 0x75, 0x79, 0x94, 0x55, 0x58, 0x3C, 0x12, 0x55, 0x77, 0x36, 0x32, 0x55, 0x79, 0x41,
    0xC1, 0x25, 0x57, 0x94, 0x78, 0x22, 0x00, 0x00, 0x00, 0x02, 0x25, 0x9B, 0x99, 0x99, 0x99, 0x99,
    0x99, 0x99, 0x99, 0x82, 0x85, 0x57, 0x99, 0x72, 0x85, 0x57, 0x99, 0x98, 0x12, 0x55, 0x74, 0x47,
    0x85, 0x22, 0x00, 0x00, 0x00, 0x00, 0x22, 0x59, 0x99, 0x99, 0x99, 0x99, 0x99, 0x99, 0x99, 0x99,
    0x75, 0x79, 0x99, 0x97, 0x77, 0x99, 0x99, 0x99, 0x97, 0x57, 0x77, 0x78, 0x52, 0x20, 0x00, 0x00,
    0x00, 0x00, 0x02, 0x22, 0x58, 0x88, 0x88, 0x88, 0x88, 0x88, 0x88, 0x88, 0x58, 0x88, 0x88, 0x85,
    0x58, 0x88, 0x88, 0x85, 0x58, 0x88, 0x88, 0x82, 0x22, 0x00, 0x00, 0x00, 0x00, 0x00, 0x00, 0x22,
    0x22, 0x22, 0x22, 0x22, 0x22, 0x22, 0x22, 0x22, 0x22, 0x22, 0x22, 0x22, 0x22, 0x22, 0x22, 0x22,
    0x22, 0x22, 0x22, 0x22, 0x20, 0x00, 0x00, 0x00, 0x00, 0x00, 0x00, 0x00, 0x22, 0x22, 0x22, 0x22,
    0x22, 0x22, 0x22, 0x22, 0x22, 0x22, 0x22, 0x22, 0x22, 0x22, 0x22, 0x22, 0x22, 0x22, 0x22, 0x20,
    0x00, 0x00, 0x00, 0x00, 0x00, 0x00, 0x00, 0x00, 0x00, 0x00, 0x00, 0x00, 0x00, 0x00, 0x00, 0x00,
    0x00, 0x00, 0x00, 0x00, 0x00, 0x00, 0x00, 0x00, 0x00, 0x00, 0x00, 0x00, 0x00, 0x00, 0x00, 0x00,
};
unsigned short ui_battle_cmd_right_on_pal[] = {0x294A, 0x3001, 0x5001, 0x39CF, 0xE281, 0xC8C1, 0x6319, 0xD981, 0xA941, 0xEBC1, 0xD513, 0xFCC1, 0xAD6B, 0xFE03, 0xCE73, 0xFFFF};
unsigned char ui_battle_cmd_fill_result_png[] = {
    0x00, 0x00, 0x00, 0x00, 0x00, 0x00, 0x00, 0x00, 0x00, 0x00, 0x00, 0x00, 0x00, 0x00, 0x00, 0x00,
    0x00, 0x00, 0x00, 0x00, 0x00, 0x0F, 0xFF, 0xFF, 0xF0, 0x00, 0x00, 0x00, 0x00, 0x00, 0x00, 0x00,
    0x00, 0x00, 0x00, 0x00, 0x0F, 0xFF, 0xFF, 0xFF, 0xFF, 0xF0, 0x00, 0x00, 0x00, 0x00, 0x00, 0x00,
    0x00, 0x00, 0x00, 0x00, 0xFF, 0xFF, 0x00, 0x00, 0xFF, 0xFF, 0x00, 0x00, 0x00, 0x00, 0x00, 0x00,
    0x00, 0x00, 0x00, 0x0F, 0xFF, 0x00, 0x00, 0x00, 0x00, 0xFF, 0xF0, 0x00, 0x00, 0x00, 0x00, 0x00,
    0x00, 0x00, 0x00, 0xFF, 0xF0, 0x00, 0x00, 0x00, 0x00, 0x0F, 0xFF, 0x00, 0x00, 0x00, 0x00, 0x00,
    0x00, 0x00, 0x00, 0xFF, 0x00, 0x00, 0x00, 0x00, 0x00, 0x00, 0xFF, 0x00, 0x00, 0x00, 0x00, 0x00,
    0x00, 0x00, 0x0F, 0xFF, 0x00, 0x00, 0x00, 0x00, 0x00, 0x00, 0xFF, 0xF0, 0x00, 0x00, 0x00, 0x00,
    0xFF, 0xFF, 0xFF, 0xF0, 0x00, 0x00, 0x00, 0x00, 0x00, 0x00, 0x0F, 0xFF, 0xFF, 0x00, 0x00, 0x00,
    0xFF, 0xFF, 0xFF, 0xF0, 0x00, 0x00, 0x00, 0x00, 0x00, 0x00, 0x0F, 0xFF, 0xFF, 0xF0, 0x00, 0x00,
    0x22, 0x22, 0x2F, 0xF0, 0x00, 0x00, 0x00, 0x00, 0x00, 0x00, 0x05, 0x22, 0x2F, 0xFF, 0x00, 0x00,
    0x11, 0x12, 0x22, 0x50, 0x00, 0x00, 0x00, 0x00, 0x00, 0x00, 0x05, 0x11, 0x34, 0xFF, 0x00, 0x00,
    0x88, 0x88, 0x33, 0x35, 0x00, 0x00, 0x00, 0x00, 0x00, 0x00, 0x52, 0x33, 0x34, 0xFF, 0x00, 0x00,
    0x88, 0x88, 0x33, 0x35, 0x00, 0x00, 0x00, 0x00, 0x00, 0x00, 0x52, 0x33, 0x34, 0xFF, 0x00, 0x00,
    0x88, 0x88, 0x33, 0x33, 0x50, 0x00, 0x00, 0x00, 0x00, 0x05, 0x23, 0x33, 0x34, 0xFF, 0x00, 0x00,
    0x88, 0x88, 0x33, 0x33, 0x35, 0x00, 0x00, 0x00, 0x00, 0x52, 0x33, 0x33, 0x34, 0xFF, 0x00, 0x00,
    0x88, 0x88, 0x33, 0x33, 0x33, 0x55, 0x00, 0x00, 0x55, 0x23, 0x33, 0x33, 0x34, 0xFF, 0x00, 0x00,
    0x33, 0x33, 0x33, 0x33, 0x33, 0x33, 0x55, 0x55, 0x22, 0x33, 0x33, 0x33, 0x44, 0xFF, 0x00, 0x00,
    0x44, 0x44, 0x44, 0x44, 0x44, 0x44, 0x44, 0x44, 0x44, 0x44, 0x44, 0x44, 0x4F, 0xFF, 0x00, 0x00,
    0xFF, 0xFF, 0xFF, 0xFF, 0xFF, 0xFF, 0xFF, 0xFF, 0xFF, 0xFF, 0xFF, 0xFF, 0xFF, 0xF0, 0x00, 0x00,
    0xFF, 0xFF, 0xFF, 0xFF, 0xFF, 0xFF, 0xFF, 0xFF, 0xFF, 0xFF, 0xFF, 0xFF, 0xFF, 0x00, 0x00, 0x00,
    0x00, 0x00, 0x00, 0x00, 0x00, 0x00, 0x00, 0x00, 0x00, 0x00, 0x00, 0x00, 0x00, 0x00, 0x00, 0x00,
    0x00, 0x00, 0x00, 0x00, 0x00, 0x00, 0x00, 0x00, 0x00, 0x00, 0x00, 0x00, 0x00, 0x00, 0x00, 0x00,
    0x00, 0x00, 0x00, 0x00, 0x00, 0x00, 0x00, 0x00, 0x00, 0x00, 0x00, 0x00, 0x00, 0x00, 0x00, 0x00,
};
unsigned short ui_battle_cmd_fill_result_pal[] = {0x7BDE, 0xA2CB, 0x9281, 0x7181, 0x5901, 0x5083, 0x58B1, 0x0171, 0x0025, 0xC111, 0x80A5, 0xA88D, 0x11F5, 0x6935, 0x9129, 0x1885};
unsigned char ui_battle_cmd_aim_marker_0_png[] = {
    0x00, 0x00, 0x00, 0x00, 0x00, 0x00, 0x00, 0x00, 0x00, 0x00, 0x00, 0x00, 0x00, 0x00, 0x00, 0x00,
    0x00, 0x00, 0x00, 0x00, 0x00, 0x00, 0x00, 0x00, 0x00, 0x00, 0x00, 0x00, 0x00, 0x00, 0x00, 0x00,
    0x00, 0x00, 0x00, 0x0F, 0xF0, 0x00, 0x00, 0x00, 0x00, 0x00, 0x00, 0xF3, 0x3F, 0x00, 0x00, 0x00,
    0x00, 0x00, 0x0F, 0x22, 0x22, 0xF0, 0x00, 0x00, 0x00, 0x00, 0xF3, 0x24, 0x42, 0x3F, 0x00, 0x00,
    0x00, 0x00, 0xF3, 0x24, 0x42, 0x3F, 0x00, 0x00, 0x00, 0x00, 0x0F, 0x22, 0x22, 0xF0, 0x00, 0x00,
    0x00, 0x00, 0x00, 0xF3, 0x3F, 0x00, 0x00, 0x00, 0x00, 0x00, 0x00, 0x0F, 0xF0, 0x00, 0x00, 0x00,
    0x00, 0x00, 0x00, 0x00, 0x00, 0x00, 0x00, 0x00, 0x00, 0x00, 0x00, 0x00, 0x00, 0x00, 0x00, 0x00,
    0x00, 0x00, 0x00, 0x00, 0x00, 0x00, 0x00, 0x00, 0x00, 0x00, 0x00, 0x00, 0x00, 0x00, 0x00, 0x00,
};
unsigned short ui_battle_cmd_aim_marker_0_pal[] = {0x294A, 0xFD29, 0xF9C1, 0xC9C1, 0xB8C1, 0x0001, 0xB801, 0x6801, 0x0001, 0x0001, 0x0001, 0x0001, 0x0001, 0x0001, 0x0001, 0x6801};
unsigned char ui_battle_cmd_aim_marker_1_png[] = {
    0x00, 0x00, 0x00, 0x00, 0x00, 0x00, 0x00, 0x00, 0x00, 0x00, 0x00, 0x00, 0x00, 0x00, 0x00, 0x00,
    0x00, 0x00, 0x00, 0x00, 0x00, 0x00, 0x00, 0x00, 0x00, 0x00, 0x00, 0x00, 0x00, 0x00, 0x00, 0x00,
    0x00, 0x00, 0x00, 0x0F, 0xF0, 0x00, 0x00, 0x00, 0x00, 0x00, 0x00, 0xF3, 0x3F, 0x00, 0x00, 0x00,
    0x00, 0x00, 0x0F, 0x22, 0x22, 0xF0, 0x00, 0x00, 0x00, 0x00, 0xF3, 0x24, 0x42, 0x3F, 0x00, 0x00,
    0x00, 0x00, 0xF3, 0x24, 0x42, 0x3F, 0x00, 0x00, 0x00, 0x00, 0x0F, 0x22, 0x22, 0xF0, 0x00, 0x00,
    0x00, 0x00, 0x00, 0xF3, 0x3F, 0x00, 0x00, 0x00, 0x00, 0x00, 0x00, 0x0F, 0xF0, 0x00, 0x00, 0x00,
    0x00, 0x00, 0x00, 0x00, 0x00, 0x00, 0x00, 0x00, 0x00, 0x00, 0x00, 0x00, 0x00, 0x00, 0x00, 0x00,
    0x00, 0x00, 0x00, 0x00, 0x00, 0x00, 0x00, 0x00, 0x00, 0x00, 0x00, 0x00, 0x00, 0x00, 0x00, 0x00,
};
unsigned short ui_battle_cmd_aim_marker_1_pal[] = {0x294A, 0xFCFF, 0xF83F, 0xB831, 0x9025, 0x0001, 0x0001, 0x0001, 0x0001, 0x0001, 0x0001, 0x0001, 0x0001, 0x0001, 0x0001, 0x4011};
unsigned char ui_battle_cmd_aim_marker_2_png[] = {
    0x00, 0x00, 0x00, 0x00, 0x00, 0x00, 0x00, 0x00, 0x00, 0x00, 0x00, 0x00, 0x00, 0x00, 0x00, 0x00,
    0x00, 0x00, 0x00, 0x00, 0x00, 0x00, 0x00, 0x00, 0x00, 0x00, 0x00, 0x00, 0x00, 0x00, 0x00, 0x00,
    0x00, 0x00, 0x00, 0x0F, 0xF0, 0x00, 0x00, 0x00, 0x00, 0x00, 0x00, 0xF3, 0x3F, 0x00, 0x00, 0x00,
    0x00, 0x00, 0x0F, 0x22, 0x22, 0xF0, 0x00, 0x00, 0x00, 0x00, 0xF3, 0x24, 0x42, 0x3F, 0x00, 0x00,
    0x00, 0x00, 0xF3, 0x24, 0x42, 0x3F, 0x00, 0x00, 0x00, 0x00, 0x0F, 0x22, 0x22, 0xF0, 0x00, 0x00,
    0x00, 0x00, 0x00, 0xF3, 0x3F, 0x00, 0x00, 0x00, 0x00, 0x00, 0x00, 0x0F, 0xF0, 0x00, 0x00, 0x00,
    0x00, 0x00, 0x00, 0x00, 0x00, 0x00, 0x00, 0x00, 0x00, 0x00, 0x00, 0x00, 0x00, 0x00, 0x00, 0x00,
    0x00, 0x00, 0x00, 0x00, 0x00, 0x00, 0x00, 0x00, 0x00, 0x00, 0x00, 0x00, 0x00, 0x00, 0x00, 0x00,
};
unsigned short ui_battle_cmd_aim_marker_2_pal[] = {0x294A, 0xD4BF, 0x903F, 0x6833, 0x5029, 0x0001, 0x0001, 0x0001, 0x0001, 0x0001, 0x0001, 0x0001, 0x0001, 0x0001, 0x0001, 0x2017};
unsigned char ui_battle_cmd_aim_marker_3_png[] = {
    0x00, 0x00, 0x00, 0x00, 0x00, 0x00, 0x00, 0x00, 0x00, 0x00, 0x00, 0x00, 0x00, 0x00, 0x00, 0x00,
    0x00, 0x00, 0x00, 0x00, 0x00, 0x00, 0x00, 0x00, 0x00, 0x00, 0x00, 0x00, 0x00, 0x00, 0x00, 0x00,
    0x00, 0x00, 0x00, 0x0F, 0xF0, 0x00, 0x00, 0x00, 0x00, 0x00, 0x00, 0xF3, 0x3F, 0x00, 0x00, 0x00,
    0x00, 0x00, 0x0F, 0x22, 0x22, 0xF0, 0x00, 0x00, 0x00, 0x00, 0xF3, 0x24, 0x42, 0x3F, 0x00, 0x00,
    0x00, 0x00, 0xF3, 0x24, 0x42, 0x3F, 0x00, 0x00, 0x00, 0x00, 0x0F, 0x22, 0x22, 0xF0, 0x00, 0x00,
    0x00, 0x00, 0x00, 0xF3, 0x3F, 0x00, 0x00, 0x00, 0x00, 0x00, 0x00, 0x0F, 0xF0, 0x00, 0x00, 0x00,
    0x00, 0x00, 0x00, 0x00, 0x00, 0x00, 0x00, 0x00, 0x00, 0x00, 0x00, 0x00, 0x00, 0x00, 0x00, 0x00,
    0x00, 0x00, 0x00, 0x00, 0x00, 0x00, 0x00, 0x00, 0x00, 0x00, 0x00, 0x00, 0x00, 0x00, 0x00, 0x00,
};
unsigned short ui_battle_cmd_aim_marker_3_pal[] = {0x294A, 0xA67F, 0x34BF, 0x23F7, 0x1371, 0x0001, 0x0001, 0x0001, 0x0001, 0x0001, 0x0001, 0x0001, 0x0001, 0x0001, 0x0001, 0x1117};
unsigned char ui_battle_cmd_aim_marker_4_png[] = {
    0x00, 0x00, 0x00, 0x00, 0x00, 0x00, 0x00, 0x00, 0x00, 0x00, 0x00, 0x00, 0x00, 0x00, 0x00, 0x00,
    0x00, 0x00, 0x00, 0x00, 0x00, 0x00, 0x00, 0x00, 0x00, 0x00, 0x00, 0x00, 0x00, 0x00, 0x00, 0x00,
    0x00, 0x00, 0x00, 0x0F, 0xF0, 0x00, 0x00, 0x00, 0x00, 0x00, 0x00, 0xF3, 0x3F, 0x00, 0x00, 0x00,
    0x00, 0x00, 0x0F, 0x22, 0x22, 0xF0, 0x00, 0x00, 0x00, 0x00, 0xF3, 0x24, 0x42, 0x3F, 0x00, 0x00,
    0x00, 0x00, 0xF3, 0x24, 0x42, 0x3F, 0x00, 0x00, 0x00, 0x00, 0x0F, 0x22, 0x22, 0xF0, 0x00, 0x00,
    0x00, 0x00, 0x00, 0xF3, 0x3F, 0x00, 0x00, 0x00, 0x00, 0x00, 0x00, 0x0F, 0xF0, 0x00, 0x00, 0x00,
    0x00, 0x00, 0x00, 0x00, 0x00, 0x00, 0x00, 0x00, 0x00, 0x00, 0x00, 0x00, 0x00, 0x00, 0x00, 0x00,
    0x00, 0x00, 0x00, 0x00, 0x00, 0x00, 0x00, 0x00, 0x00, 0x00, 0x00, 0x00, 0x00, 0x00, 0x00, 0x00,
};
unsigned short ui_battle_cmd_aim_marker_4_pal[] = {0x294A, 0x8FFF, 0x07FF, 0x0631, 0x04E7, 0x0001, 0x0001, 0x0001, 0x0001, 0x0001, 0x0001, 0x0001, 0x0001, 0x0001, 0x0001, 0x01CF};
unsigned char ui_battle_cmd_aim_marker_5_png[] = {
    0x00, 0x00, 0x00, 0x00, 0x00, 0x00, 0x00, 0x00, 0x00, 0x00, 0x00, 0x00, 0x00, 0x00, 0x00, 0x00,
    0x00, 0x00, 0x00, 0x00, 0x00, 0x00, 0x00, 0x00, 0x00, 0x00, 0x00, 0x00, 0x00, 0x00, 0x00, 0x00,
    0x00, 0x00, 0x00, 0x0F, 0xF0, 0x00, 0x00, 0x00, 0x00, 0x00, 0x00, 0xF3, 0x3F, 0x00, 0x00, 0x00,
    0x00, 0x00, 0x0F, 0x22, 0x22, 0xF0, 0x00, 0x00, 0x00, 0x00, 0xF3, 0x24, 0x42, 0x3F, 0x00, 0x00,
    0x00, 0x00, 0xF3, 0x24, 0x42, 0x3F, 0x00, 0x00, 0x00, 0x00, 0x0F, 0x22, 0x22, 0xF0, 0x00, 0x00,
    0x00, 0x00, 0x00, 0xF3, 0x3F, 0x00, 0x00, 0x00, 0x00, 0x00, 0x00, 0x0F, 0xF0, 0x00, 0x00, 0x00,
    0x00, 0x00, 0x00, 0x00, 0x00, 0x00, 0x00, 0x00, 0x00, 0x00, 0x00, 0x00, 0x00, 0x00, 0x00, 0x00,
    0x00, 0x00, 0x00, 0x00, 0x00, 0x00, 0x00, 0x00, 0x00, 0x00, 0x00, 0x00, 0x00, 0x00, 0x00, 0x00,
};
unsigned short ui_battle_cmd_aim_marker_5_pal[] = {0x294A, 0x8FF7, 0x07D9, 0x060F, 0x04CB, 0x0001, 0x0001, 0x0001, 0x0001, 0x0001, 0x0001, 0x0001, 0x0001, 0x0001, 0x0001, 0x0205};
unsigned char ui_battle_cmd_aim_marker_6_png[] = {
    0x00, 0x00, 0x00, 0x00, 0x00, 0x00, 0x00, 0x00, 0x00, 0x00, 0x00, 0x00, 0x00, 0x00, 0x00, 0x00,
    0x00, 0x00, 0x00, 0x00, 0x00, 0x00, 0x00, 0x00, 0x00, 0x00, 0x00, 0x00, 0x00, 0x00, 0x00, 0x00,
    0x00, 0x00, 0x00, 0x0F, 0xF0, 0x00, 0x00, 0x00, 0x00, 0x00, 0x00, 0xF3, 0x3F, 0x00, 0x00, 0x00,
    0x00, 0x00, 0x0F, 0x22, 0x22, 0xF0, 0x00, 0x00, 0x00, 0x00, 0xF3, 0x24, 0x42, 0x3F, 0x00, 0x00,
    0x00, 0x00, 0xF3, 0x24, 0x42, 0x3F, 0x00, 0x00, 0x00, 0x00, 0x0F, 0x22, 0x22, 0xF0, 0x00, 0x00,
    0x00, 0x00, 0x00, 0xF3, 0x3F, 0x00, 0x00, 0x00, 0x00, 0x00, 0x00, 0x0F, 0xF0, 0x00, 0x00, 0x00,
    0x00, 0x00, 0x00, 0x00, 0x00, 0x00, 0x00, 0x00, 0x00, 0x00, 0x00, 0x00, 0x00, 0x00, 0x00, 0x00,
    0x00, 0x00, 0x00, 0x00, 0x00, 0x00, 0x00, 0x00, 0x00, 0x00, 0x00, 0x00, 0x00, 0x00, 0x00, 0x00,
};
unsigned short ui_battle_cmd_aim_marker_6_pal[] = {0x294A, 0xCFE5, 0xD741, 0xBE41, 0x9D41, 0x0001, 0xFBC1, 0x59C1, 0x0001, 0x0001, 0x0001, 0x0001, 0x0001, 0x0001, 0x0001, 0x31C1};
unsigned char ui_battle_cmd_aim_marker_7_png[] = {
    0x00, 0x00, 0x00, 0x00, 0x00, 0x00, 0x00, 0x00, 0x00, 0x00, 0x00, 0x00, 0x00, 0x00, 0x00, 0x00,
    0x00, 0x00, 0x00, 0x00, 0x00, 0x00, 0x00, 0x00, 0x00, 0x00, 0x00, 0x00, 0x00, 0x00, 0x00, 0x00,
    0x00, 0x00, 0x00, 0x0F, 0xF0, 0x00, 0x00, 0x00, 0x00, 0x00, 0x00, 0xF3, 0x3F, 0x00, 0x00, 0x00,
    0x00, 0x00, 0x0F, 0x22, 0x22, 0xF0, 0x00, 0x00, 0x00, 0x00, 0xF3, 0x24, 0x42, 0x3F, 0x00, 0x00,
    0x00, 0x00, 0xF3, 0x24, 0x42, 0x3F, 0x00, 0x00, 0x00, 0x00, 0x0F, 0x22, 0x22, 0xF0, 0x00, 0x00,
    0x00, 0x00, 0x00, 0xF3, 0x3F, 0x00, 0x00, 0x00, 0x00, 0x00, 0x00, 0x0F, 0xF0, 0x00, 0x00, 0x00,
    0x00, 0x00, 0x00, 0x00, 0x00, 0x00, 0x00, 0x00, 0x00, 0x00, 0x00, 0x00, 0x00, 0x00, 0x00, 0x00,
    0x00, 0x00, 0x00, 0x00, 0x00, 0x00, 0x00, 0x00, 0x00, 0x00, 0x00, 0x00, 0x00, 0x00, 0x00, 0x00,
};
unsigned short ui_battle_cmd_aim_marker_7_pal[] = {0x294A, 0xFEA7, 0xFD81, 0xDC81, 0xBB81, 0x0001, 0x0001, 0x0001, 0x0001, 0x0001, 0x0001, 0x0001, 0x0001, 0x0001, 0x0001, 0x4941};
unsigned char ui_battle_cmd_aim_shimmer_0_png[] = {
    0x00, 0x00, 0x00, 0x00, 0x00, 0x00, 0x00, 0x00, 0x00, 0x00, 0x00, 0x00, 0x00, 0x00, 0x00, 0x00,
    0x00, 0x00, 0x00, 0x00, 0x00, 0x00, 0x00, 0x00, 0x00, 0x00, 0x00, 0x00, 0x00, 0x00, 0x00, 0x00,
    0x00, 0x00, 0x00, 0x00, 0x00, 0x00, 0x00, 0x00, 0x00, 0x00, 0x00, 0x00, 0x00, 0x00, 0x00, 0x00,
    0x00, 0x00, 0x00, 0x11, 0x00, 0x00, 0x00, 0x00, 0x00, 0x00, 0x00, 0x11, 0x00, 0x00, 0x00, 0x00,
    0x00, 0x00, 0x00, 0x00, 0x00, 0x00, 0x00, 0x00, 0x00, 0x00, 0x00, 0x00, 0x00, 0x00, 0x00, 0x00,
    0x00, 0x00, 0x00, 0x00, 0x00, 0x00, 0x00, 0x00, 0x00, 0x00, 0x00, 0x00, 0x00, 0x00, 0x00, 0x00,
    0x00, 0x00, 0x00, 0x00, 0x00, 0x00, 0x00, 0x00, 0x00, 0x00, 0x00, 0x00, 0x00, 0x00, 0x00, 0x00,
    0x00, 0x00, 0x00, 0x00, 0x00, 0x00, 0x00, 0x00, 0x00, 0x00, 0x00, 0x00, 0x00, 0x00, 0x00, 0x00,
};
unsigned short ui_battle_cmd_aim_shimmer_0_pal[] = {0x294A, 0xFD29, 0xF9C1, 0xC9C1, 0xB8C1, 0x0001, 0xB801, 0x6801, 0x0001, 0x0001, 0x0001, 0x0001, 0x0001, 0x0001, 0x0001, 0x6801};
unsigned char ui_battle_cmd_aim_shimmer_1_png[] = {
    0x00, 0x00, 0x00, 0x00, 0x00, 0x00, 0x00, 0x00, 0x00, 0x00, 0x00, 0x00, 0x00, 0x00, 0x00, 0x00,
    0x00, 0x00, 0x00, 0x00, 0x00, 0x00, 0x00, 0x00, 0x00, 0x00, 0x00, 0x00, 0x00, 0x00, 0x00, 0x00,
    0x00, 0x00, 0x00, 0x00, 0x00, 0x00, 0x00, 0x00, 0x00, 0x00, 0x00, 0x00, 0x00, 0x00, 0x00, 0x00,
    0x00, 0x00, 0x00, 0x11, 0x00, 0x00, 0x00, 0x00, 0x00, 0x00, 0x00, 0x11, 0x00, 0x00, 0x00, 0x00,
    0x00, 0x00, 0x00, 0x00, 0x00, 0x00, 0x00, 0x00, 0x00, 0x00, 0x00, 0x00, 0x00, 0x00, 0x00, 0x00,
    0x00, 0x00, 0x00, 0x00, 0x00, 0x00, 0x00, 0x00, 0x00, 0x00, 0x00, 0x00, 0x00, 0x00, 0x00, 0x00,
    0x00, 0x00, 0x00, 0x00, 0x00, 0x00, 0x00, 0x00, 0x00, 0x00, 0x00, 0x00, 0x00, 0x00, 0x00, 0x00,
    0x00, 0x00, 0x00, 0x00, 0x00, 0x00, 0x00, 0x00, 0x00, 0x00, 0x00, 0x00, 0x00, 0x00, 0x00, 0x00,
};
unsigned short ui_battle_cmd_aim_shimmer_1_pal[] = {0x294A, 0xFCFF, 0xF83F, 0xB831, 0x9025, 0x0001, 0x0001, 0x0001, 0x0001, 0x0001, 0x0001, 0x0001, 0x0001, 0x0001, 0x0001, 0x4011};
unsigned char ui_battle_cmd_aim_shimmer_2_png[] = {
    0x00, 0x00, 0x00, 0x00, 0x00, 0x00, 0x00, 0x00, 0x00, 0x00, 0x00, 0x00, 0x00, 0x00, 0x00, 0x00,
    0x00, 0x00, 0x00, 0x00, 0x00, 0x00, 0x00, 0x00, 0x00, 0x00, 0x00, 0x00, 0x00, 0x00, 0x00, 0x00,
    0x00, 0x00, 0x00, 0x00, 0x00, 0x00, 0x00, 0x00, 0x00, 0x00, 0x00, 0x00, 0x00, 0x00, 0x00, 0x00,
    0x00, 0x00, 0x00, 0x11, 0x00, 0x00, 0x00, 0x00, 0x00, 0x00, 0x00, 0x11, 0x00, 0x00, 0x00, 0x00,
    0x00, 0x00, 0x00, 0x00, 0x00, 0x00, 0x00, 0x00, 0x00, 0x00, 0x00, 0x00, 0x00, 0x00, 0x00, 0x00,
    0x00, 0x00, 0x00, 0x00, 0x00, 0x00, 0x00, 0x00, 0x00, 0x00, 0x00, 0x00, 0x00, 0x00, 0x00, 0x00,
    0x00, 0x00, 0x00, 0x00, 0x00, 0x00, 0x00, 0x00, 0x00, 0x00, 0x00, 0x00, 0x00, 0x00, 0x00, 0x00,
    0x00, 0x00, 0x00, 0x00, 0x00, 0x00, 0x00, 0x00, 0x00, 0x00, 0x00, 0x00, 0x00, 0x00, 0x00, 0x00,
};
unsigned short ui_battle_cmd_aim_shimmer_2_pal[] = {0x294A, 0xD4BF, 0x903F, 0x6833, 0x5029, 0x0001, 0x0001, 0x0001, 0x0001, 0x0001, 0x0001, 0x0001, 0x0001, 0x0001, 0x0001, 0x2017};
unsigned char ui_battle_cmd_aim_shimmer_3_png[] = {
    0x00, 0x00, 0x00, 0x00, 0x00, 0x00, 0x00, 0x00, 0x00, 0x00, 0x00, 0x00, 0x00, 0x00, 0x00, 0x00,
    0x00, 0x00, 0x00, 0x00, 0x00, 0x00, 0x00, 0x00, 0x00, 0x00, 0x00, 0x00, 0x00, 0x00, 0x00, 0x00,
    0x00, 0x00, 0x00, 0x00, 0x00, 0x00, 0x00, 0x00, 0x00, 0x00, 0x00, 0x00, 0x00, 0x00, 0x00, 0x00,
    0x00, 0x00, 0x00, 0x11, 0x00, 0x00, 0x00, 0x00, 0x00, 0x00, 0x00, 0x11, 0x00, 0x00, 0x00, 0x00,
    0x00, 0x00, 0x00, 0x00, 0x00, 0x00, 0x00, 0x00, 0x00, 0x00, 0x00, 0x00, 0x00, 0x00, 0x00, 0x00,
    0x00, 0x00, 0x00, 0x00, 0x00, 0x00, 0x00, 0x00, 0x00, 0x00, 0x00, 0x00, 0x00, 0x00, 0x00, 0x00,
    0x00, 0x00, 0x00, 0x00, 0x00, 0x00, 0x00, 0x00, 0x00, 0x00, 0x00, 0x00, 0x00, 0x00, 0x00, 0x00,
    0x00, 0x00, 0x00, 0x00, 0x00, 0x00, 0x00, 0x00, 0x00, 0x00, 0x00, 0x00, 0x00, 0x00, 0x00, 0x00,
};
unsigned short ui_battle_cmd_aim_shimmer_3_pal[] = {0x294A, 0xA67F, 0x34BF, 0x23F7, 0x1371, 0x0001, 0x0001, 0x0001, 0x0001, 0x0001, 0x0001, 0x0001, 0x0001, 0x0001, 0x0001, 0x1117};
unsigned char ui_battle_cmd_aim_shimmer_4_png[] = {
    0x00, 0x00, 0x00, 0x00, 0x00, 0x00, 0x00, 0x00, 0x00, 0x00, 0x00, 0x00, 0x00, 0x00, 0x00, 0x00,
    0x00, 0x00, 0x00, 0x00, 0x00, 0x00, 0x00, 0x00, 0x00, 0x00, 0x00, 0x00, 0x00, 0x00, 0x00, 0x00,
    0x00, 0x00, 0x00, 0x00, 0x00, 0x00, 0x00, 0x00, 0x00, 0x00, 0x00, 0x00, 0x00, 0x00, 0x00, 0x00,
    0x00, 0x00, 0x00, 0x11, 0x00, 0x00, 0x00, 0x00, 0x00, 0x00, 0x00, 0x11, 0x00, 0x00, 0x00, 0x00,
    0x00, 0x00, 0x00, 0x00, 0x00, 0x00, 0x00, 0x00, 0x00, 0x00, 0x00, 0x00, 0x00, 0x00, 0x00, 0x00,
    0x00, 0x00, 0x00, 0x00, 0x00, 0x00, 0x00, 0x00, 0x00, 0x00, 0x00, 0x00, 0x00, 0x00, 0x00, 0x00,
    0x00, 0x00, 0x00, 0x00, 0x00, 0x00, 0x00, 0x00, 0x00, 0x00, 0x00, 0x00, 0x00, 0x00, 0x00, 0x00,
    0x00, 0x00, 0x00, 0x00, 0x00, 0x00, 0x00, 0x00, 0x00, 0x00, 0x00, 0x00, 0x00, 0x00, 0x00, 0x00,
};
unsigned short ui_battle_cmd_aim_shimmer_4_pal[] = {0x294A, 0x8FFF, 0x07FF, 0x0631, 0x04E7, 0x0001, 0x0001, 0x0001, 0x0001, 0x0001, 0x0001, 0x0001, 0x0001, 0x0001, 0x0001, 0x01CF};
unsigned char ui_battle_cmd_aim_shimmer_5_png[] = {
    0x00, 0x00, 0x00, 0x00, 0x00, 0x00, 0x00, 0x00, 0x00, 0x00, 0x00, 0x00, 0x00, 0x00, 0x00, 0x00,
    0x00, 0x00, 0x00, 0x00, 0x00, 0x00, 0x00, 0x00, 0x00, 0x00, 0x00, 0x00, 0x00, 0x00, 0x00, 0x00,
    0x00, 0x00, 0x00, 0x00, 0x00, 0x00, 0x00, 0x00, 0x00, 0x00, 0x00, 0x00, 0x00, 0x00, 0x00, 0x00,
    0x00, 0x00, 0x00, 0x11, 0x00, 0x00, 0x00, 0x00, 0x00, 0x00, 0x00, 0x11, 0x00, 0x00, 0x00, 0x00,
    0x00, 0x00, 0x00, 0x00, 0x00, 0x00, 0x00, 0x00, 0x00, 0x00, 0x00, 0x00, 0x00, 0x00, 0x00, 0x00,
    0x00, 0x00, 0x00, 0x00, 0x00, 0x00, 0x00, 0x00, 0x00, 0x00, 0x00, 0x00, 0x00, 0x00, 0x00, 0x00,
    0x00, 0x00, 0x00, 0x00, 0x00, 0x00, 0x00, 0x00, 0x00, 0x00, 0x00, 0x00, 0x00, 0x00, 0x00, 0x00,
    0x00, 0x00, 0x00, 0x00, 0x00, 0x00, 0x00, 0x00, 0x00, 0x00, 0x00, 0x00, 0x00, 0x00, 0x00, 0x00,
};
unsigned short ui_battle_cmd_aim_shimmer_5_pal[] = {0x294A, 0x8FF7, 0x07D9, 0x060F, 0x04CB, 0x0001, 0x0001, 0x0001, 0x0001, 0x0001, 0x0001, 0x0001, 0x0001, 0x0001, 0x0001, 0x0205};
unsigned char ui_battle_cmd_aim_shimmer_6_png[] = {
    0x00, 0x00, 0x00, 0x00, 0x00, 0x00, 0x00, 0x00, 0x00, 0x00, 0x00, 0x00, 0x00, 0x00, 0x00, 0x00,
    0x00, 0x00, 0x00, 0x00, 0x00, 0x00, 0x00, 0x00, 0x00, 0x00, 0x00, 0x00, 0x00, 0x00, 0x00, 0x00,
    0x00, 0x00, 0x00, 0x00, 0x00, 0x00, 0x00, 0x00, 0x00, 0x00, 0x00, 0x00, 0x00, 0x00, 0x00, 0x00,
    0x00, 0x00, 0x00, 0x11, 0x00, 0x00, 0x00, 0x00, 0x00, 0x00, 0x00, 0x11, 0x00, 0x00, 0x00, 0x00,
    0x00, 0x00, 0x00, 0x00, 0x00, 0x00, 0x00, 0x00, 0x00, 0x00, 0x00, 0x00, 0x00, 0x00, 0x00, 0x00,
    0x00, 0x00, 0x00, 0x00, 0x00, 0x00, 0x00, 0x00, 0x00, 0x00, 0x00, 0x00, 0x00, 0x00, 0x00, 0x00,
    0x00, 0x00, 0x00, 0x00, 0x00, 0x00, 0x00, 0x00, 0x00, 0x00, 0x00, 0x00, 0x00, 0x00, 0x00, 0x00,
    0x00, 0x00, 0x00, 0x00, 0x00, 0x00, 0x00, 0x00, 0x00, 0x00, 0x00, 0x00, 0x00, 0x00, 0x00, 0x00,
};
unsigned short ui_battle_cmd_aim_shimmer_6_pal[] = {0x294A, 0xCFE5, 0xD741, 0xBE41, 0x9D41, 0x0001, 0xFBC1, 0x59C1, 0x0001, 0x0001, 0x0001, 0x0001, 0x0001, 0x0001, 0x0001, 0x31C1};
unsigned char ui_battle_cmd_aim_shimmer_7_png[] = {
    0x00, 0x00, 0x00, 0x00, 0x00, 0x00, 0x00, 0x00, 0x00, 0x00, 0x00, 0x00, 0x00, 0x00, 0x00, 0x00,
    0x00, 0x00, 0x00, 0x00, 0x00, 0x00, 0x00, 0x00, 0x00, 0x00, 0x00, 0x00, 0x00, 0x00, 0x00, 0x00,
    0x00, 0x00, 0x00, 0x00, 0x00, 0x00, 0x00, 0x00, 0x00, 0x00, 0x00, 0x00, 0x00, 0x00, 0x00, 0x00,
    0x00, 0x00, 0x00, 0x11, 0x00, 0x00, 0x00, 0x00, 0x00, 0x00, 0x00, 0x11, 0x00, 0x00, 0x00, 0x00,
    0x00, 0x00, 0x00, 0x00, 0x00, 0x00, 0x00, 0x00, 0x00, 0x00, 0x00, 0x00, 0x00, 0x00, 0x00, 0x00,
    0x00, 0x00, 0x00, 0x00, 0x00, 0x00, 0x00, 0x00, 0x00, 0x00, 0x00, 0x00, 0x00, 0x00, 0x00, 0x00,
    0x00, 0x00, 0x00, 0x00, 0x00, 0x00, 0x00, 0x00, 0x00, 0x00, 0x00, 0x00, 0x00, 0x00, 0x00, 0x00,
    0x00, 0x00, 0x00, 0x00, 0x00, 0x00, 0x00, 0x00, 0x00, 0x00, 0x00, 0x00, 0x00, 0x00, 0x00, 0x00,
};
unsigned short ui_battle_cmd_aim_shimmer_7_pal[] = {0x294A, 0xFEA7, 0xFD81, 0xDC81, 0xBB81, 0x0001, 0x0001, 0x0001, 0x0001, 0x0001, 0x0001, 0x0001, 0x0001, 0x0001, 0x0001, 0x4941};
unsigned char ui_battle_cmd_aim_reticle_0_png[] = {
    0x00, 0x00, 0x00, 0x00, 0x00, 0x00, 0x00, 0x00, 0x00, 0x00, 0x00, 0x00, 0x00, 0x00, 0x00, 0x00,
    0x00, 0x00, 0x00, 0x00, 0x00, 0x00, 0x00, 0x00, 0x00, 0x00, 0x00, 0x00, 0x00, 0x00, 0x00, 0x00,
    0x00, 0x00, 0x00, 0x00, 0x00, 0x00, 0x00, 0x00, 0x00, 0x00, 0x00, 0x00, 0x00, 0x00, 0x00, 0x00,
    0x00, 0x00, 0x00, 0x00, 0x00, 0x00, 0x00, 0x00, 0x00, 0x00, 0x00, 0x00, 0x00, 0x00, 0x00, 0x00,
    0x00, 0x00, 0x00, 0x00, 0x70, 0x00, 0x00, 0x00, 0x00, 0x00, 0x00, 0x07, 0x00, 0x00, 0x00, 0x00,
    0x00, 0x00, 0x00, 0x07, 0x67, 0x00, 0x00, 0x00, 0x00, 0x00, 0x00, 0x76, 0x70, 0x00, 0x00, 0x00,
    0x00, 0x00, 0x00, 0x76, 0x66, 0x70, 0x00, 0x00, 0x00, 0x00, 0x07, 0x66, 0x67, 0x00, 0x00, 0x00,
    0x00, 0x00, 0x07, 0x66, 0x66, 0x67, 0x00, 0x00, 0x00, 0x00, 0x76, 0x66, 0x66, 0x70, 0x00, 0x00,
    0x00, 0x00, 0x76, 0x66, 0x66, 0x66, 0x70, 0x00, 0x00, 0x07, 0x66, 0x66, 0x66, 0x67, 0x00, 0x00,
    0x00, 0x00, 0x07, 0x66, 0x66, 0x66, 0x67, 0x00, 0x00, 0x76, 0x66, 0x66, 0x66, 0x70, 0x00, 0x00,
    0x00, 0x00, 0x00, 0x76, 0x66, 0x66, 0x66, 0x70, 0x07, 0x66, 0x66, 0x66, 0x67, 0x00, 0x00, 0x00,
    0x00, 0x00, 0x00, 0x07, 0x66, 0x66, 0x67, 0x00, 0x00, 0x76, 0x66, 0x66, 0x70, 0x00, 0x00, 0x00,
    0x00, 0x00, 0x00, 0x00, 0x76, 0x66, 0x70, 0x00, 0x00, 0x07, 0x66, 0x67, 0x00, 0x00, 0x00, 0x00,
    0x00, 0x00, 0x00, 0x00, 0x07, 0x67, 0x00, 0x00, 0x00, 0x00, 0x76, 0x70, 0x00, 0x00, 0x00, 0x00,
    0x00, 0x00, 0x00, 0x00, 0x00, 0x70, 0x00, 0x00, 0x00, 0x00, 0x07, 0x00, 0x00, 0x00, 0x00, 0x00,
    0x00, 0x00, 0x00, 0x00, 0x00, 0x00, 0x00, 0x00, 0x00, 0x00, 0x00, 0x00, 0x00, 0x00, 0x00, 0x00,
    0x00, 0x00, 0x00, 0x00, 0x00, 0x00, 0x00, 0x00, 0x00, 0x00, 0x00, 0x00, 0x00, 0x00, 0x00, 0x00,
    0x00, 0x00, 0x00, 0x00, 0x00, 0x70, 0x00, 0x00, 0x00, 0x00, 0x07, 0x00, 0x00, 0x00, 0x00, 0x00,
    0x00, 0x00, 0x00, 0x00, 0x07, 0x67, 0x00, 0x00, 0x00, 0x00, 0x76, 0x70, 0x00, 0x00, 0x00, 0x00,
    0x00, 0x00, 0x00, 0x00, 0x76, 0x66, 0x70, 0x00, 0x00, 0x07, 0x66, 0x67, 0x00, 0x00, 0x00, 0x00,
    0x00, 0x00, 0x00, 0x07, 0x66, 0x66, 0x67, 0x00, 0x00, 0x76, 0x66, 0x66, 0x70, 0x00, 0x00, 0x00,
    0x00, 0x00, 0x00, 0x76, 0x66, 0x66, 0x66, 0x70, 0x07, 0x66, 0x66, 0x66, 0x67, 0x00, 0x00, 0x00,
    0x00, 0x00, 0x07, 0x66, 0x66, 0x66, 0x67, 0x00, 0x00, 0x76, 0x66, 0x66, 0x66, 0x70, 0x00, 0x00,
    0x00, 0x00, 0x76, 0x66, 0x66, 0x66, 0x70, 0x00, 0x00, 0x07, 0x66, 0x66, 0x66, 0x67, 0x00, 0x00,
    0x00, 0x00, 0x07, 0x66, 0x66, 0x67, 0x00, 0x00, 0x00, 0x00, 0x76, 0x66, 0x66, 0x70, 0x00, 0x00,
    0x00, 0x00, 0x00, 0x76, 0x66, 0x70, 0x00, 0x00, 0x00, 0x00, 0x07, 0x66, 0x67, 0x00, 0x00, 0x00,
    0x00, 0x00, 0x00, 0x07, 0x67, 0x00, 0x00, 0x00, 0x00, 0x00, 0x00, 0x76, 0x70, 0x00, 0x00, 0x00,
    0x00, 0x00, 0x00, 0x00, 0x70, 0x00, 0x00, 0x00, 0x00, 0x00, 0x00, 0x07, 0x00, 0x00, 0x00, 0x00,
    0x00, 0x00, 0x00, 0x00, 0x00, 0x00, 0x00, 0x00, 0x00, 0x00, 0x00, 0x00, 0x00, 0x00, 0x00, 0x00,
    0x00, 0x00, 0x00, 0x00, 0x00, 0x00, 0x00, 0x00, 0x00, 0x00, 0x00, 0x00, 0x00, 0x00, 0x00, 0x00,
    0x00, 0x00, 0x00, 0x00, 0x00, 0x00, 0x00, 0x00, 0x00, 0x00, 0x00, 0x00, 0x00, 0x00, 0x00, 0x00,
    0x00, 0x00, 0x00, 0x00, 0x00, 0x00, 0x00, 0x00, 0x00, 0x00, 0x00, 0x00, 0x00, 0x00, 0x00, 0x00,
};
unsigned short ui_battle_cmd_aim_reticle_0_pal[] = {0x294A, 0xFD29, 0xF9C1, 0xC9C1, 0xB8C1, 0x0001, 0xB801, 0x6801, 0x0001, 0x0001, 0x0001, 0x0001, 0x0001, 0x0001, 0x0001, 0x6801};
unsigned char ui_battle_cmd_aim_reticle_1_png[] = {
    0x00, 0x00, 0x00, 0x00, 0x00, 0x00, 0x00, 0x00, 0x00, 0x00, 0x00, 0x00, 0x00, 0x00, 0x00, 0x00,
    0x00, 0x00, 0x00, 0x00, 0x00, 0x00, 0x00, 0x00, 0x00, 0x00, 0x00, 0x00, 0x00, 0x00, 0x00, 0x00,
    0x00, 0x00, 0x00, 0x00, 0x00, 0x00, 0x00, 0x00, 0x00, 0x00, 0x00, 0x00, 0x00, 0x00, 0x00, 0x00,
    0x00, 0x00, 0x00, 0x00, 0x00, 0x00, 0x00, 0x00, 0x00, 0x00, 0x00, 0x00, 0x00, 0x00, 0x00, 0x00,
    0x00, 0x00, 0x00, 0x00, 0x70, 0x00, 0x00, 0x00, 0x00, 0x00, 0x00, 0x07, 0x00, 0x00, 0x00, 0x00,
    0x00, 0x00, 0x00, 0x07, 0x67, 0x00, 0x00, 0x00, 0x00, 0x00, 0x00, 0x76, 0x70, 0x00, 0x00, 0x00,
    0x00, 0x00, 0x00, 0x76, 0x66, 0x70, 0x00, 0x00, 0x00, 0x00, 0x07, 0x66, 0x67, 0x00, 0x00, 0x00,
    0x00, 0x00, 0x07, 0x66, 0x66, 0x67, 0x00, 0x00, 0x00, 0x00, 0x76, 0x66, 0x66, 0x70, 0x00, 0x00,
    0x00, 0x00, 0x76, 0x66, 0x66, 0x66, 0x70, 0x00, 0x00, 0x07, 0x66, 0x66, 0x66, 0x67, 0x00, 0x00,
    0x00, 0x00, 0x07, 0x66, 0x66, 0x66, 0x67, 0x00, 0x00, 0x76, 0x66, 0x66, 0x66, 0x70, 0x00, 0x00,
    0x00, 0x00, 0x00, 0x76, 0x66, 0x66, 0x66, 0x70, 0x07, 0x66, 0x66, 0x66, 0x67, 0x00, 0x00, 0x00,
    0x00, 0x00, 0x00, 0x07, 0x66, 0x66, 0x67, 0x00, 0x00, 0x76, 0x66, 0x66, 0x70, 0x00, 0x00, 0x00,
    0x00, 0x00, 0x00, 0x00, 0x76, 0x66, 0x70, 0x00, 0x00, 0x07, 0x66, 0x67, 0x00, 0x00, 0x00, 0x00,
    0x00, 0x00, 0x00, 0x00, 0x07, 0x67, 0x00, 0x00, 0x00, 0x00, 0x76, 0x70, 0x00, 0x00, 0x00, 0x00,
    0x00, 0x00, 0x00, 0x00, 0x00, 0x70, 0x00, 0x00, 0x00, 0x00, 0x07, 0x00, 0x00, 0x00, 0x00, 0x00,
    0x00, 0x00, 0x00, 0x00, 0x00, 0x00, 0x00, 0x00, 0x00, 0x00, 0x00, 0x00, 0x00, 0x00, 0x00, 0x00,
    0x00, 0x00, 0x00, 0x00, 0x00, 0x00, 0x00, 0x00, 0x00, 0x00, 0x00, 0x00, 0x00, 0x00, 0x00, 0x00,
    0x00, 0x00, 0x00, 0x00, 0x00, 0x70, 0x00, 0x00, 0x00, 0x00, 0x07, 0x00, 0x00, 0x00, 0x00, 0x00,
    0x00, 0x00, 0x00, 0x00, 0x07, 0x67, 0x00, 0x00, 0x00, 0x00, 0x76, 0x70, 0x00, 0x00, 0x00, 0x00,
    0x00, 0x00, 0x00, 0x00, 0x76, 0x66, 0x70, 0x00, 0x00, 0x07, 0x66, 0x67, 0x00, 0x00, 0x00, 0x00,
    0x00, 0x00, 0x00, 0x07, 0x66, 0x66, 0x67, 0x00, 0x00, 0x76, 0x66, 0x66, 0x70, 0x00, 0x00, 0x00,
    0x00, 0x00, 0x00, 0x76, 0x66, 0x66, 0x66, 0x70, 0x07, 0x66, 0x66, 0x66, 0x67, 0x00, 0x00, 0x00,
    0x00, 0x00, 0x07, 0x66, 0x66, 0x66, 0x67, 0x00, 0x00, 0x76, 0x66, 0x66, 0x66, 0x70, 0x00, 0x00,
    0x00, 0x00, 0x76, 0x66, 0x66, 0x66, 0x70, 0x00, 0x00, 0x07, 0x66, 0x66, 0x66, 0x67, 0x00, 0x00,
    0x00, 0x00, 0x07, 0x66, 0x66, 0x67, 0x00, 0x00, 0x00, 0x00, 0x76, 0x66, 0x66, 0x70, 0x00, 0x00,
    0x00, 0x00, 0x00, 0x76, 0x66, 0x70, 0x00, 0x00, 0x00, 0x00, 0x07, 0x66, 0x67, 0x00, 0x00, 0x00,
    0x00, 0x00, 0x00, 0x07, 0x67, 0x00, 0x00, 0x00, 0x00, 0x00, 0x00, 0x76, 0x70, 0x00, 0x00, 0x00,
    0x00, 0x00, 0x00, 0x00, 0x70, 0x00, 0x00, 0x00, 0x00, 0x00, 0x00, 0x07, 0x00, 0x00, 0x00, 0x00,
    0x00, 0x00, 0x00, 0x00, 0x00, 0x00, 0x00, 0x00, 0x00, 0x00, 0x00, 0x00, 0x00, 0x00, 0x00, 0x00,
    0x00, 0x00, 0x00, 0x00, 0x00, 0x00, 0x00, 0x00, 0x00, 0x00, 0x00, 0x00, 0x00, 0x00, 0x00, 0x00,
    0x00, 0x00, 0x00, 0x00, 0x00, 0x00, 0x00, 0x00, 0x00, 0x00, 0x00, 0x00, 0x00, 0x00, 0x00, 0x00,
    0x00, 0x00, 0x00, 0x00, 0x00, 0x00, 0x00, 0x00, 0x00, 0x00, 0x00, 0x00, 0x00, 0x00, 0x00, 0x00,
};
unsigned short ui_battle_cmd_aim_reticle_1_pal[] = {0x294A, 0xCFE5, 0xD741, 0xBE41, 0x9D41, 0x0001, 0xFBC1, 0x59C1, 0x0001, 0x0001, 0x0001, 0x0001, 0x0001, 0x0001, 0x0001, 0x31C1};
unsigned char ui_battle_cmd_aim_target_0_png[] = {
    0x00, 0x00, 0xFF, 0x00, 0x00, 0x00, 0x00, 0x00, 0x00, 0xFF, 0x00, 0x00, 0x00, 0x0F, 0x22, 0xF0,
    0x00, 0x00, 0x00, 0x00, 0x0F, 0x22, 0xF0, 0x00, 0x00, 0xF2, 0x2F, 0x2F, 0x00, 0x00, 0x00, 0x00,
    0xF2, 0xF2, 0x2F, 0x00, 0x0F, 0x22, 0xF2, 0x2F, 0x00, 0x00, 0x00, 0x00, 0xF2, 0x2F, 0x22, 0xF0,
    0xF2, 0x2F, 0x22, 0x1F, 0x00, 0x00, 0x00, 0x00, 0xF1, 0x22, 0xF2, 0x2F, 0xF2, 0xF2, 0x21, 0x1F,
    0x00, 0x00, 0x00, 0x00, 0xF1, 0x12, 0x2F, 0x2F, 0x0F, 0x22, 0x11, 0x1F, 0x00, 0x00, 0x00, 0x00,
    0xF1, 0x11, 0x22, 0xF0, 0x00, 0xFF, 0xFF, 0xFF, 0x00, 0x00, 0x00, 0x00, 0xFF, 0xFF, 0xFF, 0x00,
    0x00, 0x00, 0x00, 0x00, 0x00, 0x00, 0x00, 0x00, 0x00, 0x00, 0x00, 0x00, 0x00, 0x00, 0x00, 0x00,
    0x00, 0x00, 0x00, 0x00, 0x00, 0x00, 0x00, 0x00, 0x00, 0x00, 0x00, 0x00, 0x00, 0x00, 0x00, 0x00,
    0x00, 0x00, 0x00, 0x00, 0x00, 0x00, 0x00, 0x00, 0x00, 0x00, 0x00, 0x00, 0x00, 0x00, 0x00, 0x00,
    0x00, 0x00, 0x00, 0x00, 0x00, 0x00, 0x00, 0x00, 0x00, 0x00, 0x00, 0x00, 0x00, 0x00, 0x00, 0x00,
    0x00, 0x00, 0x00, 0x00, 0x00, 0x00, 0x00, 0x00, 0x00, 0x00, 0x00, 0x00, 0x00, 0x00, 0x00, 0x00,
    0x00, 0x00, 0x00, 0x00, 0x00, 0x00, 0x00, 0x00, 0x00, 0x00, 0x00, 0x00, 0x00, 0x00, 0x00, 0x00,
    0x00, 0xFF, 0xFF, 0xFF, 0x00, 0x00, 0x00, 0x00, 0xFF, 0xFF, 0xFF, 0x00, 0x0F, 0x22, 0x11, 0x1F,
    0x00, 0x00, 0x00, 0x00, 0xF1, 0x11, 0x22, 0xF0, 0xF2, 0xF2, 0x21, 0x1F, 0x00, 0x00, 0x00, 0x00,
    0xF1, 0x12, 0x2F, 0x2F, 0xF2, 0x2F, 0x22, 0x1F, 0x00, 0x00, 0x00, 0x00, 0xF1, 0x22, 0xF2, 0x2F,
    0x0F, 0x22, 0xF2, 0x2F, 0x00, 0x00, 0x00, 0x00, 0xF2, 0x2F, 0x22, 0xF0, 0x00, 0xF2, 0x2F, 0x2F,
    0x00, 0x00, 0x00, 0x00, 0xF2, 0xF2, 0x2F, 0x00, 0x00, 0x0F, 0x22, 0xF0, 0x00, 0x00, 0x00, 0x00,
    0x0F, 0x22, 0xF0, 0x00, 0x00, 0x00, 0xFF, 0x00, 0x00, 0x00, 0x00, 0x00, 0x00, 0xFF, 0x00, 0x00,
};
unsigned short ui_battle_cmd_aim_target_0_pal[] = {0x294A, 0x8FF7, 0x07D9, 0x060F, 0x04CB, 0x0001, 0x0001, 0x0001, 0x0001, 0x0001, 0x0001, 0x0001, 0x0001, 0x0001, 0x0001, 0x0205};
unsigned char ui_battle_cmd_aim_target_1_png[] = {
    0x00, 0x00, 0xFF, 0x00, 0x00, 0x00, 0x00, 0x00, 0x00, 0xFF, 0x00, 0x00, 0x00, 0x0F, 0x22, 0xF0,
    0x00, 0x00, 0x00, 0x00, 0x0F, 0x22, 0xF0, 0x00, 0x00, 0xF2, 0x2F, 0x2F, 0x00, 0x00, 0x00, 0x00,
    0xF2, 0xF2, 0x2F, 0x00, 0x0F, 0x22, 0xF2, 0x2F, 0x00, 0x00, 0x00, 0x00, 0xF2, 0x2F, 0x22, 0xF0,
    0xF2, 0x2F, 0x22, 0x1F, 0x00, 0x00, 0x00, 0x00, 0xF1, 0x22, 0xF2, 0x2F, 0xF2, 0xF2, 0x21, 0x1F,
    0x00, 0x00, 0x00, 0x00, 0xF1, 0x12, 0x2F, 0x2F, 0x0F, 0x22, 0x11, 0x1F, 0x00, 0x00, 0x00, 0x00,
    0xF1, 0x11, 0x22, 0xF0, 0x00, 0xFF, 0xFF, 0xFF, 0x00, 0x00, 0x00, 0x00, 0xFF, 0xFF, 0xFF, 0x00,
    0x00, 0x00, 0x00, 0x00, 0x00, 0x00, 0x00, 0x00, 0x00, 0x00, 0x00, 0x00, 0x00, 0x00, 0x00, 0x00,
    0x00, 0x00, 0x00, 0x00, 0x00, 0x00, 0x00, 0x00, 0x00, 0x00, 0x00, 0x00, 0x00, 0x00, 0x00, 0x00,
    0x00, 0x00, 0x00, 0x00, 0x00, 0x00, 0x00, 0x00, 0x00, 0x00, 0x00, 0x00, 0x00, 0x00, 0x00, 0x00,
    0x00, 0x00, 0x00, 0x00, 0x00, 0x00, 0x00, 0x00, 0x00, 0x00, 0x00, 0x00, 0x00, 0x00, 0x00, 0x00,
    0x00, 0x00, 0x00, 0x00, 0x00, 0x00, 0x00, 0x00, 0x00, 0x00, 0x00, 0x00, 0x00, 0x00, 0x00, 0x00,
    0x00, 0x00, 0x00, 0x00, 0x00, 0x00, 0x00, 0x00, 0x00, 0x00, 0x00, 0x00, 0x00, 0x00, 0x00, 0x00,
    0x00, 0xFF, 0xFF, 0xFF, 0x00, 0x00, 0x00, 0x00, 0xFF, 0xFF, 0xFF, 0x00, 0x0F, 0x22, 0x11, 0x1F,
    0x00, 0x00, 0x00, 0x00, 0xF1, 0x11, 0x22, 0xF0, 0xF2, 0xF2, 0x21, 0x1F, 0x00, 0x00, 0x00, 0x00,
    0xF1, 0x12, 0x2F, 0x2F, 0xF2, 0x2F, 0x22, 0x1F, 0x00, 0x00, 0x00, 0x00, 0xF1, 0x22, 0xF2, 0x2F,
    0x0F, 0x22, 0xF2, 0x2F, 0x00, 0x00, 0x00, 0x00, 0xF2, 0x2F, 0x22, 0xF0, 0x00, 0xF2, 0x2F, 0x2F,
    0x00, 0x00, 0x00, 0x00, 0xF2, 0xF2, 0x2F, 0x00, 0x00, 0x0F, 0x22, 0xF0, 0x00, 0x00, 0x00, 0x00,
    0x0F, 0x22, 0xF0, 0x00, 0x00, 0x00, 0xFF, 0x00, 0x00, 0x00, 0x00, 0x00, 0x00, 0xFF, 0x00, 0x00,
};
unsigned short ui_battle_cmd_aim_target_1_pal[] = {0x294A, 0x8FFF, 0x07FF, 0x0631, 0x04E7, 0x0001, 0x0001, 0x0001, 0x0001, 0x0001, 0x0001, 0x0001, 0x0001, 0x0001, 0x0001, 0x01CF};
unsigned char ui_battle_solid_star_png[] = {
    0x00, 0x00, 0x00, 0x00, 0x00, 0x00, 0x00, 0x00, 0x00, 0x00, 0x00, 0x00, 0x00, 0x00, 0x00, 0x00,
    0x00, 0x00, 0x00, 0x00, 0x00, 0x00, 0x00, 0x0A, 0xA0, 0x00, 0x00, 0x00, 0x00, 0x00, 0x00, 0x00,
    0x00, 0x00, 0x00, 0x00, 0x00, 0x00, 0x00, 0xAA, 0xAA, 0x00, 0x00, 0x00, 0x00, 0x00, 0x00, 0x00,
    0x00, 0x00, 0x00, 0x00, 0x00, 0x00, 0x0A, 0xA2, 0x2A, 0xA0, 0x00, 0x00, 0x00, 0x00, 0x00, 0x00,
    0x00, 0x00, 0x00, 0x00, 0x00, 0x00, 0x0A, 0xA2, 0x2A, 0xA0, 0x00, 0x00, 0x00, 0x00, 0x00, 0x00,
    0x00, 0x00, 0x00, 0x00, 0x00, 0x00, 0xAA, 0x82, 0x28, 0xAA, 0x00, 0x00, 0x00, 0x00, 0x00, 0x00,
    0x00, 0x00, 0x00, 0x00, 0x00, 0x00, 0xAA, 0x22, 0x22, 0xAA, 0x00, 0x00, 0x00, 0x00, 0x00, 0x00,
    0x00, 0x00, 0x00, 0x00, 0x00, 0x00, 0xAA, 0x22, 0x22, 0xAA, 0x00, 0x00, 0x00, 0x00, 0x00, 0x00,
    0x00, 0x00, 0x00, 0x00, 0x00, 0x0A, 0xA8, 0x22, 0x22, 0x8A, 0xA0, 0x00, 0x00, 0x00, 0x00, 0x00,
    0x00, 0x00, 0x00, 0x00, 0x0A, 0xAA, 0xA2, 0x22, 0x22, 0x2A, 0xAA, 0xA0, 0x00, 0x00, 0x00, 0x00,
    0x00, 0xAA, 0xAA, 0xAA, 0xAA, 0xAA, 0x82, 0x22, 0x22, 0x28, 0xAA, 0xAA, 0xAA, 0xAA, 0xAA, 0x00,
    0x0A, 0xAA, 0xAA, 0xAA, 0xA8, 0x82, 0x22, 0x22, 0x22, 0x22, 0x28, 0x8A, 0xAA, 0xAA, 0xAA, 0xA0,
    0x0A, 0xA8, 0x22, 0x22, 0x22, 0x22, 0x22, 0x22, 0x22, 0x22, 0x22, 0x22, 0x22, 0x22, 0x8A, 0xA0,
    0x00, 0xAA, 0x22, 0x22, 0x22, 0x22, 0x22, 0x22, 0x22, 0x22, 0x22, 0x22, 0x22, 0x22, 0xAA, 0x00,
    0x00, 0xAA, 0x82, 0x22, 0x22, 0x22, 0x22, 0x22, 0x22, 0x22, 0x22, 0x22, 0x22, 0x28, 0xAA, 0x00,
    0x00, 0x0A, 0xA2, 0x22, 0x22, 0x22, 0x22, 0x22, 0x22, 0x22, 0x22, 0x22, 0x22, 0x2A, 0xA0, 0x00,
    0x00, 0x00, 0xAA, 0x22, 0x22, 0x22, 0x22, 0x22, 0x22, 0x22, 0x22, 0x22, 0x22, 0xAA, 0x00, 0x00,
    0x00, 0x00, 0xAA, 0x82, 0x22, 0x22, 0x22, 0x22, 0x22, 0x22, 0x22, 0x22, 0x28, 0xAA, 0x00, 0x00,
    0x00, 0x00, 0x0A, 0xA2, 0x22, 0x22, 0x22, 0x22, 0x22, 0x22, 0x22, 0x22, 0x2A, 0xA0, 0x00, 0x00,
    0x00, 0x00, 0x00, 0xAA, 0x22, 0x22, 0x22, 0x22, 0x22, 0x22, 0x22, 0x22, 0xAA, 0x00, 0x00, 0x00,
    0x00, 0x00, 0x00, 0xAA, 0x22, 0x22, 0x22, 0x22, 0x22, 0x22, 0x22, 0x22, 0xAA, 0x00, 0x00, 0x00,
    0x00, 0x00, 0x0A, 0xA8, 0x22, 0x22, 0x22, 0x22, 0x22, 0x22, 0x22, 0x22, 0x8A, 0xA0, 0x00, 0x00,
    0x00, 0x00, 0x0A, 0xA2, 0x22, 0x22, 0x22, 0x22, 0x22, 0x22, 0x22, 0x22, 0x2A, 0xA0, 0x00, 0x00,
    0x00, 0x00, 0xAA, 0x82, 0x22, 0x22, 0x22, 0x22, 0x22, 0x22, 0x22, 0x22, 0x28, 0xAA, 0x00, 0x00,
    0x00, 0x00, 0xAA, 0x82, 0x22, 0x22, 0x22, 0x8A, 0xA8, 0x22, 0x22, 0x22, 0x28, 0xAA, 0x00, 0x00,
    0x00, 0x00, 0xAA, 0x22, 0x22, 0x22, 0x8A, 0xAA, 0xAA, 0xA8, 0x22, 0x22, 0x22, 0xAA, 0x00, 0x00,
    0x00, 0x0A, 0xA8, 0x22, 0x22, 0x8A, 0xAA, 0xA0, 0x0A, 0xAA, 0xA8, 0x22, 0x22, 0x8A, 0xA0, 0x00,
    0x00, 0x0A, 0xA2, 0x22, 0x8A, 0xAA, 0xA0, 0x00, 0x00, 0x0A, 0xAA, 0xA8, 0x22, 0x2A, 0xA0, 0x00,
    0x00, 0x0A, 0xA2, 0x2A, 0xAA, 0xA0, 0x00, 0x00, 0x00, 0x00, 0x0A, 0xAA, 0xA2, 0x2A, 0xA0, 0x00,
    0x00, 0x0A, 0xAA, 0xAA, 0xA0, 0x00, 0x00, 0x00, 0x00, 0x00, 0x00, 0x0A, 0xAA, 0xAA, 0xA0, 0x00,
    0x00, 0x00, 0xAA, 0xA0, 0x00, 0x00, 0x00, 0x00, 0x00, 0x00, 0x00, 0x00, 0x0A, 0xAA, 0x00, 0x00,
    0x00, 0x00, 0x00, 0x00, 0x00, 0x00, 0x00, 0x00, 0x00, 0x00, 0x00, 0x00, 0x00, 0x00, 0x00, 0x00,
};
unsigned short ui_battle_solid_star_pal[] = {0x210C, 0xEF69, 0xEF95, 0xF715, 0xDE51, 0xDE51, 0xAD4F, 0xCD91, 0xC501, 0x8AC7, 0x5A09, 0x3801, 0x0001, 0x0001, 0x0001, 0x0001};
unsigned char ui_battle_projector_spot_png[] = {
    0xF0, 0xF0, 0xF0, 0xF0, 0xF0, 0xF0, 0xF0, 0xF0, 0xF0, 0xF0, 0xF0, 0xF0, 0xF0, 0xF0, 0xF0, 0xF0,
    0xF0, 0xF0, 0xF0, 0xF0, 0xF0, 0xF0, 0xF0, 0xF0, 0xF0, 0xF0, 0xF0, 0xF0, 0xF0, 0xF0, 0xF0, 0xF0,
    0xF0, 0xF0, 0xF0, 0xF0, 0xF0, 0xF0, 0xF0, 0xF0, 0xF0, 0xF0, 0xF0, 0xF0, 0xF0, 0xF0, 0xF0, 0xF0,
    0xF0, 0xF0, 0xF0, 0xF0, 0xF0, 0xF0, 0xF0, 0xF0, 0xF0, 0xF0, 0xF0, 0xF0, 0xF0, 0xF0, 0xF0, 0xF0,
    0xF0, 0xF0, 0xF0, 0xF0, 0xF0, 0xF0, 0xF0, 0xF0, 0xF0, 0xF0, 0xF0, 0xF0, 0xF0, 0xF3, 0xF4, 0xF7,
    0xF8, 0xF4, 0xF3, 0xF0, 0xF0, 0xF0, 0xF0, 0xF0, 0xF0, 0xF0, 0xF0, 0xF0, 0xF0, 0xF0, 0xF0, 0xF0,
    0xF0, 0xF0, 0xF0, 0xF0, 0xF0, 0xF0, 0xF0, 0xF0, 0xF0, 0xF0, 0xF4, 0xFB, 0xFF, 0xFF, 0xFF, 0xFF,
    0xFF, 0xFF, 0xFF, 0xFF, 0xFB, 0xF3, 0xF0, 0xF0, 0xF0, 0xF0, 0xF0, 0xF0, 0xF0, 0xF0, 0xF0, 0xF0,
    0xF0, 0xF0, 0xF0, 0xF0, 0xF0, 0xF0, 0xF0, 0xF0, 0xF3, 0xFD, 0xFF, 0xFF, 0xFF, 0xFF, 0xFF, 0xFF,
    0xFF, 0xFF, 0xFF, 0xFF, 0xFF, 0xFF, 0xFD, 0xF2, 0xF0, 0xF0, 0xF0, 0xF0, 0xF0, 0xF0, 0xF0, 0xF0,
    0xF0, 0xF0, 0xF0, 0xF0, 0xF0, 0xF0, 0xF0, 0xF7, 0xFF, 0xFF, 0xFF, 0xFF, 0xFF, 0xFF, 0xFF, 0xFF,
    0xFF, 0xFF, 0xFF, 0xFF, 0xFF, 0xFF, 0xFF, 0xFF, 0xF7, 0xF0, 0xF0, 0xF0, 0xF0, 0xF0, 0xF0, 0xF0,
    0xF0, 0xF0, 0xF0, 0xF0, 0xF0, 0xF0, 0xFB, 0xFF, 0xFF, 0xFF, 0xFF, 0xFF, 0xFF, 0xFF, 0xFF, 0xFF,
    0xFF, 0xFF, 0xFF, 0xFF, 0xFF, 0xFF, 0xFF, 0xFF, 0xFF, 0xFA, 0xF0, 0xF0, 0xF0, 0xF0, 0xF0, 0xF0,
    0xF0, 0xF0, 0xF0, 0xF0, 0xF0, 0xFA, 0xFF, 0xFF, 0xFF, 0xFF, 0xFF, 0xFF, 0xFF, 0xFF, 0xFF, 0xFF,
    0xFF, 0xFF, 0xFF, 0xFF, 0xFF, 0xFF, 0xFF, 0xFF, 0xFF, 0xFF, 0xF7, 0xF0, 0xF0, 0xF0, 0xF0, 0xF0,
    0xF0, 0xF0, 0xF0, 0xF0, 0xF5, 0xFF, 0xFF, 0xFF, 0xFF, 0xFF, 0xFF, 0xFF, 0xFF, 0xFF, 0xFF, 0xFF,
    0xFF, 0xFF, 0xFF, 0xFF, 0xFF, 0xFF, 0xFF, 0xFF, 0xFF, 0xFF, 0xFF, 0xF5, 0xF0, 0xF0, 0xF0, 0xF0,
    0xF0, 0xF0, 0xF0, 0xF1, 0xFF, 0xFF, 0xFF, 0xFF, 0xFF, 0xFF, 0xFF, 0xFF, 0xFF, 0xFF, 0xFF, 0xFF,
    0xFF, 0xFF, 0xFF, 0xFF, 0xFF, 0xFF, 0xFF, 0xFF, 0xFF, 0xFF, 0xFF, 0xFF, 0xF0, 0xF0, 0xF0, 0xF0,
    0xF0, 0xF0, 0xF0, 0xFA, 0xFF, 0xFF, 0xFF, 0xFF, 0xFF, 0xFF, 0xFF, 0xFF, 0xFF, 0xFF, 0xFF, 0xFF,
    0xFF, 0xFF, 0xFF, 0xFF, 0xFF, 0xFF, 0xFF, 0xFF, 0xFF, 0xFF, 0xFF, 0xFF, 0xF8, 0xF0, 0xF0, 0xF0,
    0xF0, 0xF0, 0xF0, 0xFF, 0xFF, 0xFF, 0xFF, 0xFF, 0xFF, 0xFF, 0xFF, 0xFF, 0xFF, 0xFF, 0xFF, 0xFF,
    0xFF, 0xFF, 0xFF, 0xFF, 0xFF, 0xFF, 0xFF, 0xFF, 0xFF, 0xFF, 0xFF, 0xFF, 0xFF, 0xF0, 0xF0, 0xF0,
    0xF0, 0xF0, 0xF4, 0xFF, 0xFF, 0xFF, 0xFF, 0xFF, 0xFF, 0xFF, 0xFF, 0xFF, 0xFF, 0xFF, 0xFF, 0xFF,
    0xFF, 0xFF, 0xFF, 0xFF, 0xFF, 0xFF, 0xFF, 0xFF, 0xFF, 0xFF, 0xFF, 0xFF, 0xFF, 0xF4, 0xF0, 0xF0,
    0xF0, 0xF0, 0xFA, 0xFF, 0xFF, 0xFF, 0xFF, 0xFF, 0xFF, 0xFF, 0xFF, 0xFF, 0xFF, 0xFF, 0xFF, 0xFF,
    0xFF, 0xFF, 0xFF, 0xFF, 0xFF, 0xFF, 0xFF, 0xFF, 0xFF, 0xFF, 0xFF, 0xFF, 0xFF, 0xFA, 0xF0, 0xF0,
    0xF0, 0xF0, 0xFD, 0xFF, 0xFF, 0xFF, 0xFF, 0xFF, 0xFF, 0xFF, 0xFF, 0xFF, 0xFF, 0xFF, 0xFF, 0xFF,
    0xFF, 0xFF, 0xFF, 0xFF, 0xFF, 0xFF, 0xFF, 0xFF, 0xFF, 0xFF, 0xFF, 0xFF, 0xFF, 0xFD, 0xF0, 0xF0,
    0xF0, 0xF0, 0xFE, 0xFF, 0xFF, 0xFF, 0xFF, 0xFF, 0xFF, 0xFF, 0xFF, 0xFF, 0xFF, 0xFF, 0xFF, 0xFF,
    0xFF, 0xFF, 0xFF, 0xFF, 0xFF, 0xFF, 0xFF, 0xFF, 0xFF, 0xFF, 0xFF, 0xFF, 0xFF, 0xFE, 0xF0, 0xF0,
    0xF0, 0xF0, 0xFE, 0xFF, 0xFF, 0xFF, 0xFF, 0xFF, 0xFF, 0xFF, 0xFF, 0xFF, 0xFF, 0xFF, 0xFF, 0xFF,
    0xFF, 0xFF, 0xFF, 0xFF, 0xFF, 0xFF, 0xFF, 0xFF, 0xFF, 0xFF, 0xFF, 0xFF, 0xFF, 0xFE, 0xF0, 0xF0,
    0xF0, 0xF0, 0xFE, 0xFF, 0xFF, 0xFF, 0xFF, 0xFF, 0xFF, 0xFF, 0xFF, 0xFF, 0xFF, 0xFF, 0xFF, 0xFF,
    0xFF, 0xFF, 0xFF, 0xFF, 0xFF, 0xFF, 0xFF, 0xFF, 0xFF, 0xFF, 0xFF, 0xFF, 0xFF, 0xFE, 0xF0, 0xF0,
    0xF0, 0xF0, 0xFD, 0xFF, 0xFF, 0xFF, 0xFF, 0xFF, 0xFF, 0xFF, 0xFF, 0xFF, 0xFF, 0xFF, 0xFF, 0xFF,
    0xFF, 0xFF, 0xFF, 0xFF, 0xFF, 0xFF, 0xFF, 0xFF, 0xFF, 0xFF, 0xFF, 0xFF, 0xFF, 0xFD, 0xF0, 0xF0,
    0xF0, 0xF0, 0xFA, 0xFF, 0xFF, 0xFF, 0xFF, 0xFF, 0xFF, 0xFF, 0xFF, 0xFF, 0xFF, 0xFF, 0xFF, 0xFF,
    0xFF, 0xFF, 0xFF, 0xFF, 0xFF, 0xFF, 0xFF, 0xFF, 0xFF, 0xFF, 0xFF, 0xFF, 0xFF, 0xFA, 0xF0, 0xF0,
    0xF0, 0xF0, 0xF4, 0xFF, 0xFF, 0xFF, 0xFF, 0xFF, 0xFF, 0xFF, 0xFF, 0xFF, 0xFF, 0xFF, 0xFF, 0xFF,
    0xFF, 0xFF, 0xFF, 0xFF, 0xFF, 0xFF, 0xFF, 0xFF, 0xFF, 0xFF, 0xFF, 0xFF, 0xFF, 0xF4, 0xF0, 0xF0,
    0xF0, 0xF0, 0xF0, 0xFF, 0xFF, 0xFF, 0xFF, 0xFF, 0xFF, 0xFF, 0xFF, 0xFF, 0xFF, 0xFF, 0xFF, 0xFF,
    0xFF, 0xFF, 0xFF, 0xFF, 0xFF, 0xFF, 0xFF, 0xFF, 0xFF, 0xFF, 0xFF, 0xFF, 0xFF, 0xF0, 0xF0, 0xF0,
    0xF0, 0xF0, 0xF0, 0xF8, 0xFF, 0xFF, 0xFF, 0xFF, 0xFF, 0xFF, 0xFF, 0xFF, 0xFF, 0xFF, 0xFF, 0xFF,
    0xFF, 0xFF, 0xFF, 0xFF, 0xFF, 0xFF, 0xFF, 0xFF, 0xFF, 0xFF, 0xFF, 0xFF, 0xFA, 0xF0, 0xF0, 0xF0,
    0xF0, 0xF0, 0xF0, 0xF0, 0xFF, 0xFF, 0xFF, 0xFF, 0xFF, 0xFF, 0xFF, 0xFF, 0xFF, 0xFF, 0xFF, 0xFF,
    0xFF, 0xFF, 0xFF, 0xFF, 0xFF, 0xFF, 0xFF, 0xFF, 0xFF, 0xFF, 0xFF, 0xFF, 0xF1, 0xF0, 0xF0, 0xF0,
    0xF0, 0xF0, 0xF0, 0xF0, 0xF5, 0xFF, 0xFF, 0xFF, 0xFF, 0xFF, 0xFF, 0xFF, 0xFF, 0xFF, 0xFF, 0xFF,
    0xFF, 0xFF, 0xFF, 0xFF, 0xFF, 0xFF, 0xFF, 0xFF, 0xFF, 0xFF, 0xFF, 0xF5, 0xF0, 0xF0, 0xF0, 0xF0,
    0xF0, 0xF0, 0xF0, 0xF0, 0xF0, 0xF7, 0xFF, 0xFF, 0xFF, 0xFF, 0xFF, 0xFF, 0xFF, 0xFF, 0xFF, 0xFF,
    0xFF, 0xFF, 0xFF, 0xFF, 0xFF, 0xFF, 0xFF, 0xFF, 0xFF, 0xFF, 0xFA, 0xF0, 0xF0, 0xF0, 0xF0, 0xF0,
    0xF0, 0xF0, 0xF0, 0xF0, 0xF0, 0xF0, 0xFA, 0xFF, 0xFF, 0xFF, 0xFF, 0xFF, 0xFF, 0xFF, 0xFF, 0xFF,
    0xFF, 0xFF, 0xFF, 0xFF, 0xFF, 0xFF, 0xFF, 0xFF, 0xFF, 0xFB, 0xF0, 0xF0, 0xF0, 0xF0, 0xF0, 0xF0,
    0xF0, 0xF0, 0xF0, 0xF0, 0xF0, 0xF0, 0xF0, 0xF7, 0xFF, 0xFF, 0xFF, 0xFF, 0xFF, 0xFF, 0xFF, 0xFF,
    0xFF, 0xFF, 0xFF, 0xFF, 0xFF, 0xFF, 0xFF, 0xFF, 0xF7, 0xF0, 0xF0, 0xF0, 0xF0, 0xF0, 0xF0, 0xF0,
    0xF0, 0xF0, 0xF0, 0xF0, 0xF0, 0xF0, 0xF0, 0xF0, 0xF2, 0xFD, 0xFF, 0xFF, 0xFF, 0xFF, 0xFF, 0xFF,
    0xFF, 0xFF, 0xFF, 0xFF, 0xFF, 0xFF, 0xFD, 0xF3, 0xF0, 0xF0, 0xF0, 0xF0, 0xF0, 0xF0, 0xF0, 0xF0,
    0xF0, 0xF0, 0xF0, 0xF0, 0xF0, 0xF0, 0xF0, 0xF0, 0xF0, 0xF0, 0xF3, 0xFB, 0xFF, 0xFF, 0xFF, 0xFF,
    0xFF, 0xFF, 0xFF, 0xFF, 0xFB, 0xF4, 0xF0, 0xF0, 0xF0, 0xF0, 0xF0, 0xF0, 0xF0, 0xF0, 0xF0, 0xF0,
    0xF0, 0xF0, 0xF0, 0xF0, 0xF0, 0xF0, 0xF0, 0xF0, 0xF0, 0xF0, 0xF0, 0xF0, 0xF0, 0xF3, 0xF4, 0xF8,
    0xF7, 0xF4, 0xF3, 0xF0, 0xF0, 0xF0, 0xF0, 0xF0, 0xF0, 0xF0, 0xF0, 0xF0, 0xF0, 0xF0, 0xF0, 0xF0,
    0xF0, 0xF0, 0xF0, 0xF0, 0xF0, 0xF0, 0xF0, 0xF0, 0xF0, 0xF0, 0xF0, 0xF0, 0xF0, 0xF0, 0xF0, 0xF0,
    0xF0, 0xF0, 0xF0, 0xF0, 0xF0, 0xF0, 0xF0, 0xF0, 0xF0, 0xF0, 0xF0, 0xF0, 0xF0, 0xF0, 0xF0, 0xF0,
};
unsigned char ui_battle_projector_beam_png[] = {
    0xF0, 0xF0, 0xF0, 0xF0, 0xF0, 0xF0, 0xF0, 0xF0, 0xF0, 0xF0, 0xF0, 0xF0, 0xF0, 0xF0, 0xF0, 0xF0,
    0xF0, 0xF0, 0xF0, 0xF0, 0xF0, 0xF0, 0xF0, 0xF0, 0xF0, 0xF0, 0xF0, 0xF0, 0xF0, 0xF0, 0xF0, 0xF0,
    0xF0, 0xF0, 0xF0, 0xF0, 0xF0, 0xF0, 0xF0, 0xF0, 0xF0, 0xF0, 0xF0, 0xF0, 0xF0, 0xF0, 0xF0, 0xF0,
    0xF0, 0xF0, 0xF0, 0xF0, 0xF0, 0xF0, 0xF0, 0xF0, 0xF0, 0xF0, 0xF0, 0xF0, 0xF0, 0xF0, 0xF0, 0xF0,
    0xF0, 0xF0, 0xF0, 0xF0, 0xF0, 0xF0, 0xF0, 0xF0, 0xF0, 0xF0, 0xF0, 0xF0, 0xF0, 0xF0, 0xF0, 0xF0,
    0xF1, 0xF0, 0xF0, 0xF0, 0xF0, 0xF0, 0xF0, 0xF0, 0xF0, 0xF0, 0xF0, 0xF0, 0xF0, 0xF0, 0xF0, 0xF0,
    0xF0, 0xF0, 0xF0, 0xF0, 0xF0, 0xF0, 0xF0, 0xF0, 0xF0, 0xF0, 0xF0, 0xF0, 0xF0, 0xF0, 0xF0, 0xF1,
    0xF0, 0xF0, 0xF0, 0xF0, 0xF0, 0xF0, 0xF0, 0xF0, 0xF0, 0xF0, 0xF0, 0xF0, 0xF0, 0xF0, 0xF0, 0xF0,
    0xF0, 0xF0, 0xF0, 0xF0, 0xF0, 0xF0, 0xF0, 0xF0, 0xF0, 0xF0, 0xF0, 0xF0, 0xF0, 0xF0, 0xF0, 0xF0,
    0xF2, 0xF1, 0xF0, 0xF0, 0xF0, 0xF0, 0xF0, 0xF0, 0xF0, 0xF0, 0xF0, 0xF0, 0xF0, 0xF0, 0xF0, 0xF0,
    0xF0, 0xF0, 0xF0, 0xF0, 0xF0, 0xF0, 0xF0, 0xF0, 0xF0, 0xF0, 0xF0, 0xF0, 0xF0, 0xF0, 0xF1, 0xF2,
    0xF0, 0xF0, 0xF0, 0xF0, 0xF0, 0xF0, 0xF0, 0xF0, 0xF0, 0xF0, 0xF0, 0xF0, 0xF0, 0xF0, 0xF0, 0xF0,
    0xF0, 0xF0, 0xF0, 0xF0, 0xF0, 0xF0, 0xF0, 0xF0, 0xF0, 0xF0, 0xF0, 0xF0, 0xF0, 0xF0, 0xF0, 0xF0,
    0xF2, 0xF1, 0xF1, 0xF0, 0xF0, 0xF0, 0xF0, 0xF0, 0xF0, 0xF0, 0xF0, 0xF0, 0xF0, 0xF0, 0xF0, 0xF0,
    0xF0, 0xF0, 0xF0, 0xF0, 0xF0, 0xF0, 0xF0, 0xF0, 0xF0, 0xF0, 0xF0, 0xF0, 0xF0, 0xF1, 0xF1, 0xF2,
    0xF0, 0xF0, 0xF0, 0xF0, 0xF0, 0xF0, 0xF0, 0xF0, 0xF0, 0xF0, 0xF0, 0xF0, 0xF0, 0xF0, 0xF0, 0xF0,
    0xF0, 0xF0, 0xF0, 0xF0, 0xF0, 0xF0, 0xF0, 0xF0, 0xF0, 0xF0, 0xF0, 0xF0, 0xF0, 0xF0, 0xF0, 0xF0,
    0xF2, 0xF2, 0xF1, 0xF1, 0xF0, 0xF0, 0xF0, 0xF0, 0xF0, 0xF0, 0xF0, 0xF0, 0xF0, 0xF0, 0xF0, 0xF0,
    0xF0, 0xF0, 0xF0, 0xF0, 0xF0, 0xF0, 0xF0, 0xF0, 0xF0, 0xF0, 0xF0, 0xF0, 0xF1, 0xF1, 0xF2, 0xF2,
    0xF0, 0xF0, 0xF0, 0xF0, 0xF0, 0xF0, 0xF0, 0xF0, 0xF0, 0xF0, 0xF0, 0xF0, 0xF0, 0xF0, 0xF0, 0xF0,
    0xF0, 0xF0, 0xF0, 0xF0, 0xF0, 0xF0, 0xF0, 0xF0, 0xF0, 0xF0, 0xF0, 0xF0, 0xF0, 0xF0, 0xF0, 0xF0,
    0xF3, 0xF2, 0xF2, 0xF2, 0xF1, 0xF1, 0xF0, 0xF0, 0xF0, 0xF0, 0xF0, 0xF0, 0xF0, 0xF0, 0xF0, 0xF0,
    0xF0, 0xF0, 0xF0, 0xF0, 0xF0, 0xF0, 0xF0, 0xF0, 0xF0, 0xF0, 0xF1, 0xF1, 0xF2, 0xF2, 0xF2, 0xF3,
    0xF0, 0xF0, 0xF0, 0xF0, 0xF0, 0xF0, 0xF0, 0xF0, 0xF0, 0xF0, 0xF0, 0xF0, 0xF0, 0xF0, 0xF0, 0xF0,
    0xF0, 0xF0, 0xF0, 0xF0, 0xF0, 0xF0, 0xF0, 0xF0, 0xF0, 0xF0, 0xF0, 0xF0, 0xF0, 0xF0, 0xF0, 0xF0,
    0xF3, 0xF3, 0xF2, 0xF2, 0xF2, 0xF1, 0xF1, 0xF1, 0xF0, 0xF0, 0xF0, 0xF0, 0xF0, 0xF0, 0xF0, 0xF0,
    0xF0, 0xF0, 0xF0, 0xF0, 0xF0, 0xF0, 0xF0, 0xF0, 0xF1, 0xF1, 0xF1, 0xF2, 0xF2, 0xF2, 0xF3, 0xF3,
    0xF0, 0xF0, 0xF0, 0xF0, 0xF0, 0xF0, 0xF0, 0xF0, 0xF0, 0xF0, 0xF0, 0xF0, 0xF0, 0xF0, 0xF0, 0xF0,
    0xF0, 0xF0, 0xF0, 0xF0, 0xF0, 0xF0, 0xF0, 0xF0, 0xF0, 0xF0, 0xF0, 0xF0, 0xF0, 0xF0, 0xF0, 0xF0,
    0xF3, 0xF3, 0xF3, 0xF2, 0xF2, 0xF2, 0xF2, 0xF1, 0xF1, 0xF1, 0xF0, 0xF0, 0xF0, 0xF0, 0xF0, 0xF0,
    0xF0, 0xF0, 0xF0, 0xF0, 0xF0, 0xF0, 0xF1, 0xF1, 0xF1, 0xF2, 0xF2, 0xF2, 0xF2, 0xF3, 0xF3, 0xF3,
    0xF0, 0xF0, 0xF0, 0xF0, 0xF0, 0xF0, 0xF0, 0xF0, 0xF0, 0xF0, 0xF0, 0xF0, 0xF0, 0xF0, 0xF0, 0xF0,
    0xF0, 0xF0, 0xF0, 0xF0, 0xF0, 0xF0, 0xF0, 0xF0, 0xF0, 0xF0, 0xF0, 0xF0, 0xF0, 0xF0, 0xF0, 0xF1,
    0xF3, 0xF4, 0xF3, 0xF3, 0xF3, 0xF2, 0xF2, 0xF2, 0xF1, 0xF1, 0xF1, 0xF1, 0xF1, 0xF0, 0xF0, 0xF0,
    0xF0, 0xF0, 0xF0, 0xF1, 0xF1, 0xF1, 0xF1, 0xF1, 0xF2, 0xF2, 0xF2, 0xF3, 0xF3, 0xF3, 0xF4, 0xF3,
    0xF1, 0xF0, 0xF0, 0xF0, 0xF0, 0xF0, 0xF0, 0xF0, 0xF0, 0xF0, 0xF0, 0xF0, 0xF0, 0xF0, 0xF0, 0xF0,
    0xF0, 0xF0, 0xF0, 0xF0, 0xF0, 0xF0, 0xF0, 0xF0, 0xF0, 0xF0, 0xF0, 0xF0, 0xF0, 0xF0, 0xF0, 0xF1,
    0xF3, 0xF4, 0xF4, 0xF3, 0xF3, 0xF3, 0xF2, 0xF2, 0xF2, 0xF2, 0xF2, 0xF1, 0xF1, 0xF1, 0xF1, 0xF1,
    0xF1, 0xF1, 0xF1, 0xF1, 0xF1, 0xF2, 0xF2, 0xF2, 0xF2, 0xF2, 0xF3, 0xF3, 0xF3, 0xF4, 0xF4, 0xF3,
    0xF1, 0xF0, 0xF0, 0xF0, 0xF0, 0xF0, 0xF0, 0xF0, 0xF0, 0xF0, 0xF0, 0xF0, 0xF0, 0xF0, 0xF0, 0xF0,
    0xF0, 0xF0, 0xF0, 0xF0, 0xF0, 0xF0, 0xF0, 0xF0, 0xF0, 0xF0, 0xF0, 0xF0, 0xF0, 0xF0, 0xF0, 0xF1,
    0xF2, 0xF4, 0xF4, 0xF4, 0xF3, 0xF3, 0xF3, 0xF2, 0xF2, 0xF2, 0xF2, 0xF2, 0xF2, 0xF2, 0xF2, 0xF2,
    0xF2, 0xF2, 0xF2, 0xF2, 0xF2, 0xF2, 0xF2, 0xF2, 0xF2, 0xF3, 0xF3, 0xF3, 0xF4, 0xF4, 0xF4, 0xF2,
    0xF1, 0xF0, 0xF0, 0xF0, 0xF0, 0xF0, 0xF0, 0xF0, 0xF0, 0xF0, 0xF0, 0xF0, 0xF0, 0xF0, 0xF0, 0xF0,
    0xF0, 0xF0, 0xF0, 0xF0, 0xF0, 0xF0, 0xF0, 0xF0, 0xF0, 0xF0, 0xF0, 0xF0, 0xF0, 0xF0, 0xF0, 0xF1,
    0xF2, 0xF5, 0xF4, 0xF4, 0xF4, 0xF3, 0xF3, 0xF3, 0xF3, 0xF2, 0xF2, 0xF2, 0xF2, 0xF2, 0xF2, 0xF2,
    0xF2, 0xF2, 0xF2, 0xF2, 0xF2, 0xF2, 0xF2, 0xF3, 0xF3, 0xF3, 0xF3, 0xF4, 0xF4, 0xF4, 0xF5, 0xF2,
    0xF1, 0xF0, 0xF0, 0xF0, 0xF0, 0xF0, 0xF0, 0xF0, 0xF0, 0xF0, 0xF0, 0xF0, 0xF0, 0xF0, 0xF0, 0xF0,
    0xF0, 0xF0, 0xF0, 0xF0, 0xF0, 0xF0, 0xF0, 0xF0, 0xF0, 0xF0, 0xF0, 0xF0, 0xF0, 0xF0, 0xF0, 0xF1,
    0xF2, 0xF5, 0xF4, 0xF4, 0xF4, 0xF4, 0xF4, 0xF3, 0xF3, 0xF3, 0xF3, 0xF3, 0xF2, 0xF2, 0xF2, 0xF2,
    0xF2, 0xF2, 0xF2, 0xF2, 0xF3, 0xF3, 0xF3, 0xF3, 0xF3, 0xF4, 0xF4, 0xF4, 0xF4, 0xF4, 0xF5, 0xF2,
    0xF1, 0xF0, 0xF0, 0xF0, 0xF0, 0xF0, 0xF0, 0xF0, 0xF0, 0xF0, 0xF0, 0xF0, 0xF0, 0xF0, 0xF0, 0xF0,
    0xF0, 0xF0, 0xF0, 0xF0, 0xF0, 0xF0, 0xF0, 0xF0, 0xF0, 0xF0, 0xF0, 0xF0, 0xF0, 0xF0, 0xF0, 0xF1,
    0xF2, 0xF5, 0xF5, 0xF5, 0xF4, 0xF4, 0xF4, 0xF4, 0xF3, 0xF3, 0xF3, 0xF3, 0xF3, 0xF3, 0xF3, 0xF3,
    0xF3, 0xF3, 0xF3, 0xF3, 0xF3, 0xF3, 0xF3, 0xF3, 0xF4, 0xF4, 0xF4, 0xF4, 0xF5, 0xF5, 0xF5, 0xF2,
    0xF1, 0xF0, 0xF0, 0xF0, 0xF0, 0xF0, 0xF0, 0xF0, 0xF0, 0xF0, 0xF0, 0xF0, 0xF0, 0xF0, 0xF0, 0xF0,
    0xF0, 0xF0, 0xF0, 0xF0, 0xF0, 0xF0, 0xF0, 0xF0, 0xF0, 0xF0, 0xF0, 0xF0, 0xF0, 0xF0, 0xF0, 0xF1,
    0xF2, 0xF5, 0xF5, 0xF5, 0xF5, 0xF4, 0xF4, 0xF4, 0xF4, 0xF4, 0xF4, 0xF3, 0xF3, 0xF3, 0xF3, 0xF3,
    0xF3, 0xF3, 0xF3, 0xF3, 0xF3, 0xF4, 0xF4, 0xF4, 0xF4, 0xF4, 0xF4, 0xF5, 0xF5, 0xF5, 0xF5, 0xF2,
    0xF1, 0xF0, 0xF0, 0xF0, 0xF0, 0xF0, 0xF0, 0xF0, 0xF0, 0xF0, 0xF0, 0xF0, 0xF0, 0xF0, 0xF0, 0xF0,
    0xF0, 0xF0, 0xF0, 0xF0, 0xF0, 0xF0, 0xF0, 0xF0, 0xF0, 0xF0, 0xF0, 0xF0, 0xF0, 0xF0, 0xF0, 0xF1,
    0xF2, 0xF5, 0xF6, 0xF5, 0xF5, 0xF5, 0xF5, 0xF4, 0xF4, 0xF4, 0xF4, 0xF4, 0xF4, 0xF4, 0xF4, 0xF4,
    0xF4, 0xF4, 0xF4, 0xF4, 0xF4, 0xF4, 0xF4, 0xF4, 0xF4, 0xF5, 0xF5, 0xF5, 0xF5, 0xF5, 0xF5, 0xF2,
    0xF1, 0xF0, 0xF0, 0xF0, 0xF0, 0xF0, 0xF0, 0xF0, 0xF0, 0xF0, 0xF0, 0xF0, 0xF0, 0xF0, 0xF0, 0xF0,
    0xF0, 0xF0, 0xF0, 0xF0, 0xF0, 0xF0, 0xF0, 0xF0, 0xF0, 0xF0, 0xF0, 0xF0, 0xF0, 0xF0, 0xF0, 0xF1,
    0xF2, 0xF5, 0xF6, 0xF5, 0xF5, 0xF5, 0xF5, 0xF5, 0xF4, 0xF4, 0xF4, 0xF4, 0xF4, 0xF4, 0xF4, 0xF4,
    0xF4, 0xF4, 0xF4, 0xF4, 0xF4, 0xF4, 0xF4, 0xF4, 0xF5, 0xF5, 0xF5, 0xF5, 0xF5, 0xF6, 0xF5, 0xF2,
    0xF1, 0xF0, 0xF0, 0xF0, 0xF0, 0xF0, 0xF0, 0xF0, 0xF0, 0xF0, 0xF0, 0xF0, 0xF0, 0xF0, 0xF0, 0xF0,
    0xF0, 0xF0, 0xF0, 0xF0, 0xF0, 0xF0, 0xF0, 0xF0, 0xF0, 0xF0, 0xF0, 0xF0, 0xF0, 0xF0, 0xF0, 0xF1,
    0xF2, 0xF5, 0xF6, 0xF6, 0xF6, 0xF5, 0xF5, 0xF5, 0xF5, 0xF5, 0xF4, 0xF4, 0xF4, 0xF4, 0xF4, 0xF4,
    0xF4, 0xF4, 0xF4, 0xF4, 0xF4, 0xF4, 0xF5, 0xF5, 0xF5, 0xF5, 0xF5, 0xF6, 0xF6, 0xF6, 0xF5, 0xF2,
    0xF1, 0xF0, 0xF0, 0xF0, 0xF0, 0xF0, 0xF0, 0xF0, 0xF0, 0xF0, 0xF0, 0xF0, 0xF0, 0xF0, 0xF0, 0xF0,
    0xF0, 0xF0, 0xF0, 0xF0, 0xF0, 0xF0, 0xF0, 0xF0, 0xF0, 0xF0, 0xF0, 0xF0, 0xF0, 0xF0, 0xF0, 0xF1,
    0xF2, 0xF5, 0xF7, 0xF6, 0xF6, 0xF6, 0xF5, 0xF5, 0xF5, 0xF5, 0xF5, 0xF5, 0xF5, 0xF5, 0xF5, 0xF4,
    0xF4, 0xF5, 0xF5, 0xF5, 0xF5, 0xF5, 0xF5, 0xF5, 0xF5, 0xF5, 0xF6, 0xF6, 0xF6, 0xF7, 0xF5, 0xF2,
    0xF1, 0xF0, 0xF0, 0xF0, 0xF0, 0xF0, 0xF0, 0xF0, 0xF0, 0xF0, 0xF0, 0xF0, 0xF0, 0xF0, 0xF0, 0xF0,
    0xF0, 0xF0, 0xF0, 0xF0, 0xF0, 0xF0, 0xF0, 0xF0, 0xF0, 0xF0, 0xF0, 0xF0, 0xF0, 0xF0, 0xF0, 0xF1,
    0xF2, 0xF4, 0xF7, 0xF6, 0xF6, 0xF6, 0xF6, 0xF6, 0xF5, 0xF5, 0xF5, 0xF5, 0xF5, 0xF5, 0xF5, 0xF5,
    0xF5, 0xF5, 0xF5, 0xF5, 0xF5, 0xF5, 0xF5, 0xF5, 0xF6, 0xF6, 0xF6, 0xF6, 0xF6, 0xF7, 0xF4, 0xF2,
    0xF1, 0xF0, 0xF0, 0xF0, 0xF0, 0xF0, 0xF0, 0xF0, 0xF0, 0xF0, 0xF0, 0xF0, 0xF0, 0xF0, 0xF0, 0xF0,
    0xF0, 0xF0, 0xF0, 0xF0, 0xF0, 0xF0, 0xF0, 0xF0, 0xF0, 0xF0, 0xF0, 0xF0, 0xF0, 0xF0, 0xF0, 0xF1,
    0xF2, 0xF4, 0xF7, 0xF7, 0xF6, 0xF6, 0xF6, 0xF6, 0xF6, 0xF6, 0xF5, 0xF5, 0xF5, 0xF5, 0xF5, 0xF5,
    0xF5, 0xF5, 0xF5, 0xF5, 0xF5, 0xF5, 0xF6, 0xF6, 0xF6, 0xF6, 0xF6, 0xF6, 0xF7, 0xF7, 0xF4, 0xF2,
    0xF1, 0xF0, 0xF0, 0xF0, 0xF0, 0xF0, 0xF0, 0xF0, 0xF0, 0xF0, 0xF0, 0xF0, 0xF0, 0xF0, 0xF0, 0xF0,
    0xF0, 0xF0, 0xF0, 0xF0, 0xF0, 0xF0, 0xF0, 0xF0, 0xF0, 0xF0, 0xF0, 0xF0, 0xF0, 0xF0, 0xF0, 0xF1,
    0xF2, 0xF4, 0xF7, 0xF7, 0xF7, 0xF7, 0xF6, 0xF6, 0xF6, 0xF6, 0xF6, 0xF6, 0xF6, 0xF5, 0xF5, 0xF5,
    0xF5, 0xF5, 0xF5, 0xF6, 0xF6, 0xF6, 0xF6, 0xF6, 0xF6, 0xF6, 0xF7, 0xF7, 0xF7, 0xF7, 0xF4, 0xF2,
    0xF1, 0xF0, 0xF0, 0xF0, 0xF0, 0xF0, 0xF0, 0xF0, 0xF0, 0xF0, 0xF0, 0xF0, 0xF0, 0xF0, 0xF0, 0xF0,
    0xF0, 0xF0, 0xF0, 0xF0, 0xF0, 0xF0, 0xF0, 0xF0, 0xF0, 0xF0, 0xF0, 0xF0, 0xF0, 0xF0, 0xF0, 0xF1,
    0xF2, 0xF4, 0xF7, 0xF7, 0xF7, 0xF7, 0xF7, 0xF6, 0xF6, 0xF6, 0xF6, 0xF6, 0xF6, 0xF6, 0xF6, 0xF6,
    0xF6, 0xF6, 0xF6, 0xF6, 0xF6, 0xF6, 0xF6, 0xF6, 0xF6, 0xF7, 0xF7, 0xF7, 0xF7, 0xF7, 0xF4, 0xF2,
    0xF1, 0xF0, 0xF0, 0xF0, 0xF0, 0xF0, 0xF0, 0xF0, 0xF0, 0xF0, 0xF0, 0xF0, 0xF0, 0xF0, 0xF0, 0xF0,
    0xF0, 0xF0, 0xF0, 0xF0, 0xF0, 0xF0, 0xF0, 0xF0, 0xF0, 0xF0, 0xF0, 0xF0, 0xF0, 0xF0, 0xF0, 0xF1,
    0xF2, 0xF4, 0xF7, 0xF8, 0xF7, 0xF7, 0xF7, 0xF7, 0xF7, 0xF6, 0xF6, 0xF6, 0xF6, 0xF6, 0xF6, 0xF6,
    0xF6, 0xF6, 0xF6, 0xF6, 0xF6, 0xF6, 0xF6, 0xF7, 0xF7, 0xF7, 0xF7, 0xF7, 0xF8, 0xF7, 0xF4, 0xF2,
    0xF1, 0xF0, 0xF0, 0xF0, 0xF0, 0xF0, 0xF0, 0xF0, 0xF0, 0xF0, 0xF0, 0xF0, 0xF0, 0xF0, 0xF0, 0xF0,
    0xF0, 0xF0, 0xF0, 0xF0, 0xF0, 0xF0, 0xF0, 0xF0, 0xF0, 0xF0, 0xF0, 0xF0, 0xF0, 0xF0, 0xF0, 0xF1,
    0xF2, 0xF4, 0xF7, 0xF8, 0xF8, 0xF7, 0xF7, 0xF7, 0xF7, 0xF7, 0xF7, 0xF7, 0xF6, 0xF6, 0xF6, 0xF6,
    0xF6, 0xF6, 0xF6, 0xF6, 0xF7, 0xF7, 0xF7, 0xF7, 0xF7, 0xF7, 0xF7, 0xF8, 0xF8, 0xF7, 0xF4, 0xF2,
    0xF1, 0xF0, 0xF0, 0xF0, 0xF0, 0xF0, 0xF0, 0xF0, 0xF0, 0xF0, 0xF0, 0xF0, 0xF0, 0xF0, 0xF0, 0xF0,
    0xF0, 0xF0, 0xF0, 0xF0, 0xF0, 0xF0, 0xF0, 0xF0, 0xF0, 0xF0, 0xF0, 0xF0, 0xF0, 0xF0, 0xF0, 0xF1,
    0xF2, 0xF3, 0xF7, 0xF8, 0xF8, 0xF8, 0xF8, 0xF7, 0xF7, 0xF7, 0xF7, 0xF7, 0xF7, 0xF7, 0xF7, 0xF7,
    0xF7, 0xF7, 0xF7, 0xF7, 0xF7, 0xF7, 0xF7, 0xF7, 0xF7, 0xF8, 0xF8, 0xF8, 0xF8, 0xF7, 0xF3, 0xF2,
    0xF1, 0xF0, 0xF0, 0xF0, 0xF0, 0xF0, 0xF0, 0xF0, 0xF0, 0xF0, 0xF0, 0xF0, 0xF0, 0xF0, 0xF0, 0xF0,
    0xF0, 0xF0, 0xF0, 0xF0, 0xF0, 0xF0, 0xF0, 0xF0, 0xF0, 0xF0, 0xF0, 0xF0, 0xF0, 0xF0, 0xF0, 0xF1,
    0xF2, 0xF3, 0xF7, 0xF8, 0xF8, 0xF8, 0xF8, 0xF8, 0xF7, 0xF7, 0xF7, 0xF7, 0xF7, 0xF7, 0xF7, 0xF7,
    0xF7, 0xF7, 0xF7, 0xF7, 0xF7, 0xF7, 0xF7, 0xF7, 0xF8, 0xF8, 0xF8, 0xF8, 0xF8, 0xF7, 0xF3, 0xF2,
    0xF1, 0xF0, 0xF0, 0xF0, 0xF0, 0xF0, 0xF0, 0xF0, 0xF0, 0xF0, 0xF0, 0xF0, 0xF0, 0xF0, 0xF0, 0xF0,
    0xF0, 0xF0, 0xF0, 0xF0, 0xF0, 0xF0, 0xF0, 0xF0, 0xF0, 0xF0, 0xF0, 0xF0, 0xF0, 0xF0, 0xF0, 0xF1,
    0xF2, 0xF3, 0xF6, 0xF9, 0xF8, 0xF8, 0xF8, 0xF8, 0xF8, 0xF8, 0xF7, 0xF7, 0xF7, 0xF7, 0xF7, 0xF7,
    0xF7, 0xF7, 0xF7, 0xF7, 0xF7, 0xF7, 0xF8, 0xF8, 0xF8, 0xF8, 0xF8, 0xF8, 0xF9, 0xF6, 0xF3, 0xF2,
    0xF1, 0xF0, 0xF0, 0xF0, 0xF0, 0xF0, 0xF0, 0xF0, 0xF0, 0xF0, 0xF0, 0xF0, 0xF0, 0xF0, 0xF0, 0xF0,
    0xF0, 0xF0, 0xF0, 0xF0, 0xF0, 0xF0, 0xF0, 0xF0, 0xF0, 0xF0, 0xF0, 0xF0, 0xF0, 0xF0, 0xF0, 0xF1,
    0xF2, 0xF3, 0xF6, 0xF9, 0xF9, 0xF8, 0xF8, 0xF8, 0xF8, 0xF8, 0xF8, 0xF8, 0xF8, 0xF8, 0xF7, 0xF7,
    0xF7, 0xF7, 0xF8, 0xF8, 0xF8, 0xF8, 0xF8, 0xF8, 0xF8, 0xF8, 0xF8, 0xF9, 0xF9, 0xF6, 0xF3, 0xF2,
    0xF1, 0xF0, 0xF0, 0xF0, 0xF0, 0xF0, 0xF0, 0xF0, 0xF0, 0xF0, 0xF0, 0xF0, 0xF0, 0xF0, 0xF0, 0xF0,
    0xF0, 0xF0, 0xF0, 0xF0, 0xF0, 0xF0, 0xF0, 0xF0, 0xF0, 0xF0, 0xF0, 0xF0, 0xF0, 0xF0, 0xF0, 0xF1,
    0xF2, 0xF3, 0xF6, 0xF9, 0xF9, 0xF9, 0xF8, 0xF8, 0xF8, 0xF8, 0xF8, 0xF8, 0xF8, 0xF8, 0xF8, 0xF8,
    0xF8, 0xF8, 0xF8, 0xF8, 0xF8, 0xF8, 0xF8, 0xF8, 0xF8, 0xF8, 0xF9, 0xF9, 0xF9, 0xF6, 0xF3, 0xF2,
    0xF1, 0xF0, 0xF0, 0xF0, 0xF0, 0xF0, 0xF0, 0xF0, 0xF0, 0xF0, 0xF0, 0xF0, 0xF0, 0xF0, 0xF0, 0xF0,
    0xF0, 0xF0, 0xF0, 0xF0, 0xF0, 0xF0, 0xF0, 0xF0, 0xF0, 0xF0, 0xF0, 0xF0, 0xF0, 0xF0, 0xF0, 0xF1,
    0xF2, 0xF3, 0xF5, 0xF9, 0xF9, 0xF9, 0xF9, 0xF9, 0xF8, 0xF8, 0xF8, 0xF8, 0xF8, 0xF8, 0xF8, 0xF8,
    0xF8, 0xF8, 0xF8, 0xF8, 0xF8, 0xF8, 0xF8, 0xF8, 0xF9, 0xF9, 0xF9, 0xF9, 0xF9, 0xF5, 0xF3, 0xF2,
    0xF1, 0xF0, 0xF0, 0xF0, 0xF0, 0xF0, 0xF0, 0xF0, 0xF0, 0xF0, 0xF0, 0xF0, 0xF0, 0xF0, 0xF0, 0xF0,
    0xF0, 0xF0, 0xF0, 0xF0, 0xF0, 0xF0, 0xF0, 0xF0, 0xF0, 0xF0, 0xF0, 0xF0, 0xF0, 0xF0, 0xF0, 0xF1,
    0xF2, 0xF3, 0xF5, 0xF9, 0xF9, 0xF9, 0xF9, 0xF9, 0xF9, 0xF9, 0xF8, 0xF8, 0xF8, 0xF8, 0xF8, 0xF8,
    0xF8, 0xF8, 0xF8, 0xF8, 0xF8, 0xF8, 0xF9, 0xF9, 0xF9, 0xF9, 0xF9, 0xF9, 0xF9, 0xF5, 0xF3, 0xF2,
    0xF1, 0xF0, 0xF0, 0xF0, 0xF0, 0xF0, 0xF0, 0xF0, 0xF0, 0xF0, 0xF0, 0xF0, 0xF0, 0xF0, 0xF0, 0xF0,
    0xF0, 0xF0, 0xF0, 0xF0, 0xF0, 0xF0, 0xF0, 0xF0, 0xF0, 0xF0, 0xF0, 0xF0, 0xF0, 0xF0, 0xF0, 0xF0,
    0xF2, 0xF3, 0xF5, 0xF9, 0xFA, 0xF9, 0xF9, 0xF9, 0xF9, 0xF9, 0xF9, 0xF9, 0xF9, 0xF8, 0xF8, 0xF8,
    0xF8, 0xF8, 0xF8, 0xF9, 0xF9, 0xF9, 0xF9, 0xF9, 0xF9, 0xF9, 0xF9, 0xFA, 0xF9, 0xF5, 0xF3, 0xF2,
    0xF0, 0xF0, 0xF0, 0xF0, 0xF0, 0xF0, 0xF0, 0xF0, 0xF0, 0xF0, 0xF0, 0xF0, 0xF0, 0xF0, 0xF0, 0xF0,
    0xF0, 0xF0, 0xF0, 0xF0, 0xF0, 0xF0, 0xF0, 0xF0, 0xF0, 0xF0, 0xF0, 0xF0, 0xF0, 0xF0, 0xF0, 0xF0,
    0xF2, 0xF3, 0xF4, 0xF9, 0xFA, 0xFA, 0xF9, 0xF9, 0xF9, 0xF9, 0xF9, 0xF9, 0xF9, 0xF9, 0xF9, 0xF9,
    0xF9, 0xF9, 0xF9, 0xF9, 0xF9, 0xF9, 0xF9, 0xF9, 0xF9, 0xF9, 0xFA, 0xFA, 0xF9, 0xF4, 0xF3, 0xF2,
    0xF0, 0xF0, 0xF0, 0xF0, 0xF0, 0xF0, 0xF0, 0xF0, 0xF0, 0xF0, 0xF0, 0xF0, 0xF0, 0xF0, 0xF0, 0xF0,
    0xF0, 0xF0, 0xF0, 0xF0, 0xF0, 0xF0, 0xF0, 0xF0, 0xF0, 0xF0, 0xF0, 0xF0, 0xF0, 0xF0, 0xF0, 0xF0,
    0xF2, 0xF3, 0xF4, 0xF9, 0xFA, 0xFA, 0xFA, 0xFA, 0xF9, 0xF9, 0xF9, 0xF9, 0xF9, 0xF9, 0xF9, 0xF9,
    0xF9, 0xF9, 0xF9, 0xF9, 0xF9, 0xF9, 0xF9, 0xF9, 0xFA, 0xFA, 0xFA, 0xFA, 0xF9, 0xF4, 0xF3, 0xF2,
    0xF0, 0xF0, 0xF0, 0xF0, 0xF0, 0xF0, 0xF0, 0xF0, 0xF0, 0xF0, 0xF0, 0xF0, 0xF0, 0xF0, 0xF0, 0xF0,
    0xF0, 0xF0, 0xF0, 0xF0, 0xF0, 0xF0, 0xF0, 0xF0, 0xF0, 0xF0, 0xF0, 0xF0, 0xF0, 0xF0, 0xF0, 0xF0,
    0xF2, 0xF3, 0xF4, 0xF9, 0xFA, 0xFA, 0xFA, 0xFA, 0xFA, 0xFA, 0xFA, 0xF9, 0xF9, 0xF9, 0xF9, 0xF9,
    0xF9, 0xF9, 0xF9, 0xF9, 0xF9, 0xFA, 0xFA, 0xFA, 0xFA, 0xFA, 0xFA, 0xFB, 0xF9, 0xF4, 0xF3, 0xF2,
    0xF0, 0xF0, 0xF0, 0xF0, 0xF0, 0xF0, 0xF0, 0xF0, 0xF0, 0xF0, 0xF0, 0xF0, 0xF0, 0xF0, 0xF0, 0xF0,
    0xF0, 0xF0, 0xF0, 0xF0, 0xF0, 0xF0, 0xF0, 0xF0, 0xF0, 0xF0, 0xF0, 0xF0, 0xF0, 0xF0, 0xF0, 0xF0,
    0xF2, 0xF3, 0xF4, 0xF8, 0xFB, 0xFB, 0xFA, 0xFA, 0xFA, 0xFA, 0xFA, 0xFA, 0xFA, 0xFA, 0xF9, 0xF9,
    0xF9, 0xF9, 0xFA, 0xFA, 0xFA, 0xFA, 0xFA, 0xFA, 0xFA, 0xFA, 0xFB, 0xFB, 0xF8, 0xF4, 0xF3, 0xF2,
    0xF0, 0xF0, 0xF0, 0xF0, 0xF0, 0xF0, 0xF0, 0xF0, 0xF0, 0xF0, 0xF0, 0xF0, 0xF0, 0xF0, 0xF0, 0xF0,
    0xF0, 0xF0, 0xF0, 0xF0, 0xF0, 0xF0, 0xF0, 0xF0, 0xF0, 0xF0, 0xF0, 0xF0, 0xF0, 0xF0, 0xF0, 0xF0,
    0xF2, 0xF3, 0xF4, 0xF8, 0xFB, 0xFB, 0xFB, 0xFA, 0xFA, 0xFA, 0xFA, 0xFA, 0xFA, 0xFA, 0xFA, 0xFA,
    0xFA, 0xFA, 0xFA, 0xFA, 0xFA, 0xFA, 0xFA, 0xFA, 0xFA, 0xFB, 0xFB, 0xFB, 0xF8, 0xF4, 0xF3, 0xF2,
    0xF0, 0xF0, 0xF0, 0xF0, 0xF0, 0xF0, 0xF0, 0xF0, 0xF0, 0xF0, 0xF0, 0xF0, 0xF0, 0xF0, 0xF0, 0xF0,
    0xF0, 0xF0, 0xF0, 0xF0, 0xF0, 0xF0, 0xF0, 0xF0, 0xF0, 0xF0, 0xF0, 0xF0, 0xF0, 0xF0, 0xF0, 0xF0,
    0xF1, 0xF3, 0xF4, 0xF8, 0xFB, 0xFB, 0xFB, 0xFB, 0xFB, 0xFA, 0xFA, 0xFA, 0xFA, 0xFA, 0xFA, 0xFA,
    0xFA, 0xFA, 0xFA, 0xFA, 0xFA, 0xFA, 0xFA, 0xFB, 0xFB, 0xFB, 0xFB, 0xFB, 0xF8, 0xF4, 0xF3, 0xF1,
    0xF0, 0xF0, 0xF0, 0xF0, 0xF0, 0xF0, 0xF0, 0xF0, 0xF0, 0xF0, 0xF0, 0xF0, 0xF0, 0xF0, 0xF0, 0xF0,
    0xF0, 0xF0, 0xF0, 0xF0, 0xF0, 0xF0, 0xF0, 0xF0, 0xF0, 0xF0, 0xF0, 0xF0, 0xF0, 0xF0, 0xF0, 0xF0,
    0xF1, 0xF3, 0xF4, 0xF7, 0xFB, 0xFB, 0xFB, 0xFB, 0xFB, 0xFB, 0xFB, 0xFA, 0xFA, 0xFA, 0xFA, 0xFA,
    0xFA, 0xFA, 0xFA, 0xFA, 0xFA, 0xFB, 0xFB, 0xFB, 0xFB, 0xFB, 0xFB, 0xFB, 0xF7, 0xF4, 0xF3, 0xF1,
    0xF0, 0xF0, 0xF0, 0xF0, 0xF0, 0xF0, 0xF0, 0xF0, 0xF0, 0xF0, 0xF0, 0xF0, 0xF0, 0xF0, 0xF0, 0xF0,
    0xF0, 0xF0, 0xF0, 0xF0, 0xF0, 0xF0, 0xF0, 0xF0, 0xF0, 0xF0, 0xF0, 0xF0, 0xF0, 0xF0, 0xF0, 0xF0,
    0xF1, 0xF3, 0xF4, 0xF6, 0xFB, 0xFB, 0xFB, 0xFB, 0xFB, 0xFB, 0xFB, 0xFB, 0xFB, 0xFB, 0xFB, 0xFB,
    0xFB, 0xFB, 0xFB, 0xFB, 0xFB, 0xFB, 0xFB, 0xFB, 0xFB, 0xFB, 0xFB, 0xFB, 0xF6, 0xF4, 0xF3, 0xF1,
    0xF0, 0xF0, 0xF0, 0xF0, 0xF0, 0xF0, 0xF0, 0xF0, 0xF0, 0xF0, 0xF0, 0xF0, 0xF0, 0xF0, 0xF0, 0xF0,
    0xF0, 0xF0, 0xF0, 0xF0, 0xF0, 0xF0, 0xF0, 0xF0, 0xF0, 0xF0, 0xF0, 0xF0, 0xF0, 0xF0, 0xF0, 0xF0,
    0xF1, 0xF3, 0xF4, 0xF6, 0xFB, 0xFC, 0xFC, 0xFB, 0xFB, 0xFB, 0xFB, 0xFB, 0xFB, 0xFB, 0xFB, 0xFB,
    0xFB, 0xFB, 0xFB, 0xFB, 0xFB, 0xFB, 0xFB, 0xFB, 0xFB, 0xFC, 0xFC, 0xFB, 0xF6, 0xF4, 0xF3, 0xF1,
    0xF0, 0xF0, 0xF0, 0xF0, 0xF0, 0xF0, 0xF0, 0xF0, 0xF0, 0xF0, 0xF0, 0xF0, 0xF0, 0xF0, 0xF0, 0xF0,
    0xF0, 0xF0, 0xF0, 0xF0, 0xF0, 0xF0, 0xF0, 0xF0, 0xF0, 0xF0, 0xF0, 0xF0, 0xF0, 0xF0, 0xF0, 0xF0,
    0xF1, 0xF2, 0xF4, 0xF6, 0xFB, 0xFC, 0xFC, 0xFC, 0xFC, 0xFB, 0xFB, 0xFB, 0xFB, 0xFB, 0xFB, 0xFB,
    0xFB, 0xFB, 0xFB, 0xFB, 0xFB, 0xFB, 0xFB, 0xFC, 0xFC, 0xFC, 0xFC, 0xFB, 0xF6, 0xF4, 0xF2, 0xF1,
    0xF0, 0xF0, 0xF0, 0xF0, 0xF0, 0xF0, 0xF0, 0xF0, 0xF0, 0xF0, 0xF0, 0xF0, 0xF0, 0xF0, 0xF0, 0xF0,
    0xF0, 0xF0, 0xF0, 0xF0, 0xF0, 0xF0, 0xF0, 0xF0, 0xF0, 0xF0, 0xF0, 0xF0, 0xF0, 0xF0, 0xF0, 0xF0,
    0xF1, 0xF2, 0xF4, 0xF5, 0xFB, 0xFC, 0xFC, 0xFC, 0xFC, 0xFC, 0xFC, 0xFC, 0xFB, 0xFB, 0xFB, 0xFB,
    0xFB, 0xFB, 0xFB, 0xFB, 0xFC, 0xFC, 0xFC, 0xFC, 0xFC, 0xFC, 0xFC, 0xFB, 0xF5, 0xF4, 0xF2, 0xF1,
    0xF0, 0xF0, 0xF0, 0xF0, 0xF0, 0xF0, 0xF0, 0xF0, 0xF0, 0xF0, 0xF0, 0xF0, 0xF0, 0xF0, 0xF0, 0xF0,
    0xF0, 0xF0, 0xF0, 0xF0, 0xF0, 0xF0, 0xF0, 0xF0, 0xF0, 0xF0, 0xF0, 0xF0, 0xF0, 0xF0, 0xF0, 0xF0,
    0xF1, 0xF2, 0xF4, 0xF6, 0xFA, 0xFD, 0xFC, 0xFC, 0xFC, 0xFC, 0xFC, 0xFC, 0xFC, 0xFC, 0xFC, 0xFC,
    0xFC, 0xFC, 0xFC, 0xFC, 0xFC, 0xFC, 0xFC, 0xFC, 0xFC, 0xFC, 0xFC, 0xFA, 0xF6, 0xF4, 0xF2, 0xF1,
    0xF0, 0xF0, 0xF0, 0xF0, 0xF0, 0xF0, 0xF0, 0xF0, 0xF0, 0xF0, 0xF0, 0xF0, 0xF0, 0xF0, 0xF0, 0xF0,
    0xF0, 0xF0, 0xF0, 0xF0, 0xF0, 0xF0, 0xF0, 0xF0, 0xF0, 0xF0, 0xF0, 0xF0, 0xF0, 0xF0, 0xF0, 0xF0,
    0xF1, 0xF2, 0xF4, 0xF6, 0xFA, 0xFD, 0xFD, 0xFC, 0xFC, 0xFC, 0xFC, 0xFC, 0xFC, 0xFC, 0xFC, 0xFC,
    0xFC, 0xFC, 0xFC, 0xFC, 0xFC, 0xFC, 0xFC, 0xFC, 0xFC, 0xFD, 0xFD, 0xFA, 0xF5, 0xF4, 0xF2, 0xF1,
    0xF0, 0xF0, 0xF0, 0xF0, 0xF0, 0xF0, 0xF0, 0xF0, 0xF0, 0xF0, 0xF0, 0xF0, 0xF0, 0xF0, 0xF0, 0xF0,
    0xF0, 0xF0, 0xF0, 0xF0, 0xF0, 0xF0, 0xF0, 0xF0, 0xF0, 0xF0, 0xF0, 0xF0, 0xF0, 0xF0, 0xF0, 0xF0,
    0xF1, 0xF2, 0xF4, 0xF6, 0xFA, 0xFD, 0xFD, 0xFD, 0xFD, 0xFD, 0xFD, 0xFC, 0xFC, 0xFC, 0xFC, 0xFC,
    0xFC, 0xFC, 0xFC, 0xFC, 0xFC, 0xFD, 0xFD, 0xFD, 0xFD, 0xFD, 0xFD, 0xFA, 0xF5, 0xF4, 0xF2, 0xF1,
    0xF0, 0xF0, 0xF0, 0xF0, 0xF0, 0xF0, 0xF0, 0xF0, 0xF0, 0xF0, 0xF0, 0xF0, 0xF0, 0xF0, 0xF0, 0xF0,
    0xF0, 0xF0, 0xF0, 0xF0, 0xF0, 0xF0, 0xF0, 0xF0, 0xF0, 0xF0, 0xF0, 0xF0, 0xF0, 0xF0, 0xF0, 0xF0,
    0xF1, 0xF2, 0xF4, 0xF6, 0xF9, 0xFD, 0xFD, 0xFD, 0xFD, 0xFD, 0xFD, 0xFD, 0xFD, 0xFD, 0xFD, 0xFD,
    0xFD, 0xFD, 0xFD, 0xFD, 0xFD, 0xFD, 0xFD, 0xFD, 0xFD, 0xFD, 0xFD, 0xF9, 0xF5, 0xF4, 0xF2, 0xF0,
    0xF0, 0xF0, 0xF0, 0xF0, 0xF0, 0xF0, 0xF0, 0xF0, 0xF0, 0xF0, 0xF0, 0xF0, 0xF0, 0xF0, 0xF0, 0xF0,
    0xF0, 0xF0, 0xF0, 0xF0, 0xF0, 0xF0, 0xF0, 0xF0, 0xF0, 0xF0, 0xF0, 0xF0, 0xF0, 0xF0, 0xF0, 0xF0,
    0xF0, 0xF2, 0xF4, 0xF6, 0xF9, 0xFE, 0xFD, 0xFD, 0xFD, 0xFD, 0xFD, 0xFD, 0xFD, 0xFD, 0xFD, 0xFD,
    0xFD, 0xFD, 0xFD, 0xFD, 0xFD, 0xFD, 0xFD, 0xFD, 0xFD, 0xFD, 0xFE, 0xF8, 0xF5, 0xF4, 0xF2, 0xF0,
    0xF0, 0xF0, 0xF0, 0xF0, 0xF0, 0xF0, 0xF0, 0xF0, 0xF0, 0xF0, 0xF0, 0xF0, 0xF0, 0xF0, 0xF0, 0xF0,
    0xF0, 0xF0, 0xF0, 0xF0, 0xF0, 0xF0, 0xF0, 0xF0, 0xF0, 0xF0, 0xF0, 0xF0, 0xF0, 0xF0, 0xF0, 0xF0,
    0xF0, 0xF2, 0xF4, 0xF6, 0xF8, 0xFE, 0xFE, 0xFE, 0xFE, 0xFE, 0xFE, 0xFD, 0xFD, 0xFD, 0xFD, 0xFD,
    0xFD, 0xFD, 0xFD, 0xFD, 0xFD, 0xFD, 0xFD, 0xFE, 0xFE, 0xFE, 0xFD, 0xF8, 0xF5, 0xF4, 0xF2, 0xF0,
    0xF0, 0xF0, 0xF0, 0xF0, 0xF0, 0xF0, 0xF0, 0xF0, 0xF0, 0xF0, 0xF0, 0xF0, 0xF0, 0xF0, 0xF0, 0xF0,
    0xF0, 0xF0, 0xF0, 0xF0, 0xF0, 0xF0, 0xF0, 0xF0, 0xF0, 0xF0, 0xF0, 0xF0, 0xF0, 0xF0, 0xF0, 0xF0,
    0xF0, 0xF2, 0xF4, 0xF6, 0xF8, 0xFD, 0xFE, 0xFE, 0xFE, 0xFE, 0xFE, 0xFE, 0xFE, 0xFE, 0xFE, 0xFE,
    0xFE, 0xFE, 0xFE, 0xFE, 0xFE, 0xFE, 0xFE, 0xFE, 0xFE, 0xFE, 0xFD, 0xF8, 0xF5, 0xF4, 0xF2, 0xF0,
    0xF0, 0xF0, 0xF0, 0xF0, 0xF0, 0xF0, 0xF0, 0xF0, 0xF0, 0xF0, 0xF0, 0xF0, 0xF0, 0xF0, 0xF0, 0xF0,
    0xF0, 0xF0, 0xF0, 0xF0, 0xF0, 0xF0, 0xF0, 0xF0, 0xF0, 0xF0, 0xF0, 0xF0, 0xF0, 0xF0, 0xF0, 0xF0,
    0xF0, 0xF2, 0xF4, 0xF6, 0xF8, 0xFD, 0xFE, 0xFE, 0xFE, 0xFE, 0xFE, 0xFE, 0xFE, 0xFE, 0xFE, 0xFE,
    0xFE, 0xFE, 0xFE, 0xFE, 0xFE, 0xFE, 0xFE, 0xFE, 0xFE, 0xFE, 0xFD, 0xF8, 0xF5, 0xF4, 0xF2, 0xF0,
    0xF0, 0xF0, 0xF0, 0xF0, 0xF0, 0xF0, 0xF0, 0xF0, 0xF0, 0xF0, 0xF0, 0xF0, 0xF0, 0xF0, 0xF0, 0xF0,
    0xF0, 0xF0, 0xF0, 0xF0, 0xF0, 0xF0, 0xF0, 0xF0, 0xF0, 0xF0, 0xF0, 0xF0, 0xF0, 0xF0, 0xF0, 0xF0,
    0xF0, 0xF2, 0xF4, 0xF6, 0xF8, 0xFD, 0xFE, 0xFE, 0xFE, 0xFE, 0xFE, 0xFE, 0xFE, 0xFE, 0xFE, 0xFE,
    0xFE, 0xFE, 0xFE, 0xFE, 0xFE, 0xFE, 0xFE, 0xFE, 0xFE, 0xFE, 0xFD, 0xF8, 0xF5, 0xF4, 0xF2, 0xF0,
    0xF0, 0xF0, 0xF0, 0xF0, 0xF0, 0xF0, 0xF0, 0xF0, 0xF0, 0xF0, 0xF0, 0xF0, 0xF0, 0xF0, 0xF0, 0xF0,
    0xF0, 0xF0, 0xF0, 0xF0, 0xF0, 0xF0, 0xF0, 0xF0, 0xF0, 0xF0, 0xF0, 0xF0, 0xF0, 0xF0, 0xF0, 0xF0,
    0xF0, 0xF2, 0xF4, 0xF5, 0xF8, 0xFC, 0xFF, 0xFE, 0xFE, 0xFE, 0xFE, 0xFE, 0xFE, 0xFE, 0xFE, 0xFE,
    0xFE, 0xFE, 0xFE, 0xFE, 0xFE, 0xFE, 0xFE, 0xFE, 0xFE, 0xFE, 0xFC, 0xF7, 0xF5, 0xF3, 0xF2, 0xF0,
    0xF0, 0xF0, 0xF0, 0xF0, 0xF0, 0xF0, 0xF0, 0xF0, 0xF0, 0xF0, 0xF0, 0xF0, 0xF0, 0xF0, 0xF0, 0xF0,
    0xF0, 0xF0, 0xF0, 0xF0, 0xF0, 0xF0, 0xF0, 0xF0, 0xF0, 0xF0, 0xF0, 0xF0, 0xF0, 0xF0, 0xF0, 0xF0,
    0xF0, 0xF2, 0xF3, 0xF5, 0xF7, 0xFC, 0xFF, 0xFF, 0xFF, 0xFF, 0xFF, 0xFF, 0xFF, 0xFF, 0xFF, 0xFF,
    0xFF, 0xFF, 0xFF, 0xFF, 0xFF, 0xFF, 0xFF, 0xFF, 0xFF, 0xFF, 0xFC, 0xF7, 0xF5, 0xF3, 0xF2, 0xF0,
    0xF0, 0xF0, 0xF0, 0xF0, 0xF0, 0xF0, 0xF0, 0xF0, 0xF0, 0xF0, 0xF0, 0xF0, 0xF0, 0xF0, 0xF0, 0xF0,
    0xF0, 0xF0, 0xF0, 0xF0, 0xF0, 0xF0, 0xF0, 0xF0, 0xF0, 0xF0, 0xF0, 0xF0, 0xF0, 0xF0, 0xF0, 0xF0,
    0xF0, 0xF2, 0xF3, 0xF5, 0xF7, 0xFB, 0xFF, 0xFF, 0xFF, 0xFF, 0xFF, 0xFF, 0xFF, 0xFF, 0xFF, 0xFF,
    0xFF, 0xFF, 0xFF, 0xFF, 0xFF, 0xFF, 0xFF, 0xFF, 0xFF, 0xFF, 0xFB, 0xF7, 0xF5, 0xF3, 0xF1, 0xF0,
    0xF0, 0xF0, 0xF0, 0xF0, 0xF0, 0xF0, 0xF0, 0xF0, 0xF0, 0xF0, 0xF0, 0xF0, 0xF0, 0xF0, 0xF0, 0xF0,
    0xF0, 0xF0, 0xF0, 0xF0, 0xF0, 0xF0, 0xF0, 0xF0, 0xF0, 0xF0, 0xF0, 0xF0, 0xF0, 0xF0, 0xF0, 0xF0,
    0xF0, 0xF1, 0xF3, 0xF4, 0xF6, 0xF9, 0xFE, 0xFF, 0xFF, 0xFF, 0xFF, 0xFF, 0xFF, 0xFF, 0xFF, 0xFF,
    0xFF, 0xFF, 0xFF, 0xFF, 0xFF, 0xFF, 0xFF, 0xFF, 0xFF, 0xFE, 0xF9, 0xF6, 0xF4, 0xF2, 0xF1, 0xF0,
    0xF0, 0xF0, 0xF0, 0xF0, 0xF0, 0xF0, 0xF0, 0xF0, 0xF0, 0xF0, 0xF0, 0xF0, 0xF0, 0xF0, 0xF0, 0xF0,
    0xF0, 0xF0, 0xF0, 0xF0, 0xF0, 0xF0, 0xF0, 0xF0, 0xF0, 0xF0, 0xF0, 0xF0, 0xF0, 0xF0, 0xF0, 0xF0,
    0xF0, 0xF1, 0xF2, 0xF4, 0xF6, 0xF8, 0xFC, 0xFF, 0xFF, 0xFF, 0xFF, 0xFF, 0xFF, 0xFF, 0xFF, 0xFF,
    0xFF, 0xFF, 0xFF, 0xFF, 0xFF, 0xFF, 0xFF, 0xFF, 0xFF, 0xFC, 0xF8, 0xF6, 0xF4, 0xF2, 0xF0, 0xF0,
    0xF0, 0xF0, 0xF0, 0xF0, 0xF0, 0xF0, 0xF0, 0xF0, 0xF0, 0xF0, 0xF0, 0xF0, 0xF0, 0xF0, 0xF0, 0xF0,
    0xF0, 0xF0, 0xF0, 0xF0, 0xF0, 0xF0, 0xF0, 0xF0, 0xF0, 0xF0, 0xF0, 0xF0, 0xF0, 0xF0, 0xF0, 0xF0,
    0xF0, 0xF0, 0xF2, 0xF3, 0xF5, 0xF7, 0xF9, 0xFE, 0xFF, 0xFF, 0xFF, 0xFF, 0xFF, 0xFF, 0xFF, 0xFF,
    0xFF, 0xFF, 0xFF, 0xFF, 0xFF, 0xFF, 0xFF, 0xFF, 0xFE, 0xF9, 0xF7, 0xF5, 0xF3, 0xF2, 0xF0, 0xF0,
    0xF0, 0xF0, 0xF0, 0xF0, 0xF0, 0xF0, 0xF0, 0xF0, 0xF0, 0xF0, 0xF0, 0xF0, 0xF0, 0xF0, 0xF0, 0xF0,
    0xF0, 0xF0, 0xF0, 0xF0, 0xF0, 0xF0, 0xF0, 0xF0, 0xF0, 0xF0, 0xF0, 0xF0, 0xF0, 0xF0, 0xF0, 0xF0,
    0xF0, 0xF0, 0xF1, 0xF2, 0xF4, 0xF5, 0xF7, 0xFA, 0xFE, 0xFF, 0xFF, 0xFF, 0xFF, 0xFF, 0xFF, 0xFF,
    0xFF, 0xFF, 0xFF, 0xFF, 0xFF, 0xFF, 0xFF, 0xFE, 0xFA, 0xF7, 0xF6, 0xF4, 0xF2, 0xF1, 0xF0, 0xF0,
    0xF0, 0xF0, 0xF0, 0xF0, 0xF0, 0xF0, 0xF0, 0xF0, 0xF0, 0xF0, 0xF0, 0xF0, 0xF0, 0xF0, 0xF0, 0xF0,
    0xF0, 0xF0, 0xF0, 0xF0, 0xF0, 0xF0, 0xF0, 0xF0, 0xF0, 0xF0, 0xF0, 0xF0, 0xF0, 0xF0, 0xF0, 0xF0,
    0xF0, 0xF0, 0xF0, 0xF2, 0xF3, 0xF4, 0xF6, 0xF7, 0xF9, 0xFD, 0xFF, 0xFF, 0xFF, 0xFF, 0xFF, 0xFF,
    0xFF, 0xFF, 0xFF, 0xFF, 0xFF, 0xFF, 0xFD, 0xFA, 0xF8, 0xF6, 0xF4, 0xF3, 0xF2, 0xF0, 0xF0, 0xF0,
    0xF0, 0xF0, 0xF0, 0xF0, 0xF0, 0xF0, 0xF0, 0xF0, 0xF0, 0xF0, 0xF0, 0xF0, 0xF0, 0xF0, 0xF0, 0xF0,
    0xF0, 0xF0, 0xF0, 0xF0, 0xF0, 0xF0, 0xF0, 0xF0, 0xF0, 0xF0, 0xF0, 0xF0, 0xF0, 0xF0, 0xF0, 0xF0,
    0xF0, 0xF0, 0xF0, 0xF0, 0xF2, 0xF3, 0xF4, 0xF6, 0xF7, 0xF8, 0xFB, 0xFE, 0xFF, 0xFF, 0xFF, 0xFF,
    0xFF, 0xFF, 0xFF, 0xFF, 0xFE, 0xFB, 0xF9, 0xF7, 0xF6, 0xF5, 0xF3, 0xF2, 0xF1, 0xF0, 0xF0, 0xF0,
    0xF0, 0xF0, 0xF0, 0xF0, 0xF0, 0xF0, 0xF0, 0xF0, 0xF0, 0xF0, 0xF0, 0xF0, 0xF0, 0xF0, 0xF0, 0xF0,
    0xF0, 0xF0, 0xF0, 0xF0, 0xF0, 0xF0, 0xF0, 0xF0, 0xF0, 0xF0, 0xF0, 0xF0, 0xF0, 0xF0, 0xF0, 0xF0,
    0xF0, 0xF0, 0xF0, 0xF0, 0xF1, 0xF2, 0xF3, 0xF4, 0xF5, 0xF6, 0xF7, 0xF8, 0xFA, 0xFC, 0xFD, 0xFD,
    0xFD, 0xFD, 0xFC, 0xFB, 0xF9, 0xF8, 0xF7, 0xF6, 0xF4, 0xF3, 0xF2, 0xF1, 0xF0, 0xF0, 0xF0, 0xF0,
    0xF0, 0xF0, 0xF0, 0xF0, 0xF0, 0xF0, 0xF0, 0xF0, 0xF0, 0xF0, 0xF0, 0xF0, 0xF0, 0xF0, 0xF0, 0xF0,
    0xF0, 0xF0, 0xF0, 0xF0, 0xF0, 0xF0, 0xF0, 0xF0, 0xF0, 0xF0, 0xF0, 0xF0, 0xF0, 0xF0, 0xF0, 0xF0,
    0xF0, 0xF0, 0xF0, 0xF0, 0xF0, 0xF1, 0xF2, 0xF2, 0xF3, 0xF4, 0xF5, 0xF6, 0xF7, 0xF7, 0xF8, 0xF8,
    0xF8, 0xF8, 0xF8, 0xF7, 0xF7, 0xF6, 0xF5, 0xF4, 0xF3, 0xF2, 0xF1, 0xF0, 0xF0, 0xF0, 0xF0, 0xF0,
    0xF0, 0xF0, 0xF0, 0xF0, 0xF0, 0xF0, 0xF0, 0xF0, 0xF0, 0xF0, 0xF0, 0xF0, 0xF0, 0xF0, 0xF0, 0xF0,
};
unsigned char ui_battle_projector_reel_png[] = {
    0x00, 0x00, 0x00, 0x00, 0x00, 0x00, 0x00, 0x00, 0x00, 0x00, 0x00, 0x00, 0x00, 0x00, 0x00, 0x00,
    0x00, 0x00, 0x00, 0x00, 0x00, 0x00, 0x00, 0x00, 0x00, 0x00, 0x00, 0x00, 0x00, 0x00, 0x00, 0x00,
    0x00, 0x00, 0x00, 0x00, 0x00, 0x00, 0x00, 0x00, 0x00, 0x00, 0x00, 0x00, 0x00, 0x00, 0x00, 0x00,
    0x00, 0x00, 0x00, 0x00, 0x00, 0x00, 0x00, 0x00, 0x00, 0x00, 0x00, 0x00, 0x00, 0x00, 0x00, 0x00,
    0x00, 0x00, 0x00, 0x00, 0x00, 0x00, 0x00, 0x00, 0x00, 0x00, 0x00, 0x00, 0x00, 0x00, 0x00, 0x00,
    0x00, 0x00, 0x00, 0x00, 0x00, 0x00, 0x00, 0x00, 0x00, 0x00, 0x00, 0x00, 0x00, 0x00, 0x00, 0x00,
    0x00, 0x00, 0x00, 0x00, 0x00, 0x00, 0x00, 0x00, 0x00, 0x00, 0x00, 0x00, 0x00, 0x00, 0x00, 0x00,
    0x00, 0x00, 0x00, 0x00, 0x00, 0x00, 0x00, 0x00, 0x00, 0x00, 0x00, 0x00, 0x00, 0x00, 0x00, 0x00,
    0x00, 0x00, 0x00, 0x00, 0x00, 0x00, 0x00, 0x00, 0x00, 0x00, 0x00, 0x00, 0x00, 0x00, 0x00, 0x00,
    0x00, 0x00, 0x00, 0x00, 0x00, 0x00, 0x00, 0x00, 0x00, 0x00, 0x00, 0x00, 0x00, 0x00, 0x00, 0x00,
    0x00, 0x00, 0x00, 0x00, 0x00, 0x00, 0x00, 0x00, 0x00, 0x00, 0x00, 0x00, 0x00, 0x00, 0x00, 0x00,
    0x00, 0x00, 0x00, 0x00, 0x00, 0x00, 0x00, 0x00, 0x00, 0x00, 0x00, 0x00, 0x00, 0x00, 0x00, 0x00,
    0x00, 0x00, 0x00, 0x00, 0x00, 0x00, 0x01, 0x12, 0x34, 0x46, 0x68, 0x78, 0x78, 0x78, 0x78, 0x78,
    0x78, 0x56, 0x34, 0x22, 0x11, 0x00, 0x00, 0x00, 0x00, 0x00, 0x00, 0x00, 0x00, 0x00, 0x00, 0x00,
    0x00, 0x00, 0x00, 0x00, 0x00, 0x00, 0x00, 0x00, 0x00, 0x00, 0x00, 0x00, 0x00, 0x00, 0x00, 0x00,
    0x00, 0x00, 0x00, 0x00, 0x00, 0x00, 0x00, 0x00, 0x00, 0x00, 0x00, 0x00, 0x00, 0x00, 0x00, 0x00,
    0x00, 0x00, 0x11, 0x35, 0x58, 0x9D, 0xBF, 0xCF, 0xBF, 0xBF, 0xBF, 0xCF, 0xCF, 0xCF, 0xCF, 0xCF,
    0xDF, 0xDF, 0xDF, 0xDF, 0xDF, 0xAC, 0x78, 0x45, 0x11, 0x00, 0x00, 0x00, 0x00, 0x00, 0x00, 0x00,
    0x00, 0x00, 0x00, 0x00, 0x00, 0x00, 0x00, 0x00, 0x00, 0x00, 0x00, 0x00, 0x00, 0x00, 0x00, 0x00,
    0x00, 0x00, 0x00, 0x00, 0x00, 0x00, 0x00, 0x00, 0x00, 0x00, 0x00, 0x00, 0x00, 0x00, 0x00, 0x00,
    0x58, 0x8C, 0xBF, 0xBF, 0x9F, 0x8F, 0x7F, 0x8F, 0x8F, 0x8F, 0x8F, 0x8F, 0x8F, 0x8F, 0x8F, 0x8F,
    0x8F, 0x8F, 0x8F, 0x8F, 0xAF, 0xCF, 0xDF, 0xEF, 0xEF, 0xBC, 0x78, 0x22, 0x00, 0x00, 0x00, 0x00,
    0x00, 0x00, 0x00, 0x00, 0x00, 0x00, 0x00, 0x00, 0x00, 0x00, 0x00, 0x00, 0x00, 0x00, 0x00, 0x00,
    0x00, 0x00, 0x00, 0x00, 0x00, 0x00, 0x00, 0x00, 0x00, 0x00, 0x00, 0x00, 0x00, 0x00, 0x00, 0x00,
    0x9F, 0x8F, 0x7F, 0x8F, 0x8F, 0x8F, 0x8F, 0x8F, 0x8F, 0x8F, 0x8F, 0x8F, 0x8F, 0x8F, 0x8F, 0x8F,
    0x8F, 0x8F, 0x8F, 0x8F, 0x8F, 0x8F, 0x8F, 0x8F, 0x9F, 0xCF, 0xEF, 0xEF, 0xBD, 0x67, 0x33, 0x00,
    0x00, 0x00, 0x00, 0x00, 0x00, 0x00, 0x00, 0x00, 0x00, 0x00, 0x00, 0x00, 0x00, 0x00, 0x00, 0x00,
    0x00, 0x00, 0x00, 0x00, 0x00, 0x00, 0x00, 0x00, 0x00, 0x00, 0x00, 0x00, 0x00, 0x00, 0x00, 0x00,
    0x8F, 0x8F, 0x8F, 0x8F, 0x8F, 0x8F, 0x8F, 0x8F, 0x8F, 0x8F, 0x8F, 0x8F, 0x8F, 0x8F, 0x8F, 0x8F,
    0x8F, 0x8F, 0x8F, 0x8F, 0x8F, 0x8F, 0x8F, 0x8F, 0x8F, 0x8F, 0x8F, 0x9F, 0xDF, 0xEF, 0xDF, 0xEF,
    0x9A, 0x22, 0x00, 0x00, 0x00, 0x00, 0x00, 0x00, 0x00, 0x00, 0x00, 0x00, 0x00, 0x00, 0x00, 0x00,
    0x00, 0x00, 0x00, 0x00, 0x00, 0x00, 0x00, 0x00, 0x00, 0x00, 0x00, 0x00, 0x00, 0x00, 0x00, 0x00,
    0x8F, 0x8F, 0x8F, 0x8F, 0x8F, 0x8F, 0x8F, 0x8F, 0x8F, 0x8F, 0x8F, 0x8F, 0x8F, 0x8F, 0x8F, 0x8F,
    0x8F, 0x8F, 0x8F, 0x8F, 0x8F, 0x8F, 0x8F, 0x8F, 0x8F, 0x8F, 0x8F, 0x8F, 0x8F, 0x8F, 0x8F, 0xBF,
    0xEF, 0xFF, 0x89, 0x11, 0x00, 0x00, 0x00, 0x00, 0x00, 0x00, 0x00, 0x00, 0x00, 0x00, 0x00, 0x00,
    0x00, 0x00, 0x00, 0x00, 0x00, 0x00, 0x00, 0x00, 0x00, 0x00, 0x00, 0x00, 0x00, 0x00, 0x00, 0x00,
    0x8F, 0x8F, 0x8F, 0x8F, 0x8F, 0x8F, 0x8F, 0x8F, 0x8F, 0x8F, 0x8F, 0x8F, 0x8F, 0x8F, 0x8F, 0x8F,
    0x8F, 0x8F, 0x8F, 0x8F, 0x8F, 0x8F, 0x8F, 0x8F, 0x8F, 0x8F, 0x8F, 0x8F, 0x8F, 0x8F, 0x8F, 0x8F,
    0x8F, 0xBF, 0xFF, 0xFF, 0x78, 0x11, 0x00, 0x00, 0x00, 0x00, 0x00, 0x00, 0x00, 0x00, 0x00, 0x00,
    0x00, 0x00, 0x00, 0x00, 0x00, 0x00, 0x00, 0x00, 0x00, 0x00, 0x00, 0x00, 0x00, 0x00, 0x00, 0x00,
    0x8F, 0x8F, 0x8F, 0x8F, 0x8F, 0x8F, 0x8F, 0x8F, 0x8F, 0x8F, 0x8F, 0x8F, 0x8F, 0x8F, 0x8F, 0x8F,
    0x8F, 0x8F, 0x8F, 0x8F, 0x8F, 0x8F, 0x8F, 0x8F, 0x8F, 0x8F, 0x8F, 0x8F, 0x8F, 0x8F, 0x8F, 0x8F,
    0x8F, 0x8F, 0x8F, 0xCF, 0xFF, 0xFF, 0x9A, 0x11, 0x00, 0x00, 0x00, 0x00, 0x00, 0x00, 0x00, 0x00,
    0x00, 0x00, 0x00, 0x00, 0x00, 0x00, 0x00, 0x00, 0x00, 0x00, 0x00, 0x00, 0x00, 0x00, 0x00, 0x00,
    0x8F, 0x8F, 0x8F, 0x8F, 0x8F, 0x8F, 0x8F, 0x8F, 0x8F, 0x8F, 0x7F, 0x6F, 0x3F, 0x1F, 0x0F, 0x2F,
    0x5F, 0x8F, 0x8F, 0x8F, 0x8F, 0x8F, 0x8F, 0x8F, 0x8F, 0x8F, 0x8F, 0x8F, 0x8F, 0x8F, 0x8F, 0x8F,
    0x8F, 0x8F, 0x8F, 0x8F, 0x8F, 0xBF, 0xFF, 0xFF, 0x44, 0x00, 0x00, 0x00, 0x00, 0x00, 0x00, 0x00,
    0x00, 0x00, 0x00, 0x00, 0x00, 0x00, 0x00, 0x00, 0x00, 0x00, 0x00, 0x00, 0x00, 0x00, 0x00, 0x00,
    0x8F, 0x8F, 0x8F, 0x8F, 0x8F, 0x8F, 0x8F, 0x8F, 0x7F, 0x5F, 0x2F, 0x0C, 0x08, 0x07, 0x08, 0x0C,
    0x0F, 0x0F, 0x6F, 0x8F, 0x8F, 0x8F, 0x8F, 0x8F, 0x8F, 0x8F, 0x8F, 0x8F, 0x8F, 0x8F, 0x8F, 0x8F,
    0x8F, 0x8F, 0x8F, 0x8F, 0x8F, 0x8F, 0x8F, 0xDF, 0xFF, 0x66, 0x11, 0x00, 0x00, 0x00, 0x00, 0x00,
    0x00, 0x00, 0x00, 0x00, 0x00, 0x00, 0x00, 0x00, 0x00, 0x00, 0x00, 0x00, 0x00, 0x00, 0x00, 0x00,
    0x8F, 0x8F, 0x8F, 0x8F, 0x8F, 0x8F, 0x8F, 0x7F, 0x6F, 0x2B, 0x02, 0x00, 0x00, 0x00, 0x00, 0x00,
    0x02, 0x0C, 0x0F, 0x5F, 0x8F, 0x8F, 0x8F, 0x8F, 0x8F, 0x8F, 0x8F, 0x8F, 0x8F, 0x8F, 0x8F, 0x8F,
    0x8F, 0x8F, 0x8F, 0x8F, 0x8F, 0x8F, 0x8F, 0x8F, 0xCF, 0xFF, 0xFF, 0x44, 0x00, 0x00, 0x00, 0x00,
    0x00, 0x00, 0x00, 0x00, 0x00, 0x00, 0x00, 0x00, 0x00, 0x00, 0x00, 0x00, 0x00, 0x00, 0x00, 0x00,
    0x8F, 0x8F, 0x8F, 0x8F, 0x8F, 0x8F, 0x7F, 0x7F, 0x4C, 0x00, 0x00, 0x00, 0x00, 0x00, 0x00, 0x00,
    0x00, 0x00, 0x0C, 0x0F, 0x7F, 0x8F, 0x8F, 0x8F, 0x8F, 0x8F, 0x8F, 0x8F, 0x8F, 0x8F, 0x8F, 0x8F,
    0x8F, 0x8F, 0x8F, 0x8F, 0x8F, 0x8F, 0x8F, 0x8F, 0x8F, 0x8F, 0xDF, 0xFF, 0x44, 0x00, 0x00, 0x00,
    0x00, 0x00, 0x00, 0x00, 0x00, 0x00, 0x00, 0x00, 0x00, 0x00, 0x00, 0x00, 0x00, 0x00, 0x00, 0x00,
    0x8F, 0x8F, 0x8F, 0x8F, 0x8F, 0x8F, 0x7F, 0x6F, 0x01, 0x00, 0x00, 0x00, 0x00, 0x00, 0x00, 0x00,
    0x00, 0x00, 0x02, 0x0F, 0x1F, 0x8F, 0x8F, 0x8F, 0x8F, 0x8F, 0x8F, 0x8F, 0x8F, 0x8F, 0x8F, 0x8F,
    0x8F, 0x8F, 0x8F, 0x8F, 0x8F, 0x8F, 0x8F, 0x8F, 0x8F, 0x8F, 0x8F, 0xDF, 0xFF, 0x66, 0x00, 0x00,
    0x00, 0x00, 0x00, 0x00, 0x00, 0x00, 0x00, 0x00, 0x00, 0x00, 0x00, 0x00, 0x00, 0x00, 0x00, 0x00,
    0x8F, 0x8F, 0x8F, 0x8F, 0x8F, 0x7F, 0x7F, 0x13, 0x00, 0x00, 0x00, 0x00, 0x00, 0x00, 0x00, 0x00,
    0x00, 0x00, 0x00, 0x04, 0x0F, 0x7F, 0x8F, 0x8F, 0x8F, 0x8F, 0x8F, 0x8F, 0x8F, 0x8F, 0x8F, 0x8F,
    0x8F, 0x8F, 0x8F, 0x8F, 0x8F, 0x8F, 0x8F, 0x8F, 0x8F, 0x8F, 0x8F, 0x8F, 0xDF, 0xFF, 0xAA, 0x00,
    0x00, 0x00, 0x00, 0x00, 0x00, 0x00, 0x00, 0x00, 0x00, 0x00, 0x00, 0x00, 0x00, 0x00, 0x00, 0x00,
    0x8F, 0x8F, 0x8F, 0x8F, 0x8F, 0x8F, 0x9D, 0x00, 0x00, 0x00, 0x00, 0x00, 0x00, 0x00, 0x00, 0x00,
    0x00, 0x00, 0x00, 0x00, 0x0E, 0x4F, 0x8F, 0x8F, 0x8F, 0x8F, 0x8F, 0x8F, 0x8F, 0x8F, 0x8F, 0x8F,
    0x8F, 0x8F, 0x8F, 0x8F, 0x8F, 0x8F, 0x8F, 0x8F, 0x8F, 0x8F, 0x8F, 0x8F, 0x8F, 0xBF, 0xFF, 0xAA,
    0x00, 0x00, 0x00, 0x00, 0x00, 0x00, 0x00, 0x00, 0x00, 0x00, 0x00, 0x00, 0x00, 0x00, 0x00, 0x00,
    0x8F, 0x8F, 0x8F, 0x8F, 0x8F, 0x9F, 0x68, 0x00, 0x00, 0x00, 0x00, 0x00, 0x00, 0x00, 0x00, 0x00,
    0x00, 0x00, 0x00, 0x00, 0x0A, 0x1F, 0x8F, 0x8F, 0x8F, 0x8F, 0x8F, 0x8F, 0x8F, 0x8F, 0x8F, 0x8F,
    0x8F, 0x8F, 0x8F, 0x8F, 0x8F, 0x8F, 0x8F, 0x8F, 0x8F, 0x8F, 0x8F, 0x8F, 0x8F, 0x8F, 0xBF, 0xFF,
    0xAA, 0x00, 0x00, 0x00, 0x00, 0x00, 0x00, 0x00, 0x00, 0x00, 0x00, 0x00, 0x00, 0x00, 0x00, 0x00,
    0x8F, 0x8F, 0x8F, 0x8F, 0x8F, 0xCF, 0x45, 0x00, 0x00, 0x00, 0x00, 0x00, 0x00, 0x00, 0x00, 0x00,
    0x00, 0x00, 0x00, 0x00, 0x08, 0x2F, 0x8F, 0x8F, 0x8F, 0x8F, 0x8F, 0x8F, 0x8F, 0x8F, 0x8F, 0x8F,
    0x8F, 0x8F, 0x8F, 0x8F, 0x8F, 0x8F, 0x8F, 0x8F, 0x8F, 0x8F, 0x8F, 0x8F, 0x8F, 0x8F, 0x8F, 0xBF,
    0xFF, 0xDD, 0x00, 0x00, 0x00, 0x00, 0x00, 0x00, 0x00, 0x00, 0x00, 0x00, 0x00, 0x00, 0x00, 0x00,
    0x8F, 0x8F, 0x8F, 0x8F, 0x8F, 0xDF, 0x67, 0x00, 0x00, 0x00, 0x00, 0x00, 0x00, 0x00, 0x00, 0x00,
    0x00, 0x00, 0x00, 0x00, 0x09, 0x4F, 0x8F, 0x8F, 0x8F, 0x8F, 0x8F, 0x8F, 0x8F, 0x8F, 0x8F, 0x8F,
    0x8F, 0x8F, 0x8F, 0x8F, 0x8F, 0x8F, 0x8F, 0x8F, 0x8F, 0x8F, 0x8F, 0x8F, 0x8F, 0x8F, 0x8F, 0x8F,
    0x9F, 0xFF, 0x88, 0x00, 0x00, 0x00, 0x00, 0x00, 0x00, 0x00, 0x00, 0x00, 0x00, 0x00, 0x00, 0x00,
    0x8F, 0x8F, 0x8F, 0x8F, 0x8F, 0xDF, 0xBC, 0x00, 0x00, 0x00, 0x00, 0x00, 0x00, 0x00, 0x00, 0x00,
    0x00, 0x00, 0x00, 0x00, 0x0E, 0x7F, 0x8F, 0x8F, 0x8F, 0x8F, 0x8F, 0x8F, 0x8F, 0x8F, 0x8F, 0x8F,
    0x8F, 0x7F, 0x4F, 0x0F, 0x0F, 0x0F, 0x0F, 0x0F, 0x3F, 0x7F, 0x8F, 0x8F, 0x8F, 0x8F, 0x8F, 0x8F,
    0x8F, 0xCF, 0xFF, 0x55, 0x00, 0x00, 0x00, 0x00, 0x00, 0x00, 0x00, 0x00, 0x00, 0x00, 0x00, 0x00,
    0x8F, 0x8F, 0x8F, 0x8F, 0x8F, 0xAF, 0xFF, 0x44, 0x00, 0x00, 0x00, 0x00, 0x00, 0x00, 0x00, 0x00,
    0x00, 0x00, 0x00, 0x06, 0x4F, 0x7F, 0x8F, 0x8F, 0x8F, 0x8F, 0x8F, 0x8F, 0x8F, 0x8F, 0x8F, 0x7F,
    0x6F, 0x3F, 0x07, 0x02, 0x01, 0x01, 0x02, 0x08, 0x0F, 0x0F, 0x7F, 0x8F, 0x8F, 0x8F, 0x8F, 0x8F,
    0x8F, 0x8F, 0xDF, 0xFF, 0x66, 0x00, 0x00, 0x00, 0x00, 0x00, 0x00, 0x00, 0x00, 0x00, 0x00, 0x00,
    0x8F, 0x8F, 0x8F, 0x8F, 0x8F, 0x8F, 0xDF, 0xFF, 0x11, 0x00, 0x00, 0x00, 0x00, 0x00, 0x00, 0x00,
    0x00, 0x00, 0x01, 0x2F, 0x7F, 0x8F, 0x8F, 0x8F, 0x8F, 0x8F, 0x8F, 0x8F, 0x8F, 0x8F, 0x7F, 0x6F,
    0x3D, 0x02, 0x00, 0x00, 0x00, 0x00, 0x00, 0x00, 0x02, 0x0F, 0x0F, 0x8F, 0x8F, 0x8F, 0x8F, 0x8F,
    0x8F, 0x8F, 0x8F, 0xCF, 0xFF, 0x11, 0x00, 0x00, 0x00, 0x00, 0x00, 0x00, 0x00, 0x00, 0x00, 0x00,
    0x8F, 0x8F, 0x8F, 0x8F, 0x8F, 0x8F, 0x8F, 0xFF, 0x99, 0x00, 0x00, 0x00, 0x00, 0x00, 0x00, 0x00,
    0x00, 0x00, 0x1A, 0x5F, 0x7F, 0x8F, 0x8F, 0x8F, 0x8F, 0x8F, 0x8F, 0x8F, 0x8F, 0x8F, 0x7F, 0x4C,
    0x00, 0x00, 0x00, 0x00, 0x00, 0x00, 0x00, 0x00, 0x00, 0x02, 0x0F, 0x0F, 0x7F, 0x8F, 0x8F, 0x8F,
    0x8F, 0x8F, 0x8F, 0x8F, 0xFF, 0x88, 0x00, 0x00, 0x00, 0x00, 0x00, 0x00, 0x00, 0x00, 0x00, 0x00,
    0x8F, 0x8F, 0x8F, 0x8F, 0x8F, 0x8F, 0x8F, 0xBF, 0xFF, 0x89, 0x22, 0x00, 0x00, 0x00, 0x00, 0x00,
    0x23, 0x4A, 0x5F, 0x7F, 0x8F, 0x8F, 0x8F, 0x8F, 0x8F, 0x8F, 0x8F, 0x8F, 0x8F, 0x7F, 0x8F, 0x11,
    0x00, 0x00, 0x00, 0x00, 0x00, 0x00, 0x00, 0x00, 0x00, 0x00, 0x03, 0x0F, 0x2F, 0x8F, 0x8F, 0x8F,
    0x8F, 0x8F, 0x8F, 0x8F, 0xCF, 0xFF, 0x44, 0x00, 0x00, 0x00, 0x00, 0x00, 0x00, 0x00, 0x00, 0x00,
    0x8F, 0x8F, 0x8F, 0x8F, 0x8F, 0x8F, 0x8F, 0x8F, 0xBF, 0xEF, 0xEF, 0xDF, 0xAB, 0x7A, 0x8C, 0xBF,
    0xAF, 0x7F, 0x7F, 0x8F, 0x8F, 0x8F, 0x8F, 0x8F, 0x8F, 0x8F, 0x8F, 0x8F, 0x8F, 0x8F, 0x7B, 0x00,
    0x00, 0x00, 0x00, 0x00, 0x00, 0x00, 0x00, 0x00, 0x00, 0x00, 0x00, 0x06, 0x0F, 0x8F, 0x8F, 0x8F,
    0x8F, 0x8F, 0x8F, 0x8F, 0x8F, 0xDF, 0xFF, 0x22, 0x00, 0x00, 0x00, 0x00, 0x00, 0x00, 0x00, 0x00,
    0x8F, 0x8F, 0x8F, 0x8F, 0x8F, 0x8F, 0x8F, 0x8F, 0x8F, 0x8F, 0x8F, 0xAF, 0xCF, 0xBF, 0x8F, 0x7F,
    0x8F, 0x8F, 0x8F, 0x8F, 0x8F, 0x8F, 0x8F, 0x8F, 0x8F, 0x8F, 0x8F, 0x8F, 0x8F, 0xAF, 0x34, 0x00,
    0x00, 0x00, 0x00, 0x00, 0x00, 0x00, 0x00, 0x00, 0x00, 0x00, 0x00, 0x02, 0x0F, 0x8F, 0x8F, 0x8F,
    0x8F, 0x8F, 0x8F, 0x8F, 0x8F, 0x8F, 0xEF, 0xCD, 0x00, 0x00, 0x00, 0x00, 0x00, 0x00, 0x00, 0x00,
    0x8F, 0x8F, 0x8F, 0x8F, 0x8F, 0x8F, 0x8F, 0x8F, 0x8F, 0x8F, 0x8F, 0x8F, 0x8F, 0x8F, 0x8F, 0x8F,
    0x8F, 0x8F, 0x8F, 0x8F, 0x8F, 0x8F, 0x8F, 0x8F, 0x8F, 0x8F, 0x8F, 0x8F, 0x8F, 0xCF, 0x11, 0x00,
    0x00, 0x00, 0x00, 0x00, 0x00, 0x00, 0x00, 0x00, 0x00, 0x00, 0x00, 0x01, 0x0F, 0x8F, 0x8F, 0x8F,
    0x8F, 0x8F, 0x8F, 0x8F, 0x8F, 0x8F, 0x9F, 0xFF, 0x55, 0x00, 0x00, 0x00, 0x00, 0x00, 0x00, 0x00,
    0x8F, 0x8F, 0x8F, 0x8F, 0x8F, 0x8F, 0x8F, 0x8F, 0x8F, 0x8F, 0x8F, 0x8F, 0x8F, 0x8F, 0x8F, 0x8F,
    0x8F, 0x8F, 0x8F, 0x8F, 0x8F, 0x8F, 0x8F, 0x8F, 0x8F, 0x8F, 0x8F, 0x8F, 0x8F, 0xDF, 0x11, 0x00,
    0x00, 0x00, 0x00, 0x00, 0x00, 0x00, 0x00, 0x00, 0x00, 0x00, 0x00, 0x01, 0x0F, 0x8F, 0x8F, 0x8F,
    0x8F, 0x8F, 0x8F, 0x8F, 0x8F, 0x8F, 0x8F, 0xDF, 0xCD, 0x00, 0x00, 0x00, 0x00, 0x00, 0x00, 0x00,
    0x8F, 0x8F, 0x8F, 0x8F, 0x8F, 0x8F, 0x8F, 0x8F, 0x8F, 0x8F, 0x8F, 0x8F, 0x8F, 0x8F, 0x8F, 0x8F,
    0x8F, 0x8F, 0x8F, 0x8F, 0x8F, 0x8F, 0x8F, 0x8F, 0x8F, 0x8F, 0x8F, 0x8F, 0x8F, 0xEF, 0x23, 0x00,
    0x00, 0x00, 0x00, 0x00, 0x00, 0x00, 0x00, 0x00, 0x00, 0x00, 0x00, 0x02, 0x0F, 0x8F, 0x8F, 0x8F,
    0x8F, 0x8F, 0x8F, 0x8F, 0x8F, 0x8F, 0x8F, 0x9F, 0xFF, 0x22, 0x00, 0x00, 0x00, 0x00, 0x00, 0x00,
    0x8F, 0x8F, 0x8F, 0x8F, 0x8F, 0x8F, 0x8F, 0x8F, 0x8F, 0x8F, 0x8F, 0x8F, 0x8F, 0x8F, 0x8F, 0x8F,
    0x8F, 0x8F, 0x8F, 0x8F, 0x8F, 0x8F, 0x8F, 0x8F, 0x8F, 0x8F, 0x8F, 0x8F, 0x8F, 0xEF, 0x88, 0x00,
    0x00, 0x00, 0x00, 0x00, 0x00, 0x00, 0x00, 0x00, 0x00, 0x00, 0x00, 0x05, 0x3F, 0x8F, 0x8F, 0x8F,
    0x8F, 0x8F, 0x8F, 0x8F, 0x8F, 0x8F, 0x8F, 0x8F, 0xEF, 0xCC, 0x00, 0x00, 0x00, 0x00, 0x00, 0x00,
    0x8F, 0x8F, 0x8F, 0x8F, 0x8F, 0x8F, 0x8F, 0x8F, 0x8F, 0x8F, 0x8F, 0x8F, 0x8F, 0x8F, 0x8F, 0x8F,
    0x8F, 0x8F, 0x8F, 0x8F, 0x8F, 0x8F, 0x8F, 0x8F, 0x8F, 0x8F, 0x8F, 0x8F, 0x8F, 0xBF, 0xFF, 0x00,
    0x00, 0x00, 0x00, 0x00, 0x00, 0x00, 0x00, 0x00, 0x00, 0x00, 0x01, 0x2F, 0x7F, 0x8F, 0x8F, 0x8F,
    0x8F, 0x8F, 0x8F, 0x8F, 0x8F, 0x8F, 0x8F, 0x8F, 0xAF, 0xFF, 0x66, 0x00, 0x00, 0x00, 0x00, 0x00,
    0x8F, 0x8F, 0x8F, 0x8F, 0x8F, 0x8F, 0x8F, 0x8F, 0x8F, 0x8F, 0x8F, 0x8F, 0x8F, 0x8F, 0x8F, 0x8F,
    0x8F, 0x8F, 0x8F, 0x8F, 0x8F, 0x8F, 0x8F, 0x8F, 0x8F, 0x8F, 0x8F, 0x8F, 0x8F, 0x8F, 0xFF, 0x77,
    0x00, 0x00, 0x00, 0x00, 0x00, 0x00, 0x00, 0x00, 0x00, 0x00, 0x2B, 0x5F, 0x7F, 0x8F, 0x8F, 0x8F,
    0x8F, 0x8F, 0x8F, 0x8F, 0x8F, 0x8F, 0x8F, 0x8F, 0x8F, 0xDF, 0xDE, 0x00, 0x00, 0x00, 0x00, 0x00,
    0x8F, 0x8F, 0x8F, 0x8F, 0x8F, 0x8F, 0x8F, 0x8F, 0x8F, 0x8F, 0x8F, 0x8F, 0x8F, 0x8F, 0x8F, 0x8F,
    0x8F, 0x8F, 0x8F, 0x8F, 0x8F, 0x8F, 0x8F, 0x8F, 0x8F, 0x8F, 0x8F, 0x8F, 0x8F, 0x8F, 0xCF, 0xFF,
    0x66, 0x00, 0x00, 0x00, 0x00, 0x00, 0x00, 0x00, 0x00, 0x3A, 0x5F, 0x7F, 0x8F, 0x8F, 0x8F, 0x8F,
    0x8F, 0x8F, 0x8F, 0x8F, 0x8F, 0x8F, 0x8F, 0x8F, 0x8F, 0x8F, 0xEF, 0x33, 0x00, 0x00, 0x00, 0x00,
    0x8F, 0x8F, 0x8F, 0x8F, 0x8F, 0x8F, 0x8F, 0x8F, 0x8F, 0x8F, 0x8F, 0x8F, 0x8F, 0x8F, 0x8F, 0x8F,
    0x8F, 0x8F, 0x8F, 0x8F, 0x8F, 0x8F, 0x8F, 0x8F, 0x8F, 0x8F, 0x8F, 0x8F, 0x8F, 0x8F, 0x8F, 0xCF,
    0xFF, 0xCD, 0x67, 0x22, 0x01, 0x11, 0x23, 0x57, 0x6C, 0x6F, 0x7F, 0x8F, 0x8F, 0x8F, 0x8F, 0x8F,
    0x8F, 0x8F, 0x8F, 0x8F, 0x8F, 0x8F, 0x8F, 0x8F, 0x8F, 0x8F, 0xEF, 0x78, 0x00, 0x00, 0x00, 0x00,
    0x8F, 0x8F, 0x8F, 0x8F, 0x8F, 0x8F, 0x8F, 0x8F, 0x8F, 0x8F, 0x8F, 0x8F, 0x8F, 0x8F, 0x8F, 0x8F,
    0x8F, 0x8F, 0x8F, 0x8F, 0x8F, 0x8F, 0x8F, 0x8F, 0x8F, 0x8F, 0x8F, 0x8F, 0x8F, 0x8F, 0x8F, 0x8F,
    0x9F, 0xDF, 0xEF, 0xDF, 0xDF, 0xCF, 0xBF, 0x9F, 0x8F, 0x7F, 0x8F, 0x8F, 0x8F, 0x8F, 0x8F, 0x8F,
    0x8F, 0x8F, 0x8F, 0x8F, 0x8F, 0x8F, 0x8F, 0x8F, 0x8F, 0x8F, 0xCF, 0xBD, 0x00, 0x00, 0x00, 0x00,
    0x8F, 0x8F, 0x8F, 0x8F, 0x8F, 0x8F, 0x8F, 0x8F, 0x8F, 0x8F, 0x8F, 0x8F, 0x8F, 0x8F, 0x8F, 0x8F,
    0x8F, 0x8F, 0x8F, 0x8F, 0x8F, 0x8F, 0x8F, 0x8F, 0x8F, 0x8F, 0x8F, 0x8F, 0x8F, 0x8F, 0x8F, 0x8F,
    0x8F, 0x8F, 0x8F, 0x8F, 0x8F, 0x8F, 0x8F, 0x8F, 0x8F, 0x8F, 0x8F, 0x8F, 0x8F, 0x8F, 0x8F, 0x8F,
    0x8F, 0x8F, 0x8F, 0x8F, 0x8F, 0x8F, 0x8F, 0x8F, 0x8F, 0x8F, 0x9F, 0xEF, 0x11, 0x00, 0x00, 0x00,
    0x8F, 0x8F, 0x8F, 0x8F, 0x8F, 0x8F, 0x8F, 0x8F, 0x8F, 0x8F, 0x8F, 0x8F, 0x8F, 0x8F, 0x8F, 0x8F,
    0x8F, 0x8F, 0x8F, 0x8F, 0x8F, 0x8F, 0x8F, 0x8F, 0x8F, 0x8F, 0x8F, 0x8F, 0x8F, 0x8F, 0x8F, 0x8F,
    0x8F, 0x8F, 0x8F, 0x8F, 0x8F, 0x8F, 0x8F, 0x8F, 0x8F, 0x8F, 0x8F, 0x8F, 0x8F, 0x8F, 0x8F, 0x8F,
    0x8F, 0x8F, 0x8F, 0x8F, 0x8F, 0x8F, 0x8F, 0x8F, 0x8F, 0x8F, 0x8F, 0xFF, 0x67, 0x00, 0x00, 0x00,
    0x8F, 0x8F, 0x8F, 0x8F, 0x8F, 0x8F, 0x8F, 0x8F, 0x8F, 0x8F, 0x8F, 0x8F, 0x8F, 0x8F, 0x8F, 0x8F,
    0x8F, 0x8F, 0x8F, 0x8F, 0x8F, 0x8F, 0x8F, 0x8F, 0x8F, 0x8F, 0x8F, 0x8F, 0x8F, 0x8F, 0x8F, 0x8F,
    0x8F, 0x8F, 0x8F, 0x8F, 0x8F, 0x8F, 0x8F, 0x8F, 0x8F, 0x8F, 0x8F, 0x8F, 0x8F, 0x8F, 0x8F, 0x8F,
    0x8F, 0x8F, 0x8F, 0x8F, 0x8F, 0x8F, 0x8F, 0x8F, 0x8F, 0x8F, 0x8F, 0xCF, 0xCE, 0x00, 0x00, 0x00,
    0x8F, 0x8F, 0x8F, 0x8F, 0x8F, 0x8F, 0x8F, 0x8F, 0x8F, 0x8F, 0x8F, 0x8F, 0x8F, 0x8F, 0x8F, 0x8F,
    0x8F, 0x8F, 0x8F, 0x8F, 0x8F, 0x8F, 0x8F, 0x8F, 0x8F, 0x8F, 0x8F, 0x8F, 0x8F, 0x8F, 0x8F, 0x8F,
    0x8F, 0x8F, 0x8F, 0x8F, 0x8F, 0x8F, 0x8F, 0x8F, 0x8F, 0x8F, 0x8F, 0x8F, 0x8F, 0x8F, 0x8F, 0x8F,
    0x8F, 0x8F, 0x8F, 0x8F, 0x8F, 0x8F, 0x8F, 0x8F, 0x8F, 0x8F, 0x8F, 0x9F, 0xEF, 0x11, 0x00, 0x00,
    0x8F, 0x8F, 0x8F, 0x8F, 0x8F, 0x8F, 0x8F, 0x8F, 0x8F, 0x8F, 0x8F, 0x8F, 0x8F, 0x8F, 0x8F, 0x8F,
    0x8F, 0x8F, 0x8F, 0x8F, 0x8F, 0x8F, 0x8F, 0x8F, 0x8F, 0x8F, 0x8F, 0x8F, 0x8F, 0x8F, 0x8F, 0x8F,
    0x8F, 0x8F, 0x8F, 0x8F, 0x8F, 0x8F, 0x8F, 0x8F, 0x8F, 0x8F, 0x8F, 0x8F, 0x8F, 0x8F, 0x8F, 0x8F,
    0x8F, 0x8F, 0x8F, 0x8F, 0x8F, 0x8F, 0x8F, 0x8F, 0x8F, 0x8F, 0x8F, 0x8F, 0xEF, 0x55, 0x00, 0x00,
    0x8F, 0x8F, 0x8F, 0x8F, 0x8F, 0x8F, 0x8F, 0x8F, 0x8F, 0x8F, 0x8F, 0x8F, 0x8F, 0x8F, 0x8F, 0x8F,
    0x8F, 0x8F, 0x8F, 0x8F, 0x8F, 0x8F, 0x8F, 0x8F, 0x8F, 0x8F, 0x8F, 0x8F, 0x8F, 0x8F, 0x8F, 0x8F,
    0x8F, 0x8F, 0x8F, 0x8F, 0x8F, 0x8F, 0x8F, 0x8F, 0x8F, 0x8F, 0x8F, 0x8F, 0x8F, 0x8F, 0x8F, 0x8F,
    0x8F, 0x8F, 0x8F, 0x8F, 0x8F, 0x8F, 0x8F, 0x8F, 0x8F, 0x8F, 0x8F, 0x8F, 0xDF, 0x9A, 0x00, 0x00,
    0x8F, 0x8F, 0x8F, 0x8F, 0x8F, 0x8F, 0x8F, 0x8F, 0x8F, 0x8F, 0x8F, 0x8F, 0x8F, 0x8F, 0x8F, 0x8F,
    0x8F, 0x8F, 0x8F, 0x8F, 0x8F, 0x8F, 0x8F, 0x8F, 0x8F, 0x8F, 0x8F, 0x8F, 0x8F, 0x8F, 0x8F, 0x8F,
    0x8F, 0x8F, 0x8F, 0x8F, 0x8F, 0x8F, 0x8F, 0x8F, 0x8F, 0x8F, 0x8F, 0x8F, 0x8F, 0x8F, 0x8F, 0x8F,
    0x8F, 0x8F, 0x8F, 0x8F, 0x8F, 0x8F, 0x8F, 0x8F, 0x8F, 0x8F, 0x8F, 0x8F, 0xBF, 0xCE, 0x00, 0x00,
    0x8F, 0x8F, 0x8F, 0x8F, 0x8F, 0x8F, 0x8F, 0x8F, 0x8F, 0x8F, 0x8F, 0x8F, 0x8F, 0x8F, 0x8F, 0x8F,
    0x8F, 0x8F, 0x8F, 0x8F, 0x8F, 0x8F, 0x8F, 0x8F, 0x8F, 0x8F, 0x8F, 0x8F, 0x8F, 0x8F, 0x8F, 0x8F,
    0x8F, 0x8F, 0x8F, 0x8F, 0x8F, 0x8F, 0x8F, 0x8F, 0x8F, 0x8F, 0x8F, 0x7F, 0x7F, 0x4F, 0x1F, 0x0F,
    0x2F, 0x6F, 0x8F, 0x8F, 0x8F, 0x8F, 0x8F, 0x8F, 0x8F, 0x8F, 0x8F, 0x8F, 0x8F, 0xDF, 0x11, 0x00,
    0x8F, 0x8F, 0x8F, 0x8F, 0x8F, 0x8F, 0x8F, 0x8F, 0x8F, 0x8F, 0x8F, 0x8F, 0x8F, 0x8F, 0x8F, 0x8F,
    0x8F, 0x8F, 0x8F, 0x8F, 0x8F, 0x8F, 0x8F, 0x8F, 0x8F, 0x8F, 0x8F, 0x8F, 0x8F, 0x8F, 0x8F, 0x8F,
    0x8F, 0x8F, 0x8F, 0x8F, 0x8F, 0x8F, 0x8F, 0x8F, 0x8F, 0x8F, 0x7F, 0x4F, 0x0E, 0x09, 0x06, 0x08,
    0x0D, 0x0F, 0x0F, 0x6F, 0x8F, 0x8F, 0x8F, 0x8F, 0x8F, 0x8F, 0x8F, 0x8F, 0x8F, 0xDF, 0x33, 0x00,
    0x8F, 0x8F, 0x8F, 0x8F, 0x8F, 0x8F, 0x8F, 0x8F, 0x8F, 0x8F, 0x8F, 0x8F, 0x8F, 0x8F, 0x8F, 0x8F,
    0x8F, 0x8F, 0x8F, 0x8F, 0x8F, 0x8F, 0x8F, 0x8F, 0x8F, 0x8F, 0x8F, 0x8F, 0x8F, 0x8F, 0x8F, 0x8F,
    0x8F, 0x8F, 0x8F, 0x8F, 0x8F, 0x8F, 0x8F, 0x8F, 0x7F, 0x5F, 0x2F, 0x06, 0x00, 0x00, 0x00, 0x00,
    0x00, 0x02, 0x0D, 0x0F, 0x3F, 0x8F, 0x8F, 0x8F, 0x8F, 0x8F, 0x8F, 0x8F, 0x8F, 0xDF, 0x55, 0x00,
    0x8F, 0x8F, 0x8F, 0x8F, 0x8F, 0x8F, 0x8F, 0x8F, 0x8F, 0x8F, 0x8F, 0x8F, 0x8F, 0x8F, 0x8F, 0x8F,
    0x8F, 0x8F, 0x8F, 0x8F, 0x8F, 0x8F, 0x8F, 0x8F, 0x8F, 0x8F, 0x8F, 0x8F, 0x8F, 0x8F, 0x8F, 0x8F,
    0x8F, 0x8F, 0x8F, 0x8F, 0x8F, 0x8F, 0x8F, 0x7F, 0x6F, 0x2B, 0x02, 0x00, 0x00, 0x00, 0x00, 0x00,
    0x00, 0x00, 0x00, 0x08, 0x0F, 0x3F, 0x8F, 0x8F, 0x8F, 0x8F, 0x8F, 0x8F, 0x8F, 0xDF, 0x78, 0x00,
    0x8F, 0x8F, 0x8F, 0x8F, 0x8F, 0x8F, 0x8F, 0x8F, 0x8F, 0x8F, 0x8F, 0x8F, 0x8F, 0x8F, 0x8F, 0x8F,
    0x8F, 0x8F, 0x8F, 0x8F, 0x8F, 0x8F, 0x8F, 0x8F, 0x8F, 0x8F, 0x8F, 0x8F, 0x8F, 0x8F, 0x8F, 0x8F,
    0x8F, 0x8F, 0x8F, 0x8F, 0x8F, 0x8F, 0x8F, 0x7F, 0x6D, 0x00, 0x00, 0x00, 0x00, 0x00, 0x00, 0x00,
    0x00, 0x00, 0x00, 0x00, 0x08, 0x0F, 0x7F, 0x8F, 0x8F, 0x8F, 0x8F, 0x8F, 0x8F, 0xCF, 0x9A, 0x00,
    0x8F, 0x8F, 0x8F, 0x8F, 0x8F, 0x8F, 0x8F, 0x8F, 0x8F, 0x8F, 0x8F, 0x8F, 0x8F, 0x8F, 0x8F, 0x8F,
    0x8F, 0x8F, 0x8F, 0x8F, 0x8F, 0x8F, 0x8F, 0x8F, 0x8F, 0x8F, 0x8F, 0x8F, 0x8F, 0x8F, 0x8F, 0x8F,
    0x8F, 0x8F, 0x8F, 0x8F, 0x8F, 0x8F, 0x8F, 0x9F, 0x57, 0x00, 0x00, 0x00, 0x00, 0x00, 0x00, 0x00,
    0x00, 0x00, 0x00, 0x00, 0x00, 0x0F, 0x4F, 0x8F, 0x8F, 0x8F, 0x8F, 0x8F, 0x8F, 0xBF, 0xAD, 0x00,
    0x8F, 0x8F, 0x8F, 0x8F, 0x8F, 0x8F, 0x8F, 0x8F, 0x8F, 0x8F, 0x8F, 0x8F, 0x8F, 0x8F, 0x8F, 0x8F,
    0x8F, 0x8F, 0x8F, 0x8F, 0x8F, 0x8F, 0x8F, 0x8F, 0x8F, 0x8F, 0x8F, 0x8F, 0x8F, 0x8F, 0x8F, 0x8F,
    0x8F, 0x8F, 0x8F, 0x8F, 0x8F, 0x8F, 0x7F, 0xBF, 0x22, 0x00, 0x00, 0x00, 0x00, 0x00, 0x00, 0x00,
    0x00, 0x00, 0x00, 0x00, 0x00, 0x0A, 0x1F, 0x8F, 0x8F, 0x8F, 0x8F, 0x8F, 0x8F, 0xAF, 0xBE, 0x00,
    0x8F, 0x8F, 0x8F, 0x8F, 0x8F, 0x8F, 0x8F, 0x8F, 0x8F, 0x8F, 0x8F, 0x8F, 0x8F, 0x8F, 0x8F, 0x8F,
    0x8F, 0x8F, 0x8F, 0x8F, 0x8F, 0x8F, 0x8F, 0x8F, 0x8F, 0x8F, 0x8F, 0x8F, 0x8F, 0x8F, 0x8F, 0x8F,
    0x8F, 0x8F, 0x8F, 0x8F, 0x8F, 0x8F, 0x8F, 0xBF, 0x00, 0x00, 0x00, 0x00, 0x00, 0x00, 0x00, 0x00,
    0x00, 0x00, 0x00, 0x00, 0x00, 0x06, 0x0F, 0x8F, 0x8F, 0x8F, 0x8F, 0x8F, 0x8F, 0x9F, 0xBE, 0x00,
    0x8F, 0x8F, 0x8F, 0x8F, 0x8F, 0x8F, 0x8F, 0x8F, 0x8F, 0x8F, 0x8F, 0x8F, 0x8F, 0x8F, 0x8F, 0x8F,
    0x8F, 0x8F, 0x8F, 0x8F, 0x8F, 0x8F, 0x8F, 0x8F, 0x8F, 0x8F, 0x8F, 0x8F, 0x8F, 0x8F, 0x8F, 0x8F,
    0x8F, 0x8F, 0x8F, 0x8F, 0x8F, 0x8F, 0x8F, 0xBE, 0x00, 0x00, 0x00, 0x00, 0x00, 0x00, 0x00, 0x00,
    0x00, 0x00, 0x00, 0x00, 0x00, 0x05, 0x0F, 0x8F, 0x8F, 0x8F, 0x8F, 0x8F, 0x8F, 0x9F, 0xBE, 0x00,
    0x8F, 0x8F, 0x8F, 0x8F, 0x8F, 0x8F, 0x8F, 0x8F, 0x8F, 0x8F, 0x8F, 0x8F, 0x8F, 0x8F, 0x8F, 0x8F,
    0x8F, 0x8F, 0x8F, 0x8F, 0x8F, 0x8F, 0x8F, 0x8F, 0x8F, 0x8F, 0x8F, 0x8F, 0x8F, 0x8F, 0x8F, 0x8F,
    0x8F, 0x8F, 0x8F, 0x8F, 0x8F, 0x8F, 0x9F, 0xCF, 0x00, 0x00, 0x00, 0x00, 0x00, 0x00, 0x00, 0x00,
    0x00, 0x00, 0x00, 0x00, 0x00, 0x06, 0x2F, 0x8F, 0x8F, 0x8F, 0x8F, 0x8F, 0x8F, 0x9F, 0xBE, 0x00,
    0x8F, 0x8F, 0x8F, 0x8F, 0x8F, 0x8F, 0x8F, 0x8F, 0x8F, 0x8F, 0x8F, 0x8F, 0x8F, 0x8F, 0x8F, 0x8F,
    0x8F, 0x8F, 0x8F, 0x8F, 0x8F, 0x8F, 0x8F, 0x8F, 0x8F, 0x8F, 0x8F, 0x8F, 0x8F, 0x8F, 0x8F, 0x8F,
    0x8F, 0x8F, 0x8F, 0x8F, 0x8F, 0x8F, 0x8F, 0xEF, 0x23, 0x00, 0x00, 0x00, 0x00, 0x00, 0x00, 0x00,
    0x00, 0x00, 0x00, 0x00, 0x00, 0x0A, 0x5F, 0x8F, 0x8F, 0x8F, 0x8F, 0x8F, 0x8F, 0x9F, 0xBE, 0x00,
    0x8F, 0x8F, 0x8F, 0x8F, 0x8F, 0x8F, 0x8F, 0x8F, 0x8F, 0x8F, 0x8F, 0x8F, 0x8F, 0x8F, 0x8F, 0x8F,
    0x8F, 0x8F, 0x8F, 0x8F, 0x8F, 0x8F, 0x8F, 0x8F, 0x8F, 0x8F, 0x8F, 0x8F, 0x8F, 0x8F, 0x8F, 0x8F,
    0x8F, 0x8F, 0x8F, 0x8F, 0x8F, 0x8F, 0x8F, 0xEF, 0x67, 0x00, 0x00, 0x00, 0x00, 0x00, 0x00, 0x00,
    0x00, 0x00, 0x00, 0x00, 0x00, 0x0F, 0x7F, 0x8F, 0x8F, 0x8F, 0x8F, 0x8F, 0x8F, 0x9F, 0xAD, 0x00,
    0x8F, 0x8F, 0x8F, 0x8F, 0x8F, 0x8F, 0x8F, 0x8F, 0x8F, 0x8F, 0x8F, 0x8F, 0x8F, 0x8F, 0x8F, 0x8F,
    0x8F, 0x8F, 0x8F, 0x8F, 0x8F, 0x8F, 0x8F, 0x8F, 0x8F, 0x8F, 0x8F, 0x8F, 0x8F, 0x8F, 0x8F, 0x8F,
    0x8F, 0x8F, 0x8F, 0x8F, 0x8F, 0x8F, 0x8F, 0xCF, 0xEE, 0x00, 0x00, 0x00, 0x00, 0x00, 0x00, 0x00,
    0x00, 0x00, 0x00, 0x00, 0x18, 0x4F, 0x7F, 0x8F, 0x8F, 0x8F, 0x8F, 0x8F, 0x8F, 0x9F, 0x8B, 0x00,
    0x8F, 0x8F, 0x8F, 0x8F, 0x8F, 0x8F, 0x8F, 0x8F, 0x8F, 0x8F, 0x8F, 0x8F, 0x8F, 0x8F, 0x8F, 0x8F,
    0x8F, 0x8F, 0x8F, 0x8F, 0x8F, 0x8F, 0x8F, 0x8F, 0x8F, 0x8F, 0x8F, 0x8F, 0x8F, 0x8F, 0x8F, 0x8F,
    0x8F, 0x8F, 0x8F, 0x8F, 0x8F, 0x8F, 0x8F, 0x9F, 0xFF, 0xCC, 0x33, 0x00, 0x00, 0x00, 0x00, 0x00,
    0x00, 0x00, 0x01, 0x4A, 0x6F, 0x7F, 0x8F, 0x8F, 0x8F, 0x8F, 0x8F, 0x8F, 0x8F, 0xAF, 0x69, 0x00,
    0x8F, 0x8F, 0x8F, 0x8F, 0x8F, 0x8F, 0x8F, 0x8F, 0x8F, 0x8F, 0x8F, 0x8F, 0x8F, 0x8F, 0x8F, 0x8F,
    0x8F, 0x8F, 0x8F, 0x8F, 0x8F, 0x8F, 0x8F, 0x8F, 0x8F, 0x8F, 0x8F, 0x8F, 0x8F, 0x8F, 0x8F, 0x8F,
    0x8F, 0x8F, 0x8F, 0x8F, 0x8F, 0x8F, 0x8F, 0x8F, 0x9F, 0xEF, 0xFF, 0x77, 0x00, 0x00, 0x00, 0x00,
    0x00, 0x12, 0x6D, 0x7F, 0x7F, 0x8F, 0x8F, 0x8F, 0x8F, 0x8F, 0x8F, 0x8F, 0x8F, 0xBF, 0x56, 0x00,
    0x8F, 0x8F, 0x8F, 0x8F, 0x8F, 0x8F, 0x8F, 0x8F, 0x8F, 0x8F, 0x8F, 0x8F, 0x8F, 0x8F, 0x8F, 0x8F,
    0x8F, 0x8F, 0x8F, 0x8F, 0x8F, 0x8F, 0x8F, 0x8F, 0x8F, 0x8F, 0x8F, 0x8F, 0x8F, 0x8F, 0x8F, 0x8F,
    0x8F, 0x8F, 0x8F, 0x8F, 0x8F, 0x8F, 0x8F, 0x8F, 0x8F, 0x8F, 0xCF, 0xFF, 0xEF, 0x9A, 0x67, 0x69,
    0x9E, 0x8F, 0x7F, 0x7F, 0x8F, 0x8F, 0x8F, 0x8F, 0x8F, 0x8F, 0x8F, 0x8F, 0x8F, 0xBF, 0x34, 0x00,
    0x8F, 0x8F, 0x8F, 0x8F, 0x8F, 0x8F, 0x8F, 0x8F, 0x8F, 0x8F, 0x8F, 0x8F, 0x8F, 0x8F, 0x8F, 0x8F,
    0x8F, 0x8F, 0x8F, 0x8F, 0x8F, 0x8F, 0x8F, 0x8F, 0x8F, 0x8F, 0x8F, 0x8F, 0x8F, 0x8F, 0x8F, 0x8F,
    0x8F, 0x8F, 0x8F, 0x8F, 0x8F, 0x8F, 0x8F, 0x8F, 0x8F, 0x8F, 0x8F, 0x8F, 0xBF, 0xDF, 0xCF, 0x9F,
    0x8F, 0x7F, 0x8F, 0x8F, 0x8F, 0x8F, 0x8F, 0x8F, 0x8F, 0x8F, 0x8F, 0x8F, 0x7F, 0xBF, 0x11, 0x00,
    0x8F, 0x8F, 0x8F, 0x8F, 0x8F, 0x8F, 0x8F, 0x8F, 0x8F, 0x8F, 0x8F, 0x8F, 0x8F, 0x8F, 0x8F, 0x8F,
    0x8F, 0x8F, 0x8F, 0x8F, 0x8F, 0x8F, 0x8F, 0x8F, 0x8F, 0x8F, 0x8F, 0x8F, 0x8F, 0x8F, 0x8F, 0x8F,
    0x8F, 0x8F, 0x8F, 0x8F, 0x8F, 0x8F, 0x8F, 0x8F, 0x8F, 0x8F, 0x8F, 0x8F, 0x8F, 0x8F, 0x8F, 0x8F,
    0x8F, 0x8F, 0x8F, 0x8F, 0x8F, 0x8F, 0x8F, 0x8F, 0x8F, 0x8F, 0x8F, 0x8F, 0x8F, 0xBF, 0x00, 0x00,
    0x8F, 0x8F, 0x8F, 0x8F, 0x8F, 0x8F, 0x8F, 0x8F, 0x8F, 0x8F, 0x8F, 0x8F, 0x8F, 0x8F, 0x8F, 0x8F,
    0x8F, 0x8F, 0x8F, 0x8F, 0x8F, 0x8F, 0x8F, 0x8F, 0x8F, 0x8F, 0x8F, 0x8F, 0x8F, 0x8F, 0x8F, 0x8F,
    0x8F, 0x8F, 0x8F, 0x8F, 0x8F, 0x8F, 0x8F, 0x8F, 0x8F, 0x8F, 0x8F, 0x8F, 0x8F, 0x8F, 0x8F, 0x8F,
    0x8F, 0x8F, 0x8F, 0x8F, 0x8F, 0x8F, 0x8F, 0x8F, 0x8F, 0x8F, 0x8F, 0x8F, 0x8F, 0x8C, 0x00, 0x00,
    0x8F, 0x8F, 0x8F, 0x8F, 0x8F, 0x8F, 0x8F, 0x8F, 0x8F, 0x8F, 0x8F, 0x8F, 0x8F, 0x8F, 0x8F, 0x8F,
    0x8F, 0x8F, 0x8F, 0x8F, 0x8F, 0x8F, 0x8F, 0x8F, 0x8F, 0x8F, 0x8F, 0x8F, 0x8F, 0x8F, 0x8F, 0x8F,
    0x8F, 0x8F, 0x8F, 0x8F, 0x8F, 0x8F, 0x8F, 0x8F, 0x8F, 0x8F, 0x8F, 0x8F, 0x8F, 0x8F, 0x8F, 0x8F,
    0x8F, 0x8F, 0x8F, 0x8F, 0x8F, 0x8F, 0x8F, 0x8F, 0x8F, 0x8F, 0x8F, 0x8F, 0x9F, 0x47, 0x00, 0x00,
};
unsigned char ui_battle_swap_background_png[] = {
    0x00, 0x00, 0x00, 0x11, 0x66, 0xCC, 0xEE, 0xFF, 0xFF, 0xFF, 0xFF, 0xFF, 0xFF, 0xFF, 0xFF, 0xFF,
    0xFF, 0xFF, 0xFF, 0xFF, 0xFF, 0xFF, 0xFF, 0xFF, 0xFF, 0xFF, 0xFF, 0xFF, 0xFF, 0xEE, 0xCC, 0x66,
    0x11, 0x00, 0x00, 0x00, 0x00, 0x00, 0x00, 0x00, 0x00, 0x00, 0x00, 0x00, 0x00, 0x00, 0x00, 0x00,
    0x00, 0x00, 0x22, 0xBB, 0xEE, 0xFF, 0xFF, 0xFF, 0xFF, 0xFF, 0xFF, 0xFF, 0xFF, 0xFF, 0xFF, 0xFF,
    0xFF, 0xFF, 0xFF, 0xFF, 0xFF, 0xFF, 0xFF, 0xFF, 0xFF, 0xFF, 0xFF, 0xFF, 0xFF, 0xFF, 0xFF, 0xEE,
    0xBB, 0x22, 0x00, 0x00, 0x00, 0x00, 0x00, 0x00, 0x00, 0x00, 0x00, 0x00, 0x00, 0x00, 0x00, 0x00,
    0x00, 0x22, 0xDD, 0xFF, 0xFF, 0xFF, 0xFF, 0xFF, 0xFF, 0xFF, 0xFF, 0xFF, 0xFF, 0xFF, 0xFF, 0xFF,
    0xFF, 0xFF, 0xFF, 0xFF, 0xFF, 0xFF, 0xFF, 0xFF, 0xFF, 0xFF, 0xFF, 0xFF, 0xFF, 0xFF, 0xFF, 0xFF,
    0xFF, 0xDD, 0x22, 0x00, 0x00, 0x00, 0x00, 0x00, 0x00, 0x00, 0x00, 0x00, 0x00, 0x00, 0x00, 0x00,
    0x11, 0xBB, 0xFF, 0xFF, 0xFF, 0xFF, 0xFF, 0xFF, 0xFF, 0xFF, 0xFF, 0xFF, 0xFF, 0xFF, 0xFF, 0xFF,
    0xFF, 0xFF, 0xFF, 0xFF, 0xFF, 0xFF, 0xFF, 0xFF, 0xFF, 0xFF, 0xFF, 0xFF, 0xFF, 0xFF, 0xFF, 0xFF,
    0xFF, 0xFF, 0xBB, 0x11, 0x00, 0x00, 0x00, 0x00, 0x00, 0x00, 0x00, 0x00, 0x00, 0x00, 0x00, 0x00,
    0x66, 0xEE, 0xFF, 0xFF, 0xFF, 0xFF, 0xFF, 0xFF, 0xFF, 0xFF, 0xFF, 0xFF, 0xFF, 0xFF, 0xFF, 0xFF,
    0xFF, 0xFF, 0xFF, 0xFF, 0xFF, 0xFF, 0xFF, 0xFF, 0xFF, 0xFF, 0xFF, 0xFF, 0xFF, 0xFF, 0xFF, 0xFF,
    0xFF, 0xFF, 0xEE, 0x66, 0x00, 0x00, 0x00, 0x00, 0x00, 0x00, 0x00, 0x00, 0x00, 0x00, 0x00, 0x00,
    0xCC, 0xEE, 0xFF, 0xFF, 0xFF, 0xFF, 0xFF, 0xFF, 0xFF, 0xFF, 0xFF, 0xFF, 0xFF, 0xFF, 0xFF, 0xFF,
    0xFF, 0xFF, 0xFF, 0xFF, 0xFF, 0xFF, 0xFF, 0xFF, 0xFF, 0xFF, 0xFF, 0xFF, 0xFF, 0xFF, 0xFF, 0xFF,
    0xFF, 0xFF, 0xFF, 0xCC, 0x00, 0x00, 0x00, 0x00, 0x00, 0x00, 0x00, 0x00, 0x00, 0x00, 0x00, 0x00,
    0xEE, 0xFF, 0xFF, 0xFF, 0xFF, 0xFF, 0xFF, 0xFF, 0xFF, 0xFF, 0xFF, 0xFF, 0xFF, 0xFF, 0xFF, 0xFF,
    0xFF, 0xFF, 0xFF, 0xFF, 0xFF, 0xFF, 0xFF, 0xFF, 0xFF, 0xFF, 0xFF, 0xFF, 0xFF, 0xFF, 0xFF, 0xFF,
    0xFF, 0xFF, 0xFF, 0xEE, 0x00, 0x00, 0x00, 0x00, 0x00, 0x00, 0x00, 0x00, 0x00, 0x00, 0x00, 0x00,
    0xEE, 0xFF, 0xFF, 0xFF, 0xFF, 0xFF, 0xFF, 0xFF, 0xFF, 0xFF, 0xFF, 0xFF, 0xFF, 0xFF, 0xFF, 0xFF,
    0xFF, 0xFF, 0xFF, 0xFF, 0xFF, 0xFF, 0xFF, 0xFF, 0xFF, 0xFF, 0xFF, 0xFF, 0xFF, 0xFF, 0xFF, 0xFF,
    0xFF, 0xFF, 0xFF, 0xFF, 0x00, 0x00, 0x00, 0x00, 0x00, 0x00, 0x00, 0x00, 0x00, 0x00, 0x00, 0x00,
    0xFF, 0xFF, 0xFF, 0xFF, 0xFF, 0xFF, 0xFF, 0xFF, 0xFF, 0xFF, 0xFF, 0xFF, 0xFF, 0xFF, 0xFF, 0xFF,
    0xFF, 0xFF, 0xFF, 0xFF, 0xFF, 0xFF, 0xFF, 0xFF, 0xFF, 0xFF, 0xFF, 0xFF, 0xFF, 0xFF, 0xFF, 0xFF,
    0xFF, 0xFF, 0xFF, 0xFF, 0x00, 0x00, 0x00, 0x00, 0x00, 0x00, 0x00, 0x00, 0x00, 0x00, 0x00, 0x00,
    0xEE, 0xFF, 0xFF, 0xFF, 0xFF, 0xFF, 0xFF, 0xFF, 0xFF, 0xFF, 0xFF, 0xFF, 0xFF, 0xFF, 0xFF, 0xFF,
    0xFF, 0xFF, 0xFF, 0xFF, 0xFF, 0xFF, 0xFF, 0xFF, 0xFF, 0xFF, 0xFF, 0xFF, 0xFF, 0xFF, 0xFF, 0xFF,
    0xFF, 0xFF, 0xFF, 0xEE, 0x00, 0x00, 0x00, 0x00, 0x00, 0x00, 0x00, 0x00, 0x00, 0x00, 0x00, 0x00,
    0xCC, 0xFF, 0xFF, 0xFF, 0xFF, 0xFF, 0xFF, 0xFF, 0xFF, 0xFF, 0xFF, 0xFF, 0xFF, 0xFF, 0xFF, 0xFF,
    0xFF, 0xFF, 0xFF, 0xFF, 0xFF, 0xFF, 0xFF, 0xFF, 0xFF, 0xFF, 0xFF, 0xFF, 0xFF, 0xFF, 0xFF, 0xFF,
    0xFF, 0xFF, 0xFF, 0xCC, 0x00, 0x00, 0x00, 0x00, 0x00, 0x00, 0x00, 0x00, 0x00, 0x00, 0x00, 0x00,
    0x66, 0xEE, 0xFF, 0xFF, 0xFF, 0xFF, 0xFF, 0xFF, 0xFF, 0xFF, 0xFF, 0xFF, 0xFF, 0xFF, 0xFF, 0xFF,
    0xFF, 0xFF, 0xFF, 0xFF, 0xFF, 0xFF, 0xFF, 0xFF, 0xFF, 0xFF, 0xFF, 0xFF, 0xFF, 0xFF, 0xFF, 0xFF,
    0xFF, 0xFF, 0xEE, 0x66, 0x00, 0x00, 0x00, 0x00, 0x00, 0x00, 0x00, 0x00, 0x00, 0x00, 0x00, 0x00,
    0x11, 0xBB, 0xFF, 0xFF, 0xFF, 0xFF, 0xFF, 0xFF, 0xFF, 0xFF, 0xFF, 0xFF, 0xFF, 0xFF, 0xFF, 0xFF,
    0xFF, 0xFF, 0xFF, 0xFF, 0xFF, 0xFF, 0xFF, 0xFF, 0xFF, 0xFF, 0xFF, 0xFF, 0xFF, 0xFF, 0xFF, 0xFF,
    0xFF, 0xFF, 0xBB, 0x11, 0x00, 0x00, 0x00, 0x00, 0x00, 0x00, 0x00, 0x00, 0x00, 0x00, 0x00, 0x00,
    0x00, 0x22, 0xDD, 0xFF, 0xFF, 0xFF, 0xFF, 0xFF, 0xFF, 0xFF, 0xFF, 0xFF, 0xFF, 0xFF, 0xFF, 0xFF,
    0xFF, 0xFF, 0xFF, 0xFF, 0xFF, 0xFF, 0xFF, 0xFF, 0xFF, 0xFF, 0xFF, 0xFF, 0xFF, 0xFF, 0xFF, 0xFF,
    0xFF, 0xDD, 0x22, 0x00, 0x00, 0x00, 0x00, 0x00, 0x00, 0x00, 0x00, 0x00, 0x00, 0x00, 0x00, 0x00,
    0x00, 0x00, 0x22, 0xBB, 0xEE, 0xFF, 0xFF, 0xFF, 0xFF, 0xFF, 0xFF, 0xFF, 0xFF, 0xFF, 0xFF, 0xFF,
    0xFF, 0xFF, 0xFF, 0xFF, 0xFF, 0xFF, 0xFF, 0xFF, 0xFF, 0xFF, 0xFF, 0xFF, 0xFF, 0xFF, 0xFF, 0xEE,
    0xBB, 0x22, 0x00, 0x00, 0x00, 0x00, 0x00, 0x00, 0x00, 0x00, 0x00, 0x00, 0x00, 0x00, 0x00, 0x00,
    0x00, 0x00, 0x00, 0x11, 0x66, 0xCC, 0xEE, 0xFF, 0xFF, 0xFF, 0xFF, 0xFF, 0xFF, 0xFF, 0xFF, 0xFF,
    0xFF, 0xFF, 0xFF, 0xFF, 0xFF, 0xFF, 0xFF, 0xFF, 0xFF, 0xFF, 0xFF, 0xFF, 0xFF, 0xEE, 0xCC, 0x66,
    0x11, 0x00, 0x00, 0x00, 0x00, 0x00, 0x00, 0x00, 0x00, 0x00, 0x00, 0x00, 0x00, 0x00, 0x00, 0x00,
};
unsigned char gCrashScreenFont[] = {
    0x70, 0x87, 0x1C, 0x30, 0x89, 0x88, 0xA2, 0x50, 0x88, 0x80, 0x82, 0x90, 0x88, 0x83, 0x1C, 0x90,
    0x88, 0x84, 0x02, 0xF8, 0x88, 0x88, 0x22, 0x10, 0x71, 0xCF, 0x9C, 0x10, 0xF9, 0xCF, 0x9C, 0x70,
    0x82, 0x28, 0xA2, 0x88, 0xF2, 0x00, 0xA2, 0x88, 0x0B, 0xC1, 0x1C, 0x78, 0x0A, 0x22, 0x22, 0x08,
    0x8A, 0x22, 0x22, 0x88, 0x71, 0xC2, 0x1C, 0x70, 0x23, 0xC7, 0x38, 0xF8, 0x52, 0x28, 0xA4, 0x80,
    0x8A, 0x28, 0x22, 0x80, 0x8B, 0xC8, 0x22, 0xF0, 0xFA, 0x28, 0x22, 0x80, 0x8A, 0x28, 0xA4, 0x80,
    0x8B, 0xC7, 0x38, 0xF8, 0xF9, 0xC8, 0x9C, 0x08, 0x82, 0x28, 0x88, 0x08, 0x82, 0x08, 0x88, 0x08,
    0xF2, 0xEF, 0x88, 0x08, 0x82, 0x28, 0x88, 0x88, 0x82, 0x28, 0x88, 0x88, 0x81, 0xC8, 0x9C, 0x70,
    0x8A, 0x08, 0xA2, 0x70, 0x92, 0x0D, 0xA2, 0x88, 0xA2, 0x0A, 0xB2, 0x88, 0xC2, 0x0A, 0xAA, 0x88,
    0xA2, 0x08, 0xA6, 0x88, 0x92, 0x08, 0xA2, 0x88, 0x8B, 0xE8, 0xA2, 0x70, 0xF1, 0xCF, 0x1C, 0xF8,
    0x8A, 0x28, 0xA2, 0x20, 0x8A, 0x28, 0xA0, 0x20, 0xF2, 0x2F, 0x1C, 0x20, 0x82, 0xAA, 0x02, 0x20,
    0x82, 0x49, 0x22, 0x20, 0x81, 0xA8, 0x9C, 0x20, 0x8A, 0x28, 0xA2, 0x88, 0x8A, 0x28, 0xA2, 0x88,
    0x8A, 0x28, 0x94, 0x88, 0x8A, 0x2A, 0x88, 0x50, 0x89, 0x4A, 0x94, 0x20, 0x89, 0x4A, 0xA2, 0x20,
    0x70, 0x85, 0x22, 0x20, 0xF8, 0x01, 0x10, 0x00, 0x08, 0x02, 0x08, 0x00, 0x10, 0x84, 0x04, 0x00,
    0x20, 0x04, 0x04, 0x70, 0x40, 0x84, 0x04, 0x00, 0x80, 0x02, 0x08, 0x00, 0xF8, 0x01, 0x10, 0x00,
    0x70, 0x80, 0x00, 0x00, 0x88, 0x82, 0x22, 0x00, 0x08, 0x82, 0x04, 0x00, 0x10, 0x8F, 0x88, 0x00,
    0x20, 0x82, 0x10, 0x00, 0x00, 0x02, 0x22, 0x00, 0x20, 0x80, 0x00, 0x20, 0x00, 0x00, 0x00, 0x00,
};
unsigned char theater_walls_png[] = {
    0x99, 0x99, 0x99, 0x99, 0x33, 0x33, 0x33, 0x33, 0x99, 0x99, 0x99, 0x99, 0x33, 0x33, 0x33, 0x33,
    0x99, 0x99, 0x99, 0x99, 0x33, 0x33, 0x33, 0x33, 0x99, 0x99, 0x99, 0x99, 0x33, 0x33, 0x33, 0x33,
    0x99, 0x99, 0x99, 0x99, 0x33, 0x33, 0x33, 0x33, 0x99, 0x99, 0x99, 0x99, 0x33, 0x33, 0x33, 0x33,
    0x33, 0x33, 0x33, 0x33, 0x99, 0x99, 0x99, 0x99, 0x44, 0x44, 0x44, 0x44, 0x99, 0x99, 0x99, 0x99,
    0x44, 0x44, 0x44, 0x44, 0xAA, 0xAA, 0xAA, 0xAA, 0x44, 0x44, 0x44, 0x44, 0xAA, 0xAA, 0xAA, 0xAA,
    0x44, 0x44, 0x44, 0x44, 0xAA, 0xAA, 0xAA, 0xAA, 0x44, 0x44, 0x44, 0x44, 0xAA, 0xAA, 0xAA, 0xAA,
    0x44, 0x44, 0x44, 0x44, 0xAA, 0xAA, 0xAA, 0xAA, 0x55, 0x55, 0x55, 0x55, 0xAA, 0xAA, 0xAA, 0xAA,
    0x55, 0x55, 0x55, 0x55, 0xAA, 0xAA, 0xAA, 0xAA, 0x55, 0x55, 0x55, 0x55, 0xBB, 0xBB, 0xBB, 0xBB,
    0xBB, 0xBB, 0xBB, 0xBB, 0x66, 0x66, 0x66, 0x66, 0xBB, 0xBB, 0xBB, 0xBB, 0x66, 0x66, 0x66, 0x66,
    0xBB, 0xBB, 0xBB, 0xBB, 0x66, 0x66, 0x66, 0x66, 0xCC, 0xCC, 0xCC, 0xCC, 0x66, 0x66, 0x66, 0x66,
    0xCC, 0xCC, 0xCC, 0xCC, 0x66, 0x66, 0x66, 0x66, 0xCC, 0xCC, 0xCC, 0xCC, 0x77, 0x77, 0x77, 0x77,
    0xCC, 0xCC, 0xCC, 0xCC, 0x77, 0x77, 0x77, 0x77, 0xCC, 0xCC, 0xCC, 0xCC, 0x77, 0x77, 0x77, 0x77,
    0xCC, 0xCC, 0xCC, 0xCC, 0x77, 0x77, 0x77, 0x77, 0x88, 0x88, 0x88, 0x88, 0xDD, 0xDD, 0xDD, 0xDD,
    0x88, 0x88, 0x88, 0x88, 0xDD, 0xDD, 0xDD, 0xDD, 0x88, 0x88, 0x88, 0x88, 0xDD, 0xDD, 0xDD, 0xDD,
    0x88, 0x88, 0x88, 0x88, 0xDD, 0xDD, 0xDD, 0xDD, 0x88, 0x88, 0x88, 0x88, 0xDD, 0xDD, 0xDD, 0xDD,
    0x88, 0x88, 0x88, 0x88, 0xDD, 0xDD, 0xDD, 0xDD, 0x88, 0x88, 0x88, 0x88, 0xDD, 0xDD, 0xDD, 0xDD,
};
unsigned char theater_curtains_png[] = {
    0x9F, 0x7C, 0x1A, 0x00, 0xA9, 0x85, 0x1B, 0x00, 0xA9, 0x85, 0x1B, 0x00, 0xA9, 0x85, 0x1B, 0x00,
    0xA9, 0x85, 0x1B, 0x00, 0xA9, 0x85, 0x1B, 0x00, 0xA9, 0x85, 0x1B, 0x00, 0xA9, 0x85, 0x1B, 0x00,
    0xA9, 0x85, 0x1B, 0x00, 0xA9, 0x85, 0x1B, 0x00, 0xA9, 0x85, 0x1B, 0x00, 0xA9, 0x85, 0x1B, 0x00,
    0xA9, 0x85, 0x1B, 0x00, 0xA9, 0x85, 0x1B, 0x00, 0xA9, 0x85, 0x1B, 0x00, 0xA9, 0x85, 0x1B, 0x00,
    0xA9, 0x85, 0x1B, 0x00, 0xAA, 0x85, 0x1B, 0x00, 0xAA, 0x85, 0x1B, 0x00, 0xAA, 0x85, 0x1B, 0x00,
    0xAA, 0x85, 0x1B, 0x00, 0xAA, 0x85, 0x1B, 0x00, 0xAA, 0x85, 0x1B, 0x00, 0xAA, 0x85, 0x1B, 0x00,
    0xAA, 0x85, 0x1B, 0x00, 0xAA, 0x85, 0x1B, 0x00, 0xAA, 0x85, 0x1B, 0x02, 0xAA, 0x85, 0x1B, 0x03,
    0xAA, 0x85, 0x1B, 0x05, 0xAA, 0x85, 0x1B, 0x05, 0xAA, 0x85, 0x1B, 0x05, 0xA0, 0x7E, 0x1A, 0x05,
    0xAC, 0x87, 0x1C, 0x00, 0xB4, 0x8D, 0x1D, 0x00, 0xB4, 0x8D, 0x1D, 0x00, 0xB4, 0x8D, 0x1D, 0x00,
    0xB4, 0x8D, 0x1D, 0x00, 0xB4, 0x8D, 0x1D, 0x00, 0xB4, 0x8D, 0x1D, 0x00, 0xB4, 0x8D, 0x1D, 0x00,
    0xB4, 0x8D, 0x1D, 0x00, 0xB4, 0x8D, 0x1D, 0x00, 0xB4, 0x8D, 0x1D, 0x00, 0xB4, 0x8D, 0x1D, 0x00,
    0xB4, 0x8D, 0x1D, 0x00, 0xB4, 0x8D, 0x1D, 0x00, 0xB4, 0x8D, 0x1D, 0x00, 0xB4, 0x8D, 0x1D, 0x00,
    0xB4, 0x8D, 0x1D, 0x00, 0xB4, 0x8D, 0x1D, 0x00, 0xB5, 0x8F, 0x1D, 0x01, 0xB7, 0x93, 0x1E, 0x03,
    0xBC, 0x9A, 0x20, 0x0E, 0xBE, 0x9E, 0x21, 0x26, 0xC3, 0xA7, 0x24, 0x53, 0xC4, 0xA9, 0x24, 0x77,
    0xD0, 0xBA, 0x2C, 0x92, 0xD1, 0xBA, 0x2B, 0xAA, 0xD5, 0xC0, 0x30, 0xCF, 0xCB, 0xB3, 0x27, 0xEB,
    0xD3, 0xBD, 0x2E, 0xEB, 0xCD, 0xB6, 0x29, 0xEC, 0xCA, 0xB1, 0x27, 0xE6, 0xCC, 0xB3, 0x27, 0xDE,
    0xA9, 0x85, 0x1B, 0x00, 0xB4, 0x8D, 0x1D, 0x00, 0xB4, 0x8D, 0x1D, 0x00, 0xB4, 0x8D, 0x1D, 0x00,
    0xB4, 0x8D, 0x1D, 0x00, 0xB4, 0x8D, 0x1D, 0x00, 0xB4, 0x8D, 0x1D, 0x00, 0xB4, 0x8D, 0x1D, 0x00,
    0xB4, 0x8D, 0x1D, 0x00, 0xB4, 0x8D, 0x1D, 0x00, 0xB4, 0x8D, 0x1D, 0x00, 0xB4, 0x8D, 0x1D, 0x00,
    0xB4, 0x8D, 0x1D, 0x00, 0xB4, 0x8D, 0x1D, 0x00, 0xB4, 0x8D, 0x1D, 0x00, 0xB8, 0x93, 0x1E, 0x00,
    0xBC, 0x9B, 0x21, 0x12, 0xCE, 0xB6, 0x2C, 0x38, 0xCD, 0xB5, 0x29, 0x73, 0xCD, 0xB6, 0x27, 0xB4,
    0xD0, 0xB9, 0x29, 0xE0, 0xD3, 0xBE, 0x2C, 0xE8, 0xE2, 0xD0, 0x39, 0xED, 0xC9, 0xB1, 0x22, 0xEE,
    0xE8, 0xD8, 0x3F, 0xEF, 0xDB, 0xC7, 0x34, 0xEE, 0xED, 0xDE, 0x45, 0xED, 0xCD, 0xB4, 0x22, 0xCF,
    0xE5, 0xD4, 0x3D, 0xF2, 0xD9, 0xC4, 0x2F, 0xD8, 0xC6, 0xAA, 0x1F, 0xE9, 0xE4, 0xD3, 0x3A, 0xF4,
    0xA9, 0x85, 0x1B, 0x00, 0xB4, 0x8D, 0x1D, 0x00, 0xB4, 0x8D, 0x1D, 0x00, 0xB4, 0x8D, 0x1D, 0x00,
    0xB4, 0x8D, 0x1D, 0x00, 0xB4, 0x8D, 0x1D, 0x00, 0xB4, 0x8D, 0x1D, 0x00, 0xB4, 0x8D, 0x1D, 0x00,
    0xB4, 0x8D, 0x1D, 0x00, 0xB4, 0x8D, 0x1D, 0x00, 0xB4, 0x8D, 0x1D, 0x00, 0xB4, 0x8D, 0x1D, 0x00,
    0xB4, 0x8D, 0x1D, 0x00, 0xB9, 0x95, 0x1F, 0x0C, 0xC3, 0xA7, 0x23, 0x41, 0xD1, 0xBB, 0x2A, 0x9D,
    0xCC, 0xB5, 0x25, 0xDF, 0xEB, 0xDC, 0x42, 0xE1, 0xD5, 0xBF, 0x2D, 0xD2, 0xE3, 0xD1, 0x3A, 0xE8,
    0xD6, 0xC0, 0x2B, 0xCB, 0xDE, 0xCB, 0x37, 0xF0, 0xE4, 0xD2, 0x39, 0xCC, 0xC2, 0xA5, 0x1C, 0xD8,
    0xE9, 0xDA, 0x3F, 0xEE, 0xD3, 0xBB, 0x2A, 0xD5, 0xED, 0xDD, 0x45, 0xE2, 0xCF, 0xB8, 0x24, 0xCC,
    0xEA, 0xDB, 0x43, 0xF1, 0xDC, 0xC6, 0x2F, 0xCE, 0xC2, 0xA6, 0x1C, 0xE9, 0xE7, 0xD7, 0x3C, 0xFC,
    0xA9, 0x85, 0x1B, 0x00, 0xB4, 0x8D, 0x1D, 0x00, 0xB4, 0x8D, 0x1D, 0x00, 0xB4, 0x8D, 0x1D, 0x00,
    0xB4, 0x8D, 0x1D, 0x00, 0xB4, 0x8D, 0x1D, 0x00, 0xB4, 0x8D, 0x1D, 0x00, 0xB4, 0x8D, 0x1D, 0x00,
    0xB4, 0x8D, 0x1D, 0x00, 0xB4, 0x8D, 0x1D, 0x00, 0xB8, 0x94, 0x1F, 0x06, 0xC2, 0xA3, 0x23, 0x2D,
    0xC6, 0xAA, 0x25, 0x6E, 0xD3, 0xBE, 0x2B, 0xC0, 0xD4, 0xBF, 0x2B, 0xFD, 0xE6, 0xD4, 0x3B, 0xDA,
    0xC3, 0xA6, 0x1C, 0xD5, 0xF0, 0xE2, 0x47, 0xEE, 0xD3, 0xBB, 0x2A, 0xCE, 0xE7, 0xD6, 0x3E, 0xE2,
    0xD9, 0xC4, 0x2D, 0xCE, 0xE3, 0xD1, 0x3B, 0xF2, 0xED, 0xDE, 0x44, 0xCF, 0xC4, 0xA7, 0x1D, 0xD6,
    0xEC, 0xDD, 0x42, 0xF0, 0xCF, 0xB7, 0x26, 0xCE, 0xEC, 0xDD, 0x44, 0xE2, 0xD3, 0xBC, 0x27, 0xCD,
    0xE9, 0xD9, 0x42, 0xF2, 0xDC, 0xC7, 0x2F, 0xCE, 0xC7, 0xAC, 0x20, 0xE9, 0xE3, 0xD0, 0x35, 0xFC,
    0xAA, 0x85, 0x1B, 0x00, 0xB4, 0x8D, 0x1D, 0x00, 0xB4, 0x8D, 0x1D, 0x00, 0xB4, 0x8D, 0x1D, 0x00,
    0xB4, 0x8D, 0x1D, 0x00, 0xB4, 0x8D, 0x1D, 0x00, 0xB4, 0x8D, 0x1D, 0x00, 0xB4, 0x8D, 0x1D, 0x00,
    0xB6, 0x91, 0x1E, 0x01, 0xBE, 0x9E, 0x22, 0x29, 0xD1, 0xBB, 0x2A, 0xA2, 0xD1, 0xBA, 0x27, 0xED,
    0xD7, 0xC2, 0x2D, 0xF3, 0xF2, 0xE5, 0x4A, 0xD2, 0xD1, 0xBC, 0x2B, 0xF0, 0xE8, 0xD8, 0x3D, 0xCF,
    0xC4, 0xA8, 0x1D, 0xD6, 0xF2, 0xE5, 0x4A, 0xF0, 0xCA, 0xB0, 0x20, 0xCE, 0xEC, 0xDD, 0x44, 0xE3,
    0xD2, 0xBB, 0x27, 0xCC, 0xD2, 0xBC, 0x2D, 0xF1, 0xE5, 0xD4, 0x3C, 0xCC, 0xC7, 0xAD, 0x22, 0xD5,
    0xED, 0xDE, 0x44, 0xEF, 0xD4, 0xBF, 0x2E, 0xCF, 0xE4, 0xD3, 0x3D, 0xE4, 0xD9, 0xC3, 0x31, 0xD2,
    0xF4, 0xE6, 0x4C, 0xF5, 0xE7, 0xD6, 0x3F, 0xD7, 0xD6, 0xC2, 0x30, 0xEE, 0xEA, 0xDA, 0x43, 0xFD,
    0xAE, 0x8A, 0x1B, 0x00, 0xB4, 0x8D, 0x1D, 0x00, 0xB4, 0x8D, 0x1D, 0x00, 0xB4, 0x8D, 0x1D, 0x00,
    0xB4, 0x8D, 0x1D, 0x00, 0xB4, 0x8D, 0x1D, 0x00, 0xB5, 0x8F, 0x1D, 0x01, 0xBC, 0x9A, 0x20, 0x1F,
    0xCE, 0xB6, 0x29, 0x93, 0xCE, 0xB9, 0x27, 0xF3, 0xD9, 0xC6, 0x2D, 0xF8, 0xC9, 0xAE, 0x20, 0xCC,
    0xE5, 0xD4, 0x3D, 0xE2, 0xF4, 0xE6, 0x4C, 0xCE, 0xD6, 0xC1, 0x2F, 0xF2, 0xEB, 0xDB, 0x41, 0xCF,
    0xC4, 0xA8, 0x1D, 0xD4, 0xEC, 0xDD, 0x44, 0xEF, 0xC8, 0xAE, 0x22, 0xCD, 0xD7, 0xC2, 0x30, 0xE4,
    0xD1, 0xB9, 0x2A, 0xD4, 0xD7, 0xC3, 0x2F, 0xF8, 0xDB, 0xC8, 0x33, 0xE2, 0xDA, 0xC6, 0x2F, 0xF2,
    0xDC, 0xC6, 0x34, 0xF9, 0xD3, 0xB9, 0x2D, 0xF6, 0xCC, 0xAC, 0x2A, 0xFB, 0xC5, 0x9E, 0x26, 0xFD,
    0xC0, 0x93, 0x24, 0xFF, 0xC2, 0x91, 0x24, 0xFE, 0xC3, 0x8F, 0x25, 0xFF, 0xCA, 0x96, 0x27, 0xFF,
    0xB3, 0x8F, 0x1B, 0x00, 0xB4, 0x8D, 0x1D, 0x00, 0xB3, 0x8C, 0x1D, 0x00, 0xB2, 0x8B, 0x1C, 0x00,
    0xB3, 0x8C, 0x1C, 0x01, 0xBC, 0x9B, 0x20, 0x59, 0xCC, 0xB3, 0x28, 0xA8, 0xCF, 0xB9, 0x28, 0xF0,
    0xE0, 0xCE, 0x34, 0xE6, 0xC5, 0xA9, 0x1E, 0xD5, 0xE1, 0xCF, 0x34, 0xEF, 0xCA, 0xB0, 0x20, 0xCE,
    0xE4, 0xD2, 0x3C, 0xE2, 0xEE, 0xE0, 0x46, 0xCC, 0xCD, 0xB6, 0x29, 0xF2, 0xF3, 0xE6, 0x4B, 0xCE,
    0xCD, 0xB5, 0x29, 0xE3, 0xE7, 0xD6, 0x3D, 0xF2, 0xDF, 0xCD, 0x32, 0xEF, 0xDD, 0xCA, 0x31, 0xF9,
    0xD4, 0xBC, 0x2D, 0xFD, 0xC0, 0x90, 0x24, 0xFF, 0xAB, 0x5C, 0x1A, 0xFF, 0xA3, 0x47, 0x15, 0xFF,
    0x95, 0x33, 0x0F, 0xFF, 0x88, 0x26, 0x0B, 0xFF, 0x82, 0x20, 0x09, 0xFF, 0x81, 0x1F, 0x09, 0xFF,
    0x80, 0x1E, 0x09, 0xFF, 0x82, 0x1F, 0x09, 0xFF, 0x81, 0x1D, 0x08, 0xFF, 0x80, 0x1D, 0x08, 0xFF,
    0xC8, 0xAF, 0x25, 0xA0, 0xC5, 0xAB, 0x24, 0x87, 0xBE, 0x9E, 0x21, 0x98, 0xC0, 0xA3, 0x22, 0x65,
    0xBE, 0x9F, 0x21, 0x74, 0xC8, 0xAF, 0x23, 0xF6, 0xD2, 0xBC, 0x28, 0xEC, 0xC8, 0xAF, 0x22, 0xF3,
    0xEC, 0xDC, 0x42, 0xCF, 0xD2, 0xBA, 0x2B, 0xD6, 0xEA, 0xDA, 0x40, 0xF0, 0xC9, 0xAE, 0x20, 0xCB,
    0xD8, 0xC3, 0x32, 0xE3, 0xD9, 0xC5, 0x33, 0xD6, 0xD8, 0xC3, 0x2E, 0xFC, 0xDF, 0xCE, 0x33, 0xF1,
    0xE0, 0xCB, 0x34, 0xFF, 0xD7, 0xAA, 0x2D, 0xFF, 0xC1, 0x72, 0x21, 0xFF, 0x9F, 0x40, 0x13, 0xFF,
    0x87, 0x25, 0x0B, 0xFF, 0x7E, 0x1D, 0x07, 0xFF, 0x7A, 0x1B, 0x06, 0xFF, 0x79, 0x1A, 0x06, 0xFF,
    0x77, 0x1A, 0x06, 0xFF, 0x77, 0x1A, 0x06, 0xFF, 0x79, 0x1A, 0x06, 0xFF, 0x7B, 0x1B, 0x07, 0xFF,
    0x7E, 0x1E, 0x07, 0xFF, 0x7C, 0x1B, 0x07, 0xFF, 0x7B, 0x1B, 0x07, 0xFF, 0x7B, 0x1B, 0x07, 0xFF,
    0xCD, 0xB8, 0x28, 0xFF, 0xCA, 0xB3, 0x26, 0xFF, 0xBF, 0xA3, 0x21, 0xFF, 0xC8, 0xB0, 0x26, 0xFF,
    0xE3, 0xD4, 0x34, 0xFB, 0xC3, 0xA8, 0x21, 0xF5, 0xD3, 0xBD, 0x2B, 0xD2, 0xCB, 0xB3, 0x25, 0xF2,
    0xE8, 0xD7, 0x3D, 0xCF, 0xCE, 0xB5, 0x28, 0xD5, 0xE2, 0xD0, 0x3A, 0xEC, 0xD3, 0xB9, 0x2B, 0xE4,
    0xDF, 0xCD, 0x33, 0xF6, 0xDB, 0xC3, 0x31, 0xFE, 0xC8, 0x8B, 0x26, 0xFF, 0xB7, 0x5C, 0x1A, 0xFF,
    0xA2, 0x37, 0x12, 0xFF, 0x89, 0x23, 0x0A, 0xFF, 0x7C, 0x1C, 0x08, 0xFF, 0x78, 0x1A, 0x06, 0xFF,
    0x77, 0x1A, 0x06, 0xFF, 0x77, 0x1A, 0x06, 0xFF, 0x77, 0x1A, 0x06, 0xFF, 0x78, 0x1A, 0x06, 0xFF,
    0x78, 0x1A, 0x06, 0xFF, 0x78, 0x1A, 0x06, 0xFF, 0x79, 0x1B, 0x07, 0xFF, 0x7B, 0x1B, 0x07, 0xFF,
    0x7C, 0x1C, 0x07, 0xFF, 0x7A, 0x1B, 0x07, 0xFF, 0x7B, 0x1B, 0x07, 0xFF, 0x7B, 0x1B, 0x07, 0xFF,
    0xD9, 0xC5, 0x30, 0xFF, 0xCB, 0xB5, 0x27, 0xFF, 0xD7, 0xBF, 0x38, 0xFF, 0xD0, 0xB9, 0x2D, 0xFF,
    0xDE, 0xCE, 0x30, 0xFC, 0xBF, 0xA3, 0x1F, 0xF1, 0xE1, 0xCF, 0x3A, 0xCB, 0xDD, 0xC9, 0x36, 0xF2,
    0xED, 0xDD, 0x45, 0xCC, 0xDF, 0xCB, 0x36, 0xF2, 0xE4, 0xD5, 0x36, 0xF9, 0xD8, 0xBA, 0x30, 0xFF,
    0xB3, 0x5E, 0x1B, 0xFF, 0x97, 0x30, 0x0E, 0xFF, 0x8A, 0x22, 0x0A, 0xFF, 0x81, 0x1E, 0x08, 0xFF,
    0x7A, 0x1B, 0x07, 0xFF, 0x78, 0x1B, 0x06, 0xFF, 0x77, 0x1A, 0x06, 0xFF, 0x77, 0x1A, 0x06, 0xFF,
    0x78, 0x1A, 0x06, 0xFF, 0x78, 0x1A, 0x06, 0xFF, 0x77, 0x1A, 0x06, 0xFF, 0x75, 0x19, 0x06, 0xFF,
    0x75, 0x18, 0x05, 0xFF, 0x74, 0x18, 0x04, 0xFF, 0x73, 0x17, 0x04, 0xFF, 0x75, 0x17, 0x04, 0xFF,
    0x77, 0x19, 0x05, 0xFF, 0x7A, 0x1A, 0x06, 0xFF, 0x79, 0x1A, 0x06, 0xFF, 0x7A, 0x1A, 0x06, 0xFF,
    0xE4, 0xD3, 0x3A, 0xFF, 0xCC, 0xB6, 0x27, 0xFF, 0xDB, 0xC6, 0x3C, 0xFF, 0xCF, 0xB8, 0x2E, 0xFF,
    0xC9, 0xB3, 0x27, 0xE3, 0xBC, 0x9D, 0x27, 0xEA, 0xCE, 0xB5, 0x29, 0xCC, 0xD5, 0xB6, 0x2F, 0xFC,
    0xE9, 0xDB, 0x3B, 0xF2, 0xE8, 0xD2, 0x37, 0xFF, 0xCB, 0x85, 0x24, 0xFF, 0x98, 0x35, 0x0F, 0xFF,
    0x83, 0x1E, 0x08, 0xFF, 0x80, 0x1D, 0x08, 0xFF, 0x81, 0x1E, 0x08, 0xFF, 0x7E, 0x1C, 0x07, 0xFF,
    0x7B, 0x1B, 0x07, 0xFF, 0x79, 0x1B, 0x07, 0xFF, 0x77, 0x1A, 0x06, 0xFF, 0x75, 0x19, 0x05, 0xFF,
    0x73, 0x18, 0x05, 0xFF, 0x73, 0x18, 0x04, 0xFF, 0x75, 0x17, 0x03, 0xFF, 0x76, 0x17, 0x04, 0xFF,
    0x77, 0x18, 0x04, 0xFF, 0x78, 0x18, 0x04, 0xFF, 0x79, 0x18, 0x04, 0xFF, 0x7A, 0x18, 0x04, 0xFF,
    0x7A, 0x18, 0x04, 0xFF, 0x7A, 0x18, 0x04, 0xFF, 0x7B, 0x18, 0x04, 0xFF, 0x7A, 0x18, 0x04, 0xFF,
    0xE8, 0xD5, 0x43, 0xFF, 0xCD, 0xB7, 0x29, 0xFF, 0xDE, 0xC8, 0x41, 0xFF, 0xBC, 0xA1, 0x19, 0xFF,
    0xC2, 0xA9, 0x43, 0xDC, 0xB0, 0x88, 0x19, 0xF2, 0xD5, 0xC0, 0x2D, 0xF5, 0xEA, 0xD7, 0x37, 0xFF,
    0xCB, 0x8A, 0x25, 0xFF, 0x95, 0x33, 0x0D, 0xFF, 0x87, 0x1E, 0x07, 0xFF, 0x86, 0x1E, 0x07, 0xFF,
    0x82, 0x1D, 0x08, 0xFF, 0x80, 0x1C, 0x07, 0xFF, 0x7B, 0x1A, 0x06, 0xFF, 0x76, 0x19, 0x05, 0xFF,
    0x74, 0x18, 0x05, 0xFF, 0x73, 0x17, 0x04, 0xFF, 0x74, 0x18, 0x04, 0xFF, 0x77, 0x18, 0x04, 0xFF,
    0x79, 0x18, 0x04, 0xFF, 0x7B, 0x18, 0x05, 0xFF, 0x7B, 0x18, 0x05, 0xFF, 0x7B, 0x18, 0x05, 0xFF,
    0x7B, 0x18, 0x05, 0xFF, 0x7B, 0x18, 0x05, 0xFF, 0x7A, 0x18, 0x05, 0xFF, 0x79, 0x18, 0x05, 0xFF,
    0x79, 0x18, 0x05, 0xFF, 0x79, 0x19, 0x05, 0xFF, 0x7A, 0x19, 0x05, 0xFF, 0x79, 0x18, 0x05, 0xFF,
    0xEA, 0xD7, 0x4E, 0xFF, 0xD3, 0xBD, 0x31, 0xFF, 0xDE, 0xC8, 0x42, 0xFF, 0xB5, 0x96, 0x1A, 0xFF,
    0xB6, 0x91, 0x3A, 0xF4, 0xC9, 0xAD, 0x24, 0xFC, 0xCF, 0xA1, 0x28, 0xFF, 0x96, 0x37, 0x0E, 0xFF,
    0x80, 0x18, 0x04, 0xFF, 0x80, 0x19, 0x04, 0xFF, 0x82, 0x19, 0x04, 0xFF, 0x80, 0x18, 0x03, 0xFF,
    0x7B, 0x17, 0x03, 0xFF, 0x75, 0x15, 0x02, 0xFF, 0x72, 0x15, 0x03, 0xFF, 0x73, 0x16, 0x03, 0xFF,
    0x78, 0x17, 0x04, 0xFF, 0x7A, 0x18, 0x04, 0xFF, 0x7B, 0x18, 0x04, 0xFF, 0x7C, 0x18, 0x04, 0xFF,
    0x7C, 0x18, 0x05, 0xFF, 0x7A, 0x18, 0x05, 0xFF, 0x7A, 0x18, 0x05, 0xFF, 0x79, 0x18, 0x05, 0xFF,
    0x78, 0x18, 0x05, 0xFF, 0x76, 0x18, 0x05, 0xFF, 0x75, 0x18, 0x05, 0xFF, 0x74, 0x17, 0x05, 0xFF,
    0x72, 0x17, 0x05, 0xFF, 0x72, 0x17, 0x05, 0xFF, 0x72, 0x17, 0x05, 0xFF, 0x72, 0x17, 0x05, 0xFF,
    0xEC, 0xD9, 0x55, 0xFF, 0xE5, 0xD0, 0x49, 0xFF, 0xD2, 0xB9, 0x34, 0xFF, 0xB1, 0x91, 0x27, 0xFF,
    0xC1, 0xA1, 0x2E, 0xFF, 0xA5, 0x67, 0x15, 0xFF, 0x7C, 0x1D, 0x05, 0xFF, 0x7E, 0x18, 0x04, 0xFF,
    0x7D, 0x17, 0x03, 0xFF, 0x7B, 0x17, 0x02, 0xFF, 0x77, 0x15, 0x01, 0xFF, 0x76, 0x14, 0x01, 0xFF,
    0x74, 0x14, 0x01, 0xFF, 0x75, 0x16, 0x03, 0xFF, 0x78, 0x17, 0x04, 0xFF, 0x7A, 0x17, 0x04, 0xFF,
    0x7B, 0x17, 0x04, 0xFF, 0x7B, 0x17, 0x04, 0xFF, 0x7A, 0x18, 0x05, 0xFF, 0x79, 0x18, 0x05, 0xFF,
    0x77, 0x17, 0x05, 0xFF, 0x75, 0x17, 0x05, 0xFF, 0x73, 0x17, 0x05, 0xFF, 0x72, 0x17, 0x05, 0xFF,
    0x70, 0x16, 0x05, 0xFF, 0x6D, 0x16, 0x05, 0xFF, 0x6B, 0x16, 0x05, 0xFF, 0x69, 0x15, 0x05, 0xFF,
    0x68, 0x15, 0x05, 0xFF, 0x67, 0x14, 0x04, 0xFF, 0x67, 0x14, 0x05, 0xFF, 0x67, 0x14, 0x05, 0xFF,
    0xED, 0xDA, 0x57, 0xFF, 0xEA, 0xD6, 0x4F, 0xFF, 0xD1, 0xB9, 0x33, 0xFF, 0xA8, 0x86, 0x22, 0xFF,
    0x8C, 0x49, 0x1E, 0xFF, 0x6C, 0x13, 0x02, 0xFF, 0x77, 0x15, 0x03, 0xFF, 0x76, 0x15, 0x02, 0xFF,
    0x70, 0x14, 0x02, 0xFF, 0x6D, 0x13, 0x01, 0xFF, 0x6E, 0x14, 0x03, 0xFF, 0x70, 0x15, 0x03, 0xFF,
    0x75, 0x16, 0x03, 0xFF, 0x78, 0x18, 0x04, 0xFF, 0x7A, 0x18, 0x04, 0xFF, 0x79, 0x18, 0x04, 0xFF,
    0x78, 0x17, 0x05, 0xFF, 0x75, 0x17, 0x05, 0xFF, 0x72, 0x18, 0x05, 0xFF, 0x6F, 0x17, 0x05, 0xFF,
    0x6C, 0x16, 0x05, 0xFF, 0x69, 0x16, 0x05, 0xFF, 0x67, 0x16, 0x05, 0xFF, 0x66, 0x14, 0x05, 0xFF,
    0x64, 0x13, 0x05, 0xFF, 0x62, 0x13, 0x05, 0xFF, 0x60, 0x13, 0x04, 0xFF, 0x61, 0x13, 0x04, 0xFF,
    0x61, 0x13, 0x04, 0xFF, 0x61, 0x13, 0x04, 0xFF, 0x61, 0x13, 0x04, 0xFF, 0x63, 0x14, 0x04, 0xFF,
    0xEF, 0xDB, 0x56, 0xFF, 0xF0, 0xDF, 0x53, 0xFF, 0xD5, 0xBE, 0x38, 0xFF, 0x9B, 0x70, 0x16, 0xFF,
    0x67, 0x17, 0x04, 0xFF, 0x6C, 0x12, 0x02, 0xFF, 0x6E, 0x13, 0x01, 0xFF, 0x69, 0x13, 0x02, 0xFF,
    0x68, 0x13, 0x03, 0xFF, 0x6B, 0x14, 0x04, 0xFF, 0x6F, 0x16, 0x05, 0xFF, 0x73, 0x18, 0x05, 0xFF,
    0x76, 0x17, 0x05, 0xFF, 0x76, 0x18, 0x05, 0xFF, 0x74, 0x17, 0x05, 0xFF, 0x70, 0x16, 0x05, 0xFF,
    0x6E, 0x17, 0x05, 0xFF, 0x69, 0x16, 0x05, 0xFF, 0x65, 0x15, 0x04, 0xFF, 0x63, 0x14, 0x04, 0xFF,
    0x61, 0x13, 0x04, 0xFF, 0x5F, 0x12, 0x04, 0xFF, 0x5E, 0x12, 0x04, 0xFF, 0x5E, 0x12, 0x04, 0xFF,
    0x5D, 0x12, 0x04, 0xFF, 0x5D, 0x12, 0x04, 0xFF, 0x5F, 0x12, 0x04, 0xFF, 0x5F, 0x12, 0x04, 0xFF,
    0x60, 0x13, 0x04, 0xFF, 0x62, 0x14, 0x04, 0xFF, 0x62, 0x14, 0x04, 0xFF, 0x65, 0x16, 0x04, 0xFF,
    0xF3, 0xE4, 0x4F, 0xFF, 0xF4, 0xE7, 0x4C, 0xFF, 0xCF, 0xB8, 0x2E, 0xFF, 0x90, 0x5A, 0x19, 0xFF,
    0x61, 0x0F, 0x01, 0xFF, 0x64, 0x12, 0x02, 0xFF, 0x63, 0x12, 0x03, 0xFF, 0x64, 0x13, 0x03, 0xFF,
    0x69, 0x14, 0x04, 0xFF, 0x70, 0x17, 0x05, 0xFF, 0x72, 0x18, 0x05, 0xFF, 0x72, 0x18, 0x05, 0xFF,
    0x71, 0x17, 0x05, 0xFF, 0x6E, 0x17, 0x05, 0xFF, 0x69, 0x15, 0x04, 0xFF, 0x66, 0x14, 0x05, 0xFF,
    0x62, 0x14, 0x04, 0xFF, 0x5F, 0x13, 0x04, 0xFF, 0x5E, 0x12, 0x04, 0xFF, 0x5D, 0x12, 0x04, 0xFF,
    0x5C, 0x12, 0x04, 0xFF, 0x5C, 0x12, 0x04, 0xFF, 0x5C, 0x12, 0x04, 0xFF, 0x5D, 0x12, 0x04, 0xFF,
    0x5E, 0x12, 0x04, 0xFF, 0x5F, 0x13, 0x04, 0xFF, 0x60, 0x13, 0x04, 0xFF, 0x61, 0x14, 0x04, 0xFF,
    0x62, 0x14, 0x04, 0xFF, 0x63, 0x15, 0x04, 0xFF, 0x65, 0x16, 0x04, 0xFF, 0x67, 0x17, 0x04, 0xFF,
    0xEB, 0xDC, 0x42, 0xFF, 0xDC, 0xCB, 0x35, 0xFF, 0xAE, 0x8B, 0x1E, 0xFF, 0x69, 0x20, 0x08, 0xFF,
    0x58, 0x0E, 0x01, 0xFF, 0x59, 0x0F, 0x02, 0xFF, 0x5F, 0x12, 0x03, 0xFF, 0x68, 0x14, 0x04, 0xFF,
    0x6F, 0x16, 0x05, 0xFF, 0x71, 0x17, 0x05, 0xFF, 0x6D, 0x17, 0x05, 0xFF, 0x6A, 0x16, 0x05, 0xFF,
    0x67, 0x15, 0x05, 0xFF, 0x64, 0x14, 0x04, 0xFF, 0x60, 0x13, 0x03, 0xFF, 0x5E, 0x13, 0x04, 0xFF,
    0x5D, 0x12, 0x04, 0xFF, 0x5C, 0x12, 0x04, 0xFF, 0x5C, 0x12, 0x04, 0xFF, 0x5C, 0x12, 0x03, 0xFF,
    0x5C, 0x12, 0x03, 0xFF, 0x5D, 0x13, 0x03, 0xFF, 0x5D, 0x13, 0x04, 0xFF, 0x5D, 0x14, 0x04, 0xFF,
    0x5D, 0x14, 0x04, 0xFF, 0x5E, 0x14, 0x04, 0xFF, 0x5F, 0x14, 0x03, 0xFF, 0x5F, 0x14, 0x03, 0xFF,
    0x60, 0x14, 0x03, 0xFF, 0x61, 0x14, 0x03, 0xFF, 0x62, 0x14, 0x02, 0xFF, 0x64, 0x14, 0x02, 0xFF,
    0xE2, 0xCD, 0x3A, 0xFF, 0xB0, 0x90, 0x20, 0xFF, 0x6C, 0x2A, 0x0B, 0xFF, 0x4F, 0x0C, 0x01, 0xFF,
    0x4D, 0x0D, 0x01, 0xFF, 0x59, 0x11, 0x02, 0xFF, 0x65, 0x14, 0x04, 0xFF, 0x6C, 0x16, 0x05, 0xFF,
    0x6C, 0x16, 0x05, 0xFF, 0x68, 0x16, 0x05, 0xFF, 0x64, 0x14, 0x05, 0xFF, 0x61, 0x13, 0x04, 0xFF,
    0x60, 0x12, 0x04, 0xFF, 0x5E, 0x12, 0x03, 0xFF, 0x5C, 0x12, 0x03, 0xFF, 0x5C, 0x12, 0x03, 0xFF,
    0x5C, 0x12, 0x04, 0xFF, 0x5D, 0x13, 0x04, 0xFF, 0x5F, 0x13, 0x04, 0xFF, 0x60, 0x14, 0x04, 0xFF,
    0x61, 0x14, 0x04, 0xFF, 0x60, 0x14, 0x03, 0xFF, 0x5F, 0x14, 0x03, 0xFF, 0x5D, 0x14, 0x03, 0xFF,
    0x5E, 0x14, 0x03, 0xFF, 0x5F, 0x14, 0x03, 0xFF, 0x60, 0x14, 0x03, 0xFF, 0x62, 0x14, 0x03, 0xFF,
    0x62, 0x14, 0x03, 0xFF, 0x63, 0x14, 0x03, 0xFF, 0x64, 0x14, 0x02, 0xFF, 0x65, 0x14, 0x02, 0xFF,
    0xE9, 0xD6, 0x3E, 0xFF, 0xA9, 0x84, 0x21, 0xFF, 0x4E, 0x0F, 0x03, 0xFF, 0x47, 0x0B, 0x01, 0xFF,
    0x53, 0x0F, 0x03, 0xFF, 0x62, 0x13, 0x05, 0xFF, 0x68, 0x16, 0x05, 0xFF, 0x65, 0x15, 0x05, 0xFF,
    0x61, 0x14, 0x04, 0xFF, 0x5E, 0x12, 0x03, 0xFF, 0x5C, 0x12, 0x04, 0xFF, 0x5C, 0x12, 0x04, 0xFF,
    0x5C, 0x12, 0x03, 0xFF, 0x5C, 0x13, 0x04, 0xFF, 0x5D, 0x12, 0x04, 0xFF, 0x5F, 0x14, 0x05, 0xFF,
    0x61, 0x15, 0x06, 0xFF, 0x63, 0x15, 0x05, 0xFF, 0x64, 0x15, 0x05, 0xFF, 0x64, 0x15, 0x05, 0xFF,
    0x64, 0x15, 0x04, 0xFF, 0x63, 0x15, 0x03, 0xFF, 0x62, 0x14, 0x03, 0xFF, 0x64, 0x14, 0x03, 0xFF,
    0x67, 0x15, 0x03, 0xFF, 0x68, 0x16, 0x03, 0xFF, 0x6A, 0x16, 0x04, 0xFF, 0x6C, 0x17, 0x04, 0xFF,
    0x6D, 0x17, 0x04, 0xFF, 0x6D, 0x17, 0x04, 0xFF, 0x6D, 0x18, 0x04, 0xFF, 0x6C, 0x18, 0x04, 0xFF,
    0xE4, 0xCC, 0x37, 0xFF, 0x9E, 0x73, 0x22, 0xFF, 0x44, 0x09, 0x01, 0xFF, 0x4A, 0x0C, 0x01, 0xFF,
    0x5C, 0x12, 0x04, 0xFF, 0x65, 0x14, 0x05, 0xFF, 0x61, 0x15, 0x04, 0xFF, 0x5C, 0x12, 0x04, 0xFF,
    0x5A, 0x11, 0x02, 0xFF, 0x59, 0x10, 0x03, 0xFF, 0x5A, 0x11, 0x04, 0xFF, 0x5C, 0x12, 0x04, 0xFF,
    0x5E, 0x13, 0x05, 0xFF, 0x60, 0x14, 0x05, 0xFF, 0x61, 0x14, 0x05, 0xFF, 0x62, 0x16, 0x05, 0xFF,
    0x62, 0x16, 0x05, 0xFF, 0x63, 0x16, 0x04, 0xFF, 0x63, 0x15, 0x04, 0xFF, 0x65, 0x16, 0x03, 0xFF,
    0x67, 0x16, 0x03, 0xFF, 0x69, 0x16, 0x03, 0xFF, 0x6D, 0x17, 0x03, 0xFF, 0x70, 0x17, 0x04, 0xFF,
    0x72, 0x18, 0x04, 0xFF, 0x73, 0x18, 0x04, 0xFF, 0x75, 0x19, 0x04, 0xFF, 0x75, 0x19, 0x04, 0xFF,
    0x76, 0x19, 0x04, 0xFF, 0x75, 0x19, 0x04, 0xFF, 0x75, 0x19, 0x04, 0xFF, 0x73, 0x18, 0x04, 0xFF,
    0xED, 0xD6, 0x39, 0xFF, 0xAA, 0x86, 0x24, 0xFF, 0x46, 0x0B, 0x01, 0xFF, 0x51, 0x0F, 0x03, 0xFF,
    0x5E, 0x13, 0x04, 0xFF, 0x5E, 0x13, 0x04, 0xFF, 0x5A, 0x11, 0x03, 0xFF, 0x57, 0x10, 0x02, 0xFF,
    0x56, 0x10, 0x02, 0xFF, 0x58, 0x11, 0x04, 0xFF, 0x5E, 0x12, 0x05, 0xFF, 0x61, 0x15, 0x05, 0xFF,
    0x62, 0x15, 0x06, 0xFF, 0x61, 0x15, 0x05, 0xFF, 0x5F, 0x14, 0x04, 0xFF, 0x5D, 0x14, 0x03, 0xFF,
    0x5F, 0x14, 0x03, 0xFF, 0x64, 0x15, 0x03, 0xFF, 0x68, 0x16, 0x03, 0xFF, 0x6B, 0x17, 0x03, 0xFF,
    0x6E, 0x17, 0x04, 0xFF, 0x72, 0x18, 0x04, 0xFF, 0x75, 0x18, 0x04, 0xFF, 0x77, 0x19, 0x04, 0xFF,
    0x77, 0x19, 0x04, 0xFF, 0x78, 0x19, 0x05, 0xFF, 0x79, 0x19, 0x05, 0xFF, 0x79, 0x19, 0x05, 0xFF,
    0x78, 0x19, 0x05, 0xFF, 0x78, 0x19, 0x05, 0xFF, 0x78, 0x19, 0x05, 0xFF, 0x75, 0x18, 0x05, 0xFF,
    0xCB, 0xAE, 0x27, 0xFF, 0x95, 0x6E, 0x1D, 0xFF, 0x4A, 0x0C, 0x02, 0xFF, 0x52, 0x0F, 0x03, 0xFF,
    0x59, 0x11, 0x04, 0xFF, 0x57, 0x11, 0x02, 0xFF, 0x55, 0x0F, 0x02, 0xFF, 0x54, 0x0F, 0x03, 0xFF,
    0x57, 0x11, 0x04, 0xFF, 0x5D, 0x14, 0x05, 0xFF, 0x63, 0x15, 0x06, 0xFF, 0x62, 0x15, 0x05, 0xFF,
    0x5E, 0x14, 0x04, 0xFF, 0x5C, 0x12, 0x04, 0xFF, 0x5B, 0x12, 0x03, 0xFF, 0x5D, 0x13, 0x03, 0xFF,
    0x63, 0x15, 0x03, 0xFF, 0x6A, 0x17, 0x03, 0xFF, 0x6E, 0x18, 0x04, 0xFF, 0x71, 0x18, 0x04, 0xFF,
    0x74, 0x19, 0x05, 0xFF, 0x77, 0x19, 0x04, 0xFF, 0x79, 0x1A, 0x05, 0xFF, 0x7A, 0x1A, 0x05, 0xFF,
    0x7A, 0x1A, 0x05, 0xFF, 0x7A, 0x1A, 0x05, 0xFF, 0x7A, 0x1A, 0x05, 0xFF, 0x79, 0x19, 0x05, 0xFF,
    0x79, 0x19, 0x05, 0xFF, 0x79, 0x19, 0x05, 0xFF, 0x78, 0x19, 0x05, 0xFF, 0x75, 0x18, 0x05, 0xFF,
    0xAF, 0x86, 0x12, 0xFF, 0x61, 0x2C, 0x0C, 0xFF, 0x48, 0x0C, 0x02, 0xFF, 0x4B, 0x0D, 0x02, 0xFF,
    0x51, 0x0E, 0x01, 0xFF, 0x51, 0x0E, 0x01, 0xFF, 0x53, 0x0F, 0x03, 0xFF, 0x57, 0x11, 0x04, 0xFF,
    0x5D, 0x13, 0x05, 0xFF, 0x61, 0x15, 0x05, 0xFF, 0x60, 0x14, 0x04, 0xFF, 0x5C, 0x13, 0x03, 0xFF,
    0x5B, 0x11, 0x03, 0xFF, 0x5D, 0x12, 0x03, 0xFF, 0x60, 0x14, 0x03, 0xFF, 0x65, 0x15, 0x04, 0xFF,
    0x6C, 0x18, 0x04, 0xFF, 0x72, 0x19, 0x05, 0xFF, 0x76, 0x1A, 0x05, 0xFF, 0x78, 0x19, 0x05, 0xFF,
    0x7A, 0x1A, 0x05, 0xFF, 0x7B, 0x1A, 0x05, 0xFF, 0x7B, 0x1A, 0x05, 0xFF, 0x7B, 0x1A, 0x06, 0xFF,
    0x7B, 0x1A, 0x06, 0xFF, 0x7B, 0x1A, 0x05, 0xFF, 0x7A, 0x1A, 0x05, 0xFF, 0x7A, 0x1A, 0x05, 0xFF,
    0x7A, 0x19, 0x05, 0xFF, 0x78, 0x19, 0x05, 0xFF, 0x78, 0x19, 0x05, 0xFF, 0x75, 0x18, 0x04, 0xFF,
    0xA6, 0x79, 0x0E, 0xFF, 0x48, 0x10, 0x02, 0xFF, 0x40, 0x0A, 0x01, 0xFF, 0x42, 0x0A, 0x01, 0xFF,
    0x49, 0x0C, 0x01, 0xFF, 0x51, 0x0E, 0x03, 0xFF, 0x57, 0x12, 0x04, 0xFF, 0x5D, 0x14, 0x05, 0xFF,
    0x5E, 0x14, 0x05, 0xFF, 0x5C, 0x13, 0x04, 0xFF, 0x5A, 0x12, 0x03, 0xFF, 0x5A, 0x12, 0x03, 0xFF,
    0x5D, 0x13, 0x03, 0xFF, 0x62, 0x15, 0x04, 0xFF, 0x6A, 0x17, 0x05, 0xFF, 0x70, 0x18, 0x05, 0xFF,
    0x76, 0x19, 0x05, 0xFF, 0x79, 0x1A, 0x05, 0xFF, 0x7A, 0x1A, 0x06, 0xFF, 0x7B, 0x1A, 0x06, 0xFF,
    0x7A, 0x1A, 0x06, 0xFF, 0x79, 0x1A, 0x06, 0xFF, 0x78, 0x1A, 0x06, 0xFF, 0x78, 0x1A, 0x06, 0xFF,
    0x77, 0x19, 0x06, 0xFF, 0x76, 0x19, 0x05, 0xFF, 0x77, 0x19, 0x05, 0xFF, 0x78, 0x19, 0x05, 0xFF,
    0x78, 0x19, 0x05, 0xFF, 0x77, 0x19, 0x05, 0xFF, 0x76, 0x19, 0x05, 0xFF, 0x73, 0x18, 0x04, 0xFF,
    0xAA, 0x7F, 0x10, 0xFF, 0x44, 0x0F, 0x01, 0xFF, 0x39, 0x08, 0x00, 0xFF, 0x3D, 0x08, 0x01, 0xFF,
    0x4B, 0x0E, 0x03, 0xFF, 0x57, 0x12, 0x04, 0xFF, 0x5D, 0x13, 0x05, 0xFF, 0x5D, 0x14, 0x05, 0xFF,
    0x5B, 0x13, 0x04, 0xFF, 0x59, 0x11, 0x02, 0xFF, 0x58, 0x11, 0x02, 0xFF, 0x5A, 0x13, 0x04, 0xFF,
    0x62, 0x15, 0x04, 0xFF, 0x6C, 0x17, 0x05, 0xFF, 0x74, 0x19, 0x05, 0xFF, 0x78, 0x1A, 0x05, 0xFF,
    0x7A, 0x1A, 0x05, 0xFF, 0x79, 0x1A, 0x06, 0xFF, 0x77, 0x19, 0x06, 0xFF, 0x75, 0x19, 0x05, 0xFF,
    0x74, 0x18, 0x05, 0xFF, 0x73, 0x18, 0x05, 0xFF, 0x71, 0x17, 0x04, 0xFF, 0x70, 0x17, 0x04, 0xFF,
    0x70, 0x17, 0x03, 0xFF, 0x71, 0x17, 0x04, 0xFF, 0x73, 0x18, 0x05, 0xFF, 0x74, 0x18, 0x05, 0xFF,
    0x74, 0x18, 0x05, 0xFF, 0x73, 0x18, 0x04, 0xFF, 0x72, 0x18, 0x04, 0xFF, 0x70, 0x17, 0x04, 0xFF,
    0xA9, 0x7E, 0x0F, 0xFF, 0x43, 0x0F, 0x02, 0xFF, 0x37, 0x08, 0x01, 0xFF, 0x42, 0x0B, 0x02, 0xFF,
    0x53, 0x11, 0x04, 0xFF, 0x5C, 0x13, 0x05, 0xFF, 0x5C, 0x13, 0x05, 0xFF, 0x58, 0x11, 0x03, 0xFF,
    0x56, 0x10, 0x02, 0xFF, 0x57, 0x11, 0x03, 0xFF, 0x5A, 0x13, 0x04, 0xFF, 0x63, 0x16, 0x05, 0xFF,
    0x6E, 0x17, 0x04, 0xFF, 0x74, 0x19, 0x05, 0xFF, 0x76, 0x19, 0x05, 0xFF, 0x75, 0x19, 0x05, 0xFF,
    0x74, 0x18, 0x05, 0xFF, 0x71, 0x17, 0x05, 0xFF, 0x6E, 0x17, 0x03, 0xFF, 0x6D, 0x17, 0x03, 0xFF,
    0x6C, 0x17, 0x03, 0xFF, 0x6C, 0x16, 0x04, 0xFF, 0x6C, 0x16, 0x03, 0xFF, 0x6D, 0x16, 0x04, 0xFF,
    0x6E, 0x17, 0x04, 0xFF, 0x70, 0x17, 0x05, 0xFF, 0x70, 0x17, 0x05, 0xFF, 0x70, 0x17, 0x04, 0xFF,
    0x6F, 0x16, 0x04, 0xFF, 0x6D, 0x16, 0x04, 0xFF, 0x6C, 0x16, 0x04, 0xFF, 0x6A, 0x16, 0x04, 0xFF,
    0xA9, 0x7F, 0x0F, 0xFF, 0x41, 0x0D, 0x01, 0xFF, 0x3C, 0x0A, 0x01, 0xFF, 0x4B, 0x0F, 0x03, 0xFF,
    0x5A, 0x13, 0x05, 0xFF, 0x59, 0x13, 0x05, 0xFF, 0x51, 0x10, 0x02, 0xFF, 0x4F, 0x0F, 0x02, 0xFF,
    0x55, 0x12, 0x04, 0xFF, 0x5F, 0x14, 0x04, 0xFF, 0x68, 0x16, 0x05, 0xFF, 0x6C, 0x17, 0x04, 0xFF,
    0x6D, 0x17, 0x04, 0xFF, 0x6E, 0x18, 0x05, 0xFF, 0x6D, 0x18, 0x04, 0xFF, 0x6B, 0x16, 0x04, 0xFF,
    0x69, 0x15, 0x04, 0xFF, 0x69, 0x15, 0x03, 0xFF, 0x68, 0x15, 0x03, 0xFF, 0x68, 0x15, 0x03, 0xFF,
    0x69, 0x15, 0x04, 0xFF, 0x69, 0x15, 0x04, 0xFF, 0x6A, 0x16, 0x04, 0xFF, 0x6A, 0x16, 0x05, 0xFF,
    0x6A, 0x15, 0x04, 0xFF, 0x69, 0x16, 0x04, 0xFF, 0x68, 0x16, 0x04, 0xFF, 0x66, 0x15, 0x04, 0xFF,
    0x64, 0x15, 0x04, 0xFF, 0x64, 0x15, 0x04, 0xFF, 0x64, 0x15, 0x04, 0xFF, 0x60, 0x15, 0x04, 0xFF,
    0xA9, 0x7F, 0x10, 0xFF, 0x3E, 0x0D, 0x01, 0xFF, 0x42, 0x0B, 0x02, 0xFF, 0x52, 0x10, 0x03, 0xFF,
    0x56, 0x12, 0x05, 0xFF, 0x4B, 0x0E, 0x03, 0xFF, 0x4B, 0x0D, 0x02, 0xFF, 0x56, 0x12, 0x03, 0xFF,
    0x61, 0x15, 0x04, 0xFF, 0x67, 0x15, 0x04, 0xFF, 0x65, 0x16, 0x04, 0xFF, 0x62, 0x15, 0x04, 0xFF,
    0x61, 0x15, 0x04, 0xFF, 0x62, 0x14, 0x04, 0xFF, 0x60, 0x14, 0x04, 0xFF, 0x5F, 0x14, 0x04, 0xFF,
    0x5F, 0x14, 0x04, 0xFF, 0x61, 0x14, 0x04, 0xFF, 0x61, 0x14, 0x04, 0xFF, 0x61, 0x14, 0x04, 0xFF,
    0x61, 0x14, 0x04, 0xFF, 0x61, 0x14, 0x04, 0xFF, 0x60, 0x14, 0x04, 0xFF, 0x61, 0x15, 0x03, 0xFF,
    0x60, 0x14, 0x03, 0xFF, 0x5F, 0x14, 0x03, 0xFF, 0x5E, 0x14, 0x04, 0xFF, 0x5D, 0x14, 0x04, 0xFF,
    0x5C, 0x14, 0x03, 0xFF, 0x5C, 0x14, 0x03, 0xFF, 0x5C, 0x14, 0x03, 0xFF, 0x5A, 0x14, 0x03, 0xFF,
    0xA8, 0x7E, 0x0F, 0xFF, 0x43, 0x0E, 0x01, 0xFF, 0x4B, 0x0E, 0x03, 0xFF, 0x4E, 0x0F, 0x03, 0xFF,
    0x46, 0x0C, 0x02, 0xFF, 0x49, 0x0C, 0x02, 0xFF, 0x57, 0x12, 0x04, 0xFF, 0x5F, 0x15, 0x04, 0xFF,
    0x5D, 0x14, 0x03, 0xFF, 0x59, 0x14, 0x04, 0xFF, 0x57, 0x13, 0x04, 0xFF, 0x57, 0x13, 0x04, 0xFF,
    0x57, 0x13, 0x04, 0xFF, 0x57, 0x13, 0x04, 0xFF, 0x57, 0x13, 0x04, 0xFF, 0x56, 0x13, 0x03, 0xFF,
    0x57, 0x14, 0x03, 0xFF, 0x57, 0x14, 0x03, 0xFF, 0x57, 0x14, 0x03, 0xFF, 0x57, 0x14, 0x03, 0xFF,
    0x58, 0x14, 0x03, 0xFF, 0x58, 0x14, 0x03, 0xFF, 0x58, 0x14, 0x03, 0xFF, 0x58, 0x14, 0x03, 0xFF,
    0x58, 0x14, 0x03, 0xFF, 0x58, 0x14, 0x03, 0xFF, 0x57, 0x14, 0x03, 0xFF, 0x57, 0x13, 0x03, 0xFF,
    0x57, 0x13, 0x03, 0xFF, 0x56, 0x13, 0x03, 0xFF, 0x56, 0x13, 0x03, 0xFF, 0x54, 0x13, 0x03, 0xF4,
    0xA7, 0x7D, 0x12, 0xFF, 0x4B, 0x10, 0x02, 0xFF, 0x4B, 0x0F, 0x03, 0xFF, 0x45, 0x0C, 0x03, 0xFF,
    0x4A, 0x0D, 0x02, 0xFF, 0x54, 0x13, 0x04, 0xFF, 0x56, 0x14, 0x04, 0xFF, 0x52, 0x13, 0x04, 0xFF,
    0x50, 0x12, 0x03, 0xFF, 0x50, 0x12, 0x03, 0xFF, 0x50, 0x12, 0x03, 0xFF, 0x51, 0x12, 0x03, 0xFF,
    0x51, 0x12, 0x03, 0xFF, 0x51, 0x12, 0x03, 0xFF, 0x51, 0x12, 0x03, 0xFF, 0x51, 0x12, 0x03, 0xFF,
    0x51, 0x12, 0x03, 0xFF, 0x51, 0x12, 0x03, 0xFF, 0x51, 0x12, 0x03, 0xFF, 0x52, 0x13, 0x03, 0xFF,
    0x53, 0x13, 0x03, 0xFF, 0x53, 0x13, 0x03, 0xFF, 0x53, 0x13, 0x03, 0xFF, 0x53, 0x13, 0x03, 0xFF,
    0x53, 0x13, 0x03, 0xFF, 0x53, 0x13, 0x03, 0xFF, 0x53, 0x13, 0x03, 0xFF, 0x53, 0x12, 0x03, 0xFF,
    0x52, 0x12, 0x03, 0xFF, 0x52, 0x13, 0x03, 0xFF, 0x52, 0x13, 0x03, 0xFF, 0x52, 0x13, 0x03, 0xFF,
};
unsigned char theater_floor_png[] = {
    0x09, 0x33, 0x33, 0x36, 0x72, 0x22, 0x22, 0x22, 0x53, 0x33, 0x33, 0x36, 0x72, 0x22, 0x22, 0x22,
    0x44, 0x00, 0x55, 0x53, 0x11, 0x17, 0x77, 0x72, 0x00, 0x00, 0x55, 0x53, 0x11, 0x17, 0x7D, 0x82,
    0x44, 0x00, 0x55, 0x53, 0x11, 0x11, 0x77, 0x72, 0x00, 0x00, 0x55, 0x53, 0x11, 0x11, 0x7D, 0x82,
    0x44, 0xA0, 0x05, 0x53, 0x16, 0x11, 0x17, 0x72, 0x00, 0x00, 0x05, 0x53, 0x16, 0x11, 0x1D, 0x82,
    0x44, 0xA0, 0x00, 0x53, 0x16, 0x61, 0x11, 0x72, 0x00, 0x00, 0x00, 0x53, 0x16, 0x61, 0x17, 0x82,
    0x44, 0xA0, 0x00, 0x03, 0x16, 0x66, 0x11, 0x12, 0x00, 0x00, 0x00, 0x03, 0x16, 0x66, 0x17, 0x82,
    0x44, 0xA0, 0x00, 0x03, 0x16, 0x66, 0x61, 0x12, 0x00, 0x00, 0x00, 0x03, 0x16, 0x66, 0x61, 0x82,
    0x44, 0x00, 0x00, 0x0F, 0x11, 0x11, 0x11, 0x1D, 0x00, 0x00, 0x00, 0x0F, 0x11, 0x11, 0x11, 0xD2,
    0x61, 0xD2, 0x22, 0x22, 0x53, 0x33, 0x33, 0x36, 0x72, 0x22, 0x22, 0x22, 0x53, 0x33, 0x33, 0x6D,
    0xE9, 0x67, 0x77, 0x72, 0x00, 0x00, 0x55, 0x53, 0x11, 0x17, 0x77, 0x72, 0x00, 0x00, 0x53, 0x7D,
    0xE9, 0x61, 0x77, 0x72, 0x00, 0x00, 0x55, 0x53, 0x11, 0x11, 0x77, 0x72, 0x00, 0x00, 0x53, 0x7D,
    0xE9, 0x61, 0x17, 0x72, 0x00, 0x00, 0x05, 0x53, 0x16, 0x11, 0x17, 0x72, 0x00, 0x00, 0x0C, 0x7D,
    0xE9, 0xB6, 0x11, 0x72, 0x00, 0x00, 0x00, 0x53, 0x16, 0x61, 0x11, 0x72, 0x00, 0x00, 0x0C, 0x7D,
    0xE9, 0xB6, 0x11, 0x12, 0x00, 0x00, 0x00, 0x03, 0x16, 0x66, 0x11, 0x12, 0x00, 0x00, 0x09, 0x1D,
    0xE9, 0xB6, 0x61, 0x12, 0x00, 0x00, 0x00, 0x03, 0x16, 0x66, 0x61, 0x12, 0x00, 0x00, 0x05, 0x1D,
    0xEE, 0x11, 0x11, 0x1D, 0x00, 0x00, 0x00, 0x0F, 0x11, 0x11, 0x11, 0x1D, 0x00, 0x00, 0x00, 0x97,
};
unsigned short theater_floor_pal[] = {0xE5D7, 0x9BC9, 0x7285, 0xBCCF, 0xEE9F, 0xDD93, 0xA40D, 0x9345, 0x6203, 0xC515, 0xE61B, 0xAC4F, 0xCD11, 0x8309, 0xB4D5, 0xD555};
unsigned char ui_no_controller_png[] = {
    0x00, 0x00, 0x00, 0x00, 0x00, 0x00, 0x00, 0x00, 0x00, 0x00, 0x00, 0x00, 0x00, 0x00, 0x00, 0x00,
    0x00, 0x00, 0x00, 0x00, 0x00, 0x00, 0x00, 0x00, 0x00, 0x00, 0x00, 0x00, 0x00, 0x00, 0x00, 0x00,
    0x00, 0x00, 0x00, 0x00, 0x00, 0x00, 0x00, 0x00, 0x00, 0x00, 0x00, 0x00, 0x00, 0x00, 0x00, 0x00,
    0x00, 0x00, 0x00, 0x00, 0x00, 0x00, 0x00, 0x00, 0x00, 0x00, 0x00, 0x00, 0x00, 0x00, 0x00, 0x00,
    0x00, 0x00, 0x00, 0x00, 0x00, 0x00, 0x00, 0x00, 0x00, 0x00, 0x00, 0x00, 0x00, 0x00, 0x00, 0x00,
    0x00, 0x00, 0x00, 0x00, 0x00, 0x00, 0x00, 0x00, 0x00, 0x00, 0x00, 0x00, 0x00, 0x00, 0x00, 0x00,
    0x00, 0x00, 0x00, 0x00, 0x00, 0x00, 0x00, 0x00, 0x00, 0x00, 0x00, 0x00, 0x00, 0x00, 0x00, 0x00,
    0x00, 0x00, 0x00, 0x00, 0x00, 0x00, 0x00, 0x00, 0x00, 0x00, 0x00, 0x00, 0x00, 0x00, 0x00, 0x00,
    0x00, 0x00, 0x00, 0x00, 0x00, 0x00, 0x00, 0x00, 0x00, 0x00, 0x00, 0x00, 0x00, 0x00, 0x00, 0x00,
    0x00, 0x00, 0x00, 0x00, 0x00, 0x00, 0x00, 0x00, 0x00, 0x00, 0x00, 0x00, 0x00, 0x00, 0x00, 0x00,
    0x00, 0x00, 0x00, 0x00, 0x00, 0x00, 0x00, 0x00, 0x00, 0x00, 0x00, 0x00, 0x00, 0x00, 0x00, 0x00,
    0x00, 0x00, 0x00, 0x00, 0x00, 0x00, 0x00, 0x00, 0x00, 0x00, 0x00, 0x00, 0x00, 0x00, 0x00, 0x00,
    0x00, 0x00, 0x00, 0x00, 0x00, 0x00, 0x00, 0x00, 0x00, 0x00, 0x00, 0x00, 0x00, 0x00, 0x00, 0x00,
    0x00, 0x00, 0x00, 0x00, 0x00, 0x00, 0x00, 0x00, 0x00, 0x00, 0x00, 0x00, 0x00, 0x00, 0x00, 0x00,
    0x00, 0x00, 0x00, 0x00, 0x00, 0x00, 0x00, 0x00, 0x00, 0x00, 0x00, 0x00, 0x00, 0x00, 0x00, 0x00,
    0x00, 0x00, 0x00, 0x00, 0x00, 0x00, 0x00, 0x00, 0x00, 0x00, 0x00, 0x00, 0x00, 0x00, 0x00, 0x00,
    0x00, 0x00, 0x00, 0x00, 0x00, 0x00, 0x00, 0x00, 0x00, 0x00, 0x00, 0x00, 0x00, 0x00, 0x00, 0x00,
    0x00, 0x00, 0x00, 0x00, 0x00, 0x00, 0x00, 0x00, 0x00, 0x00, 0x00, 0x00, 0x00, 0x00, 0x00, 0x00,
    0x00, 0x00, 0x00, 0x00, 0x00, 0x00, 0x00, 0x00, 0x00, 0x00, 0x00, 0x00, 0x00, 0x00, 0x00, 0x00,
    0x00, 0x00, 0x00, 0x00, 0x00, 0x00, 0x00, 0x00, 0x00, 0x00, 0x00, 0x00, 0x00, 0x00, 0x00, 0x00,
    0x00, 0x00, 0x00, 0x00, 0x00, 0x00, 0x00, 0x00, 0x00, 0x00, 0x00, 0x00, 0x00, 0x00, 0x00, 0x00,
    0x00, 0x00, 0x00, 0x00, 0x00, 0x00, 0x00, 0x00, 0x00, 0x00, 0x00, 0x00, 0x00, 0x00, 0x00, 0x00,
    0x00, 0x00, 0x00, 0x00, 0x00, 0x00, 0x00, 0x00, 0x00, 0x00, 0x00, 0x00, 0x00, 0x00, 0x00, 0x00,
    0x00, 0x00, 0x00, 0x00, 0x00, 0x00, 0x00, 0x00, 0x00, 0x00, 0x00, 0x00, 0x00, 0x00, 0x00, 0x00,
    0x00, 0x00, 0x00, 0x00, 0x00, 0x00, 0x00, 0x00, 0x00, 0x00, 0x00, 0x00, 0x00, 0x00, 0x00, 0x00,
    0x00, 0x00, 0x00, 0x00, 0x00, 0x00, 0x00, 0x00, 0x00, 0x00, 0x00, 0x00, 0x00, 0x00, 0x00, 0x00,
    0x00, 0x00, 0x00, 0x00, 0x00, 0x00, 0x00, 0x00, 0x00, 0x00, 0x00, 0x00, 0x00, 0x00, 0x00, 0x00,
    0x00, 0x00, 0x00, 0x00, 0x00, 0x00, 0x00, 0x00, 0x00, 0x00, 0x00, 0x00, 0x00, 0x00, 0x00, 0x00,
    0x00, 0x00, 0x00, 0x00, 0x00, 0x00, 0x00, 0x00, 0x00, 0x00, 0x00, 0x00, 0x00, 0x00, 0x00, 0x00,
    0x00, 0x00, 0x00, 0x00, 0x00, 0x00, 0x00, 0x00, 0x00, 0x00, 0x00, 0x00, 0x00, 0x00, 0x00, 0x00,
    0x00, 0x00, 0x00, 0x00, 0x00, 0x00, 0x00, 0x00, 0x00, 0x00, 0x00, 0x00, 0x00, 0x00, 0x00, 0x00,
    0x00, 0x00, 0x00, 0x00, 0x00, 0x00, 0x00, 0x00, 0x00, 0x00, 0x00, 0x00, 0x00, 0x00, 0x00, 0x00,
    0x00, 0x00, 0x00, 0x00, 0x00, 0x00, 0x00, 0x00, 0x00, 0x00, 0x00, 0x00, 0x00, 0x00, 0x00, 0x00,
    0x00, 0x00, 0x00, 0x00, 0x00, 0x00, 0x00, 0x00, 0x00, 0x00, 0x00, 0x00, 0x00, 0x00, 0x00, 0x00,
    0x00, 0x00, 0x00, 0x00, 0x00, 0x00, 0x00, 0x00, 0x00, 0x00, 0x00, 0x00, 0x00, 0x00, 0x00, 0x00,
    0x00, 0x00, 0x00, 0x00, 0x00, 0x00, 0x00, 0x00, 0x00, 0x00, 0x00, 0x00, 0x00, 0x00, 0x00, 0x00,
    0x00, 0x00, 0x00, 0x00, 0x00, 0x00, 0x00, 0x00, 0x00, 0x00, 0x00, 0x00, 0x00, 0x00, 0x00, 0x00,
    0x00, 0x00, 0x00, 0x00, 0x00, 0x00, 0x00, 0x00, 0x00, 0x00, 0x00, 0x00, 0x00, 0x00, 0x00, 0x00,
    0x00, 0x00, 0x00, 0x00, 0x00, 0x00, 0x00, 0x00, 0x00, 0x00, 0x00, 0x00, 0x00, 0x00, 0x00, 0x00,
    0x00, 0x00, 0x00, 0x00, 0x00, 0x00, 0x00, 0x00, 0x00, 0x00, 0x00, 0x00, 0x00, 0x00, 0x00, 0x00,
    0x00, 0x00, 0x00, 0x00, 0x00, 0x00, 0x00, 0x00, 0x00, 0x00, 0x00, 0x00, 0x00, 0x00, 0x00, 0x00,
    0x00, 0x00, 0x00, 0x00, 0x00, 0x00, 0x00, 0x00, 0x00, 0x00, 0x00, 0x00, 0x00, 0x00, 0x00, 0x00,
    0x00, 0x00, 0x00, 0x00, 0x00, 0x00, 0x00, 0x00, 0x00, 0x00, 0x00, 0x00, 0x00, 0x00, 0x00, 0x00,
    0x00, 0x00, 0x00, 0x00, 0x00, 0x00, 0x00, 0x00, 0x00, 0x00, 0x00, 0x00, 0x00, 0x00, 0x00, 0x00,
    0x00, 0x00, 0x00, 0x00, 0x00, 0x00, 0x00, 0x00, 0x00, 0x00, 0x00, 0x00, 0x00, 0x00, 0x00, 0x00,
    0x00, 0x00, 0x00, 0x00, 0x00, 0x00, 0x00, 0x00, 0x00, 0x00, 0x00, 0x00, 0x00, 0x00, 0x00, 0x00,
    0x00, 0x00, 0x00, 0x00, 0x00, 0x00, 0x00, 0x00, 0x00, 0x00, 0x00, 0x00, 0x00, 0x00, 0x00, 0x00,
    0x00, 0x00, 0x00, 0x00, 0x00, 0x00, 0x00, 0x00, 0x00, 0x00, 0x00, 0x00, 0x00, 0x00, 0x00, 0x00,
    0x00, 0x00, 0x00, 0x00, 0x00, 0x00, 0x00, 0x00, 0x00, 0x03, 0x04, 0x04, 0x04, 0x01, 0x00, 0x00,
    0x00, 0x00, 0x00, 0x00, 0x00, 0x00, 0x00, 0x00, 0x00, 0x00, 0x00, 0x00, 0x00, 0x00, 0x00, 0x08,
    0x0B, 0x0B, 0x0B, 0x0B, 0x03, 0x00, 0x00, 0x00, 0x00, 0x00, 0x00, 0x00, 0x00, 0x00, 0x00, 0x00,
    0x00, 0x02, 0x00, 0x00, 0x00, 0x00, 0x00, 0x0B, 0x0B, 0x0B, 0x0F, 0x0F, 0x0F, 0x0F, 0x0F, 0x0F,
    0x0F, 0x0F, 0x0F, 0x0F, 0x0F, 0x0F, 0x0A, 0x00, 0x04, 0x08, 0x0B, 0x0E, 0x08, 0x00, 0x00, 0x00,
    0x00, 0x00, 0x00, 0x00, 0x00, 0x00, 0x00, 0x00, 0x00, 0x00, 0x00, 0x00, 0x00, 0x00, 0x00, 0x00,
    0x00, 0x00, 0x00, 0x00, 0x00, 0x00, 0x00, 0x00, 0x00, 0x00, 0x00, 0x00, 0x00, 0x00, 0x00, 0x00,
    0x00, 0x00, 0x04, 0x06, 0x08, 0x0A, 0x00, 0x00, 0x00, 0x00, 0x04, 0x08, 0x03, 0x00, 0x00, 0x00,
    0x00, 0x00, 0x01, 0x08, 0x08, 0x00, 0x00, 0x00, 0x00, 0x0B, 0x2F, 0x3F, 0x1F, 0x08, 0x00, 0x00,
    0x07, 0x08, 0x08, 0x08, 0x08, 0x05, 0x00, 0x00, 0x00, 0x00, 0x00, 0x00, 0x00, 0x00, 0x09, 0x2F,
    0xBF, 0xBF, 0xBF, 0x7F, 0x0E, 0x03, 0x00, 0x00, 0x02, 0x08, 0x08, 0x08, 0x08, 0x08, 0x01, 0x02,
    0x09, 0x0F, 0x0C, 0x01, 0x00, 0x00, 0x00, 0x0F, 0xBF, 0xBF, 0x2F, 0xBF, 0xFF, 0xFF, 0xFF, 0xFF,
    0xFF, 0xFF, 0xFF, 0xEF, 0x0F, 0x0F, 0x0E, 0x0F, 0x2F, 0x5F, 0x8F, 0xCF, 0x0F, 0x07, 0x00, 0x00,
    0x00, 0x00, 0x07, 0x08, 0x08, 0x08, 0x08, 0x03, 0x00, 0x02, 0x0B, 0x0B, 0x0B, 0x0B, 0x08, 0x00,
    0x00, 0x00, 0x04, 0x0F, 0x0F, 0x0F, 0x0F, 0x0A, 0x02, 0x04, 0x04, 0x04, 0x04, 0x04, 0x07, 0x09,
    0x0C, 0x0F, 0x1F, 0x3F, 0x6F, 0x0F, 0x05, 0x08, 0x0B, 0x0F, 0x2F, 0x4F, 0x0E, 0x03, 0x00, 0x00,
    0x00, 0x08, 0x0E, 0x3F, 0x2F, 0x0B, 0x01, 0x00, 0x00, 0x0B, 0xBF, 0xFF, 0x6F, 0x08, 0x00, 0x09,
    0x2F, 0x6F, 0x6F, 0x6F, 0x6F, 0x0F, 0x06, 0x00, 0x00, 0x00, 0x00, 0x00, 0x00, 0x09, 0x2F, 0xEF,
    0xFF, 0xFF, 0xFF, 0xFF, 0x8F, 0x0E, 0x03, 0x01, 0x0C, 0x3F, 0x6F, 0x6F, 0x6F, 0x3F, 0x0D, 0x0F,
    0x4F, 0xDF, 0x4F, 0x0D, 0x03, 0x00, 0x00, 0x0F, 0xFF, 0xFF, 0x3F, 0xBF, 0xFF, 0xFF, 0xFF, 0xFF,
    0xFF, 0xFF, 0xFF, 0x0F, 0x9F, 0xFF, 0xFF, 0xEF, 0xFF, 0xFF, 0xFF, 0xFF, 0xCF, 0x0F, 0x06, 0x00,
    0x00, 0x08, 0x2F, 0x6F, 0x6F, 0x6F, 0x5F, 0x0E, 0x03, 0x07, 0x3F, 0xBF, 0xBF, 0x7F, 0x0B, 0x00,
    0x00, 0x00, 0x08, 0x5F, 0xFF, 0xFF, 0x9F, 0x0B, 0x0A, 0x1F, 0x3F, 0x3F, 0x3F, 0x3F, 0x4F, 0x7F,
    0xBF, 0xEF, 0xFF, 0x8F, 0x2F, 0x0F, 0x3F, 0x6F, 0x9F, 0xEF, 0xFF, 0xFF, 0x7F, 0x0E, 0x01, 0x00,
    0x00, 0x1F, 0xBF, 0xFF, 0xEF, 0x3F, 0x0C, 0x01, 0x00, 0x0B, 0xBF, 0xFF, 0x6F, 0x08, 0x06, 0x0F,
    0xCF, 0xFF, 0xFF, 0xFF, 0xFF, 0xCF, 0x0F, 0x06, 0x00, 0x00, 0x00, 0x00, 0x09, 0x2F, 0xEF, 0xFF,
    0xFF, 0xFF, 0xFF, 0xFF, 0xFF, 0x8F, 0x0E, 0x0C, 0x4F, 0xFF, 0xFF, 0xFF, 0xFF, 0xFF, 0x3F, 0x6F,
    0xFF, 0xFF, 0xFF, 0x5F, 0x0E, 0x03, 0x00, 0x0F, 0xFF, 0xFF, 0x3F, 0xBF, 0xFF, 0xFF, 0xFF, 0xFF,
    0xFF, 0xFF, 0xFF, 0x0F, 0xBF, 0xFF, 0xFF, 0xFF, 0x7F, 0x4F, 0xEF, 0xFF, 0xFF, 0x9F, 0x0E, 0x03,
    0x06, 0x0F, 0xCF, 0xFF, 0xFF, 0xFF, 0xFF, 0x8F, 0x0E, 0x0A, 0x6F, 0xFF, 0xFF, 0x7F, 0x0B, 0x00,
    0x00, 0x00, 0x09, 0x7F, 0xFF, 0xFF, 0x6F, 0x0B, 0x08, 0x6F, 0xFF, 0xFF, 0xFF, 0xFF, 0xFF, 0xFF,
    0xFF, 0xFF, 0xFF, 0x3F, 0x7F, 0xFF, 0xFF, 0xFF, 0xFF, 0xCF, 0xFF, 0xFF, 0xFF, 0x4F, 0x0C, 0x01,
    0x00, 0x3F, 0xFF, 0xFF, 0xFF, 0xFF, 0x4F, 0x0C, 0x01, 0x0B, 0xBF, 0xFF, 0x6F, 0x0C, 0x0F, 0xCF,
    0xFF, 0xFF, 0xFF, 0xFF, 0xFF, 0xFF, 0x8F, 0x0F, 0x03, 0x00, 0x00, 0x09, 0x2F, 0xEF, 0xFF, 0xFF,
    0x6F, 0x0F, 0xCF, 0xFF, 0xFF, 0x8F, 0x0F, 0x3F, 0xFF, 0xFF, 0xFF, 0xFF, 0xFF, 0xFF, 0x6F, 0x6F,
    0xFF, 0xFF, 0xFF, 0xFF, 0x8F, 0x0E, 0x03, 0x0F, 0xFF, 0xFF, 0x3F, 0xBF, 0xFF, 0xFF, 0xFF, 0xFF,
    0xFF, 0x3F, 0x0F, 0x0F, 0x4F, 0xFF, 0xFF, 0xBF, 0x0F, 0x0F, 0x2F, 0xEF, 0xFF, 0xFF, 0x8F, 0x0E,
    0x0F, 0xCF, 0xFF, 0xFF, 0xFF, 0xFF, 0xFF, 0xFF, 0x7F, 0x0F, 0x8F, 0xFF, 0xFF, 0x6F, 0x0B, 0x00,
    0x00, 0x00, 0x0B, 0xBF, 0xFF, 0xFF, 0x6F, 0x0A, 0x08, 0x6F, 0xFF, 0xFF, 0xFF, 0xFF, 0xFF, 0xFF,
    0xFF, 0xFF, 0xFF, 0x3F, 0x9F, 0xFF, 0xFF, 0xDF, 0x0F, 0x0F, 0x8F, 0xFF, 0xFF, 0xFF, 0x3F, 0x0A,
    0x00, 0x3F, 0xFF, 0xFF, 0xFF, 0xFF, 0xFF, 0x4F, 0x0D, 0x0D, 0xBF, 0xFF, 0x6F, 0x0F, 0xCF, 0xFF,
    0xFF, 0xEF, 0x5F, 0x0F, 0x8F, 0xFF, 0xFF, 0x8F, 0x0E, 0x00, 0x09, 0x2F, 0xEF, 0xFF, 0xFF, 0x4F,
    0x0F, 0x0F, 0x0F, 0x8F, 0x8F, 0x0F, 0x2F, 0xEF, 0xFF, 0xFF, 0xCF, 0x3F, 0x2F, 0xEF, 0x6F, 0x3F,
    0xFF, 0xFF, 0xFF, 0xFF, 0xFF, 0x8F, 0x0E, 0x0F, 0xFF, 0xFF, 0x3F, 0x7F, 0x7F, 0x3F, 0x9F, 0xFF,
    0xFF, 0x0F, 0x0F, 0x0F, 0x0F, 0x7F, 0xFF, 0xBF, 0x0F, 0x0F, 0x0F, 0x3F, 0xFF, 0xFF, 0xCF, 0x0F,
    0xBF, 0xFF, 0xFF, 0xFF, 0x6F, 0x2F, 0xCF, 0xFF, 0xFF, 0x4F, 0x3F, 0xFF, 0xFF, 0x6F, 0x08, 0x00,
    0x00, 0x00, 0x0E, 0xDF, 0xFF, 0xFF, 0x6F, 0x08, 0x08, 0x2F, 0xCF, 0xFF, 0xFF, 0xFF, 0xFF, 0xBF,
    0xBF, 0xBF, 0xBF, 0x5F, 0x0F, 0x9F, 0xFF, 0xBF, 0x0F, 0x0F, 0x0F, 0x8F, 0xFF, 0xFF, 0xEF, 0x0F,
    0x00, 0x0F, 0x9F, 0xFF, 0xFF, 0xFF, 0xFF, 0xFF, 0x5F, 0x0F, 0xBF, 0xFF, 0x3F, 0x7F, 0xFF, 0xFF,
    0xFF, 0x0F, 0x0F, 0x0F, 0x0F, 0xFF, 0xFF, 0xBF, 0x0C, 0x00, 0x0F, 0xEF, 0xFF, 0xFF, 0x8F, 0x0F,
    0x0F, 0x0F, 0x0F, 0x0F, 0x0F, 0x1F, 0xEF, 0xFF, 0xFF, 0x9F, 0x0F, 0x0F, 0x0F, 0x3F, 0xEF, 0x1F,
    0xBF, 0xFF, 0xFF, 0xFF, 0xFF, 0xFF, 0x8F, 0x3F, 0xFF, 0xFF, 0x3F, 0x0F, 0x0F, 0x0F, 0x6F, 0xFF,
    0xFF, 0x0F, 0x0C, 0x0B, 0x0F, 0x6F, 0xFF, 0xBF, 0x0F, 0x0F, 0x0F, 0x7F, 0xFF, 0xCF, 0x0F, 0x7F,
    0xFF, 0xFF, 0xEF, 0x1F, 0x0F, 0x0F, 0x1F, 0xFF, 0xFF, 0xBF, 0x3F, 0xFF, 0xFF, 0x5F, 0x08, 0x00,
    0x00, 0x00, 0x0F, 0xFF, 0xFF, 0xFF, 0x3F, 0x08, 0x08, 0x0F, 0x6F, 0xFF, 0xFF, 0xFF, 0xDF, 0x3F,
    0x1F, 0x0F, 0x0F, 0x0F, 0x0F, 0x6F, 0xFF, 0xBF, 0x0F, 0x0F, 0x0F, 0x3F, 0xFF, 0xFF, 0x4F, 0x0F,
    0x00, 0x0F, 0x0F, 0xFF, 0xFF, 0xFF, 0xFF, 0xFF, 0xFF, 0xCF, 0xFF, 0xFF, 0x3F, 0xBF, 0xFF, 0xFF,
    0xFF, 0x0F, 0x0F, 0x0F, 0x0F, 0xFF, 0xFF, 0xBF, 0x0E, 0x02, 0x0F, 0xFF, 0xFF, 0xFF, 0x6F, 0x0F,
    0x0F, 0x0F, 0x0F, 0x0F, 0x0F, 0x3F, 0xFF, 0xFF, 0xFF, 0x6F, 0x0F, 0x0F, 0x0F, 0x3F, 0xFF, 0x3F,
    0xBF, 0xFF, 0xFF, 0xFF, 0xFF, 0xFF, 0xFF, 0xFF, 0xFF, 0xFF, 0x3F, 0x0F, 0x0F, 0x0F, 0x8F, 0xFF,
    0xFF, 0x1F, 0x03, 0x00, 0x0F, 0x9F, 0xFF, 0xBF, 0x0F, 0x0F, 0x5F, 0xFF, 0xEF, 0x2F, 0x0F, 0xBF,
    0xFF, 0xFF, 0xBF, 0x0F, 0x0F, 0x0F, 0x0F, 0xFF, 0xFF, 0xBF, 0x3F, 0xFF, 0xFF, 0x3F, 0x08, 0x00,
    0x00, 0x04, 0x2F, 0xFF, 0xFF, 0xFF, 0x3F, 0x08, 0x05, 0x0F, 0x6F, 0xFF, 0xFF, 0xFF, 0xFF, 0xFF,
    0xFF, 0xFF, 0x3F, 0x0F, 0x0F, 0x6F, 0xFF, 0xBF, 0x0F, 0x0F, 0x0F, 0xCF, 0xFF, 0x7F, 0x0F, 0x0F,
    0x00, 0x0A, 0x0F, 0xFF, 0xFF, 0x8F, 0xFF, 0xFF, 0xFF, 0xFF, 0xFF, 0xFF, 0x3F, 0xBF, 0xFF, 0xFF,
    0xFF, 0x0F, 0x0F, 0x0F, 0x0F, 0xFF, 0xFF, 0xBF, 0x0B, 0x04, 0x3F, 0xFF, 0xFF, 0xFF, 0x7F, 0x0F,
    0x0F, 0x0F, 0x0F, 0x2F, 0x0F, 0x3F, 0xFF, 0xFF, 0xFF, 0x6F, 0x0F, 0x0F, 0x0F, 0x3F, 0xFF, 0x3F,
    0xBF, 0xFF, 0xCF, 0x2F, 0xFF, 0xFF, 0xFF, 0xFF, 0xFF, 0xFF, 0x3F, 0x09, 0x05, 0x0C, 0xBF, 0xFF,
    0xFF, 0x3F, 0x04, 0x00, 0x0F, 0xBF, 0xFF, 0xEF, 0xBF, 0xEF, 0xFF, 0xEF, 0x2F, 0x0F, 0x0F, 0xBF,
    0xFF, 0xFF, 0xBF, 0x0F, 0x0F, 0x0F, 0x0F, 0xFF, 0xFF, 0xBF, 0x3F, 0xFF, 0xFF, 0x3F, 0x07, 0x00,
    0x00, 0x06, 0x3F, 0xFF, 0xFF, 0xFF, 0x3F, 0x05, 0x00, 0x08, 0x6F, 0xFF, 0xFF, 0xFF, 0xFF, 0xFF,
    0xFF, 0xFF, 0x0F, 0x0F, 0x0F, 0x8F, 0xFF, 0xDF, 0x3F, 0x5F, 0xCF, 0xFF, 0x8F, 0x0F, 0x0F, 0x09,
    0x00, 0x08, 0x0F, 0xFF, 0xFF, 0x0F, 0x6F, 0xFF, 0xFF, 0xFF, 0xFF, 0xFF, 0x3F, 0xBF, 0xFF, 0xFF,
    0xFF, 0x2F, 0x0F, 0x0F, 0x8F, 0xFF, 0xFF, 0xBF, 0x0B, 0x04, 0x3F, 0xFF, 0xFF, 0xFF, 0xEF, 0x1F,
    0x0F, 0x0F, 0x9F, 0xFF, 0x3F, 0x3F, 0xFF, 0xFF, 0xFF, 0x9F, 0x0F, 0x0F, 0x2F, 0xCF, 0xFF, 0x3F,
    0xBF, 0xFF, 0xBF, 0x0F, 0x6F, 0xFF, 0xFF, 0xFF, 0xFF, 0xFF, 0x3F, 0x04, 0x00, 0x0B, 0xBF, 0xFF,
    0xFF, 0x3F, 0x04, 0x00, 0x0F, 0xBF, 0xFF, 0xFF, 0xFF, 0xFF, 0xFF, 0x4F, 0x0F, 0x0F, 0x0F, 0xBF,
    0xFF, 0xFF, 0xEF, 0x0F, 0x0F, 0x0F, 0x8F, 0xFF, 0xFF, 0xBF, 0x3F, 0xFF, 0xFF, 0x3F, 0x04, 0x04,
    0x04, 0x09, 0x4F, 0xBF, 0xCF, 0xFF, 0x1F, 0x09, 0x08, 0x0B, 0x3F, 0x6F, 0x6F, 0x7F, 0xFF, 0xFF,
    0xFF, 0xFF, 0x0F, 0x0F, 0x0F, 0xBF, 0xFF, 0xFF, 0xFF, 0xFF, 0xFF, 0xCF, 0x0F, 0x0F, 0x09, 0x00,
    0x00, 0x08, 0x0F, 0xFF, 0xFF, 0x0F, 0x0F, 0xDF, 0xFF, 0xFF, 0xFF, 0xFF, 0x3F, 0x7F, 0xFF, 0xFF,
    0xFF, 0xCF, 0x3F, 0xCF, 0xFF, 0xFF, 0xFF, 0xBF, 0x0B, 0x04, 0x3F, 0xFF, 0xFF, 0xFF, 0xFF, 0xCF,
    0x3F, 0xDF, 0xFF, 0xFF, 0xCF, 0x0F, 0xDF, 0xFF, 0xFF, 0xFF, 0x7F, 0x4F, 0xEF, 0xFF, 0xFF, 0x3F,
    0xBF, 0xFF, 0xBF, 0x0F, 0x0F, 0xCF, 0xFF, 0xFF, 0xFF, 0xFF, 0x3F, 0x04, 0x00, 0x0D, 0xCF, 0xFF,
    0xFF, 0x3F, 0x05, 0x00, 0x0F, 0xBF, 0xFF, 0xFF, 0x8F, 0xEF, 0xFF, 0x2F, 0x0F, 0x0F, 0x0F, 0x9F,
    0xFF, 0xFF, 0xFF, 0x9F, 0x2F, 0xBF, 0xFF, 0xFF, 0xFF, 0x6F, 0x5F, 0xFF, 0xFF, 0x2F, 0x0F, 0x3F,
    0x3F, 0x3F, 0x3F, 0x2F, 0x2F, 0xFF, 0x7F, 0x6F, 0x6F, 0x6F, 0x6F, 0x6F, 0x3F, 0x3F, 0x6F, 0x1F,
    0x0F, 0x0F, 0x0F, 0x0F, 0x0F, 0xBF, 0xFF, 0xFF, 0xFF, 0xFF, 0xFF, 0x0F, 0x0F, 0x0C, 0x01, 0x00,
    0x00, 0x08, 0x0F, 0xFF, 0xFF, 0x0F, 0x0F, 0x3F, 0xFF, 0xFF, 0xFF, 0xFF, 0x6F, 0x0F, 0x9F, 0xFF,
    0xFF, 0xFF, 0xFF, 0xFF, 0xFF, 0xFF, 0xDF, 0x2F, 0x0B, 0x04, 0x1F, 0xEF, 0xFF, 0xFF, 0xFF, 0xFF,
    0xFF, 0xFF, 0xFF, 0xFF, 0xFF, 0x5F, 0x2F, 0xEF, 0xFF, 0xFF, 0xFF, 0xFF, 0xFF, 0xFF, 0xFF, 0x3F,
    0xBF, 0xFF, 0xBF, 0x0F, 0x0F, 0x3F, 0xFF, 0xFF, 0xFF, 0xFF, 0x2F, 0x04, 0x00, 0x0F, 0xFF, 0xFF,
    0xFF, 0x6F, 0x08, 0x00, 0x0F, 0xFF, 0xFF, 0x9F, 0x0F, 0x5F, 0xFF, 0xFF, 0x9F, 0x3F, 0x0F, 0x0F,
    0xCF, 0xFF, 0xFF, 0xFF, 0xFF, 0xFF, 0xFF, 0xFF, 0xEF, 0x2F, 0x7F, 0xFF, 0xFF, 0xFF, 0xFF, 0xFF,
    0xFF, 0xFF, 0xFF, 0x5F, 0x5F, 0xFF, 0xFF, 0xFF, 0xFF, 0xFF, 0xFF, 0xFF, 0x3F, 0x7F, 0xDF, 0xBF,
    0xBF, 0xBF, 0xBF, 0xBF, 0x0F, 0xBF, 0xFF, 0xEF, 0x2F, 0x9F, 0xFF, 0xBF, 0x3F, 0x0E, 0x08, 0x01,
    0x00, 0x08, 0x0F, 0xFF, 0xFF, 0x0F, 0x0E, 0x0F, 0x7F, 0xFF, 0xFF, 0xEF, 0x2F, 0x0F, 0x0F, 0xCF,
    0xFF, 0xFF, 0xFF, 0xFF, 0xFF, 0xCF, 0x0F, 0x0F, 0x0B, 0x04, 0x0F, 0x2F, 0xEF, 0xFF, 0xFF, 0xFF,
    0xFF, 0xFF, 0xFF, 0xFF, 0xFF, 0x8F, 0x0F, 0x3F, 0xFF, 0xFF, 0xFF, 0xFF, 0xFF, 0xFF, 0x8F, 0x0F,
    0xBF, 0xFF, 0xBF, 0x0C, 0x0D, 0x0F, 0x7F, 0xFF, 0xFF, 0x4F, 0x0F, 0x04, 0x00, 0x0F, 0xFF, 0xFF,
    0xFF, 0x6F, 0x08, 0x00, 0x0F, 0xFF, 0xFF, 0x7F, 0x0F, 0x0F, 0xCF, 0xFF, 0xFF, 0xFF, 0xBF, 0x0F,
    0x2F, 0xEF, 0xFF, 0xFF, 0xFF, 0xFF, 0xFF, 0xCF, 0x1F, 0x4F, 0xFF, 0xFF, 0xFF, 0xFF, 0xFF, 0xFF,
    0xFF, 0xFF, 0xFF, 0x1F, 0xBF, 0xFF, 0xFF, 0xFF, 0xFF, 0xFF, 0xFF, 0xFF, 0x0F, 0xDF, 0xFF, 0xFF,
    0xFF, 0xFF, 0xFF, 0xFF, 0x0F, 0xEF, 0xFF, 0x8F, 0x0F, 0x0F, 0xEF, 0xFF, 0xFF, 0xBF, 0x4F, 0x0E,
    0x00, 0x08, 0x0F, 0xFF, 0xFF, 0x0F, 0x05, 0x0F, 0x0F, 0xEF, 0xEF, 0x2F, 0x0F, 0x0F, 0x0F, 0x0F,
    0xEF, 0xFF, 0xFF, 0xFF, 0xCF, 0x0F, 0x0F, 0x0E, 0x05, 0x03, 0x0F, 0x0F, 0x2F, 0xEF, 0xFF, 0xFF,
    0xFF, 0xFF, 0xFF, 0xFF, 0x8F, 0x0F, 0x0F, 0x0F, 0x4F, 0xFF, 0xFF, 0xFF, 0xFF, 0x5F, 0x0F, 0x0F,
    0xBF, 0xFF, 0xBF, 0x0B, 0x04, 0x0F, 0x0F, 0xCF, 0x3F, 0x0F, 0x0F, 0x03, 0x00, 0x0F, 0xFF, 0xFF,
    0xFF, 0x6F, 0x08, 0x00, 0x0F, 0xFF, 0xFF, 0xBF, 0x0F, 0x0F, 0x3F, 0xFF, 0xFF, 0xFF, 0xFF, 0x0F,
    0x0F, 0x2F, 0xFF, 0xFF, 0xFF, 0xFF, 0xCF, 0x0F, 0x0F, 0xFF, 0xFF, 0xFF, 0xFF, 0xFF, 0xFF, 0xFF,
    0xFF, 0xFF, 0xDF, 0x0F, 0xFF, 0xFF, 0xFF, 0xFF, 0xFF, 0xFF, 0xFF, 0x9F, 0x1F, 0xFF, 0xFF, 0xFF,
    0xFF, 0xFF, 0xFF, 0xFF, 0x0F, 0xFF, 0xFF, 0xBF, 0x0F, 0x0F, 0x5F, 0xFF, 0xFF, 0xFF, 0xFF, 0x0F,
    0x00, 0x08, 0x0F, 0xFF, 0xFF, 0x0F, 0x00, 0x0A, 0x0F, 0x3F, 0x0F, 0x0F, 0x0F, 0x06, 0x0E, 0x0F,
    0x0F, 0x0F, 0x0F, 0x0F, 0x0F, 0x0F, 0x0E, 0x03, 0x00, 0x00, 0x06, 0x0F, 0x0F, 0x2F, 0xEF, 0xFF,
    0xDF, 0xBF, 0xBF, 0x7F, 0x0F, 0x0F, 0x0B, 0x0F, 0x0F, 0x0F, 0x0F, 0x0F, 0x0F, 0x0F, 0x0F, 0x0F,
    0x4F, 0x6F, 0x4F, 0x0B, 0x00, 0x0A, 0x0F, 0x0F, 0x0F, 0x0F, 0x09, 0x00, 0x04, 0x0F, 0x6F, 0x6F,
    0x6F, 0x3F, 0x0B, 0x03, 0x0F, 0x6F, 0x6F, 0x4F, 0x0B, 0x0D, 0x0F, 0x6F, 0xBF, 0xBF, 0xBF, 0x0F,
    0x0F, 0x0F, 0x2F, 0x3F, 0x3F, 0x3F, 0x0F, 0x0F, 0x0F, 0x3F, 0x6F, 0xBF, 0xDF, 0xFF, 0xFF, 0xFF,
    0xFF, 0xFF, 0x7F, 0x0F, 0x4F, 0x7F, 0xBF, 0xEF, 0xFF, 0xFF, 0xFF, 0x5F, 0x5F, 0xFF, 0xCF, 0xBF,
    0xBF, 0xBF, 0xBF, 0xBF, 0x0F, 0xFF, 0xFF, 0xBF, 0x0E, 0x0E, 0x0F, 0xCF, 0xFF, 0xFF, 0xFF, 0x0F,
    0x00, 0x08, 0x0F, 0x0F, 0x0F, 0x0F, 0x00, 0x01, 0x0E, 0x0F, 0x0F, 0x0F, 0x06, 0x00, 0x03, 0x0E,
    0x0F, 0x0F, 0x0F, 0x0F, 0x0F, 0x0E, 0x03, 0x00, 0x00, 0x00, 0x00, 0x06, 0x0F, 0x0F, 0x0F, 0x0F,
    0x0F, 0x0F, 0x0F, 0x0F, 0x0F, 0x09, 0x00, 0x09, 0x0F, 0x0F, 0x0F, 0x0F, 0x0F, 0x0F, 0x09, 0x0C,
    0x0F, 0x0F, 0x0F, 0x0B, 0x00, 0x01, 0x0E, 0x0F, 0x0F, 0x08, 0x00, 0x00, 0x03, 0x0F, 0x0F, 0x0F,
    0x0F, 0x0F, 0x09, 0x01, 0x0F, 0x0F, 0x0F, 0x0F, 0x0B, 0x04, 0x0F, 0x0F, 0x0F, 0x0F, 0x0F, 0x0F,
    0x0D, 0x0F, 0x0F, 0x0F, 0x0F, 0x0F, 0x0F, 0x0F, 0x0F, 0x0F, 0x0F, 0x0F, 0x0F, 0x0F, 0x3F, 0x6F,
    0x8F, 0xCF, 0x3F, 0x0F, 0x0F, 0x0F, 0x0F, 0x0F, 0x1F, 0x3F, 0x6F, 0x1F, 0x0F, 0x0F, 0x0F, 0x0F,
    0x0F, 0x0F, 0x0F, 0x0F, 0x0F, 0x0F, 0x0F, 0x0F, 0x0E, 0x08, 0x0F, 0x1F, 0x3F, 0x3F, 0x3F, 0x0F,
    0x00, 0x08, 0x0F, 0x0F, 0x0F, 0x0F, 0x00, 0x00, 0x07, 0x0F, 0x0E, 0x04, 0x00, 0x00, 0x00, 0x05,
    0x0B, 0x0B, 0x0B, 0x0B, 0x0A, 0x03, 0x00, 0x00, 0x00, 0x00, 0x00, 0x00, 0x06, 0x0F, 0x0F, 0x0F,
    0x0F, 0x0F, 0x0F, 0x0F, 0x09, 0x00, 0x00, 0x00, 0x08, 0x0B, 0x0B, 0x0B, 0x0B, 0x08, 0x00, 0x0B,
    0x0F, 0x0F, 0x0F, 0x0B, 0x00, 0x00, 0x05, 0x0F, 0x06, 0x00, 0x00, 0x00, 0x03, 0x0F, 0x0F, 0x0F,
    0x0F, 0x0F, 0x0A, 0x03, 0x0F, 0x0F, 0x0F, 0x0F, 0x0B, 0x00, 0x0A, 0x0F, 0x0F, 0x0F, 0x0F, 0x0F,
    0x00, 0x08, 0x0B, 0x0B, 0x0B, 0x0B, 0x0E, 0x0F, 0x0F, 0x0F, 0x0F, 0x0F, 0x0F, 0x0F, 0x0F, 0x0F,
    0x0F, 0x0F, 0x0F, 0x0F, 0x0F, 0x0F, 0x0F, 0x0F, 0x0F, 0x0F, 0x0F, 0x0F, 0x0F, 0x0F, 0x0F, 0x0F,
    0x0F, 0x0F, 0x0F, 0x0F, 0x0F, 0x0F, 0x0F, 0x0F, 0x0D, 0x00, 0x0D, 0x0F, 0x0F, 0x0F, 0x0F, 0x0F,
    0x00, 0x03, 0x0B, 0x0B, 0x0B, 0x0A, 0x00, 0x00, 0x00, 0x08, 0x03, 0x00, 0x00, 0x00, 0x00, 0x00,
    0x00, 0x00, 0x00, 0x00, 0x00, 0x00, 0x00, 0x00, 0x00, 0x00, 0x00, 0x00, 0x00, 0x05, 0x08, 0x08,
    0x08, 0x08, 0x08, 0x07, 0x00, 0x00, 0x00, 0x00, 0x00, 0x00, 0x00, 0x00, 0x00, 0x00, 0x00, 0x02,
    0x04, 0x04, 0x04, 0x02, 0x00, 0x00, 0x00, 0x01, 0x00, 0x00, 0x00, 0x00, 0x00, 0x03, 0x04, 0x04,
    0x04, 0x04, 0x01, 0x00, 0x03, 0x04, 0x04, 0x04, 0x02, 0x00, 0x01, 0x08, 0x08, 0x08, 0x08, 0x07,
    0x00, 0x00, 0x00, 0x00, 0x00, 0x00, 0x00, 0x00, 0x00, 0x00, 0x04, 0x07, 0x09, 0x0B, 0x0F, 0x0F,
    0x0F, 0x0F, 0x0F, 0x04, 0x01, 0x04, 0x08, 0x0A, 0x0C, 0x0F, 0x0F, 0x0F, 0x08, 0x08, 0x08, 0x08,
    0x08, 0x08, 0x08, 0x08, 0x0A, 0x0B, 0x0B, 0x0B, 0x08, 0x00, 0x04, 0x0B, 0x0B, 0x0B, 0x0B, 0x0B,
    0x00, 0x00, 0x00, 0x00, 0x00, 0x00, 0x00, 0x00, 0x00, 0x00, 0x00, 0x00, 0x00, 0x00, 0x00, 0x00,
    0x00, 0x00, 0x00, 0x00, 0x00, 0x00, 0x00, 0x00, 0x00, 0x00, 0x00, 0x00, 0x00, 0x00, 0x00, 0x00,
    0x00, 0x00, 0x00, 0x00, 0x00, 0x00, 0x00, 0x00, 0x00, 0x00, 0x00, 0x00, 0x00, 0x00, 0x00, 0x00,
    0x00, 0x00, 0x00, 0x00, 0x00, 0x00, 0x00, 0x00, 0x00, 0x00, 0x00, 0x00, 0x00, 0x00, 0x00, 0x00,
    0x00, 0x00, 0x00, 0x00, 0x00, 0x00, 0x00, 0x00, 0x00, 0x00, 0x00, 0x00, 0x00, 0x00, 0x00, 0x00,
    0x00, 0x00, 0x00, 0x00, 0x00, 0x00, 0x00, 0x00, 0x00, 0x00, 0x00, 0x00, 0x00, 0x00, 0x00, 0x03,
    0x06, 0x08, 0x0A, 0x00, 0x00, 0x00, 0x00, 0x00, 0x00, 0x00, 0x04, 0x03, 0x00, 0x00, 0x00, 0x00,
    0x00, 0x00, 0x00, 0x00, 0x00, 0x00, 0x00, 0x00, 0x00, 0x00, 0x00, 0x00, 0x00, 0x00, 0x00, 0x00,
    0x00, 0x00, 0x00, 0x00, 0x00, 0x00, 0x00, 0x00, 0x00, 0x00, 0x00, 0x00, 0x00, 0x00, 0x00, 0x00,
    0x00, 0x00, 0x00, 0x00, 0x00, 0x00, 0x00, 0x00, 0x00, 0x00, 0x00, 0x00, 0x00, 0x00, 0x00, 0x00,
    0x00, 0x00, 0x00, 0x00, 0x00, 0x00, 0x00, 0x00, 0x00, 0x00, 0x00, 0x00, 0x00, 0x00, 0x00, 0x00,
    0x00, 0x00, 0x00, 0x00, 0x00, 0x00, 0x00, 0x00, 0x00, 0x00, 0x00, 0x00, 0x00, 0x00, 0x00, 0x00,
    0x00, 0x00, 0x00, 0x00, 0x00, 0x00, 0x00, 0x00, 0x00, 0x00, 0x00, 0x00, 0x00, 0x00, 0x00, 0x00,
    0x00, 0x00, 0x00, 0x00, 0x00, 0x00, 0x00, 0x00, 0x00, 0x00, 0x00, 0x00, 0x00, 0x00, 0x00, 0x00,
    0x00, 0x00, 0x00, 0x00, 0x00, 0x00, 0x00, 0x00, 0x00, 0x00, 0x00, 0x00, 0x00, 0x00, 0x00, 0x00,
    0x00, 0x00, 0x00, 0x00, 0x00, 0x00, 0x00, 0x00, 0x00, 0x00, 0x00, 0x00, 0x00, 0x00, 0x00, 0x00,
    0x00, 0x00, 0x00, 0x00, 0x00, 0x00, 0x00, 0x00, 0x00, 0x00, 0x00, 0x00, 0x00, 0x00, 0x00, 0x00,
    0x00, 0x00, 0x00, 0x00, 0x00, 0x00, 0x00, 0x00, 0x00, 0x00, 0x00, 0x00, 0x00, 0x00, 0x00, 0x00,
    0x00, 0x00, 0x00, 0x00, 0x00, 0x00, 0x00, 0x00, 0x00, 0x00, 0x00, 0x00, 0x00, 0x00, 0x00, 0x00,
    0x00, 0x00, 0x00, 0x00, 0x00, 0x00, 0x00, 0x00, 0x00, 0x00, 0x00, 0x00, 0x00, 0x00, 0x00, 0x00,
    0x00, 0x00, 0x00, 0x00, 0x00, 0x00, 0x00, 0x00, 0x00, 0x00, 0x00, 0x00, 0x00, 0x00, 0x00, 0x00,
    0x00, 0x00, 0x00, 0x00, 0x00, 0x00, 0x00, 0x00, 0x00, 0x00, 0x00, 0x00, 0x00, 0x00, 0x00, 0x00,
    0x00, 0x00, 0x00, 0x00, 0x00, 0x00, 0x00, 0x00, 0x00, 0x00, 0x00, 0x00, 0x00, 0x00, 0x00, 0x00,
    0x00, 0x00, 0x00, 0x00, 0x00, 0x00, 0x00, 0x00, 0x00, 0x00, 0x00, 0x00, 0x00, 0x00, 0x00, 0x00,
    0x00, 0x00, 0x00, 0x00, 0x00, 0x00, 0x00, 0x00, 0x00, 0x00, 0x00, 0x00, 0x00, 0x00, 0x00, 0x00,
    0x00, 0x00, 0x00, 0x00, 0x00, 0x00, 0x00, 0x00, 0x00, 0x00, 0x00, 0x00, 0x00, 0x00, 0x00, 0x00,
    0x00, 0x00, 0x00, 0x00, 0x00, 0x00, 0x00, 0x00, 0x00, 0x00, 0x00, 0x00, 0x00, 0x00, 0x00, 0x00,
    0x00, 0x00, 0x00, 0x00, 0x00, 0x00, 0x00, 0x00, 0x00, 0x00, 0x00, 0x00, 0x00, 0x00, 0x00, 0x00,
    0x00, 0x00, 0x00, 0x00, 0x00, 0x00, 0x00, 0x00, 0x00, 0x00, 0x00, 0x00, 0x00, 0x00, 0x00, 0x00,
    0x00, 0x00, 0x00, 0x00, 0x00, 0x00, 0x00, 0x00, 0x00, 0x00, 0x00, 0x00, 0x00, 0x00, 0x00, 0x00,
    0x00, 0x00, 0x00, 0x00, 0x00, 0x00, 0x00, 0x00, 0x00, 0x00, 0x00, 0x00, 0x00, 0x00, 0x00, 0x00,
    0x00, 0x00, 0x00, 0x00, 0x00, 0x00, 0x00, 0x00, 0x00, 0x00, 0x00, 0x00, 0x00, 0x00, 0x00, 0x00,
    0x00, 0x00, 0x00, 0x00, 0x00, 0x00, 0x00, 0x00, 0x00, 0x00, 0x00, 0x00, 0x00, 0x00, 0x00, 0x00,
    0x00, 0x00, 0x00, 0x00, 0x00, 0x00, 0x00, 0x00, 0x00, 0x00, 0x00, 0x00, 0x00, 0x00, 0x00, 0x00,
    0x00, 0x00, 0x00, 0x00, 0x00, 0x00, 0x00, 0x00, 0x00, 0x00, 0x00, 0x00, 0x00, 0x00, 0x00, 0x00,
    0x00, 0x00, 0x00, 0x00, 0x00, 0x00, 0x00, 0x00, 0x00, 0x00, 0x00, 0x00, 0x00, 0x00, 0x00, 0x00,
    0x00, 0x00, 0x00, 0x00, 0x00, 0x00, 0x00, 0x00, 0x00, 0x00, 0x00, 0x00, 0x00, 0x00, 0x00, 0x00,
    0x00, 0x00, 0x00, 0x00, 0x00, 0x00, 0x00, 0x00, 0x00, 0x00, 0x00, 0x00, 0x00, 0x00, 0x00, 0x00,
    0x00, 0x00, 0x00, 0x00, 0x00, 0x00, 0x00, 0x00, 0x00, 0x00, 0x00, 0x00, 0x00, 0x00, 0x00, 0x00,
    0x00, 0x00, 0x00, 0x00, 0x00, 0x00, 0x00, 0x00, 0x00, 0x00, 0x00, 0x00, 0x00, 0x00, 0x00, 0x00,
    0x00, 0x00, 0x00, 0x00, 0x00, 0x00, 0x00, 0x00, 0x00, 0x00, 0x00, 0x00, 0x00, 0x00, 0x00, 0x00,
    0x00, 0x00, 0x00, 0x00, 0x00, 0x00, 0x00, 0x00, 0x00, 0x00, 0x00, 0x00, 0x00, 0x00, 0x00, 0x00,
    0x00, 0x00, 0x00, 0x00, 0x00, 0x00, 0x00, 0x00, 0x00, 0x00, 0x00, 0x00, 0x00, 0x00, 0x00, 0x00,
    0x00, 0x00, 0x00, 0x00, 0x00, 0x00, 0x00, 0x00, 0x00, 0x00, 0x00, 0x00, 0x00, 0x00, 0x00, 0x00,
    0x00, 0x00, 0x00, 0x00, 0x00, 0x00, 0x00, 0x00, 0x00, 0x00, 0x00, 0x00, 0x00, 0x00, 0x00, 0x00,
    0x00, 0x00, 0x00, 0x00, 0x00, 0x00, 0x00, 0x00, 0x00, 0x00, 0x00, 0x00, 0x00, 0x00, 0x00, 0x00,
    0x00, 0x00, 0x00, 0x00, 0x00, 0x00, 0x00, 0x00, 0x00, 0x00, 0x00, 0x00, 0x00, 0x00, 0x00, 0x00,
    0x00, 0x00, 0x00, 0x00, 0x00, 0x00, 0x00, 0x00, 0x00, 0x00, 0x00, 0x00, 0x00, 0x00, 0x00, 0x00,
    0x00, 0x00, 0x00, 0x00, 0x00, 0x00, 0x00, 0x00, 0x00, 0x00, 0x00, 0x00, 0x00, 0x00, 0x00, 0x00,
    0x00, 0x00, 0x00, 0x00, 0x00, 0x00, 0x00, 0x00, 0x00, 0x00, 0x00, 0x00, 0x00, 0x00, 0x00, 0x00,
    0x00, 0x00, 0x00, 0x00, 0x00, 0x00, 0x00, 0x00, 0x00, 0x00, 0x00, 0x00, 0x00, 0x00, 0x00, 0x00,
    0x00, 0x00, 0x00, 0x00, 0x00, 0x00, 0x00, 0x00, 0x00, 0x00, 0x00, 0x00, 0x00, 0x00, 0x00, 0x00,
    0x00, 0x00, 0x00, 0x00, 0x00, 0x00, 0x00, 0x00, 0x00, 0x00, 0x00, 0x00, 0x00, 0x00, 0x00, 0x00,
    0x00, 0x00, 0x00, 0x00, 0x00, 0x00, 0x00, 0x00, 0x00, 0x00, 0x00, 0x00, 0x00, 0x00, 0x00, 0x00,
    0x00, 0x00, 0x00, 0x00, 0x00, 0x00, 0x00, 0x00, 0x00, 0x00, 0x00, 0x00, 0x00, 0x00, 0x00, 0x00,
    0x00, 0x00, 0x00, 0x00, 0x00, 0x00, 0x00, 0x00, 0x00, 0x00, 0x00, 0x00, 0x00, 0x00, 0x00, 0x00,
    0x00, 0x00, 0x00, 0x00, 0x00, 0x00, 0x00, 0x00, 0x00, 0x00, 0x00, 0x00, 0x00, 0x00, 0x00, 0x00,
    0x00, 0x00, 0x00, 0x00, 0x00, 0x00, 0x00, 0x00, 0x00, 0x00, 0x00, 0x00, 0x00, 0x00, 0x00, 0x00,
    0x00, 0x00, 0x00, 0x00, 0x00, 0x00, 0x00, 0x00, 0x00, 0x00, 0x00, 0x00, 0x00, 0x00, 0x00, 0x00,
    0x00, 0x00, 0x00, 0x00, 0x00, 0x00, 0x00, 0x00, 0x00, 0x00, 0x00, 0x00, 0x00, 0x00, 0x00, 0x00,
    0x00, 0x00, 0x00, 0x00, 0x00, 0x00, 0x00, 0x00, 0x00, 0x00, 0x00, 0x00, 0x00, 0x00, 0x00, 0x00,
    0x00, 0x00, 0x00, 0x00, 0x00, 0x00, 0x00, 0x00, 0x00, 0x00, 0x00, 0x00, 0x00, 0x00, 0x00, 0x00,
    0x00, 0x00, 0x00, 0x00, 0x00, 0x00, 0x00, 0x00, 0x00, 0x00, 0x00, 0x00, 0x00, 0x00, 0x00, 0x00,
    0x00, 0x00, 0x00, 0x00, 0x00, 0x00, 0x00, 0x00, 0x00, 0x00, 0x00, 0x00, 0x00, 0x00, 0x00, 0x00,
};
unsigned char ui_box_corners9_png[] = {
    0x80, 0x80, 0x80, 0x80, 0x80, 0x80, 0x80, 0x80, 0x80, 0x80, 0x80, 0x80, 0x80, 0x80, 0x80, 0x80,
    0x80, 0x80, 0x80, 0x80, 0x80, 0x80, 0x80, 0x80, 0x80, 0x80, 0x80, 0x80, 0x80, 0x80, 0x80, 0x80,
    0x80, 0x80, 0x80, 0x80, 0x80, 0x80, 0x80, 0x80, 0x80, 0x80, 0x80, 0x80, 0x80, 0x80, 0x80, 0x80,
    0x80, 0x80, 0x80, 0x80, 0x80, 0x80, 0x80, 0x80, 0x80, 0x80, 0x80, 0x80, 0x80, 0x80, 0x80, 0x80,
    0x80, 0x80, 0x80, 0x80, 0x70, 0x70, 0x70, 0x70, 0x70, 0x70, 0x70, 0x83, 0x96, 0xAB, 0xCE, 0xCE,
    0x80, 0x80, 0x80, 0x80, 0x70, 0x70, 0x70, 0x70, 0x70, 0x83, 0xA9, 0xDF, 0xDF, 0xCF, 0xBF, 0xBF,
    0x80, 0x80, 0x80, 0x80, 0x70, 0x70, 0x70, 0x70, 0x86, 0xCE, 0xDF, 0xBF, 0xAF, 0x9F, 0x8F, 0x8F,
    0x80, 0x80, 0x80, 0x80, 0x70, 0x70, 0x70, 0x97, 0xDF, 0xCF, 0xAF, 0x8F, 0x8F, 0x7F, 0x7F, 0x7F,
    0x80, 0x80, 0x80, 0x80, 0x70, 0x70, 0x86, 0xDF, 0xBF, 0x9F, 0x8F, 0x8F, 0x7F, 0x8F, 0x8F, 0x8F,
    0x80, 0x80, 0x80, 0x80, 0x70, 0x73, 0xCE, 0xCF, 0x9F, 0x8F, 0x8F, 0x8F, 0x8F, 0x8F, 0x8F, 0x8F,
    0x80, 0x80, 0x80, 0x80, 0x70, 0x99, 0xCF, 0xAF, 0x8F, 0x8F, 0x8F, 0x8F, 0x8F, 0x8F, 0x8F, 0x8F,
    0x80, 0x80, 0x80, 0x80, 0x72, 0xBF, 0xBF, 0x8F, 0x8F, 0x8F, 0x8F, 0x8F, 0x8F, 0x8F, 0x8F, 0x8F,
    0x80, 0x80, 0x80, 0x80, 0x86, 0xBF, 0x9F, 0x8F, 0x8F, 0x8F, 0x8F, 0x8F, 0x8F, 0x8F, 0x8F, 0x8F,
    0x80, 0x80, 0x80, 0x80, 0x9B, 0xBF, 0x9F, 0x7F, 0x8F, 0x8F, 0x8F, 0x8F, 0x8F, 0x8F, 0x8F, 0x8F,
    0x80, 0x80, 0x80, 0x80, 0xAE, 0xAF, 0x8F, 0x7F, 0x8F, 0x8F, 0x8F, 0x8F, 0x8F, 0x8F, 0x8F, 0x8F,
    0x80, 0x80, 0x80, 0x80, 0xAF, 0x9F, 0x8F, 0x7F, 0x8F, 0x8F, 0x8F, 0x8F, 0x8F, 0x8F, 0x8F, 0x8F,
    0x80, 0x80, 0x80, 0x80, 0x80, 0x80, 0x80, 0x80, 0x80, 0x80, 0x80, 0x80, 0x80, 0x80, 0x80, 0x80,
    0x80, 0x80, 0x80, 0x80, 0x80, 0x80, 0x80, 0x80, 0x80, 0x80, 0x80, 0x80, 0x80, 0x80, 0x80, 0x80,
    0x80, 0x80, 0x80, 0x80, 0x80, 0x80, 0x80, 0x80, 0x80, 0x80, 0x80, 0x80, 0x80, 0x80, 0x80, 0x80,
    0x80, 0x80, 0x80, 0x80, 0x80, 0x80, 0x80, 0x80, 0x80, 0x80, 0x80, 0x80, 0x80, 0x80, 0x80, 0x80,
    0xCE, 0xBE, 0xAB, 0x87, 0x73, 0x70, 0x70, 0x70, 0x70, 0x70, 0x70, 0x70, 0x80, 0x80, 0x80, 0x80,
    0xAF, 0xAF, 0xBF, 0xBF, 0xBF, 0x9A, 0x73, 0x70, 0x70, 0x70, 0x70, 0x70, 0x80, 0x80, 0x80, 0x80,
    0x8F, 0x8F, 0x8F, 0x9F, 0x9F, 0xAF, 0x9E, 0x87, 0x70, 0x70, 0x70, 0x70, 0x80, 0x80, 0x80, 0x80,
    0x7F, 0x7F, 0x8F, 0x8F, 0x8F, 0x8F, 0x9F, 0x9F, 0x89, 0x70, 0x70, 0x70, 0x80, 0x80, 0x80, 0x80,
    0x8F, 0x8F, 0x8F, 0x8F, 0x8F, 0x8F, 0x8F, 0x8F, 0x8F, 0x77, 0x70, 0x70, 0x80, 0x80, 0x80, 0x80,
    0x8F, 0x8F, 0x8F, 0x8F, 0x8F, 0x7F, 0x8F, 0x8F, 0x8F, 0x7E, 0x74, 0x70, 0x80, 0x80, 0x80, 0x80,
    0x8F, 0x8F, 0x8F, 0x8F, 0x8F, 0x8F, 0x7F, 0x8F, 0x8F, 0x7F, 0x6B, 0x71, 0x80, 0x80, 0x80, 0x80,
    0x8F, 0x8F, 0x8F, 0x8F, 0x8F, 0x8F, 0x8F, 0x8F, 0x8F, 0x7F, 0x5F, 0x74, 0x80, 0x80, 0x80, 0x80,
    0x8F, 0x8F, 0x8F, 0x8F, 0x8F, 0x8F, 0x8F, 0x8F, 0x8F, 0x7F, 0x5F, 0x68, 0x80, 0x80, 0x80, 0x80,
    0x8F, 0x8F, 0x8F, 0x8F, 0x8F, 0x8F, 0x8F, 0x8F, 0x8F, 0x7F, 0x5F, 0x5C, 0x80, 0x80, 0x80, 0x80,
    0x8F, 0x8F, 0x8F, 0x8F, 0x8F, 0x8F, 0x8F, 0x8F, 0x8F, 0x7F, 0x6F, 0x4E, 0x80, 0x80, 0x80, 0x80,
    0x8F, 0x8F, 0x8F, 0x8F, 0x8F, 0x8F, 0x8F, 0x8F, 0x8F, 0x7F, 0x5F, 0x3E, 0x80, 0x80, 0x80, 0x80,
    0x80, 0x80, 0x80, 0x80, 0x9F, 0x9F, 0x8F, 0x7F, 0x8F, 0x8F, 0x8F, 0x8F, 0x8F, 0x8F, 0x8F, 0x8F,
    0x80, 0x80, 0x80, 0x80, 0x9E, 0x9F, 0x8F, 0x7F, 0x8F, 0x8F, 0x8F, 0x8F, 0x8F, 0x8F, 0x8F, 0x8F,
    0x80, 0x80, 0x80, 0x80, 0x8B, 0x8F, 0x8F, 0x7F, 0x8F, 0x8F, 0x8F, 0x8F, 0x8F, 0x8F, 0x8F, 0x8F,
    0x80, 0x80, 0x80, 0x80, 0x77, 0x8F, 0x8F, 0x7F, 0x7F, 0x8F, 0x8F, 0x8F, 0x8F, 0x8F, 0x8F, 0x8F,
    0x80, 0x80, 0x80, 0x80, 0x73, 0x7F, 0x7F, 0x7F, 0x7F, 0x8F, 0x8F, 0x8F, 0x8F, 0x8F, 0x8F, 0x8F,
    0x80, 0x80, 0x80, 0x80, 0x70, 0x7A, 0x7F, 0x7F, 0x7F, 0x8F, 0x8F, 0x8F, 0x8F, 0x8F, 0x8F, 0x8F,
    0x80, 0x80, 0x80, 0x80, 0x70, 0x73, 0x6E, 0x6F, 0x7F, 0x7F, 0x7F, 0x8F, 0x8F, 0x8F, 0x8F, 0x8F,
    0x80, 0x80, 0x80, 0x80, 0x70, 0x70, 0x77, 0x5F, 0x6F, 0x7F, 0x7F, 0x8F, 0x8F, 0x8F, 0x8F, 0x8F,
    0x80, 0x80, 0x80, 0x80, 0x70, 0x70, 0x70, 0x69, 0x4F, 0x5F, 0x7F, 0x7F, 0x8F, 0x8F, 0x8F, 0x8F,
    0x80, 0x80, 0x80, 0x80, 0x70, 0x70, 0x70, 0x70, 0x67, 0x4E, 0x4F, 0x5F, 0x6F, 0x7F, 0x7F, 0x7F,
    0x80, 0x80, 0x80, 0x80, 0x70, 0x70, 0x70, 0x70, 0x70, 0x74, 0x5B, 0x2F, 0x3F, 0x3F, 0x4F, 0x4F,
    0x80, 0x80, 0x80, 0x80, 0x70, 0x70, 0x70, 0x70, 0x70, 0x70, 0x71, 0x75, 0x58, 0x3C, 0x1E, 0x1E,
    0x80, 0x80, 0x80, 0x80, 0x80, 0x80, 0x80, 0x80, 0x80, 0x80, 0x80, 0x80, 0x80, 0x80, 0x80, 0x80,
    0x80, 0x80, 0x80, 0x80, 0x80, 0x80, 0x80, 0x80, 0x80, 0x80, 0x80, 0x80, 0x80, 0x80, 0x80, 0x80,
    0x80, 0x80, 0x80, 0x80, 0x80, 0x80, 0x80, 0x80, 0x80, 0x80, 0x80, 0x80, 0x80, 0x80, 0x80, 0x80,
    0x80, 0x80, 0x80, 0x80, 0x80, 0x80, 0x80, 0x80, 0x80, 0x80, 0x80, 0x80, 0x80, 0x80, 0x80, 0x80,
    0x8F, 0x8F, 0x8F, 0x8F, 0x8F, 0x8F, 0x8F, 0x8F, 0x8F, 0x7F, 0x5F, 0x3E, 0x80, 0x80, 0x80, 0x80,
    0x8F, 0x8F, 0x8F, 0x8F, 0x8F, 0x8F, 0x8F, 0x8F, 0x8F, 0x7F, 0x5F, 0x3E, 0x80, 0x80, 0x80, 0x80,
    0x8F, 0x8F, 0x8F, 0x8F, 0x8F, 0x8F, 0x8F, 0x8F, 0x8F, 0x7F, 0x4F, 0x2E, 0x80, 0x80, 0x80, 0x80,
    0x8F, 0x8F, 0x8F, 0x8F, 0x8F, 0x8F, 0x8F, 0x8F, 0x8F, 0x6F, 0x2F, 0x59, 0x80, 0x80, 0x80, 0x80,
    0x8F, 0x8F, 0x8F, 0x8F, 0x8F, 0x8F, 0x8F, 0x8F, 0x7F, 0x5F, 0x1F, 0x65, 0x80, 0x80, 0x80, 0x80,
    0x8F, 0x8F, 0x8F, 0x8F, 0x8F, 0x8F, 0x8F, 0x7F, 0x6F, 0x2F, 0x3C, 0x71, 0x80, 0x80, 0x80, 0x80,
    0x8F, 0x8F, 0x8F, 0x8F, 0x8F, 0x8F, 0x7F, 0x6F, 0x3F, 0x1F, 0x65, 0x70, 0x80, 0x80, 0x80, 0x80,
    0x8F, 0x8F, 0x8F, 0x8F, 0x8F, 0x7F, 0x6F, 0x4F, 0x1F, 0x59, 0x70, 0x70, 0x80, 0x80, 0x80, 0x80,
    0x8F, 0x8F, 0x8F, 0x8F, 0x7F, 0x6F, 0x3F, 0x1F, 0x4A, 0x71, 0x70, 0x70, 0x80, 0x80, 0x80, 0x80,
    0x7F, 0x7F, 0x7F, 0x6F, 0x4F, 0x2F, 0x1F, 0x59, 0x71, 0x70, 0x70, 0x70, 0x80, 0x80, 0x80, 0x80,
    0x4F, 0x3F, 0x3F, 0x1F, 0x1F, 0x3C, 0x65, 0x70, 0x70, 0x70, 0x70, 0x70, 0x80, 0x80, 0x80, 0x80,
    0x1E, 0x1E, 0x2D, 0x59, 0x65, 0x71, 0x70, 0x70, 0x70, 0x70, 0x70, 0x70, 0x80, 0x80, 0x80, 0x80,
    0x80, 0x80, 0x80, 0x80, 0x80, 0x80, 0x80, 0x80, 0x80, 0x80, 0x80, 0x80, 0x80, 0x80, 0x80, 0x80,
    0x80, 0x80, 0x80, 0x80, 0x80, 0x80, 0x80, 0x80, 0x80, 0x80, 0x80, 0x80, 0x80, 0x80, 0x80, 0x80,
    0x80, 0x80, 0x80, 0x80, 0x80, 0x80, 0x80, 0x80, 0x80, 0x80, 0x80, 0x80, 0x80, 0x80, 0x80, 0x80,
    0x80, 0x80, 0x80, 0x80, 0x80, 0x80, 0x80, 0x80, 0x80, 0x80, 0x80, 0x80, 0x80, 0x80, 0x80, 0x80,
};
unsigned char ui_box_corners8_png[] = {
    0x70, 0x70, 0x70, 0x70, 0x70, 0x70, 0x70, 0x70, 0x70, 0x70, 0x70, 0x70, 0x70, 0x70, 0x70, 0x70,
    0x70, 0x70, 0x70, 0x70, 0x70, 0x70, 0x70, 0x70, 0x70, 0x70, 0x70, 0x70, 0x70, 0x70, 0x70, 0x70,
    0x70, 0x70, 0x70, 0x70, 0x70, 0x70, 0x70, 0x70, 0x70, 0x70, 0x70, 0x70, 0x70, 0x70, 0x70, 0x70,
    0x70, 0x70, 0x70, 0x70, 0x70, 0x70, 0x70, 0x70, 0x70, 0x70, 0x70, 0x70, 0x70, 0x70, 0x70, 0x70,
    0x70, 0x70, 0x70, 0x70, 0x70, 0x70, 0x70, 0x70, 0x70, 0x70, 0x70, 0x70, 0x70, 0x70, 0x70, 0x70,
    0x70, 0x70, 0x70, 0x70, 0x70, 0x70, 0x70, 0x70, 0x70, 0x70, 0x70, 0x70, 0x70, 0x70, 0x70, 0x70,
    0x70, 0x70, 0x70, 0x70, 0x70, 0x70, 0x70, 0x70, 0x70, 0x70, 0x70, 0x70, 0x70, 0x70, 0x70, 0x70,
    0x70, 0x70, 0x70, 0x70, 0x70, 0x70, 0x70, 0x70, 0x70, 0x70, 0x70, 0x70, 0x70, 0x70, 0x70, 0x70,
    0x70, 0x70, 0x70, 0x70, 0x70, 0x70, 0x70, 0x70, 0x70, 0x70, 0x70, 0x70, 0x70, 0x70, 0x70, 0x70,
    0x70, 0x70, 0x70, 0x70, 0x70, 0x70, 0x70, 0x70, 0x70, 0x70, 0x70, 0x70, 0x70, 0x70, 0x70, 0x70,
    0x70, 0x70, 0x70, 0x70, 0x70, 0x70, 0x70, 0x70, 0x70, 0x70, 0x70, 0x70, 0x70, 0x70, 0x70, 0x70,
    0x70, 0x70, 0x70, 0x70, 0x70, 0x70, 0x70, 0x70, 0x70, 0x70, 0x70, 0x70, 0x70, 0x70, 0x70, 0x70,
    0x70, 0x70, 0x70, 0x70, 0x70, 0x70, 0x70, 0x70, 0x70, 0x70, 0x70, 0x70, 0x70, 0x70, 0x70, 0x70,
    0x70, 0x70, 0x70, 0x95, 0xB9, 0xCD, 0xDF, 0xDF, 0x70, 0x70, 0x70, 0x70, 0x70, 0x70, 0x70, 0x70,
    0x70, 0x70, 0x70, 0x70, 0x70, 0x70, 0x70, 0x70, 0x82, 0xB9, 0xDF, 0xDF, 0xDF, 0xCF, 0xCF, 0xCF,
    0x70, 0x70, 0x70, 0x70, 0x70, 0x70, 0x70, 0x70, 0x70, 0x70, 0x70, 0x70, 0x70, 0x70, 0x81, 0xB8,
    0xEF, 0xDF, 0xCF, 0xCF, 0xBF, 0xAF, 0xAF, 0x9F, 0x70, 0x70, 0x70, 0x70, 0x70, 0x70, 0x70, 0x70,
    0x70, 0x70, 0x70, 0x70, 0x70, 0x93, 0xCC, 0xDF, 0xCF, 0xBF, 0xAF, 0x9F, 0x9F, 0x8F, 0x8F, 0x8F,
    0x70, 0x70, 0x70, 0x70, 0x70, 0x70, 0x70, 0x70, 0x70, 0x70, 0x70, 0x70, 0x95, 0xDD, 0xDF, 0xCF,
    0xAF, 0x9F, 0x8F, 0x8F, 0x8F, 0x7F, 0x8F, 0x8F, 0x70, 0x70, 0x70, 0x70, 0x70, 0x70, 0x70, 0x70,
    0x70, 0x70, 0x70, 0x83, 0xCD, 0xDF, 0xBF, 0xAF, 0x8F, 0x8F, 0x8F, 0x8F, 0x8F, 0x8F, 0x8F, 0x8F,
    0x70, 0x70, 0x70, 0x70, 0x70, 0x70, 0x70, 0x70, 0x70, 0x70, 0x81, 0xCC, 0xDF, 0xBF, 0x9F, 0x8F,
    0x8F, 0x8F, 0x8F, 0x8F, 0x8F, 0x8F, 0x8F, 0x8F, 0x70, 0x70, 0x70, 0x70, 0x70, 0x70, 0x70, 0x70,
    0x70, 0x70, 0xA8, 0xDF, 0xBF, 0xAF, 0x8F, 0x8F, 0x8F, 0x8F, 0x8F, 0x8F, 0x8F, 0x8F, 0x8F, 0x8F,
    0x70, 0x70, 0x70, 0x70, 0x70, 0x70, 0x70, 0x70, 0x70, 0x82, 0xCF, 0xCF, 0xAF, 0x8F, 0x8F, 0x8F,
    0x8F, 0x8F, 0x8F, 0x8F, 0x8F, 0x8F, 0x8F, 0x8F, 0x70, 0x70, 0x70, 0x70, 0x70, 0x70, 0x70, 0x70,
    0x70, 0xA9, 0xCF, 0xBF, 0x9F, 0x8F, 0x8F, 0x8F, 0x8F, 0x8F, 0x8F, 0x8F, 0x8F, 0x8F, 0x8F, 0x8F,
    0x70, 0x70, 0x70, 0x70, 0x70, 0x70, 0x70, 0x70, 0x70, 0xCF, 0xBF, 0xAF, 0x8F, 0x8F, 0x8F, 0x8F,
    0x8F, 0x8F, 0x8F, 0x8F, 0x8F, 0x8F, 0x8F, 0x8F, 0x70, 0x70, 0x70, 0x70, 0x70, 0x70, 0x70, 0x70,
    0x95, 0xBF, 0xBF, 0x9F, 0x8F, 0x8F, 0x8F, 0x8F, 0x8F, 0x8F, 0x8F, 0x8F, 0x8F, 0x8F, 0x8F, 0x8F,
    0x70, 0x70, 0x70, 0x70, 0x70, 0x70, 0x70, 0x70, 0xA9, 0xBF, 0xAF, 0x8F, 0x8F, 0x8F, 0x8F, 0x8F,
    0x8F, 0x8F, 0x8F, 0x8F, 0x8F, 0x8F, 0x8F, 0x8F, 0x70, 0x70, 0x70, 0x70, 0x70, 0x70, 0x70, 0x70,
    0xAD, 0xBF, 0x9F, 0x8F, 0x7F, 0x8F, 0x8F, 0x8F, 0x8F, 0x8F, 0x8F, 0x8F, 0x8F, 0x8F, 0x8F, 0x8F,
    0x70, 0x70, 0x70, 0x70, 0x70, 0x70, 0x70, 0x70, 0xAF, 0xAF, 0x9F, 0x8F, 0x8F, 0x8F, 0x8F, 0x8F,
    0x8F, 0x8F, 0x8F, 0x8F, 0x8F, 0x8F, 0x8F, 0x8F, 0x70, 0x70, 0x70, 0x70, 0x70, 0x70, 0x70, 0x70,
    0xAF, 0xAF, 0x9F, 0x8F, 0x8F, 0x8F, 0x8F, 0x8F, 0x8F, 0x8F, 0x8F, 0x8F, 0x8F, 0x8F, 0x8F, 0x8F,
    0x70, 0x70, 0x70, 0x70, 0x70, 0x70, 0x70, 0x70, 0x70, 0x70, 0x70, 0x70, 0x70, 0x70, 0x70, 0x70,
    0x70, 0x70, 0x70, 0x70, 0x70, 0x70, 0x70, 0x70, 0x70, 0x70, 0x70, 0x70, 0x70, 0x70, 0x70, 0x70,
    0x70, 0x70, 0x70, 0x70, 0x70, 0x70, 0x70, 0x70, 0x70, 0x70, 0x70, 0x70, 0x70, 0x70, 0x70, 0x70,
    0x70, 0x70, 0x70, 0x70, 0x70, 0x70, 0x70, 0x70, 0x70, 0x70, 0x70, 0x70, 0x70, 0x70, 0x70, 0x70,
    0x70, 0x70, 0x70, 0x70, 0x70, 0x70, 0x70, 0x70, 0x70, 0x70, 0x70, 0x70, 0x70, 0x70, 0x70, 0x70,
    0x70, 0x70, 0x70, 0x70, 0x70, 0x70, 0x70, 0x70, 0x70, 0x70, 0x70, 0x70, 0x70, 0x70, 0x70, 0x70,
    0x70, 0x70, 0x70, 0x70, 0x70, 0x70, 0x70, 0x70, 0x70, 0x70, 0x70, 0x70, 0x70, 0x70, 0x70, 0x70,
    0x70, 0x70, 0x70, 0x70, 0x70, 0x70, 0x70, 0x70, 0x70, 0x70, 0x70, 0x70, 0x70, 0x70, 0x70, 0x70,
    0x70, 0x70, 0x70, 0x70, 0x70, 0x70, 0x70, 0x70, 0x70, 0x70, 0x70, 0x70, 0x70, 0x70, 0x70, 0x70,
    0x70, 0x70, 0x70, 0x70, 0x70, 0x70, 0x70, 0x70, 0x70, 0x70, 0x70, 0x70, 0x70, 0x70, 0x70, 0x70,
    0x70, 0x70, 0x70, 0x70, 0x70, 0x70, 0x70, 0x70, 0x70, 0x70, 0x70, 0x70, 0x70, 0x70, 0x70, 0x70,
    0x70, 0x70, 0x70, 0x70, 0x70, 0x70, 0x70, 0x70, 0x70, 0x70, 0x70, 0x70, 0x70, 0x70, 0x70, 0x70,
    0xDF, 0xCF, 0xBD, 0xAA, 0x96, 0x70, 0x70, 0x70, 0x70, 0x70, 0x70, 0x70, 0x70, 0x70, 0x70, 0x70,
    0x70, 0x70, 0x70, 0x70, 0x70, 0x70, 0x70, 0x70, 0xBF, 0xBF, 0xBF, 0xBF, 0xBF, 0xBF, 0xAB, 0x83,
    0x70, 0x70, 0x70, 0x70, 0x70, 0x70, 0x70, 0x70, 0x70, 0x70, 0x70, 0x70, 0x70, 0x70, 0x70, 0x70,
    0x9F, 0x9F, 0x9F, 0xAF, 0xAF, 0xAF, 0xAF, 0xAF, 0x99, 0x82, 0x70, 0x70, 0x70, 0x70, 0x70, 0x70,
    0x70, 0x70, 0x70, 0x70, 0x70, 0x70, 0x70, 0x70, 0x8F, 0x8F, 0x8F, 0x8F, 0x8F, 0x9F, 0x9F, 0xAF,
    0x9F, 0x9E, 0x84, 0x70, 0x70, 0x70, 0x70, 0x70, 0x70, 0x70, 0x70, 0x70, 0x70, 0x70, 0x70, 0x70,
    0x8F, 0x8F, 0x8F, 0x8F, 0x8F, 0x8F, 0x8F, 0x9F, 0x9F, 0x9F, 0x8F, 0x86, 0x70, 0x70, 0x70, 0x70,
    0x70, 0x70, 0x70, 0x70, 0x70, 0x70, 0x70, 0x70, 0x8F, 0x8F, 0x8F, 0x8F, 0x8F, 0x8F, 0x8F, 0x8F,
    0x8F, 0x8F, 0x8F, 0x8F, 0x75, 0x70, 0x70, 0x70, 0x70, 0x70, 0x70, 0x70, 0x70, 0x70, 0x70, 0x70,
    0x8F, 0x8F, 0x8F, 0x8F, 0x8F, 0x8F, 0x8F, 0x8F, 0x8F, 0x8F, 0x8F, 0x7F, 0x7D, 0x73, 0x70, 0x70,
    0x70, 0x70, 0x70, 0x70, 0x70, 0x70, 0x70, 0x70, 0x8F, 0x8F, 0x8F, 0x8F, 0x8F, 0x8F, 0x8F, 0x7F,
    0x8F, 0x8F, 0x8F, 0x7F, 0x7F, 0x7A, 0x71, 0x70, 0x70, 0x70, 0x70, 0x70, 0x70, 0x70, 0x70, 0x70,
    0x8F, 0x8F, 0x8F, 0x8F, 0x8F, 0x8F, 0x8F, 0x8F, 0x7F, 0x8F, 0x8F, 0x8F, 0x7F, 0x6F, 0x75, 0x70,
    0x70, 0x70, 0x70, 0x70, 0x70, 0x70, 0x70, 0x70, 0x8F, 0x8F, 0x8F, 0x8F, 0x8F, 0x8F, 0x8F, 0x8F,
    0x8F, 0x8F, 0x8F, 0x8F, 0x7F, 0x6F, 0x6B, 0x71, 0x70, 0x70, 0x70, 0x70, 0x70, 0x70, 0x70, 0x70,
    0x8F, 0x8F, 0x8F, 0x8F, 0x8F, 0x8F, 0x8F, 0x8F, 0x8F, 0x8F, 0x8F, 0x8F, 0x7F, 0x6F, 0x5F, 0x73,
    0x70, 0x70, 0x70, 0x70, 0x70, 0x70, 0x70, 0x70, 0x8F, 0x8F, 0x8F, 0x8F, 0x8F, 0x8F, 0x8F, 0x8F,
    0x8F, 0x8F, 0x7F, 0x8F, 0x7F, 0x6F, 0x5F, 0x68, 0x70, 0x70, 0x70, 0x70, 0x70, 0x70, 0x70, 0x70,
    0x8F, 0x8F, 0x8F, 0x8F, 0x8F, 0x8F, 0x8F, 0x8F, 0x8F, 0x8F, 0x8F, 0x8F, 0x7F, 0x6F, 0x5F, 0x4B,
    0x70, 0x70, 0x70, 0x70, 0x70, 0x70, 0x70, 0x70, 0x8F, 0x8F, 0x8F, 0x8F, 0x8F, 0x8F, 0x8F, 0x8F,
    0x8F, 0x8F, 0x8F, 0x7F, 0x7F, 0x7F, 0x5F, 0x3E, 0x70, 0x70, 0x70, 0x70, 0x70, 0x70, 0x70, 0x70,
    0x8F, 0x8F, 0x8F, 0x8F, 0x8F, 0x8F, 0x8F, 0x8F, 0x8F, 0x8F, 0x8F, 0x8F, 0x8F, 0x7F, 0x4F, 0x3F,
    0x70, 0x70, 0x70, 0x70, 0x70, 0x70, 0x70, 0x70, 0x8F, 0x8F, 0x8F, 0x8F, 0x8F, 0x8F, 0x8F, 0x8F,
    0x8F, 0x8F, 0x8F, 0x8F, 0x7F, 0x6F, 0x4F, 0x2F, 0x70, 0x70, 0x70, 0x70, 0x70, 0x70, 0x70, 0x70,
    0x70, 0x70, 0x70, 0x70, 0x70, 0x70, 0x70, 0x70, 0xAF, 0x9F, 0x8F, 0x8F, 0x8F, 0x8F, 0x8F, 0x8F,
    0x8F, 0x8F, 0x8F, 0x8F, 0x8F, 0x8F, 0x8F, 0x8F, 0x70, 0x70, 0x70, 0x70, 0x70, 0x70, 0x70, 0x70,
    0x9F, 0x9F, 0x8F, 0x7F, 0x8F, 0x8F, 0x8F, 0x8F, 0x8F, 0x8F, 0x8F, 0x8F, 0x8F, 0x8F, 0x8F, 0x8F,
    0x70, 0x70, 0x70, 0x70, 0x70, 0x70, 0x70, 0x70, 0x9D, 0x9F, 0x8F, 0x8F, 0x8F, 0x8F, 0x8F, 0x8F,
    0x8F, 0x8F, 0x8F, 0x8F, 0x8F, 0x8F, 0x8F, 0x8F, 0x70, 0x70, 0x70, 0x70, 0x70, 0x70, 0x70, 0x70,
    0x8A, 0x8F, 0x8F, 0x8F, 0x7F, 0x8F, 0x8F, 0x8F, 0x8F, 0x8F, 0x8F, 0x8F, 0x8F, 0x8F, 0x8F, 0x8F,
    0x70, 0x70, 0x70, 0x70, 0x70, 0x70, 0x70, 0x70, 0x86, 0x8F, 0x8F, 0x8F, 0x7F, 0x7F, 0x8F, 0x8F,
    0x8F, 0x8F, 0x8F, 0x8F, 0x8F, 0x8F, 0x8F, 0x8F, 0x70, 0x70, 0x70, 0x70, 0x70, 0x70, 0x70, 0x70,
    0x70, 0x7F, 0x8F, 0x8F, 0x7F, 0x7F, 0x8F, 0x8F, 0x8F, 0x8F, 0x8F, 0x8F, 0x8F, 0x8F, 0x8F, 0x8F,
    0x70, 0x70, 0x70, 0x70, 0x70, 0x70, 0x70, 0x70, 0x70, 0x7B, 0x7F, 0x7F, 0x7F, 0x7F, 0x7F, 0x8F,
    0x8F, 0x8F, 0x8F, 0x8F, 0x8F, 0x8F, 0x8F, 0x8F, 0x70, 0x70, 0x70, 0x70, 0x70, 0x70, 0x70, 0x70,
    0x70, 0x73, 0x6F, 0x7F, 0x7F, 0x7F, 0x7F, 0x7F, 0x8F, 0x8F, 0x8F, 0x8F, 0x8F, 0x8F, 0x8F, 0x8F,
    0x70, 0x70, 0x70, 0x70, 0x70, 0x70, 0x70, 0x70, 0x70, 0x70, 0x69, 0x6F, 0x7F, 0x7F, 0x7F, 0x7F,
    0x7F, 0x8F, 0x8F, 0x8F, 0x8F, 0x8F, 0x8F, 0x8F, 0x70, 0x70, 0x70, 0x70, 0x70, 0x70, 0x70, 0x70,
    0x70, 0x70, 0x72, 0x5E, 0x6F, 0x6F, 0x7F, 0x7F, 0x7F, 0x7F, 0x8F, 0x8F, 0x8F, 0x8F, 0x8F, 0x8F,
    0x70, 0x70, 0x70, 0x70, 0x70, 0x70, 0x70, 0x70, 0x70, 0x70, 0x70, 0x74, 0x5E, 0x5F, 0x6F, 0x7F,
    0x7F, 0x7F, 0x7F, 0x8F, 0x8F, 0x8F, 0x8F, 0x8F, 0x70, 0x70, 0x70, 0x70, 0x70, 0x70, 0x70, 0x70,
    0x70, 0x70, 0x70, 0x70, 0x66, 0x4E, 0x4F, 0x5F, 0x6F, 0x7F, 0x7F, 0x7F, 0x7F, 0x8F, 0x8F, 0x8F,
    0x70, 0x70, 0x70, 0x70, 0x70, 0x70, 0x70, 0x70, 0x70, 0x70, 0x70, 0x70, 0x70, 0x65, 0x4D, 0x4F,
    0x4F, 0x5F, 0x6F, 0x7F, 0x7F, 0x7F, 0x7F, 0x7F, 0x70, 0x70, 0x70, 0x70, 0x70, 0x70, 0x70, 0x70,
    0x70, 0x70, 0x70, 0x70, 0x70, 0x70, 0x63, 0x4A, 0x2F, 0x3F, 0x4F, 0x4F, 0x5F, 0x5F, 0x6F, 0x6F,
    0x70, 0x70, 0x70, 0x70, 0x70, 0x70, 0x70, 0x70, 0x70, 0x70, 0x70, 0x70, 0x70, 0x70, 0x70, 0x71,
    0x65, 0x3B, 0x1F, 0x2F, 0x2F, 0x2F, 0x2F, 0x2F, 0x70, 0x70, 0x70, 0x70, 0x70, 0x70, 0x70, 0x70,
    0x70, 0x70, 0x70, 0x70, 0x70, 0x70, 0x70, 0x70, 0x70, 0x71, 0x63, 0x48, 0x2B, 0x1E, 0x1F, 0x1F,
    0x70, 0x70, 0x70, 0x70, 0x70, 0x70, 0x70, 0x70, 0x70, 0x70, 0x70, 0x70, 0x70, 0x70, 0x70, 0x70,
    0x70, 0x70, 0x70, 0x70, 0x70, 0x70, 0x70, 0x70, 0x70, 0x70, 0x70, 0x70, 0x70, 0x70, 0x70, 0x70,
    0x70, 0x70, 0x70, 0x70, 0x70, 0x70, 0x70, 0x70, 0x70, 0x70, 0x70, 0x70, 0x70, 0x70, 0x70, 0x70,
    0x70, 0x70, 0x70, 0x70, 0x70, 0x70, 0x70, 0x70, 0x70, 0x70, 0x70, 0x70, 0x70, 0x70, 0x70, 0x70,
    0x70, 0x70, 0x70, 0x70, 0x70, 0x70, 0x70, 0x70, 0x70, 0x70, 0x70, 0x70, 0x70, 0x70, 0x70, 0x70,
    0x70, 0x70, 0x70, 0x70, 0x70, 0x70, 0x70, 0x70, 0x70, 0x70, 0x70, 0x70, 0x70, 0x70, 0x70, 0x70,
    0x70, 0x70, 0x70, 0x70, 0x70, 0x70, 0x70, 0x70, 0x70, 0x70, 0x70, 0x70, 0x70, 0x70, 0x70, 0x70,
    0x70, 0x70, 0x70, 0x70, 0x70, 0x70, 0x70, 0x70, 0x70, 0x70, 0x70, 0x70, 0x70, 0x70, 0x70, 0x70,
    0x70, 0x70, 0x70, 0x70, 0x70, 0x70, 0x70, 0x70, 0x70, 0x70, 0x70, 0x70, 0x70, 0x70, 0x70, 0x70,
    0x70, 0x70, 0x70, 0x70, 0x70, 0x70, 0x70, 0x70, 0x70, 0x70, 0x70, 0x70, 0x70, 0x70, 0x70, 0x70,
    0x70, 0x70, 0x70, 0x70, 0x70, 0x70, 0x70, 0x70, 0x70, 0x70, 0x70, 0x70, 0x70, 0x70, 0x70, 0x70,
    0x70, 0x70, 0x70, 0x70, 0x70, 0x70, 0x70, 0x70, 0x70, 0x70, 0x70, 0x70, 0x70, 0x70, 0x70, 0x70,
    0x8F, 0x8F, 0x8F, 0x8F, 0x8F, 0x8F, 0x8F, 0x8F, 0x8F, 0x8F, 0x8F, 0x8F, 0x7F, 0x6F, 0x4F, 0x2F,
    0x70, 0x70, 0x70, 0x70, 0x70, 0x70, 0x70, 0x70, 0x8F, 0x8F, 0x8F, 0x8F, 0x8F, 0x8F, 0x8F, 0x8F,
    0x8F, 0x8F, 0x8F, 0x8F, 0x7F, 0x6F, 0x4F, 0x2F, 0x70, 0x70, 0x70, 0x70, 0x70, 0x70, 0x70, 0x70,
    0x8F, 0x8F, 0x8F, 0x8F, 0x8F, 0x8F, 0x8F, 0x8F, 0x8F, 0x8F, 0x8F, 0x8F, 0x7F, 0x6F, 0x3F, 0x2F,
    0x70, 0x70, 0x70, 0x70, 0x70, 0x70, 0x70, 0x70, 0x8F, 0x8F, 0x8F, 0x8F, 0x8F, 0x8F, 0x8F, 0x8F,
    0x8F, 0x8F, 0x8F, 0x7F, 0x7F, 0x5F, 0x3F, 0x1F, 0x70, 0x70, 0x70, 0x70, 0x70, 0x70, 0x70, 0x70,
    0x8F, 0x8F, 0x8F, 0x8F, 0x8F, 0x8F, 0x8F, 0x8F, 0x8F, 0x8F, 0x7F, 0x7F, 0x7F, 0x4F, 0x2F, 0x49,
    0x70, 0x70, 0x70, 0x70, 0x70, 0x70, 0x70, 0x70, 0x8F, 0x8F, 0x8F, 0x8F, 0x8F, 0x8F, 0x8F, 0x8F,
    0x8F, 0x8F, 0x7F, 0x7F, 0x6F, 0x3F, 0x1F, 0x63, 0x70, 0x70, 0x70, 0x70, 0x70, 0x70, 0x70, 0x70,
    0x8F, 0x8F, 0x8F, 0x8F, 0x8F, 0x8F, 0x8F, 0x8F, 0x8F, 0x7F, 0x7F, 0x7F, 0x4F, 0x2F, 0x2D, 0x62,
    0x70, 0x70, 0x70, 0x70, 0x70, 0x70, 0x70, 0x70, 0x8F, 0x8F, 0x8F, 0x8F, 0x8F, 0x8F, 0x8F, 0x8F,
    0x7F, 0x7F, 0x7F, 0x5F, 0x3F, 0x1F, 0x56, 0x70, 0x70, 0x70, 0x70, 0x70, 0x70, 0x70, 0x70, 0x70,
    0x8F, 0x8F, 0x8F, 0x8F, 0x8F, 0x8F, 0x8F, 0x7F, 0x7F, 0x7F, 0x6F, 0x3F, 0x1F, 0x2B, 0x71, 0x70,
    0x70, 0x70, 0x70, 0x70, 0x70, 0x70, 0x70, 0x70, 0x8F, 0x8F, 0x8F, 0x8F, 0x8F, 0x8F, 0x7F, 0x7F,
    0x7F, 0x6F, 0x4F, 0x1F, 0x1E, 0x54, 0x70, 0x70, 0x70, 0x70, 0x70, 0x70, 0x70, 0x70, 0x70, 0x70,
    0x8F, 0x8F, 0x8F, 0x8F, 0x8F, 0x7F, 0x7F, 0x7F, 0x6F, 0x4F, 0x1F, 0x1F, 0x56, 0x70, 0x70, 0x70,
    0x70, 0x70, 0x70, 0x70, 0x70, 0x70, 0x70, 0x70, 0x8F, 0x8F, 0x8F, 0x7F, 0x7F, 0x7F, 0x6F, 0x5F,
    0x3F, 0x1F, 0x1F, 0x48, 0x70, 0x70, 0x70, 0x70, 0x70, 0x70, 0x70, 0x70, 0x70, 0x70, 0x70, 0x70,
    0x7F, 0x7F, 0x7F, 0x7F, 0x6F, 0x5F, 0x4F, 0x2F, 0x1F, 0x1E, 0x56, 0x70, 0x70, 0x70, 0x70, 0x70,
    0x70, 0x70, 0x70, 0x70, 0x70, 0x70, 0x70, 0x70, 0x6F, 0x5F, 0x5F, 0x4F, 0x3F, 0x2F, 0x1F, 0x1F,
    0x2B, 0x54, 0x70, 0x70, 0x70, 0x70, 0x70, 0x70, 0x70, 0x70, 0x70, 0x70, 0x70, 0x70, 0x70, 0x70,
    0x2F, 0x2F, 0x1F, 0x1F, 0x1F, 0x1F, 0x2D, 0x56, 0x71, 0x70, 0x70, 0x70, 0x70, 0x70, 0x70, 0x70,
    0x70, 0x70, 0x70, 0x70, 0x70, 0x70, 0x70, 0x70, 0x1F, 0x1F, 0x1F, 0x2C, 0x49, 0x63, 0x62, 0x70,
    0x70, 0x70, 0x70, 0x70, 0x70, 0x70, 0x70, 0x70, 0x70, 0x70, 0x70, 0x70, 0x70, 0x70, 0x70, 0x70,
    0x70, 0x70, 0x70, 0x70, 0x70, 0x70, 0x70, 0x70, 0x70, 0x70, 0x70, 0x70, 0x70, 0x70, 0x70, 0x70,
    0x70, 0x70, 0x70, 0x70, 0x70, 0x70, 0x70, 0x70, 0x70, 0x70, 0x70, 0x70, 0x70, 0x70, 0x70, 0x70,
    0x70, 0x70, 0x70, 0x70, 0x70, 0x70, 0x70, 0x70, 0x70, 0x70, 0x70, 0x70, 0x70, 0x70, 0x70, 0x70,
    0x70, 0x70, 0x70, 0x70, 0x70, 0x70, 0x70, 0x70, 0x70, 0x70, 0x70, 0x70, 0x70, 0x70, 0x70, 0x70,
    0x70, 0x70, 0x70, 0x70, 0x70, 0x70, 0x70, 0x70, 0x70, 0x70, 0x70, 0x70, 0x70, 0x70, 0x70, 0x70,
    0x70, 0x70, 0x70, 0x70, 0x70, 0x70, 0x70, 0x70, 0x70, 0x70, 0x70, 0x70, 0x70, 0x70, 0x70, 0x70,
    0x70, 0x70, 0x70, 0x70, 0x70, 0x70, 0x70, 0x70, 0x70, 0x70, 0x70, 0x70, 0x70, 0x70, 0x70, 0x70,
    0x70, 0x70, 0x70, 0x70, 0x70, 0x70, 0x70, 0x70, 0x70, 0x70, 0x70, 0x70, 0x70, 0x70, 0x70, 0x70,
    0x70, 0x70, 0x70, 0x70, 0x70, 0x70, 0x70, 0x70, 0x70, 0x70, 0x70, 0x70, 0x70, 0x70, 0x70, 0x70,
    0x70, 0x70, 0x70, 0x70, 0x70, 0x70, 0x70, 0x70, 0x70, 0x70, 0x70, 0x70, 0x70, 0x70, 0x70, 0x70,
    0x70, 0x70, 0x70, 0x70, 0x70, 0x70, 0x70, 0x70, 0x70, 0x70, 0x70, 0x70, 0x70, 0x70, 0x70, 0x70,
    0x70, 0x70, 0x70, 0x70, 0x70, 0x70, 0x70, 0x70, 0x70, 0x70, 0x70, 0x70, 0x70, 0x70, 0x70, 0x70,
};
unsigned char ui_box_corners6_png[] = {
    0xFF, 0xFF, 0xFF, 0xFF, 0xFF, 0xFF, 0xFF, 0xFF, 0xFF, 0xFF, 0xFF, 0xFF, 0xFF, 0xFF, 0xFF, 0xFF,
    0xEF, 0xFF, 0xEF, 0xDF, 0xDF, 0xDF, 0xDF, 0xDF, 0xDF, 0xDF, 0xDF, 0xDF, 0xDF, 0xDF, 0xDF, 0xDF,
    0xCF, 0xCF, 0xBF, 0xAF, 0xAF, 0xAF, 0xAF, 0xAF, 0xAF, 0xAF, 0xAF, 0xAF, 0xAF, 0xAF, 0xAF, 0xAF,
    0xBF, 0xAF, 0x9F, 0x7F, 0x7F, 0x7F, 0x7F, 0x7F, 0x7F, 0x7F, 0x7F, 0x7F, 0x7F, 0x7F, 0x7F, 0x7F,
    0xBF, 0xAF, 0x9F, 0x7F, 0x7F, 0x7F, 0x7F, 0x7F, 0x7F, 0x7F, 0x7F, 0x7F, 0x7F, 0x7F, 0x7F, 0x7F,
    0xBF, 0xAF, 0x9F, 0x7F, 0x7F, 0x7F, 0x7F, 0x7F, 0x7F, 0x7F, 0x7F, 0x7F, 0x7F, 0x7F, 0x7F, 0x7F,
    0xBF, 0xAF, 0x9F, 0x7F, 0x7F, 0x7F, 0x7F, 0x7F, 0x7F, 0x7F, 0x7F, 0x7F, 0x7F, 0x7F, 0x7F, 0x7F,
    0xBF, 0xAF, 0x9F, 0x7F, 0x7F, 0x7F, 0x7F, 0x7F, 0x7F, 0x7F, 0x7F, 0x7F, 0x7F, 0x7F, 0x7F, 0x7F,
    0xFF, 0xFF, 0xFF, 0xFF, 0xFF, 0xFF, 0xFF, 0xFF, 0xFF, 0xFF, 0xFF, 0xFF, 0xFF, 0xFF, 0xFF, 0xFF,
    0xDF, 0xDF, 0xDF, 0xDF, 0xDF, 0xDF, 0xDF, 0xDF, 0xDF, 0xDF, 0xDF, 0xDF, 0xDF, 0xDF, 0xDF, 0xDF,
    0xAF, 0xAF, 0xAF, 0xAF, 0xAF, 0xAF, 0xAF, 0xAF, 0xAF, 0xAF, 0xAF, 0xAF, 0xAF, 0xAF, 0xAF, 0xAF,
    0x7F, 0x7F, 0x7F, 0x7F, 0x7F, 0x7F, 0x7F, 0x7F, 0x7F, 0x7F, 0x7F, 0x7F, 0x7F, 0x7F, 0x7F, 0x7F,
    0x7F, 0x7F, 0x7F, 0x7F, 0x7F, 0x7F, 0x7F, 0x7F, 0x7F, 0x7F, 0x7F, 0x7F, 0x7F, 0x7F, 0x7F, 0x7F,
    0x7F, 0x7F, 0x7F, 0x7F, 0x7F, 0x7F, 0x7F, 0x7F, 0x7F, 0x7F, 0x7F, 0x7F, 0x7F, 0x7F, 0x7F, 0x7F,
    0x7F, 0x7F, 0x7F, 0x7F, 0x7F, 0x7F, 0x7F, 0x7F, 0x7F, 0x7F, 0x7F, 0x7F, 0x7F, 0x7F, 0x7F, 0x7F,
    0x7F, 0x7F, 0x7F, 0x7F, 0x7F, 0x7F, 0x7F, 0x7F, 0x7F, 0x7F, 0x7F, 0x7F, 0x7F, 0x7F, 0x7F, 0x7F,
    0xBF, 0xAF, 0x9F, 0x7F, 0x7F, 0x7F, 0x7F, 0x7F, 0x7F, 0x7F, 0x7F, 0x7F, 0x7F, 0x7F, 0x7F, 0x7F,
    0xBF, 0xAF, 0x9F, 0x7F, 0x7F, 0x7F, 0x7F, 0x7F, 0x7F, 0x7F, 0x7F, 0x7F, 0x7F, 0x7F, 0x7F, 0x7F,
    0xAF, 0x9F, 0x8F, 0x7F, 0x7F, 0x7F, 0x7F, 0x7F, 0x7F, 0x7F, 0x7F, 0x7F, 0x7F, 0x7F, 0x7F, 0x7F,
    0x8F, 0x8F, 0x8F, 0x7F, 0x7F, 0x7F, 0x7F, 0x7F, 0x7F, 0x7F, 0x7F, 0x7F, 0x7F, 0x7F, 0x7F, 0x7F,
    0x38, 0x6F, 0x6F, 0x6F, 0x7F, 0x7F, 0x7F, 0x7F, 0x7F, 0x7F, 0x7F, 0x7F, 0x7F, 0x7F, 0x7F, 0x7F,
    0x01, 0x4F, 0x4F, 0x4F, 0x5F, 0x5F, 0x5F, 0x5F, 0x5F, 0x5F, 0x5F, 0x5F, 0x5F, 0x5F, 0x5F, 0x5F,
    0x00, 0x01, 0x2F, 0x2F, 0x1F, 0x1F, 0x1F, 0x1F, 0x1F, 0x1F, 0x1F, 0x1F, 0x1F, 0x1F, 0x1F, 0x1F,
    0x00, 0x00, 0x01, 0x08, 0x0F, 0x0F, 0x0F, 0x0F, 0x0F, 0x0F, 0x0F, 0x0F, 0x0F, 0x0F, 0x0F, 0x0F,
    0x7F, 0x7F, 0x7F, 0x7F, 0x7F, 0x7F, 0x7F, 0x7F, 0x7F, 0x7F, 0x7F, 0x7F, 0x7F, 0x7F, 0x7F, 0x7F,
    0x7F, 0x7F, 0x7F, 0x7F, 0x7F, 0x7F, 0x7F, 0x7F, 0x7F, 0x7F, 0x7F, 0x7F, 0x7F, 0x7F, 0x7F, 0x7F,
    0x7F, 0x7F, 0x7F, 0x7F, 0x7F, 0x7F, 0x7F, 0x7F, 0x7F, 0x7F, 0x7F, 0x7F, 0x7F, 0x7F, 0x7F, 0x7F,
    0x7F, 0x7F, 0x7F, 0x7F, 0x7F, 0x7F, 0x7F, 0x7F, 0x7F, 0x7F, 0x7F, 0x7F, 0x7F, 0x6F, 0x6F, 0x6F,
    0x7F, 0x7F, 0x7F, 0x7F, 0x7F, 0x7F, 0x7F, 0x7F, 0x7F, 0x7F, 0x6F, 0x5F, 0x4F, 0x3F, 0x2F, 0x2F,
    0x7F, 0x7F, 0x7F, 0x7F, 0x7F, 0x7F, 0x7F, 0x7F, 0x6F, 0x4F, 0x3F, 0x1F, 0x0F, 0x0F, 0x0F, 0x0F,
    0x7F, 0x7F, 0x7F, 0x7F, 0x7F, 0x7F, 0x7F, 0x5F, 0x3F, 0x1F, 0x0F, 0x0F, 0x0F, 0x0C, 0x06, 0x02,
    0x7F, 0x7F, 0x7F, 0x7F, 0x7F, 0x7F, 0x5F, 0x3F, 0x0F, 0x0F, 0x0F, 0x08, 0x01, 0x00, 0x00, 0x00,
    0x7F, 0x7F, 0x7F, 0x7F, 0x7F, 0x6F, 0x3F, 0x0F, 0x0F, 0x0F, 0x02, 0x00, 0x00, 0x00, 0x00, 0x00,
    0x7F, 0x7F, 0x7F, 0x7F, 0x6F, 0x4F, 0x1F, 0x0F, 0x0F, 0x01, 0x00, 0x00, 0x00, 0x00, 0x00, 0x00,
    0x7F, 0x7F, 0x7F, 0x6F, 0x4F, 0x1F, 0x0F, 0x0F, 0x05, 0x00, 0x00, 0x00, 0x00, 0x00, 0x00, 0x00,
    0x7F, 0x7F, 0x6F, 0x5F, 0x2F, 0x0F, 0x0F, 0x0C, 0x00, 0x00, 0x00, 0x00, 0x00, 0x00, 0x00, 0x00,
    0x7F, 0x6F, 0x4F, 0x1F, 0x0F, 0x0F, 0x0F, 0x01, 0x00, 0x00, 0x00, 0x00, 0x00, 0x00, 0x00, 0x00,
    0x4F, 0x2F, 0x0F, 0x0F, 0x0F, 0x0F, 0x01, 0x00, 0x00, 0x00, 0x00, 0x00, 0x00, 0x00, 0x00, 0x00,
    0x0F, 0x0F, 0x0F, 0x0F, 0x09, 0x00, 0x00, 0x00, 0x00, 0x00, 0x00, 0x00, 0x00, 0x00, 0x00, 0x00,
    0x0F, 0x0F, 0x09, 0x02, 0x00, 0x00, 0x00, 0x00, 0x00, 0x00, 0x00, 0x00, 0x00, 0x00, 0x00, 0x00,
};
unsigned char ui_box_corners7_png[] = {
    0xFF, 0xFF, 0xFF, 0xFF, 0xFF, 0xFF, 0xFF, 0xFF, 0xFF, 0xFF, 0xFF, 0xFF, 0xFF, 0xFF, 0xFF, 0xFF,
    0xDF, 0xDF, 0xDF, 0xDF, 0xDF, 0xDF, 0xDF, 0xDF, 0xDF, 0xDF, 0xDF, 0xDF, 0xDF, 0xDF, 0xDF, 0xDF,
    0xAF, 0xAF, 0xAF, 0xAF, 0xAF, 0xAF, 0xAF, 0xAF, 0xAF, 0xAF, 0xAF, 0xAF, 0xAF, 0xAF, 0xAF, 0xAF,
    0x7F, 0x7F, 0x7F, 0x7F, 0x7F, 0x7F, 0x7F, 0x7F, 0x7F, 0x7F, 0x7F, 0x7F, 0x7F, 0x7F, 0x7F, 0x7F,
    0x7F, 0x7F, 0x7F, 0x7F, 0x7F, 0x7F, 0x7F, 0x7F, 0x7F, 0x7F, 0x7F, 0x7F, 0x7F, 0x7F, 0x7F, 0x7F,
    0x7F, 0x7F, 0x7F, 0x7F, 0x7F, 0x7F, 0x7F, 0x7F, 0x7F, 0x7F, 0x7F, 0x7F, 0x7F, 0x7F, 0x7F, 0x7F,
    0x7F, 0x7F, 0x7F, 0x7F, 0x7F, 0x7F, 0x7F, 0x7F, 0x7F, 0x7F, 0x7F, 0x7F, 0x7F, 0x7F, 0x7F, 0x7F,
    0x7F, 0x7F, 0x7F, 0x7F, 0x7F, 0x7F, 0x7F, 0x7F, 0x7F, 0x7F, 0x7F, 0x7F, 0x7F, 0x7F, 0x7F, 0x7F,
    0xFF, 0xFF, 0xFF, 0xFF, 0xFF, 0xFF, 0xFF, 0xFF, 0xFF, 0xFF, 0xFF, 0xFF, 0xFF, 0xEF, 0xCF, 0x8F,
    0xDF, 0xDF, 0xDF, 0xDF, 0xDF, 0xDF, 0xDF, 0xDF, 0xDF, 0xDF, 0xDF, 0xDF, 0xDF, 0xCF, 0x8F, 0x5F,
    0xAF, 0xAF, 0xAF, 0xAF, 0xAF, 0xAF, 0xAF, 0xAF, 0xAF, 0xAF, 0xAF, 0xAF, 0xAF, 0x8F, 0x5F, 0x2F,
    0x7F, 0x7F, 0x7F, 0x7F, 0x7F, 0x7F, 0x7F, 0x7F, 0x7F, 0x7F, 0x7F, 0x7F, 0x7F, 0x6F, 0x3F, 0x1F,
    0x7F, 0x7F, 0x7F, 0x7F, 0x7F, 0x7F, 0x7F, 0x7F, 0x7F, 0x7F, 0x7F, 0x7F, 0x7F, 0x6F, 0x3F, 0x1F,
    0x7F, 0x7F, 0x7F, 0x7F, 0x7F, 0x7F, 0x7F, 0x7F, 0x7F, 0x7F, 0x7F, 0x7F, 0x7F, 0x6F, 0x3F, 0x1F,
    0x7F, 0x7F, 0x7F, 0x7F, 0x7F, 0x7F, 0x7F, 0x7F, 0x7F, 0x7F, 0x7F, 0x7F, 0x7F, 0x6F, 0x3F, 0x1F,
    0x7F, 0x7F, 0x7F, 0x7F, 0x7F, 0x7F, 0x7F, 0x7F, 0x7F, 0x7F, 0x7F, 0x7F, 0x7F, 0x6F, 0x3F, 0x1F,
    0x7F, 0x7F, 0x7F, 0x7F, 0x7F, 0x7F, 0x7F, 0x7F, 0x7F, 0x7F, 0x7F, 0x7F, 0x7F, 0x7F, 0x7F, 0x7F,
    0x7F, 0x7F, 0x7F, 0x7F, 0x7F, 0x7F, 0x7F, 0x7F, 0x7F, 0x7F, 0x7F, 0x7F, 0x7F, 0x7F, 0x7F, 0x7F,
    0x7F, 0x7F, 0x7F, 0x7F, 0x7F, 0x7F, 0x7F, 0x7F, 0x7F, 0x7F, 0x7F, 0x7F, 0x7F, 0x7F, 0x7F, 0x7F,
    0x7F, 0x7F, 0x7F, 0x7F, 0x7F, 0x7F, 0x7F, 0x7F, 0x7F, 0x7F, 0x7F, 0x7F, 0x7F, 0x7F, 0x7F, 0x7F,
    0x7F, 0x7F, 0x7F, 0x7F, 0x7F, 0x7F, 0x7F, 0x7F, 0x7F, 0x7F, 0x7F, 0x7F, 0x7F, 0x7F, 0x7F, 0x7F,
    0x5F, 0x5F, 0x5F, 0x5F, 0x5F, 0x5F, 0x5F, 0x5F, 0x5F, 0x5F, 0x5F, 0x5F, 0x5F, 0x5F, 0x5F, 0x5F,
    0x1F, 0x1F, 0x1F, 0x1F, 0x1F, 0x1F, 0x1F, 0x1F, 0x1F, 0x1F, 0x1F, 0x1F, 0x1F, 0x1F, 0x1F, 0x1F,
    0x0F, 0x0F, 0x0F, 0x0F, 0x0F, 0x0F, 0x0F, 0x0F, 0x0F, 0x0F, 0x0F, 0x0F, 0x0F, 0x0F, 0x0F, 0x0F,
    0x7F, 0x7F, 0x7F, 0x7F, 0x7F, 0x7F, 0x7F, 0x7F, 0x7F, 0x7F, 0x7F, 0x7F, 0x7F, 0x6F, 0x3F, 0x1F,
    0x7F, 0x7F, 0x7F, 0x7F, 0x7F, 0x7F, 0x7F, 0x7F, 0x7F, 0x7F, 0x7F, 0x7F, 0x7F, 0x6F, 0x3F, 0x1F,
    0x7F, 0x7F, 0x7F, 0x7F, 0x7F, 0x7F, 0x7F, 0x7F, 0x7F, 0x7F, 0x7F, 0x7F, 0x7F, 0x5F, 0x2F, 0x1F,
    0x7F, 0x7F, 0x7F, 0x7F, 0x7F, 0x7F, 0x7F, 0x7F, 0x7F, 0x7F, 0x7F, 0x7F, 0x6F, 0x4F, 0x1F, 0x0F,
    0x7F, 0x7F, 0x7F, 0x7F, 0x7F, 0x7F, 0x7F, 0x7F, 0x7F, 0x7F, 0x7F, 0x6F, 0x4F, 0x2F, 0x0F, 0x08,
    0x5F, 0x5F, 0x5F, 0x5F, 0x5F, 0x5F, 0x5F, 0x5F, 0x5F, 0x5F, 0x4F, 0x3F, 0x1F, 0x0F, 0x0F, 0x01,
    0x1F, 0x1F, 0x1F, 0x1F, 0x1F, 0x1F, 0x1F, 0x1F, 0x1F, 0x1F, 0x1F, 0x0F, 0x0F, 0x0F, 0x01, 0x00,
    0x0F, 0x0F, 0x0F, 0x0F, 0x0F, 0x0F, 0x0F, 0x0F, 0x0F, 0x0F, 0x0F, 0x0F, 0x08, 0x01, 0x00, 0x00,
};
unsigned char ui_box_corners3_png[] = {
    0x00, 0x00, 0x78, 0xFE, 0xFF, 0xFF, 0xFF, 0xFF, 0xFF, 0xFF, 0xFF, 0xFF, 0xFF, 0xFF, 0xFF, 0xFF,
    0x00, 0xDC, 0xFF, 0xFF, 0xEF, 0xEF, 0xEF, 0xDF, 0xDF, 0xDF, 0xDF, 0xDF, 0xDF, 0xDF, 0xDF, 0xDF,
    0x68, 0xFF, 0xFF, 0xCF, 0xBF, 0xAF, 0xAF, 0xAF, 0xAF, 0xAF, 0xAF, 0xAF, 0xAF, 0xAF, 0xAF, 0xAF,
    0xCE, 0xDF, 0xCF, 0x9F, 0x8F, 0x8F, 0x8F, 0x8F, 0x8F, 0x8F, 0x8F, 0x8F, 0x8F, 0x8F, 0x8F, 0x8F,
    0xCF, 0xCF, 0xAF, 0x8F, 0x8F, 0x8F, 0x8F, 0x8F, 0x8F, 0x8F, 0x8F, 0x8F, 0x8F, 0x8F, 0x8F, 0x8F,
    0xBF, 0xBF, 0x9F, 0x8F, 0x8F, 0x8F, 0x8F, 0x8F, 0x8F, 0x8F, 0x8F, 0x8F, 0x8F, 0x8F, 0x8F, 0x8F,
    0xBF, 0xBF, 0x9F, 0x8F, 0x8F, 0x8F, 0x8F, 0x8F, 0x8F, 0x8F, 0x8F, 0x8F, 0x8F, 0x8F, 0x8F, 0x8F,
    0xBF, 0xAF, 0x9F, 0x8F, 0x8F, 0x7F, 0x7F, 0x6F, 0x6F, 0x5F, 0x5F, 0x5F, 0x5F, 0x5F, 0x5F, 0x5F,
    0xBF, 0xAF, 0x9F, 0x7F, 0x7F, 0x6F, 0x4F, 0x3F, 0x2F, 0x1F, 0x1F, 0x1F, 0x1F, 0x1F, 0x1F, 0x1F,
    0xBF, 0xAF, 0x9F, 0x7F, 0x5F, 0x3F, 0x1F, 0x0F, 0x0F, 0x0F, 0x0F, 0x0F, 0x0F, 0x0F, 0x0F, 0x0F,
    0xBF, 0xAF, 0x9F, 0x6F, 0x3F, 0x0F, 0x0F, 0x07, 0x01, 0x00, 0x00, 0x00, 0x00, 0x00, 0x00, 0x00,
    0xBF, 0xAF, 0x8F, 0x5F, 0x1F, 0x0F, 0x03, 0x00, 0x00, 0x00, 0x00, 0x00, 0x00, 0x00, 0x00, 0x00,
    0xBF, 0xAF, 0x8F, 0x3F, 0x0F, 0x07, 0x00, 0x00, 0x00, 0x00, 0x00, 0x00, 0x00, 0x00, 0x00, 0x00,
    0xBF, 0xAF, 0x8F, 0x3F, 0x0F, 0x01, 0x00, 0x00, 0x00, 0x00, 0x00, 0x00, 0x00, 0x00, 0x00, 0x00,
    0xBF, 0xAF, 0x8F, 0x3F, 0x1F, 0x00, 0x00, 0x00, 0x00, 0x00, 0x00, 0x00, 0x00, 0x00, 0x00, 0x00,
    0xBF, 0xAF, 0x8F, 0x3F, 0x1F, 0x00, 0x00, 0x00, 0x00, 0x00, 0x00, 0x00, 0x00, 0x00, 0x00, 0x00,
    0xBF, 0xAF, 0x8F, 0x3F, 0x1F, 0x00, 0x00, 0x00, 0x00, 0x00, 0x00, 0x00, 0x00, 0x00, 0x00, 0x00,
    0xBF, 0xAF, 0x8F, 0x3F, 0x1F, 0x00, 0x00, 0x00, 0x00, 0x00, 0x00, 0x00, 0x00, 0x00, 0x00, 0x00,
    0xBF, 0xAF, 0x8F, 0x3F, 0x1F, 0x00, 0x00, 0x00, 0x00, 0x00, 0x00, 0x00, 0x00, 0x00, 0x00, 0x00,
    0xBF, 0xAF, 0x8F, 0x3F, 0x1F, 0x00, 0x00, 0x00, 0x00, 0x00, 0x00, 0x00, 0x00, 0x00, 0x00, 0x00,
    0xBF, 0xAF, 0x8F, 0x3F, 0x1F, 0x00, 0x00, 0x00, 0x00, 0x00, 0x00, 0x00, 0x00, 0x00, 0x00, 0x00,
    0xBF, 0xAF, 0x8F, 0x3F, 0x1F, 0x00, 0x00, 0x00, 0x00, 0x00, 0x00, 0x00, 0x00, 0x00, 0x00, 0x00,
    0xBF, 0xAF, 0x8F, 0x3F, 0x1F, 0x00, 0x00, 0x00, 0x00, 0x00, 0x00, 0x00, 0x00, 0x00, 0x00, 0x00,
    0xBF, 0xAF, 0x8F, 0x3F, 0x1F, 0x00, 0x00, 0x00, 0x00, 0x00, 0x00, 0x00, 0x00, 0x00, 0x00, 0x00,
    0xBF, 0xAF, 0x8F, 0x3F, 0x1F, 0x00, 0x00, 0x00, 0x00, 0x00, 0x00, 0x00, 0x00, 0x00, 0x00, 0x00,
    0xBF, 0xAF, 0x8F, 0x3F, 0x1F, 0x00, 0x00, 0x00, 0x00, 0x00, 0x00, 0x00, 0x00, 0x00, 0x00, 0x00,
    0xBF, 0xAF, 0x8F, 0x3F, 0x1F, 0x00, 0x00, 0x00, 0x00, 0x00, 0x00, 0x00, 0x00, 0x00, 0x00, 0x00,
    0xBF, 0xAF, 0x8F, 0x3F, 0x1F, 0x00, 0x00, 0x00, 0x00, 0x00, 0x00, 0x00, 0x00, 0x00, 0x00, 0x00,
    0xBF, 0xAF, 0x8F, 0x3F, 0x1F, 0x00, 0x00, 0x00, 0x00, 0x00, 0x00, 0x00, 0x00, 0x00, 0x00, 0x00,
    0xBF, 0xAF, 0x8F, 0x3F, 0x1F, 0x00, 0x00, 0x00, 0x00, 0x00, 0x00, 0x00, 0x00, 0x00, 0x00, 0x00,
    0xBF, 0xAF, 0x8F, 0x3F, 0x1F, 0x00, 0x00, 0x00, 0x00, 0x00, 0x00, 0x00, 0x00, 0x00, 0x00, 0x00,
    0xBF, 0xAF, 0x8F, 0x3F, 0x1F, 0x00, 0x00, 0x00, 0x00, 0x00, 0x00, 0x00, 0x00, 0x00, 0x00, 0x00,
    0xFF, 0xFF, 0xFF, 0xFF, 0xFF, 0xFF, 0xFF, 0xFF, 0xFF, 0xFF, 0xFF, 0xFF, 0xCE, 0x48, 0x00, 0x00,
    0xDF, 0xDF, 0xDF, 0xDF, 0xDF, 0xDF, 0xDF, 0xDF, 0xDF, 0xDF, 0xDF, 0xDF, 0xCF, 0xAF, 0x6C, 0x00,
    0xAF, 0xAF, 0xAF, 0xAF, 0xAF, 0xAF, 0xAF, 0xAF, 0xAF, 0xAF, 0xAF, 0xAF, 0xAF, 0x9F, 0x7F, 0x28,
    0x8F, 0x8F, 0x8F, 0x8F, 0x8F, 0x8F, 0x8F, 0x8F, 0x8F, 0x8F, 0x8F, 0x8F, 0x8F, 0x7F, 0x5F, 0x3E,
    0x8F, 0x8F, 0x8F, 0x8F, 0x8F, 0x8F, 0x8F, 0x8F, 0x8F, 0x8F, 0x8F, 0x8F, 0x8F, 0x6F, 0x4F, 0x2F,
    0x8F, 0x8F, 0x8F, 0x8F, 0x8F, 0x8F, 0x8F, 0x8F, 0x8F, 0x8F, 0x8F, 0x8F, 0x8F, 0x6F, 0x3F, 0x1F,
    0x8F, 0x8F, 0x8F, 0x8F, 0x8F, 0x8F, 0x8F, 0x8F, 0x8F, 0x8F, 0x8F, 0x8F, 0x8F, 0x6F, 0x3F, 0x1F,
    0x5F, 0x5F, 0x5F, 0x5F, 0x5F, 0x5F, 0x5F, 0x6F, 0x7F, 0x7F, 0x7F, 0x8F, 0x8F, 0x6F, 0x3F, 0x1F,
    0x1F, 0x1F, 0x1F, 0x1F, 0x1F, 0x1F, 0x2F, 0x3F, 0x4F, 0x6F, 0x7F, 0x7F, 0x8F, 0x6F, 0x3F, 0x1F,
    0x0F, 0x0F, 0x0F, 0x0F, 0x0F, 0x0F, 0x0F, 0x0F, 0x1F, 0x4F, 0x6F, 0x7F, 0x7F, 0x6F, 0x3F, 0x1F,
    0x00, 0x00, 0x00, 0x00, 0x00, 0x00, 0x00, 0x01, 0x07, 0x2F, 0x4F, 0x6F, 0x7F, 0x6F, 0x3F, 0x1F,
    0x00, 0x00, 0x00, 0x00, 0x00, 0x00, 0x00, 0x00, 0x00, 0x03, 0x5F, 0x6F, 0x7F, 0x6F, 0x3F, 0x1F,
    0x00, 0x00, 0x00, 0x00, 0x00, 0x00, 0x00, 0x00, 0x00, 0x00, 0x27, 0x7F, 0x8F, 0x6F, 0x3F, 0x1F,
    0x00, 0x00, 0x00, 0x00, 0x00, 0x00, 0x00, 0x00, 0x00, 0x00, 0x01, 0x9F, 0x9F, 0x7F, 0x3F, 0x1F,
    0x00, 0x00, 0x00, 0x00, 0x00, 0x00, 0x00, 0x00, 0x00, 0x00, 0x00, 0xAF, 0xAF, 0x7F, 0x3F, 0x1F,
    0x00, 0x00, 0x00, 0x00, 0x00, 0x00, 0x00, 0x00, 0x00, 0x00, 0x00, 0xBF, 0xAF, 0x7F, 0x3F, 0x1F,
    0x00, 0x00, 0x00, 0x00, 0x00, 0x00, 0x00, 0x00, 0x00, 0x00, 0x00, 0xBF, 0xAF, 0x8F, 0x3F, 0x1F,
    0x00, 0x00, 0x00, 0x00, 0x00, 0x00, 0x00, 0x00, 0x00, 0x00, 0x00, 0xBF, 0xAF, 0x8F, 0x3F, 0x1F,
    0x00, 0x00, 0x00, 0x00, 0x00, 0x00, 0x00, 0x00, 0x00, 0x00, 0x00, 0xBF, 0xAF, 0x8F, 0x3F, 0x1F,
    0x00, 0x00, 0x00, 0x00, 0x00, 0x00, 0x00, 0x00, 0x00, 0x00, 0x00, 0xBF, 0xAF, 0x8F, 0x3F, 0x1F,
    0x00, 0x00, 0x00, 0x00, 0x00, 0x00, 0x00, 0x00, 0x00, 0x00, 0x00, 0xBF, 0xAF, 0x8F, 0x3F, 0x1F,
    0x00, 0x00, 0x00, 0x00, 0x00, 0x00, 0x00, 0x00, 0x00, 0x00, 0x00, 0xBF, 0xAF, 0x8F, 0x3F, 0x1F,
    0x00, 0x00, 0x00, 0x00, 0x00, 0x00, 0x00, 0x00, 0x00, 0x00, 0x00, 0xBF, 0xAF, 0x8F, 0x3F, 0x1F,
    0x00, 0x00, 0x00, 0x00, 0x00, 0x00, 0x00, 0x00, 0x00, 0x00, 0x00, 0xBF, 0xAF, 0x8F, 0x3F, 0x1F,
    0x00, 0x00, 0x00, 0x00, 0x00, 0x00, 0x00, 0x00, 0x00, 0x00, 0x00, 0xBF, 0xAF, 0x8F, 0x3F, 0x1F,
    0x00, 0x00, 0x00, 0x00, 0x00, 0x00, 0x00, 0x00, 0x00, 0x00, 0x00, 0xBF, 0xAF, 0x8F, 0x3F, 0x1F,
    0x00, 0x00, 0x00, 0x00, 0x00, 0x00, 0x00, 0x00, 0x00, 0x00, 0x00, 0xBF, 0xAF, 0x8F, 0x3F, 0x1F,
    0x00, 0x00, 0x00, 0x00, 0x00, 0x00, 0x00, 0x00, 0x00, 0x00, 0x00, 0xBF, 0xAF, 0x8F, 0x3F, 0x1F,
    0x00, 0x00, 0x00, 0x00, 0x00, 0x00, 0x00, 0x00, 0x00, 0x00, 0x00, 0xBF, 0xAF, 0x8F, 0x3F, 0x1F,
    0x00, 0x00, 0x00, 0x00, 0x00, 0x00, 0x00, 0x00, 0x00, 0x00, 0x00, 0xBF, 0xAF, 0x8F, 0x3F, 0x1F,
    0x00, 0x00, 0x00, 0x00, 0x00, 0x00, 0x00, 0x00, 0x00, 0x00, 0x00, 0xBF, 0xAF, 0x8F, 0x3F, 0x1F,
    0x00, 0x00, 0x00, 0x00, 0x00, 0x00, 0x00, 0x00, 0x00, 0x00, 0x00, 0xBF, 0xAF, 0x8F, 0x3F, 0x1F,
    0xBF, 0xAF, 0x8F, 0x3F, 0x1F, 0x00, 0x00, 0x00, 0x00, 0x00, 0x00, 0x00, 0x00, 0x00, 0x00, 0x00,
    0xBF, 0xAF, 0x8F, 0x3F, 0x1F, 0x00, 0x00, 0x00, 0x00, 0x00, 0x00, 0x00, 0x00, 0x00, 0x00, 0x00,
    0xBF, 0xAF, 0x8F, 0x3F, 0x1F, 0x00, 0x00, 0x00, 0x00, 0x00, 0x00, 0x00, 0x00, 0x00, 0x00, 0x00,
    0xBF, 0xAF, 0x8F, 0x3F, 0x1F, 0x00, 0x00, 0x00, 0x00, 0x00, 0x00, 0x00, 0x00, 0x00, 0x00, 0x00,
    0xBF, 0xAF, 0x8F, 0x3F, 0x1F, 0x00, 0x00, 0x00, 0x00, 0x00, 0x00, 0x00, 0x00, 0x00, 0x00, 0x00,
    0xBF, 0xAF, 0x8F, 0x4F, 0x2F, 0x00, 0x00, 0x00, 0x00, 0x00, 0x00, 0x00, 0x00, 0x00, 0x00, 0x00,
    0xBF, 0xAF, 0x8F, 0x5F, 0x3F, 0x01, 0x00, 0x00, 0x00, 0x00, 0x00, 0x00, 0x00, 0x00, 0x00, 0x00,
    0xBF, 0xAF, 0x9F, 0x6F, 0x5F, 0x27, 0x00, 0x00, 0x00, 0x00, 0x00, 0x00, 0x00, 0x00, 0x00, 0x00,
    0xBF, 0xAF, 0x9F, 0x7F, 0x7F, 0x7F, 0x13, 0x00, 0x00, 0x00, 0x00, 0x00, 0x00, 0x00, 0x00, 0x00,
    0xBF, 0xAF, 0x9F, 0x8F, 0x8F, 0x9F, 0xAF, 0x47, 0x01, 0x00, 0x00, 0x00, 0x00, 0x00, 0x00, 0x00,
    0xAF, 0x9F, 0x8F, 0x8F, 0x8F, 0x9F, 0xAF, 0xCF, 0xDF, 0xFF, 0xFF, 0xFF, 0xFF, 0xFF, 0xFF, 0xFF,
    0x7E, 0x7F, 0x7F, 0x7F, 0x8F, 0x8F, 0x9F, 0xBF, 0xCF, 0xDF, 0xDF, 0xDF, 0xDF, 0xDF, 0xDF, 0xDF,
    0x28, 0x5F, 0x5F, 0x5F, 0x5F, 0x5F, 0x6F, 0x6F, 0x7F, 0x7F, 0x7F, 0x8F, 0x8F, 0x8F, 0x8F, 0x8F,
    0x00, 0x2C, 0x2F, 0x1F, 0x1F, 0x1F, 0x1F, 0x1F, 0x1F, 0x1F, 0x1F, 0x1F, 0x1F, 0x1F, 0x1F, 0x1F,
    0x00, 0x00, 0x08, 0x0E, 0x0F, 0x0F, 0x0F, 0x0F, 0x0F, 0x0F, 0x0F, 0x0F, 0x0F, 0x0F, 0x0F, 0x0F,
    0x00, 0x00, 0x00, 0x00, 0x00, 0x00, 0x00, 0x00, 0x00, 0x00, 0x00, 0xBF, 0xAF, 0x8F, 0x3F, 0x1F,
    0x00, 0x00, 0x00, 0x00, 0x00, 0x00, 0x00, 0x00, 0x00, 0x00, 0x00, 0xBF, 0xAF, 0x8F, 0x3F, 0x1F,
    0x00, 0x00, 0x00, 0x00, 0x00, 0x00, 0x00, 0x00, 0x00, 0x00, 0x00, 0xBF, 0xAF, 0x8F, 0x3F, 0x1F,
    0x00, 0x00, 0x00, 0x00, 0x00, 0x00, 0x00, 0x00, 0x00, 0x00, 0x00, 0xBF, 0xAF, 0x8F, 0x3F, 0x1F,
    0x00, 0x00, 0x00, 0x00, 0x00, 0x00, 0x00, 0x00, 0x00, 0x00, 0x00, 0xBF, 0xAF, 0x8F, 0x3F, 0x1F,
    0x00, 0x00, 0x00, 0x00, 0x00, 0x00, 0x00, 0x00, 0x00, 0x00, 0x00, 0xBF, 0xAF, 0x8F, 0x3F, 0x1F,
    0x00, 0x00, 0x00, 0x00, 0x00, 0x00, 0x00, 0x00, 0x00, 0x00, 0x00, 0xBF, 0xBF, 0x8F, 0x3F, 0x1F,
    0x00, 0x00, 0x00, 0x00, 0x00, 0x00, 0x00, 0x00, 0x00, 0x00, 0x00, 0xCF, 0xBF, 0x8F, 0x3F, 0x1F,
    0x00, 0x00, 0x00, 0x00, 0x00, 0x00, 0x00, 0x00, 0x00, 0x00, 0x01, 0xDF, 0xBF, 0x8F, 0x3F, 0x1F,
    0x00, 0x00, 0x00, 0x00, 0x00, 0x00, 0x00, 0x00, 0x00, 0x00, 0x67, 0xEF, 0xBF, 0x7F, 0x3F, 0x1F,
    0x00, 0x00, 0x00, 0x00, 0x00, 0x00, 0x00, 0x00, 0x00, 0x23, 0xFF, 0xEF, 0xAF, 0x7F, 0x3F, 0x1F,
    0x00, 0x00, 0x00, 0x00, 0x00, 0x00, 0x00, 0x01, 0x77, 0xFF, 0xFF, 0xCF, 0x9F, 0x6F, 0x3F, 0x1F,
    0xFF, 0xFF, 0xFF, 0xFF, 0xFF, 0xFF, 0xFF, 0xFF, 0xFF, 0xEF, 0xCF, 0xAF, 0x8F, 0x5F, 0x2F, 0x0F,
    0xDF, 0xDF, 0xDF, 0xDF, 0xDF, 0xEF, 0xEF, 0xDF, 0xCF, 0xBF, 0x9F, 0x8F, 0x6F, 0x3F, 0x0F, 0x0E,
    0x8F, 0x8F, 0x8F, 0x8F, 0x8F, 0x8F, 0x7F, 0x7F, 0x7F, 0x6F, 0x5F, 0x4F, 0x3F, 0x0F, 0x0F, 0x08,
    0x1F, 0x1F, 0x1F, 0x1F, 0x1F, 0x1F, 0x1F, 0x1F, 0x1F, 0x1F, 0x1F, 0x0F, 0x0F, 0x0F, 0x0C, 0x00,
    0x0F, 0x0F, 0x0F, 0x0F, 0x0F, 0x0F, 0x0F, 0x0F, 0x0F, 0x0F, 0x0F, 0x0F, 0x0E, 0x08, 0x00, 0x00,
};
unsigned char ui_box_corners5_png[] = {
    0x00, 0x00, 0x78, 0xFE, 0xFF, 0xFF, 0xFF, 0xFF, 0xFF, 0xFF, 0xFF, 0xFF, 0xFF, 0xFF, 0xFF, 0xFF,
    0x00, 0xCC, 0xFF, 0xFF, 0xEF, 0xDF, 0xDF, 0xDF, 0xDF, 0xDF, 0xDF, 0xDF, 0xDF, 0xDF, 0xDF, 0xDF,
    0x68, 0xFF, 0xEF, 0xCF, 0xBF, 0xAF, 0xAF, 0xAF, 0xAF, 0xAF, 0xAF, 0xAF, 0xAF, 0xAF, 0xAF, 0xAF,
    0xCE, 0xDF, 0xBF, 0x9F, 0x8F, 0x8F, 0x7F, 0x7F, 0x7F, 0x7F, 0x7F, 0x7F, 0x7F, 0x7F, 0x7F, 0x7F,
    0xCF, 0xBF, 0xAF, 0x8F, 0x7F, 0x7F, 0x7F, 0x7F, 0x7F, 0x7F, 0x7F, 0x7F, 0x7F, 0x7F, 0x7F, 0x7F,
    0xBF, 0xBF, 0x9F, 0x8F, 0x7F, 0x7F, 0x7F, 0x7F, 0x7F, 0x7F, 0x7F, 0x7F, 0x7F, 0x7F, 0x7F, 0x7F,
    0xBF, 0xAF, 0x9F, 0x7F, 0x7F, 0x7F, 0x7F, 0x7F, 0x7F, 0x7F, 0x7F, 0x7F, 0x7F, 0x7F, 0x7F, 0x7F,
    0xBF, 0xAF, 0x9F, 0x7F, 0x7F, 0x7F, 0x7F, 0x7F, 0x7F, 0x7F, 0x7F, 0x7F, 0x7F, 0x7F, 0x7F, 0x7F,
    0xFF, 0xFF, 0xFF, 0xFF, 0xFF, 0xFF, 0xFF, 0xFF, 0xFF, 0xFF, 0xFF, 0xFF, 0xEE, 0xC8, 0x40, 0x00,
    0xDF, 0xDF, 0xDF, 0xDF, 0xDF, 0xDF, 0xDF, 0xDF, 0xDF, 0xDF, 0xDF, 0xDF, 0xDF, 0xCF, 0xAC, 0x60,
    0xAF, 0xAF, 0xAF, 0xAF, 0xAF, 0xAF, 0xAF, 0xAF, 0xAF, 0xAF, 0xAF, 0xAF, 0xAF, 0xAF, 0x8F, 0x68,
    0x7F, 0x7F, 0x7F, 0x7F, 0x7F, 0x7F, 0x7F, 0x7F, 0x7F, 0x7F, 0x7F, 0x7F, 0x8F, 0x8F, 0x7F, 0x5E,
    0x7F, 0x7F, 0x7F, 0x7F, 0x7F, 0x7F, 0x7F, 0x7F, 0x7F, 0x7F, 0x7F, 0x7F, 0x7F, 0x7F, 0x6F, 0x4F,
    0x7F, 0x7F, 0x7F, 0x7F, 0x7F, 0x7F, 0x7F, 0x7F, 0x7F, 0x7F, 0x7F, 0x7F, 0x7F, 0x7F, 0x6F, 0x3F,
    0x7F, 0x7F, 0x7F, 0x7F, 0x7F, 0x7F, 0x7F, 0x7F, 0x7F, 0x7F, 0x7F, 0x7F, 0x7F, 0x7F, 0x6F, 0x3F,
    0x7F, 0x7F, 0x7F, 0x7F, 0x7F, 0x7F, 0x7F, 0x7F, 0x7F, 0x7F, 0x7F, 0x7F, 0x7F, 0x7F, 0x6F, 0x3F,
    0xBF, 0xAF, 0x9F, 0x7F, 0x7F, 0x7F, 0x7F, 0x7F, 0x7F, 0x7F, 0x7F, 0x7F, 0x7F, 0x7F, 0x7F, 0x7F,
    0xBF, 0xAF, 0x9F, 0x7F, 0x7F, 0x7F, 0x7F, 0x7F, 0x7F, 0x7F, 0x7F, 0x7F, 0x7F, 0x7F, 0x7F, 0x7F,
    0xAF, 0xAF, 0x9F, 0x7F, 0x7F, 0x7F, 0x7F, 0x7F, 0x7F, 0x7F, 0x7F, 0x7F, 0x7F, 0x7F, 0x7F, 0x7F,
    0x9F, 0x9F, 0x8F, 0x7F, 0x7F, 0x7F, 0x7F, 0x7F, 0x7F, 0x7F, 0x7F, 0x7F, 0x7F, 0x7F, 0x7F, 0x7F,
    0x7E, 0x7F, 0x7F, 0x7F, 0x7F, 0x7F, 0x7F, 0x7F, 0x7F, 0x7F, 0x7F, 0x7F, 0x7F, 0x7F, 0x7F, 0x7F,
    0x28, 0x5F, 0x4F, 0x4F, 0x5F, 0x5F, 0x5F, 0x5F, 0x5F, 0x5F, 0x5F, 0x5F, 0x5F, 0x5F, 0x5F, 0x5F,
    0x00, 0x2C, 0x2F, 0x1F, 0x1F, 0x1F, 0x1F, 0x1F, 0x1F, 0x1F, 0x1F, 0x1F, 0x1F, 0x1F, 0x1F, 0x1F,
    0x00, 0x00, 0x08, 0x0E, 0x0F, 0x0F, 0x0F, 0x0F, 0x0F, 0x0F, 0x0F, 0x0F, 0x0F, 0x0F, 0x0F, 0x0F,
    0x7F, 0x7F, 0x7F, 0x7F, 0x7F, 0x7F, 0x7F, 0x7F, 0x7F, 0x7F, 0x7F, 0x7F, 0x7F, 0x6F, 0x3F, 0x1F,
    0x7F, 0x7F, 0x7F, 0x7F, 0x7F, 0x7F, 0x7F, 0x7F, 0x7F, 0x7F, 0x7F, 0x7F, 0x7F, 0x6F, 0x3F, 0x1F,
    0x7F, 0x7F, 0x7F, 0x7F, 0x7F, 0x7F, 0x7F, 0x7F, 0x7F, 0x7F, 0x7F, 0x7F, 0x7F, 0x6F, 0x3F, 0x1F,
    0x7F, 0x7F, 0x7F, 0x7F, 0x7F, 0x7F, 0x7F, 0x7F, 0x7F, 0x7F, 0x7F, 0x7F, 0x7F, 0x5F, 0x2F, 0x0F,
    0x7F, 0x7F, 0x7F, 0x7F, 0x7F, 0x7F, 0x7F, 0x7F, 0x7F, 0x7F, 0x7F, 0x7F, 0x6F, 0x3F, 0x0F, 0x0E,
    0x5F, 0x5F, 0x5F, 0x5F, 0x5F, 0x5F, 0x5F, 0x5F, 0x5F, 0x5F, 0x5F, 0x4F, 0x2F, 0x0F, 0x0F, 0x08,
    0x1F, 0x1F, 0x1F, 0x1F, 0x1F, 0x1F, 0x1F, 0x1F, 0x1F, 0x1F, 0x1F, 0x0F, 0x0F, 0x0F, 0x0C, 0x00,
    0x0F, 0x0F, 0x0F, 0x0F, 0x0F, 0x0F, 0x0F, 0x0F, 0x0F, 0x0F, 0x0F, 0x0F, 0x0E, 0x08, 0x00, 0x00,
};
unsigned char ui_box_corners4_png[] = {
    0xF0, 0xF0, 0xF0, 0xF0, 0xF3, 0xF9, 0xFD, 0xFF, 0xF0, 0xF0, 0xF1, 0xF9, 0xFF, 0xFF, 0xFF, 0xFF,
    0xF0, 0xF1, 0xFB, 0xFF, 0xFF, 0xFF, 0xFF, 0xFF, 0xF0, 0xF9, 0xFF, 0xFF, 0xFF, 0xFF, 0xFF, 0xFF,
    0xF3, 0xFF, 0xFF, 0xFF, 0xFF, 0xFF, 0xFF, 0xFF, 0xF9, 0xFF, 0xFF, 0xFF, 0xFF, 0xFF, 0xFF, 0xFF,
    0xFD, 0xFF, 0xFF, 0xFF, 0xFF, 0xFF, 0xFF, 0xFF, 0xFF, 0xFF, 0xFF, 0xFF, 0xFF, 0xFF, 0xFF, 0xFF,
    0xFF, 0xFD, 0xF9, 0xF3, 0xF0, 0xF0, 0xF0, 0xF0, 0xFF, 0xFF, 0xFF, 0xFF, 0xF9, 0xF1, 0xF0, 0xF0,
    0xFF, 0xFF, 0xFF, 0xFF, 0xFF, 0xFB, 0xF1, 0xF0, 0xFF, 0xFF, 0xFF, 0xFF, 0xFF, 0xFF, 0xF9, 0xF0,
    0xFF, 0xFF, 0xFF, 0xFF, 0xFF, 0xFF, 0xFF, 0xF3, 0xFF, 0xFF, 0xFF, 0xFF, 0xFF, 0xFF, 0xFF, 0xF9,
    0xFF, 0xFF, 0xFF, 0xFF, 0xFF, 0xFF, 0xFF, 0xFD, 0xFF, 0xFF, 0xFF, 0xFF, 0xFF, 0xFF, 0xFF, 0xFF,
    0xFF, 0xFF, 0xFF, 0xFF, 0xFF, 0xFF, 0xFF, 0xFF, 0xFD, 0xFF, 0xFF, 0xFF, 0xFF, 0xFF, 0xFF, 0xFF,
    0xF9, 0xFF, 0xFF, 0xFF, 0xFF, 0xFF, 0xFF, 0xFF, 0xF3, 0xFF, 0xFF, 0xFF, 0xFF, 0xFF, 0xFF, 0xFF,
    0xF0, 0xF9, 0xFF, 0xFF, 0xFF, 0xFF, 0xFF, 0xFF, 0xF0, 0xF1, 0xFB, 0xFF, 0xFF, 0xFF, 0xFF, 0xFF,
    0xF0, 0xF0, 0xF1, 0xF9, 0xFF, 0xFF, 0xFF, 0xFF, 0xF0, 0xF0, 0xF0, 0xF0, 0xF3, 0xF9, 0xFD, 0xFF,
    0xFF, 0xFF, 0xFF, 0xFF, 0xFF, 0xFF, 0xFF, 0xFF, 0xFF, 0xFF, 0xFF, 0xFF, 0xFF, 0xFF, 0xFF, 0xFD,
    0xFF, 0xFF, 0xFF, 0xFF, 0xFF, 0xFF, 0xFF, 0xF9, 0xFF, 0xFF, 0xFF, 0xFF, 0xFF, 0xFF, 0xFF, 0xF3,
    0xFF, 0xFF, 0xFF, 0xFF, 0xFF, 0xFF, 0xF9, 0xF0, 0xFF, 0xFF, 0xFF, 0xFF, 0xFF, 0xFB, 0xF1, 0xF0,
    0xFF, 0xFF, 0xFF, 0xFF, 0xF9, 0xF1, 0xF0, 0xF0, 0xFF, 0xFD, 0xF9, 0xF3, 0xF0, 0xF0, 0xF0, 0xF0,
};
unsigned char ui_box_bg_tile_png[] = {
    0x00, 0x00, 0x00, 0x00, 0xFF, 0xFF, 0xFF, 0xFF, 0x00, 0x00, 0x00, 0x00, 0xFF, 0xFF, 0xFF, 0xFF,
    0x00, 0x00, 0x00, 0x00, 0xFF, 0xFF, 0xFF, 0xFF, 0x00, 0x00, 0x00, 0x00, 0xFF, 0xFF, 0xFF, 0xFF,
    0x00, 0x00, 0x00, 0x00, 0xFF, 0xFF, 0xFF, 0xFF, 0x00, 0x00, 0x00, 0x00, 0xFF, 0xFF, 0xFF, 0xFF,
    0x00, 0x00, 0x00, 0x00, 0xFF, 0xFF, 0xFF, 0xFF, 0x00, 0x00, 0x00, 0x00, 0xFF, 0xFF, 0xFF, 0xFF,
    0xFF, 0xFF, 0xFF, 0xFF, 0x00, 0x00, 0x00, 0x00, 0xFF, 0xFF, 0xFF, 0xFF, 0x00, 0x00, 0x00, 0x00,
    0xFF, 0xFF, 0xFF, 0xFF, 0x00, 0x00, 0x00, 0x00, 0xFF, 0xFF, 0xFF, 0xFF, 0x00, 0x00, 0x00, 0x00,
    0xFF, 0xFF, 0xFF, 0xFF, 0x00, 0x00, 0x00, 0x00, 0xFF, 0xFF, 0xFF, 0xFF, 0x00, 0x00, 0x00, 0x00,
    0xFF, 0xFF, 0xFF, 0xFF, 0x00, 0x00, 0x00, 0x00, 0xFF, 0xFF, 0xFF, 0xFF, 0x00, 0x00, 0x00, 0x00,
};
unsigned char ui_box_corners1_png[] = {
    0x00, 0x00, 0x00, 0x00, 0x00, 0x00, 0x00, 0x00, 0x00, 0x00, 0x00, 0x10, 0x20, 0x31, 0x31, 0x41,
    0x00, 0x00, 0x00, 0x00, 0x00, 0x00, 0x00, 0x00, 0x10, 0x20, 0x31, 0x54, 0x8A, 0xAF, 0xBF, 0xCF,
    0x00, 0x00, 0x00, 0x00, 0x00, 0x00, 0x10, 0x20, 0x42, 0x78, 0xBF, 0xEF, 0xEF, 0xEF, 0xDF, 0xCF,
    0x00, 0x00, 0x00, 0x00, 0x00, 0x10, 0x31, 0x65, 0xBF, 0xFF, 0xFF, 0xCF, 0xAF, 0xAF, 0xAF, 0xAF,
    0x00, 0x00, 0x00, 0x00, 0x10, 0x31, 0x8B, 0xEF, 0xFF, 0xCF, 0xAF, 0xAF, 0xAF, 0xAF, 0xAF, 0xAF,
    0x00, 0x00, 0x00, 0x10, 0x31, 0x9D, 0xFF, 0xEF, 0xAF, 0xAF, 0xAF, 0xAF, 0xAF, 0xAF, 0xAF, 0xAF,
    0x00, 0x00, 0x10, 0x30, 0x8A, 0xFF, 0xEF, 0xAF, 0xAF, 0xAF, 0xAF, 0xAF, 0xAF, 0xAF, 0xAF, 0xAF,
    0x00, 0x00, 0x20, 0x65, 0xEF, 0xEF, 0xAF, 0xAF, 0xAF, 0xAF, 0xAF, 0xAF, 0xAF, 0xAF, 0xAF, 0xAF,
    0x00, 0x10, 0x31, 0xBF, 0xFF, 0xBF, 0xAF, 0xAF, 0xAF, 0xAF, 0xAF, 0xAF, 0xAF, 0xAF, 0xAF, 0xAF,
    0x00, 0x20, 0x77, 0xFF, 0xDF, 0xAF, 0xAF, 0xAF, 0xAF, 0xAF, 0xAF, 0xAF, 0xAF, 0xAF, 0xAF, 0xAF,
    0x00, 0x31, 0xBF, 0xFF, 0xAF, 0xAF, 0xAF, 0xAF, 0xAF, 0xAF, 0xAF, 0xAF, 0xAF, 0xAF, 0xAF, 0xAF,
    0x00, 0x53, 0xEF, 0xCF, 0xAF, 0xAF, 0xAF, 0xAF, 0xAF, 0xAF, 0xAF, 0xAF, 0xAF, 0xAF, 0xAF, 0xAF,
    0x00, 0x77, 0xEF, 0xAF, 0xAF, 0xAF, 0xAF, 0xAF, 0xAF, 0xAF, 0xAF, 0xAF, 0xAF, 0xAF, 0xAF, 0xAF,
    0x10, 0x9D, 0xEF, 0xAF, 0xAF, 0xAF, 0xAF, 0xAF, 0xAF, 0xAF, 0xAF, 0xAF, 0xAF, 0xAF, 0xAF, 0xAF,
    0x10, 0xAF, 0xDF, 0xAF, 0xAF, 0xAF, 0xAF, 0xAF, 0xAF, 0xAF, 0xAF, 0xAF, 0xAF, 0xAF, 0xAF, 0xAF,
    0x10, 0xAF, 0xCF, 0xAF, 0xAF, 0xAF, 0xAF, 0xAF, 0xAF, 0xAF, 0xAF, 0xAF, 0xAF, 0xAF, 0xAF, 0xAF,
    0x31, 0x31, 0x20, 0x10, 0x10, 0x00, 0x00, 0x00, 0x00, 0x00, 0x00, 0x00, 0x00, 0x00, 0x00, 0x00,
    0xBF, 0xBF, 0x9F, 0x8A, 0x65, 0x31, 0x20, 0x10, 0x00, 0x00, 0x00, 0x00, 0x00, 0x00, 0x00, 0x00,
    0xBF, 0xBF, 0xBF, 0xBF, 0xBF, 0xAF, 0x77, 0x42, 0x10, 0x00, 0x00, 0x00, 0x00, 0x00, 0x00, 0x00,
    0xAF, 0xAF, 0xAF, 0xAF, 0xAF, 0x9F, 0x9F, 0x9D, 0x54, 0x20, 0x00, 0x00, 0x00, 0x00, 0x00, 0x00,
    0xAF, 0xAF, 0xAF, 0xAF, 0xAF, 0xAF, 0xAF, 0x9F, 0x8B, 0x77, 0x31, 0x00, 0x00, 0x00, 0x00, 0x00,
    0xAF, 0xAF, 0xAF, 0xAF, 0xAF, 0xAF, 0xAF, 0xAF, 0xAF, 0x9E, 0x77, 0x20, 0x00, 0x00, 0x00, 0x00,
    0xAF, 0xAF, 0xAF, 0xAF, 0xAF, 0xAF, 0xAF, 0xAF, 0xAF, 0xAF, 0x9D, 0x53, 0x10, 0x00, 0x00, 0x00,
    0xAF, 0xAF, 0xAF, 0xAF, 0xAF, 0xAF, 0xAF, 0xAF, 0xAF, 0xAF, 0xAF, 0x8A, 0x31, 0x10, 0x00, 0x00,
    0xAF, 0xAF, 0xAF, 0xAF, 0xAF, 0xAF, 0xAF, 0xAF, 0xAF, 0xAF, 0xAF, 0xAF, 0x66, 0x20, 0x00, 0x00,
    0xAF, 0xAF, 0xAF, 0xAF, 0xAF, 0xAF, 0xAF, 0xAF, 0xAF, 0xAF, 0xAF, 0xAF, 0x9F, 0x31, 0x00, 0x00,
    0xAF, 0xAF, 0xAF, 0xAF, 0xAF, 0xAF, 0xAF, 0xAF, 0xAF, 0xAF, 0xAF, 0xAF, 0xAF, 0x65, 0x10, 0x00,
    0xAF, 0xAF, 0xAF, 0xAF, 0xAF, 0xAF, 0xAF, 0xAF, 0xAF, 0xAF, 0xAF, 0xAF, 0xAF, 0x9D, 0x20, 0x00,
    0xAF, 0xAF, 0xAF, 0xAF, 0xAF, 0xAF, 0xAF, 0xAF, 0xAF, 0xAF, 0xAF, 0xAF, 0xAF, 0xAF, 0x20, 0x10,
    0xAF, 0xAF, 0xAF, 0xAF, 0xAF, 0xAF, 0xAF, 0xAF, 0xAF, 0xAF, 0xAF, 0xAF, 0xAF, 0xAF, 0x41, 0x10,
    0xAF, 0xAF, 0xAF, 0xAF, 0xAF, 0xAF, 0xAF, 0xAF, 0xAF, 0xAF, 0xAF, 0xAF, 0xAF, 0xAF, 0x53, 0x10,
    0xAF, 0xAF, 0xAF, 0xAF, 0xAF, 0xAF, 0xAF, 0xAF, 0xAF, 0xAF, 0xAF, 0xAF, 0xAF, 0xAF, 0x54, 0x10,
    0x10, 0xAF, 0xCF, 0xAF, 0xAF, 0xAF, 0xAF, 0xAF, 0xAF, 0xAF, 0xAF, 0xAF, 0xAF, 0xAF, 0xAF, 0xAF,
    0x10, 0x9F, 0xBF, 0xAF, 0xAF, 0xAF, 0xAF, 0xAF, 0xAF, 0xAF, 0xAF, 0xAF, 0xAF, 0xAF, 0xAF, 0xAF,
    0x00, 0x8C, 0xBF, 0xAF, 0xAF, 0xAF, 0xAF, 0xAF, 0xAF, 0xAF, 0xAF, 0xAF, 0xAF, 0xAF, 0xAF, 0xAF,
    0x00, 0x77, 0xBF, 0xAF, 0xAF, 0xAF, 0xAF, 0xAF, 0xAF, 0xAF, 0xAF, 0xAF, 0xAF, 0xAF, 0xAF, 0xAF,
    0x00, 0x53, 0xBF, 0xAF, 0xAF, 0xAF, 0xAF, 0xAF, 0xAF, 0xAF, 0xAF, 0xAF, 0xAF, 0xAF, 0xAF, 0xAF,
    0x00, 0x31, 0x9E, 0x9F, 0xAF, 0xAF, 0xAF, 0xAF, 0xAF, 0xAF, 0xAF, 0xAF, 0xAF, 0xAF, 0xAF, 0xAF,
    0x00, 0x10, 0x65, 0x9F, 0xAF, 0xAF, 0xAF, 0xAF, 0xAF, 0xAF, 0xAF, 0xAF, 0xAF, 0xAF, 0xAF, 0xAF,
    0x00, 0x00, 0x31, 0x8C, 0x9F, 0xAF, 0xAF, 0xAF, 0xAF, 0xAF, 0xAF, 0xAF, 0xAF, 0xAF, 0xAF, 0xAF,
    0x00, 0x00, 0x10, 0x53, 0x8A, 0x9F, 0xAF, 0xAF, 0xAF, 0xAF, 0xAF, 0xAF, 0xAF, 0xAF, 0xAF, 0xAF,
    0x00, 0x00, 0x00, 0x20, 0x65, 0x8B, 0xAF, 0xAF, 0xAF, 0xAF, 0xAF, 0xAF, 0xAF, 0xAF, 0xAF, 0xAF,
    0x00, 0x00, 0x00, 0x00, 0x20, 0x65, 0x8B, 0xAF, 0xAF, 0xAF, 0xAF, 0xAF, 0xAF, 0xAF, 0xAF, 0xAF,
    0x00, 0x00, 0x00, 0x00, 0x00, 0x20, 0x42, 0x78, 0x9F, 0xAF, 0xAF, 0xAF, 0xAF, 0xAF, 0xAF, 0xAF,
    0x00, 0x00, 0x00, 0x00, 0x00, 0x00, 0x10, 0x31, 0x65, 0x8C, 0xAF, 0xAF, 0xAF, 0xAF, 0xAF, 0xAF,
    0x00, 0x00, 0x00, 0x00, 0x00, 0x00, 0x00, 0x10, 0x10, 0x31, 0x53, 0x8B, 0xAF, 0xAF, 0xAF, 0xAF,
    0x00, 0x00, 0x00, 0x00, 0x00, 0x00, 0x00, 0x00, 0x00, 0x00, 0x10, 0x20, 0x20, 0x31, 0x42, 0x42,
    0x00, 0x00, 0x00, 0x00, 0x00, 0x00, 0x00, 0x00, 0x00, 0x00, 0x00, 0x00, 0x10, 0x10, 0x10, 0x10,
    0xAF, 0xAF, 0xAF, 0xAF, 0xAF, 0xAF, 0xAF, 0xAF, 0xAF, 0xAF, 0xAF, 0xAF, 0xAF, 0xAF, 0x54, 0x10,
    0xAF, 0xAF, 0xAF, 0xAF, 0xAF, 0xAF, 0xAF, 0xAF, 0xAF, 0xAF, 0xAF, 0xAF, 0xAF, 0xAF, 0x42, 0x10,
    0xAF, 0xAF, 0xAF, 0xAF, 0xAF, 0xAF, 0xAF, 0xAF, 0xAF, 0xAF, 0xAF, 0xAF, 0xAF, 0xAF, 0x31, 0x10,
    0xAF, 0xAF, 0xAF, 0xAF, 0xAF, 0xAF, 0xAF, 0xAF, 0xAF, 0xAF, 0xAF, 0xAF, 0xAF, 0xAF, 0x20, 0x10,
    0xAF, 0xAF, 0xAF, 0xAF, 0xAF, 0xAF, 0xAF, 0xAF, 0xAF, 0xAF, 0xAF, 0xAF, 0xAF, 0x8A, 0x20, 0x00,
    0xAF, 0xAF, 0xAF, 0xAF, 0xAF, 0xAF, 0xAF, 0xAF, 0xAF, 0xAF, 0xAF, 0xAF, 0xAF, 0x42, 0x20, 0x00,
    0xAF, 0xAF, 0xAF, 0xAF, 0xAF, 0xAF, 0xAF, 0xAF, 0xAF, 0xAF, 0xAF, 0xAF, 0x8C, 0x20, 0x10, 0x00,
    0xAF, 0xAF, 0xAF, 0xAF, 0xAF, 0xAF, 0xAF, 0xAF, 0xAF, 0xAF, 0xAF, 0xAF, 0x42, 0x20, 0x00, 0x00,
    0xAF, 0xAF, 0xAF, 0xAF, 0xAF, 0xAF, 0xAF, 0xAF, 0xAF, 0xAF, 0xAF, 0x66, 0x20, 0x10, 0x00, 0x00,
    0xAF, 0xAF, 0xAF, 0xAF, 0xAF, 0xAF, 0xAF, 0xAF, 0xAF, 0xAF, 0x89, 0x20, 0x10, 0x00, 0x00, 0x00,
    0xAF, 0xAF, 0xAF, 0xAF, 0xAF, 0xAF, 0xAF, 0xAF, 0xAF, 0x79, 0x20, 0x20, 0x00, 0x00, 0x00, 0x00,
    0xAF, 0xAF, 0xAF, 0xAF, 0xAF, 0xAF, 0xAF, 0xAF, 0x66, 0x20, 0x20, 0x00, 0x00, 0x00, 0x00, 0x00,
    0xAF, 0xAF, 0xAF, 0xAF, 0xAF, 0xAF, 0x8B, 0x41, 0x20, 0x10, 0x00, 0x00, 0x00, 0x00, 0x00, 0x00,
    0xAF, 0xAF, 0xAF, 0xAF, 0x79, 0x42, 0x20, 0x20, 0x10, 0x00, 0x00, 0x00, 0x00, 0x00, 0x00, 0x00,
    0x42, 0x31, 0x20, 0x20, 0x20, 0x20, 0x10, 0x00, 0x00, 0x00, 0x00, 0x00, 0x00, 0x00, 0x00, 0x00,
    0x10, 0x10, 0x10, 0x10, 0x00, 0x00, 0x00, 0x00, 0x00, 0x00, 0x00, 0x00, 0x00, 0x00, 0x00, 0x00,
};
unsigned char ui_box_corners2_png[] = {
    0x00, 0x00, 0x00, 0x00, 0x00, 0x00, 0x00, 0x00, 0x00, 0x00, 0x00, 0x00, 0x00, 0x02, 0x45, 0x67,
    0x00, 0x00, 0x00, 0x00, 0x03, 0x79, 0xAB, 0xCC, 0x00, 0x00, 0x00, 0x02, 0x69, 0xCE, 0xFF, 0xFE,
    0x00, 0x00, 0x00, 0x48, 0xCF, 0xFE, 0x95, 0x22, 0x00, 0x00, 0x04, 0x9D, 0xFF, 0x81, 0x00, 0x00,
    0x00, 0x00, 0x49, 0xDF, 0xC3, 0x00, 0x00, 0x00, 0x00, 0x02, 0x7D, 0xFB, 0x00, 0x00, 0x00, 0x00,
    0x00, 0x06, 0xBF, 0xC0, 0x00, 0x00, 0x00, 0x00, 0x00, 0x28, 0xEE, 0x30, 0x00, 0x00, 0x00, 0x00,
    0x00, 0x5B, 0xF8, 0x00, 0x00, 0x00, 0x00, 0x00, 0x01, 0x7C, 0xE2, 0x00, 0x00, 0x00, 0x00, 0x00,
    0x02, 0x8E, 0xA0, 0x00, 0x00, 0x00, 0x00, 0x00, 0x04, 0x9E, 0x60, 0x00, 0x00, 0x00, 0x00, 0x00,
    0x04, 0xAE, 0x40, 0x00, 0x00, 0x00, 0x00, 0x00, 0x04, 0x9D, 0x40, 0x00, 0x00, 0x00, 0x00, 0x00,
    0x00, 0x00, 0x00, 0x00, 0x00, 0x00, 0x00, 0x00, 0x66, 0x54, 0x20, 0x00, 0x00, 0x00, 0x00, 0x00,
    0xCC, 0xB9, 0x75, 0x20, 0x00, 0x00, 0x00, 0x00, 0xEE, 0xEE, 0xDA, 0x74, 0x10, 0x00, 0x00, 0x00,
    0x12, 0x35, 0x9C, 0xC9, 0x51, 0x00, 0x00, 0x00, 0x00, 0x00, 0x14, 0x8C, 0xA5, 0x10, 0x00, 0x00,
    0x00, 0x00, 0x00, 0x27, 0xAA, 0x40, 0x00, 0x00, 0x00, 0x00, 0x00, 0x02, 0x6A, 0x82, 0x00, 0x00,
    0x00, 0x00, 0x00, 0x00, 0x27, 0xB5, 0x00, 0x00, 0x00, 0x00, 0x00, 0x00, 0x04, 0x9A, 0x10, 0x00,
    0x00, 0x00, 0x00, 0x00, 0x02, 0x6B, 0x50, 0x00, 0x00, 0x00, 0x00, 0x00, 0x00, 0x59, 0x90, 0x00,
    0x00, 0x00, 0x00, 0x00, 0x00, 0x48, 0xB1, 0x00, 0x00, 0x00, 0x00, 0x00, 0x00, 0x38, 0xB4, 0x00,
    0x00, 0x00, 0x00, 0x00, 0x00, 0x39, 0xB6, 0x00, 0x00, 0x00, 0x00, 0x00, 0x00, 0x29, 0xB7, 0x00,
    0x04, 0x9D, 0x40, 0x00, 0x00, 0x00, 0x00, 0x00, 0x03, 0x9C, 0x40, 0x00, 0x00, 0x00, 0x00, 0x00,
    0x02, 0x7C, 0x50, 0x00, 0x00, 0x00, 0x00, 0x00, 0x01, 0x5B, 0x72, 0x00, 0x00, 0x00, 0x00, 0x00,
    0x00, 0x3A, 0x95, 0x00, 0x00, 0x00, 0x00, 0x00, 0x00, 0x17, 0xB7, 0x30, 0x00, 0x00, 0x00, 0x00,
    0x00, 0x03, 0x98, 0x61, 0x00, 0x00, 0x00, 0x00, 0x00, 0x00, 0x5A, 0x86, 0x20, 0x00, 0x00, 0x00,
    0x00, 0x00, 0x06, 0xA9, 0x74, 0x00, 0x00, 0x00, 0x00, 0x00, 0x00, 0x6A, 0x98, 0x64, 0x20, 0x00,
    0x00, 0x00, 0x00, 0x05, 0xAA, 0x99, 0x87, 0x65, 0x00, 0x00, 0x00, 0x00, 0x18, 0xBB, 0xBB, 0xCC,
    0x00, 0x00, 0x00, 0x00, 0x00, 0x28, 0xBC, 0xDD, 0x00, 0x00, 0x00, 0x00, 0x00, 0x00, 0x01, 0x46,
    0x00, 0x00, 0x00, 0x00, 0x00, 0x00, 0x00, 0x00, 0x00, 0x00, 0x00, 0x00, 0x00, 0x00, 0x00, 0x00,
    0x00, 0x00, 0x00, 0x00, 0x00, 0x3A, 0xC7, 0x00, 0x00, 0x00, 0x00, 0x00, 0x00, 0x4B, 0xC7, 0x00,
    0x00, 0x00, 0x00, 0x00, 0x00, 0x6C, 0xC5, 0x00, 0x00, 0x00, 0x00, 0x00, 0x01, 0x8D, 0xB0, 0x00,
    0x00, 0x00, 0x00, 0x00, 0x05, 0xBE, 0xA0, 0x00, 0x00, 0x00, 0x00, 0x00, 0x28, 0xED, 0x60, 0x00,
    0x00, 0x00, 0x00, 0x00, 0x7D, 0xEB, 0x00, 0x00, 0x00, 0x00, 0x00, 0x17, 0xCE, 0xD5, 0x00, 0x00,
    0x00, 0x00, 0x03, 0x7C, 0xFE, 0x80, 0x00, 0x00, 0x00, 0x03, 0x6A, 0xDF, 0xE9, 0x00, 0x00, 0x00,
    0x66, 0x8A, 0xDF, 0xFE, 0x80, 0x00, 0x00, 0x00, 0xDD, 0xEE, 0xFE, 0xB5, 0x00, 0x00, 0x00, 0x00,
    0xDD, 0xDD, 0xA5, 0x00, 0x00, 0x00, 0x00, 0x00, 0x65, 0x30, 0x00, 0x00, 0x00, 0x00, 0x00, 0x00,
    0x00, 0x00, 0x00, 0x00, 0x00, 0x00, 0x00, 0x00, 0x00, 0x00, 0x00, 0x00, 0x00, 0x00, 0x00, 0x00,
};
unsigned char ui_box_bg_flat_png[] = {
    0xFF, 0xFF, 0xFF, 0xFF, 0xFF, 0xFF, 0xFF, 0xFF,
};
unsigned char ui_input_a_button_unpressed_png[] = {
    0x00, 0x00, 0x00, 0x00, 0x00, 0x00, 0x00, 0x00, 0x00, 0x00, 0x00, 0x00, 0x00, 0x00, 0x00, 0x00,
    0x00, 0x00, 0x00, 0x00, 0x00, 0x00, 0x00, 0x00, 0x00, 0x00, 0x00, 0x00, 0x00, 0x00, 0x00, 0x00,
    0x00, 0xFF, 0xFF, 0xFF, 0xFF, 0xFF, 0xF0, 0x00, 0x00, 0x00, 0x00, 0x00, 0x00, 0x00, 0x00, 0x00,
    0x00, 0x00, 0x00, 0x00, 0x00, 0x00, 0x00, 0x00, 0xFF, 0xFF, 0xFF, 0xFF, 0xFF, 0xFF, 0xFF, 0xF0,
    0x00, 0x00, 0x00, 0x00, 0x00, 0x00, 0x00, 0x00, 0x00, 0x00, 0x00, 0x00, 0x00, 0x00, 0x00, 0xFF,
    0xFF, 0xFA, 0xA8, 0x88, 0x88, 0x8A, 0xAF, 0xFF, 0xF0, 0x00, 0x00, 0x00, 0x00, 0x00, 0x00, 0x00,
    0x00, 0x00, 0x00, 0x00, 0x00, 0x00, 0x0F, 0xFF, 0xA9, 0x88, 0x88, 0x88, 0x88, 0x88, 0x89, 0xAF,
    0xFF, 0x00, 0x00, 0x00, 0x00, 0x00, 0x00, 0x00, 0x00, 0x00, 0x00, 0x00, 0x00, 0x00, 0xFF, 0xF8,
    0x88, 0x88, 0x88, 0x88, 0x88, 0x88, 0x88, 0x88, 0xFF, 0xF0, 0x00, 0x00, 0x00, 0x00, 0x00, 0x00,
    0x00, 0x00, 0x00, 0x00, 0x00, 0x0F, 0xFF, 0x78, 0x88, 0xEE, 0xE6, 0x88, 0x88, 0x88, 0x88, 0x88,
    0x7F, 0xFF, 0x00, 0x00, 0x00, 0x00, 0x00, 0x00, 0x00, 0x00, 0x00, 0x00, 0x00, 0xFF, 0xF7, 0x88,
    0x88, 0xEE, 0xE7, 0x88, 0x88, 0x88, 0x88, 0x88, 0x87, 0xFF, 0xF0, 0x00, 0x00, 0x00, 0x00, 0x00,
    0x00, 0x00, 0x00, 0x00, 0x0F, 0xFF, 0x78, 0x88, 0x8E, 0xEE, 0xEE, 0x78, 0x88, 0x88, 0x88, 0x88,
    0x88, 0x8F, 0xFF, 0x00, 0x00, 0x00, 0x00, 0x00, 0x00, 0x00, 0x00, 0x00, 0xFF, 0xFA, 0x88, 0x88,
    0x8E, 0xEE, 0xEE, 0x68, 0x88, 0x88, 0x88, 0x88, 0x88, 0x8A, 0xFF, 0xF0, 0x00, 0x00, 0x00, 0x00,
    0x00, 0x00, 0x00, 0x0F, 0xFF, 0xF8, 0x88, 0x88, 0x8E, 0xE7, 0xEE, 0x78, 0x88, 0x88, 0x88, 0x88,
    0x88, 0x88, 0xFF, 0xFF, 0x00, 0x00, 0x00, 0x00, 0x00, 0x00, 0x00, 0xFF, 0xF2, 0xE8, 0x88, 0x88,
    0xEE, 0xE7, 0xEE, 0xE7, 0x88, 0x88, 0x88, 0x88, 0x88, 0x88, 0xE2, 0xFF, 0xF0, 0x00, 0x00, 0x00,
    0x00, 0x00, 0x0F, 0xFF, 0x2C, 0xE8, 0x88, 0x88, 0xEE, 0xE8, 0xEE, 0xE6, 0x88, 0x88, 0x88, 0x88,
    0x88, 0x88, 0xEC, 0x2F, 0xFF, 0x00, 0x00, 0x00, 0x00, 0x00, 0x0F, 0xF2, 0xCD, 0xE8, 0x88, 0x88,
    0xEE, 0xEE, 0xEE, 0xE7, 0x88, 0x88, 0x88, 0x88, 0x88, 0x88, 0xED, 0xC2, 0xFF, 0x00, 0x00, 0x00,
    0x00, 0x00, 0xFF, 0xFC, 0xCD, 0xE7, 0x88, 0x8E, 0xEE, 0xAA, 0xAA, 0xEE, 0x88, 0x88, 0x88, 0x88,
    0x88, 0x88, 0xED, 0xCC, 0xFF, 0xF0, 0x00, 0x00, 0x00, 0x00, 0xFF, 0x2C, 0xCD, 0xE7, 0x78, 0x8E,
    0xEE, 0x57, 0x7E, 0xAE, 0x78, 0x88, 0x88, 0x88, 0x88, 0x87, 0xED, 0xCC, 0x2F, 0xF0, 0x00, 0x00,
    0x00, 0x0F, 0xFF, 0xDC, 0xCD, 0xE8, 0x67, 0x8E, 0xEE, 0x88, 0x8E, 0xEE, 0x68, 0x88, 0x88, 0x88,
    0x88, 0x77, 0xED, 0xCC, 0xDF, 0xFF, 0x00, 0x00, 0x00, 0x0F, 0xFF, 0xCC, 0xCD, 0xEA, 0x85, 0x67,
    0x77, 0x88, 0x88, 0x77, 0x68, 0x88, 0x88, 0x88, 0x86, 0x58, 0xED, 0xCC, 0xCF, 0xFF, 0x00, 0x00,
    0x00, 0x0F, 0xFF, 0xCC, 0xCD, 0xEA, 0xA7, 0x55, 0x78, 0x88, 0x88, 0x88, 0x88, 0x88, 0x88, 0x86,
    0x34, 0x5A, 0xED, 0xCC, 0xCF, 0xFF, 0x00, 0x00, 0x00, 0x0F, 0xFF, 0xCC, 0xCD, 0x2A, 0xAA, 0x65,
    0x55, 0x78, 0x88, 0x88, 0x88, 0x88, 0x87, 0x41, 0x14, 0x9A, 0x2D, 0xCC, 0xCF, 0xFF, 0x00, 0x00,
    0x00, 0x0F, 0xFF, 0xCC, 0xCD, 0xDE, 0xAA, 0xA8, 0x55, 0x55, 0x78, 0x88, 0x88, 0x74, 0x31, 0x11,
    0x59, 0xAE, 0xDD, 0xCC, 0xCF, 0xFF, 0x00, 0x00, 0x00, 0x0F, 0xFF, 0xDC, 0xCC, 0xD2, 0xAA, 0xAA,
    0x87, 0x55, 0x54, 0x44, 0x33, 0x11, 0x11, 0x37, 0x9A, 0xA2, 0xDC, 0xCC, 0xDF, 0xFF, 0x00, 0x00,
    0x00, 0x0F, 0xFF, 0xDC, 0xCB, 0xDD, 0xEA, 0xAA, 0xAA, 0x87, 0x66, 0x54, 0x44, 0x33, 0x48, 0xAA,
    0xAA, 0xED, 0xDB, 0xCC, 0xDF, 0xFF, 0x00, 0x00, 0x00, 0x00, 0xFF, 0x2C, 0xBB, 0xCD, 0xDE, 0xAA,
    0xAA, 0xAA, 0xA8, 0x88, 0x88, 0x8A, 0xAA, 0xAA, 0xAE, 0xDD, 0xCB, 0xBC, 0x2F, 0xF0, 0x00, 0x00,
    0x00, 0x00, 0xFF, 0xFD, 0xBB, 0xBC, 0xDD, 0xEA, 0xAA, 0xAA, 0xAA, 0xAA, 0xAA, 0xAA, 0xAA, 0xAA,
    0xED, 0xDC, 0xBB, 0xBD, 0xFF, 0xF0, 0x00, 0x00, 0x00, 0x00, 0x0F, 0xFF, 0xDB, 0xBB, 0xCD, 0xD2,
    0xAA, 0xAA, 0xAA, 0xAA, 0xAA, 0xAA, 0xAA, 0xA2, 0xDD, 0xCB, 0xBB, 0xCF, 0xFF, 0x00, 0x00, 0x00,
    0x00, 0x00, 0x0F, 0xFF, 0xFC, 0xBB, 0xBC, 0xDD, 0xD2, 0xEA, 0xAA, 0xAA, 0xAA, 0xAA, 0xE2, 0xDD,
    0xDC, 0xBB, 0xBC, 0xFF, 0xFF, 0x00, 0x00, 0x00, 0x00, 0x00, 0x00, 0xFF, 0xFF, 0xCB, 0xBB, 0xBC,
    0xDD, 0xD2, 0x2E, 0xEE, 0xEE, 0x22, 0xDD, 0xDC, 0xBB, 0xBB, 0xCF, 0xFF, 0xF0, 0x00, 0x00, 0x00,
    0x00, 0x00, 0x00, 0x0F, 0xFF, 0xFC, 0xBB, 0xBB, 0xBC, 0xCD, 0xDD, 0xDD, 0xDD, 0xDD, 0xCC, 0xBB,
    0xBB, 0xBC, 0xFF, 0xFF, 0x00, 0x00, 0x00, 0x00, 0x00, 0x00, 0x00, 0x00, 0xFF, 0xFF, 0xDC, 0xBB,
    0xBB, 0xBB, 0xCC, 0xCC, 0xCC, 0xCB, 0xBB, 0xBB, 0xBB, 0xCF, 0xFF, 0xF0, 0x00, 0x00, 0x00, 0x00,
    0x00, 0x00, 0x00, 0x00, 0x0F, 0xFF, 0xF2, 0xCB, 0xBB, 0xBB, 0xBB, 0xBB, 0xBB, 0xBB, 0xBB, 0xBB,
    0xC2, 0xFF, 0xFF, 0x00, 0x00, 0x00, 0x00, 0x00, 0x00, 0x00, 0x00, 0x00, 0x00, 0xFF, 0xFF, 0xF2,
    0xDD, 0xCC, 0xBB, 0xBB, 0xBB, 0xBC, 0xCD, 0xD2, 0xFF, 0xFF, 0xF0, 0x00, 0x00, 0x00, 0x00, 0x00,
    0x00, 0x00, 0x00, 0x00, 0x00, 0x00, 0xFF, 0xFF, 0xFF, 0x2D, 0xDD, 0xDD, 0xDD, 0xDD, 0x2F, 0xFF,
    0xFF, 0xF0, 0x00, 0x00, 0x00, 0x00, 0x00, 0x00, 0x00, 0x00, 0x00, 0x00, 0x00, 0x00, 0x00, 0xFF,
    0xFF, 0xFF, 0xFF, 0xFF, 0xFF, 0xFF, 0xFF, 0xFF, 0xF0, 0x00, 0x00, 0x00, 0x00, 0x00, 0x00, 0x00,
    0x00, 0x00, 0x00, 0x00, 0x00, 0x00, 0x00, 0x00, 0x0F, 0xFF, 0xFF, 0xFF, 0xFF, 0xFF, 0xFF, 0x00,
    0x00, 0x00, 0x00, 0x00, 0x00, 0x00, 0x00, 0x00, 0x00, 0x00, 0x00, 0x00, 0x00, 0x00, 0x00, 0x00,
    0x00, 0x00, 0x00, 0x00, 0x00, 0x00, 0x00, 0x00, 0x00, 0x00, 0x00, 0x00, 0x00, 0x00, 0x00, 0x00,
    0x00, 0x00, 0x00, 0x00, 0x00, 0x00, 0x00, 0x00, 0x00, 0x00, 0x00, 0x00, 0x00, 0x00, 0x00, 0x00,
    0x00, 0x00, 0x00, 0x00, 0x00, 0x00, 0x00, 0x00, 0x00, 0x00, 0x00, 0x00, 0x00, 0x00, 0x00, 0x00,
    0x00, 0x00, 0x00, 0x00, 0x00, 0x00, 0x00, 0x00, 0x00, 0x00, 0x00, 0x00, 0x00, 0x00, 0x00, 0x00,
    0x00, 0x00, 0x00, 0x00, 0x00, 0x00, 0x00, 0x00, 0x00, 0x00, 0x00, 0x00, 0x00, 0x00, 0x00, 0x00,
    0x00, 0x00, 0x00, 0x00, 0x00, 0x00, 0x00, 0x00, 0x00, 0x00, 0x00, 0x00, 0x00, 0x00, 0x00, 0x00,
    0x00, 0x00, 0x00, 0x00, 0x00, 0x00, 0x00, 0x00, 0x00, 0x00, 0x00, 0x00, 0x00, 0x00, 0x00, 0x00,
};
unsigned short ui_input_a_button_unpressed_pal[] = {0x7BDE, 0xB5AD, 0x4211, 0x8437, 0x6B7B, 0x52BF, 0x4A7D, 0x39F9, 0x31AB, 0x2963, 0x2119, 0x9CE7, 0x8421, 0x6B5B, 0x1097, 0x1085};
unsigned char ui_input_a_button_pressed_png[] = {
    0x00, 0x00, 0x00, 0x00, 0x00, 0x00, 0x00, 0x00, 0x00, 0x00, 0x00, 0x00, 0x00, 0x00, 0x00, 0x00,
    0x00, 0x00, 0x00, 0x00, 0x00, 0x00, 0x00, 0x00, 0x00, 0x00, 0x00, 0x00, 0x00, 0x00, 0x00, 0x00,
    0x00, 0x00, 0x00, 0x00, 0x00, 0x00, 0x00, 0x00, 0x00, 0x00, 0x00, 0x00, 0x00, 0x00, 0x00, 0x00,
    0x00, 0x00, 0x00, 0x00, 0x00, 0x00, 0x00, 0x00, 0x00, 0x00, 0x00, 0x00, 0x00, 0x00, 0x00, 0x00,
    0x00, 0x00, 0x00, 0x00, 0x00, 0x00, 0x00, 0x00, 0x00, 0x00, 0x00, 0x00, 0x00, 0x00, 0x00, 0x00,
    0x00, 0x00, 0x00, 0x00, 0x00, 0x00, 0x00, 0x00, 0x00, 0x00, 0x00, 0x00, 0x00, 0x00, 0x00, 0x00,
    0x00, 0x00, 0x00, 0x00, 0x00, 0x00, 0x00, 0x00, 0x0F, 0xFF, 0xFF, 0xFF, 0xFF, 0xFF, 0xFF, 0x00,
    0x00, 0x00, 0x00, 0x00, 0x00, 0x00, 0x00, 0x00, 0x00, 0x00, 0x00, 0x00, 0x00, 0x00, 0x00, 0xFF,
    0xFF, 0xFF, 0xFF, 0xFF, 0xFF, 0xFF, 0xFF, 0xFF, 0xF0, 0x00, 0x00, 0x00, 0x00, 0x00, 0x00, 0x00,
    0x00, 0x00, 0x00, 0x00, 0x00, 0x00, 0xFF, 0xFF, 0xF2, 0xDD, 0xCC, 0xCC, 0xCC, 0xCD, 0xD2, 0xFF,
    0xFF, 0xF0, 0x00, 0x00, 0x00, 0x00, 0x00, 0x00, 0x00, 0x00, 0x00, 0x00, 0x00, 0xFF, 0xFF, 0xFD,
    0xCC, 0xCA, 0xA8, 0x88, 0x88, 0x8A, 0xAC, 0xCD, 0xFF, 0xFF, 0xF0, 0x00, 0x00, 0x00, 0x00, 0x00,
    0x00, 0x00, 0x00, 0x00, 0x0F, 0xFF, 0xFD, 0xCC, 0xA9, 0x88, 0x88, 0x88, 0x88, 0x88, 0x89, 0xAC,
    0xCD, 0xFF, 0xFF, 0x00, 0x00, 0x00, 0x00, 0x00, 0x00, 0x00, 0x00, 0x00, 0xFF, 0xF2, 0xCC, 0xD8,
    0x88, 0x88, 0x88, 0x88, 0x88, 0x88, 0x88, 0x88, 0xDC, 0xC2, 0xFF, 0xF0, 0x00, 0x00, 0x00, 0x00,
    0x00, 0x00, 0x00, 0x0F, 0xFF, 0x2C, 0xDD, 0x78, 0x88, 0xEE, 0xE6, 0x88, 0x88, 0x88, 0x88, 0x88,
    0x7D, 0xDC, 0x2F, 0xFF, 0x00, 0x00, 0x00, 0x00, 0x00, 0x00, 0x00, 0xFF, 0xF2, 0xCD, 0xD7, 0x88,
    0x88, 0xEE, 0xE7, 0x88, 0x88, 0x88, 0x88, 0x88, 0x87, 0xDD, 0xC2, 0xFF, 0xF0, 0x00, 0x00, 0x00,
    0x00, 0x00, 0x0F, 0xFF, 0x2C, 0xDD, 0x78, 0x88, 0x8E, 0xEE, 0xEE, 0x78, 0x88, 0x88, 0x88, 0x88,
    0x88, 0x8D, 0xDC, 0x2F, 0xFF, 0x00, 0x00, 0x00, 0x00, 0x00, 0x0F, 0xF2, 0xCD, 0xDA, 0x88, 0x88,
    0x8E, 0xEE, 0xEE, 0x68, 0x88, 0x88, 0x88, 0x88, 0x88, 0x8A, 0xDD, 0xC2, 0xFF, 0x00, 0x00, 0x00,
    0x00, 0x00, 0xFF, 0xFC, 0xCD, 0xD8, 0x88, 0x88, 0x8E, 0xE7, 0xEE, 0x78, 0x88, 0x88, 0x88, 0x88,
    0x88, 0x88, 0xDD, 0xCC, 0xFF, 0xF0, 0x00, 0x00, 0x00, 0x00, 0xFF, 0x2C, 0xCD, 0xA8, 0x88, 0x88,
    0xEE, 0xE7, 0xEE, 0xE7, 0x88, 0x88, 0x88, 0x88, 0x88, 0x88, 0xAD, 0xCC, 0x2F, 0xF0, 0x00, 0x00,
    0x00, 0x0F, 0xFF, 0xDC, 0xCD, 0xA8, 0x88, 0x88, 0xEE, 0xE8, 0xEE, 0xE6, 0x88, 0x88, 0x88, 0x88,
    0x88, 0x88, 0xAD, 0xCC, 0xDF, 0xFF, 0x00, 0x00, 0x00, 0x0F, 0xFF, 0xCC, 0xCD, 0xA8, 0x88, 0x88,
    0xEE, 0xEE, 0xEE, 0xE7, 0x88, 0x88, 0x88, 0x88, 0x88, 0x88, 0xAD, 0xCC, 0xCF, 0xFF, 0x00, 0x00,
    0x00, 0x0F, 0xFF, 0xCC, 0xCD, 0xA7, 0x88, 0x8E, 0xEE, 0xAA, 0xAA, 0xEE, 0x88, 0x88, 0x88, 0x88,
    0x88, 0x88, 0xAD, 0xCC, 0xCF, 0xFF, 0x00, 0x00, 0x00, 0x0F, 0xFF, 0xCC, 0xCD, 0xA7, 0x78, 0x8E,
    0xEE, 0x57, 0x7E, 0xAE, 0x78, 0x88, 0x88, 0x88, 0x88, 0x87, 0xAD, 0xCC, 0xCF, 0xFF, 0x00, 0x00,
    0x00, 0x0F, 0xFF, 0xCC, 0xCD, 0x28, 0x67, 0x8E, 0xEE, 0x88, 0x8E, 0xEE, 0x68, 0x88, 0x88, 0x88,
    0x88, 0x77, 0x2D, 0xCC, 0xCF, 0xFF, 0x00, 0x00, 0x00, 0x0F, 0xFF, 0xDC, 0xCC, 0xDE, 0x85, 0x67,
    0x77, 0x88, 0x88, 0x77, 0x68, 0x88, 0x88, 0x88, 0x86, 0x5E, 0xDC, 0xCC, 0xDF, 0xFF, 0x00, 0x00,
    0x00, 0x0F, 0xFF, 0xDC, 0xCB, 0xDD, 0xE7, 0x55, 0x78, 0x88, 0x88, 0x88, 0x88, 0x88, 0x88, 0x86,
    0x44, 0xED, 0xDB, 0xCC, 0xDF, 0xFF, 0x00, 0x00, 0x00, 0x00, 0xFF, 0x2C, 0xBB, 0xCD, 0xDE, 0x65,
    0x55, 0x78, 0x88, 0x88, 0x88, 0x88, 0x87, 0x43, 0x4E, 0xDD, 0xCB, 0xBC, 0x2F, 0xF0, 0x00, 0x00,
    0x00, 0x00, 0xFF, 0xFD, 0xBB, 0xBC, 0xDD, 0xE8, 0x55, 0x55, 0x78, 0x88, 0x88, 0x75, 0x43, 0x35,
    0xED, 0xDC, 0xBB, 0xBD, 0xFF, 0xF0, 0x00, 0x00, 0x00, 0x00, 0x0F, 0xFF, 0xDB, 0xBB, 0xCD, 0xDE,
    0xA7, 0x55, 0x55, 0x55, 0x44, 0x33, 0x35, 0xEE, 0xDD, 0xCB, 0xBB, 0xCF, 0xFF, 0x00, 0x00, 0x00,
    0x00, 0x00, 0x0F, 0xFF, 0xFC, 0xBB, 0xBC, 0xDD, 0xDE, 0xE7, 0x66, 0x55, 0x55, 0x45, 0xEE, 0xDD,
    0xDC, 0xBB, 0xBC, 0xFF, 0xFF, 0x00, 0x00, 0x00, 0x00, 0x00, 0x00, 0xFF, 0xFF, 0xCB, 0xBB, 0xBC,
    0xDD, 0xDE, 0xEE, 0xEE, 0xEE, 0xEE, 0xDD, 0xDC, 0xBB, 0xBB, 0xCF, 0xFF, 0xF0, 0x00, 0x00, 0x00,
    0x00, 0x00, 0x00, 0x0F, 0xFF, 0xFC, 0xBB, 0xBB, 0xBC, 0xCD, 0xDD, 0xDD, 0xDD, 0xDD, 0xCC, 0xBB,
    0xBB, 0xBC, 0xFF, 0xFF, 0x00, 0x00, 0x00, 0x00, 0x00, 0x00, 0x00, 0x00, 0xFF, 0xFF, 0xDC, 0xBB,
    0xBB, 0xBB, 0xCC, 0xCC, 0xCC, 0xCB, 0xBB, 0xBB, 0xBB, 0xCF, 0xFF, 0xF0, 0x00, 0x00, 0x00, 0x00,
    0x00, 0x00, 0x00, 0x00, 0x0F, 0xFF, 0xF2, 0xCB, 0xBB, 0xBB, 0xBB, 0xBB, 0xBB, 0xBB, 0xBB, 0xBB,
    0xC2, 0xFF, 0xFF, 0x00, 0x00, 0x00, 0x00, 0x00, 0x00, 0x00, 0x00, 0x00, 0x00, 0xFF, 0xFF, 0xF2,
    0xDD, 0xCC, 0xBB, 0xBB, 0xBB, 0xBC, 0xCD, 0xD2, 0xFF, 0xFF, 0xF0, 0x00, 0x00, 0x00, 0x00, 0x00,
    0x00, 0x00, 0x00, 0x00, 0x00, 0x00, 0xFF, 0xFF, 0xFF, 0x2D, 0xDD, 0xDD, 0xDD, 0xDD, 0x2F, 0xFF,
    0xFF, 0xF0, 0x00, 0x00, 0x00, 0x00, 0x00, 0x00, 0x00, 0x00, 0x00, 0x00, 0x00, 0x00, 0x00, 0xFF,
    0xFF, 0xFF, 0xFF, 0xFF, 0xFF, 0xFF, 0xFF, 0xFF, 0xF0, 0x00, 0x00, 0x00, 0x00, 0x00, 0x00, 0x00,
    0x00, 0x00, 0x00, 0x00, 0x00, 0x00, 0x00, 0x00, 0x0F, 0xFF, 0xFF, 0xFF, 0xFF, 0xFF, 0xFF, 0x00,
    0x00, 0x00, 0x00, 0x00, 0x00, 0x00, 0x00, 0x00, 0x00, 0x00, 0x00, 0x00, 0x00, 0x00, 0x00, 0x00,
    0x00, 0x00, 0x00, 0x00, 0x00, 0x00, 0x00, 0x00, 0x00, 0x00, 0x00, 0x00, 0x00, 0x00, 0x00, 0x00,
    0x00, 0x00, 0x00, 0x00, 0x00, 0x00, 0x00, 0x00, 0x00, 0x00, 0x00, 0x00, 0x00, 0x00, 0x00, 0x00,
    0x00, 0x00, 0x00, 0x00, 0x00, 0x00, 0x00, 0x00, 0x00, 0x00, 0x00, 0x00, 0x00, 0x00, 0x00, 0x00,
    0x00, 0x00, 0x00, 0x00, 0x00, 0x00, 0x00, 0x00, 0x00, 0x00, 0x00, 0x00, 0x00, 0x00, 0x00, 0x00,
    0x00, 0x00, 0x00, 0x00, 0x00, 0x00, 0x00, 0x00, 0x00, 0x00, 0x00, 0x00, 0x00, 0x00, 0x00, 0x00,
    0x00, 0x00, 0x00, 0x00, 0x00, 0x00, 0x00, 0x00, 0x00, 0x00, 0x00, 0x00, 0x00, 0x00, 0x00, 0x00,
    0x00, 0x00, 0x00, 0x00, 0x00, 0x00, 0x00, 0x00, 0x00, 0x00, 0x00, 0x00, 0x00, 0x00, 0x00, 0x00,
};
unsigned short ui_input_a_button_pressed_pal[] = {0x7BDE, 0xB5AD, 0x4211, 0x8437, 0x6B7B, 0x52BF, 0x4A7D, 0x39F9, 0x31AB, 0x2963, 0x2119, 0x9CE7, 0x8421, 0x6B5B, 0x1097, 0x1085};
unsigned char ui_input_analog_stick_png[] = {
    0x00, 0x00, 0x00, 0x00, 0x00, 0x00, 0xFF, 0xFF, 0xFF, 0xFF, 0xF0, 0x00, 0x00, 0x00, 0x00, 0x00,
    0x00, 0x00, 0x00, 0x00, 0x0F, 0xFF, 0xFF, 0xFF, 0xFF, 0xFF, 0xFF, 0xFF, 0x00, 0x00, 0x00, 0x00,
    0x00, 0x00, 0x00, 0x0F, 0xFF, 0xFF, 0xFF, 0xFF, 0xFF, 0xFF, 0xFF, 0xFF, 0xFF, 0x00, 0x00, 0x00,
    0x00, 0x00, 0x0F, 0xFF, 0xFF, 0xF8, 0x86, 0x55, 0x55, 0x56, 0x88, 0xFF, 0xFF, 0xFF, 0x00, 0x00,
    0x00, 0x00, 0xFF, 0xFF, 0xF4, 0x43, 0x54, 0x48, 0x98, 0x44, 0x53, 0x44, 0xFF, 0xFF, 0xF0, 0x00,
    0x00, 0x0F, 0xFF, 0xF6, 0x36, 0x42, 0x35, 0x55, 0x55, 0x55, 0x32, 0x46, 0x36, 0xFF, 0xFF, 0x00,
    0x00, 0xFF, 0xFF, 0x43, 0x46, 0x54, 0x32, 0x22, 0x22, 0x22, 0x34, 0x56, 0x43, 0x4F, 0xFF, 0xF0,
    0x00, 0xFF, 0xF6, 0x44, 0x14, 0x56, 0x55, 0x44, 0x44, 0x45, 0x56, 0x54, 0x14, 0x46, 0xFF, 0xF0,
    0x00, 0xFF, 0xF4, 0x44, 0x42, 0x14, 0x56, 0x66, 0x66, 0x66, 0x54, 0x12, 0x44, 0x44, 0xFF, 0xF0,
    0x00, 0xFF, 0xF5, 0x43, 0x34, 0x42, 0x22, 0x11, 0x11, 0x12, 0x22, 0x44, 0x33, 0x45, 0xFF, 0xF0,
    0x00, 0xFF, 0xFF, 0x43, 0x22, 0x33, 0x44, 0x44, 0x44, 0x44, 0x43, 0x32, 0x23, 0x49, 0xFF, 0xF0,
    0x00, 0x0F, 0xFF, 0xF7, 0x42, 0x22, 0x22, 0x22, 0x22, 0x22, 0x22, 0x22, 0x47, 0x9F, 0xFF, 0x00,
    0x00, 0x00, 0xFF, 0xFF, 0x98, 0x54, 0x32, 0x11, 0x11, 0x12, 0x24, 0x58, 0x99, 0xFF, 0xF0, 0x00,
    0x00, 0x00, 0x0F, 0xFF, 0xFF, 0x98, 0x77, 0x66, 0x66, 0x67, 0x78, 0x99, 0xFF, 0xFF, 0x00, 0x00,
    0x00, 0x00, 0x00, 0x0F, 0xFF, 0xFF, 0x99, 0x88, 0x88, 0x89, 0x9F, 0xFF, 0xFF, 0x00, 0x00, 0x00,
    0x00, 0x00, 0x00, 0x00, 0x00, 0xFF, 0xF7, 0x66, 0x66, 0x67, 0xFF, 0xF0, 0x00, 0x00, 0x00, 0x00,
    0x00, 0x00, 0x00, 0x00, 0x00, 0xFF, 0xF6, 0x54, 0x44, 0x56, 0xFF, 0xF0, 0x00, 0x00, 0x00, 0x00,
    0x00, 0x00, 0x00, 0x0F, 0xFF, 0xFF, 0xF8, 0x44, 0x34, 0x48, 0xFF, 0xFF, 0xFF, 0x00, 0x00, 0x00,
    0x00, 0x00, 0x0F, 0xFF, 0xFF, 0xFF, 0xA9, 0x44, 0x34, 0x49, 0xFF, 0xFF, 0xFF, 0xFF, 0x00, 0x00,
    0x00, 0x0F, 0xFF, 0xFF, 0x99, 0x88, 0xAA, 0x44, 0x34, 0x4A, 0xA8, 0x89, 0x9F, 0xFF, 0xFF, 0x00,
    0x00, 0xFF, 0xF9, 0x98, 0x88, 0x88, 0xAA, 0x64, 0x34, 0x6A, 0xA8, 0x88, 0x88, 0x99, 0xFF, 0xF0,
    0x00, 0xFF, 0xF8, 0x88, 0x88, 0x88, 0xAA, 0x84, 0x34, 0x8A, 0xA8, 0x88, 0x88, 0x88, 0xFF, 0xF0,
    0x00, 0xFF, 0xF8, 0x88, 0x88, 0x88, 0xAA, 0xA4, 0x34, 0xAA, 0xA8, 0x88, 0x88, 0x88, 0xFF, 0xF0,
    0x00, 0xFF, 0xF9, 0x98, 0x88, 0x88, 0x8A, 0xA4, 0x44, 0xAA, 0x88, 0x88, 0x88, 0x99, 0xFF, 0xF0,
    0x00, 0xFF, 0xFF, 0xFF, 0x99, 0x88, 0x8A, 0xA6, 0x46, 0xAA, 0x88, 0x89, 0x9F, 0xFF, 0xFF, 0xF0,
    0x00, 0x00, 0xFF, 0xFF, 0xFF, 0xFF, 0xFF, 0xFF, 0xFF, 0xFF, 0xFF, 0xFF, 0xFF, 0xFF, 0xF0, 0x00,
    0x00, 0x00, 0x00, 0x0F, 0xFF, 0xFF, 0xFF, 0xFF, 0xFF, 0xFF, 0xFF, 0xFF, 0xFF, 0x00, 0x00, 0x00,
    0x00, 0x00, 0x00, 0x00, 0x00, 0x0F, 0xFF, 0xFF, 0xFF, 0xFF, 0xFF, 0x00, 0x00, 0x00, 0x00, 0x00,
    0x00, 0x00, 0x00, 0x00, 0x00, 0x00, 0x00, 0x00, 0x00, 0x00, 0x00, 0x00, 0x00, 0x00, 0x00, 0x00,
    0x00, 0x00, 0x00, 0x00, 0x00, 0x00, 0x00, 0x00, 0x00, 0x00, 0x00, 0x00, 0x00, 0x00, 0x00, 0x00,
    0x00, 0x00, 0x00, 0x00, 0x00, 0x00, 0x00, 0x00, 0x00, 0x00, 0x00, 0x00, 0x00, 0x00, 0x00, 0x00,
    0x00, 0x00, 0x00, 0x00, 0x00, 0x00, 0x00, 0x00, 0x00, 0x00, 0x00, 0x00, 0x00, 0x00, 0x00, 0x00,
};
unsigned short ui_input_analog_stick_pal[] = {0x7BDE, 0xD6B5, 0xC635, 0xB5B1, 0x9CEB, 0x8C69, 0x7BE5, 0x6B61, 0x5299, 0x318F, 0x210B, 0x003F, 0x003F, 0x003F, 0x003F, 0x1085};
unsigned char ui_input_analog_stick_left_png[] = {
    0x00, 0x00, 0x00, 0x00, 0x00, 0x00, 0x00, 0x00, 0x00, 0x00, 0x00, 0x00, 0x00, 0x00, 0x00, 0x00,
    0x00, 0x00, 0x00, 0x00, 0x00, 0x00, 0x00, 0x00, 0x00, 0x00, 0x00, 0x00, 0x00, 0x00, 0x00, 0x00,
    0x00, 0x00, 0x00, 0x00, 0x00, 0x00, 0x00, 0x00, 0x00, 0x00, 0x00, 0x00, 0x00, 0x00, 0x00, 0xFF,
    0xFF, 0xF0, 0x00, 0x00, 0x00, 0x00, 0x00, 0x00, 0x00, 0x00, 0x00, 0x00, 0x00, 0x00, 0x00, 0x00,
    0x00, 0x00, 0xFF, 0xFF, 0xFF, 0xFF, 0xF0, 0x00, 0x00, 0x00, 0x00, 0x00, 0x00, 0x00, 0x00, 0x00,
    0x00, 0x00, 0x00, 0x00, 0x00, 0xFF, 0xFF, 0xFF, 0xFF, 0xFF, 0xFF, 0x00, 0x00, 0x00, 0x00, 0x00,
    0x00, 0x00, 0x00, 0x00, 0x00, 0x00, 0x00, 0x00, 0xFF, 0xFF, 0xF8, 0x63, 0x44, 0x6F, 0xFF, 0xF0,
    0x00, 0x00, 0x00, 0x00, 0x00, 0x00, 0x00, 0x00, 0x00, 0x00, 0x00, 0x0F, 0xFF, 0xF8, 0x44, 0x64,
    0x34, 0x46, 0xFF, 0xF0, 0x00, 0x00, 0x00, 0x00, 0x00, 0x00, 0x00, 0x00, 0x00, 0x00, 0x00, 0xFF,
    0xFF, 0x85, 0x34, 0x64, 0x14, 0x34, 0x9F, 0xF0, 0x00, 0x00, 0x00, 0x00, 0x00, 0x00, 0x00, 0x00,
    0x00, 0x00, 0x0F, 0xFF, 0xF5, 0x45, 0x34, 0x54, 0x24, 0x33, 0x9F, 0xF0, 0x00, 0x00, 0x00, 0x00,
    0x00, 0x00, 0x00, 0x00, 0x00, 0x00, 0xFF, 0xFF, 0x58, 0x45, 0x33, 0x63, 0x24, 0x23, 0x9F, 0xF0,
    0x00, 0x00, 0x00, 0x00, 0x00, 0x00, 0x00, 0x00, 0x00, 0x0F, 0xFF, 0xF5, 0x98, 0x52, 0x25, 0x41,
    0x42, 0x24, 0x9F, 0xF0, 0x00, 0x00, 0x00, 0x00, 0x00, 0x00, 0x00, 0x00, 0x00, 0x0F, 0xFF, 0x58,
    0x85, 0x22, 0x46, 0x13, 0x42, 0x28, 0xFF, 0x00, 0x00, 0x00, 0x00, 0x00, 0x00, 0x00, 0x00, 0x00,
    0x00, 0xFF, 0xF6, 0x44, 0x52, 0x24, 0x61, 0x24, 0x22, 0x59, 0xFF, 0x00, 0x00, 0x00, 0x00, 0x00,
    0x00, 0x00, 0x00, 0x00, 0x00, 0xFF, 0x85, 0x45, 0x22, 0x46, 0x11, 0x42, 0x22, 0x8F, 0xF0, 0x00,
    0x00, 0x00, 0x00, 0x00, 0x00, 0x00, 0x00, 0x00, 0x0F, 0xFF, 0x33, 0x32, 0x24, 0x61, 0x14, 0x22,
    0x27, 0x9F, 0xF0, 0x00, 0x00, 0x00, 0x00, 0x00, 0x00, 0x00, 0x00, 0x00, 0x0F, 0xF8, 0x42, 0x43,
    0x56, 0x11, 0x42, 0x11, 0x69, 0x9F, 0xF0, 0x00, 0x00, 0x00, 0x00, 0x00, 0x00, 0x00, 0x00, 0x00,
    0xFF, 0xF6, 0x66, 0x66, 0x41, 0x24, 0x21, 0x16, 0x88, 0x7F, 0xFF, 0xFF, 0xFF, 0xFF, 0xFF, 0xF0,
    0x00, 0x00, 0x00, 0x00, 0xFF, 0xF3, 0x44, 0x43, 0x13, 0x42, 0x21, 0x68, 0x86, 0x56, 0xFF, 0xFF,
    0xFF, 0xFF, 0xFF, 0xFF, 0xFF, 0x00, 0x00, 0x00, 0xFF, 0xF4, 0x21, 0x22, 0x44, 0x22, 0x16, 0x88,
    0x64, 0x54, 0x9F, 0xAF, 0xFF, 0xFF, 0xFF, 0xFF, 0xFF, 0xFF, 0x00, 0x00, 0xFF, 0xF4, 0x44, 0x44,
    0x22, 0x23, 0x79, 0x86, 0x44, 0x44, 0x4A, 0xAA, 0x88, 0x88, 0x88, 0x89, 0x9F, 0xFF, 0xFF, 0x00,
    0xFF, 0xF4, 0x43, 0x32, 0x22, 0x48, 0x99, 0x75, 0x43, 0x34, 0x49, 0xAA, 0x88, 0x88, 0x88, 0x88,
    0x88, 0x99, 0xFF, 0xF0, 0x0F, 0xF6, 0x44, 0x34, 0x47, 0x9F, 0xFF, 0xA6, 0x44, 0x33, 0x46, 0xAA,
    0xA8, 0x88, 0x88, 0x88, 0x88, 0x88, 0xFF, 0xF0, 0x0F, 0xFF, 0x64, 0x47, 0x9F, 0xFF, 0xFF, 0xA9,
    0x84, 0x43, 0x34, 0xAA, 0xA8, 0x88, 0x88, 0x88, 0x88, 0x88, 0xFF, 0xF0, 0x00, 0xFF, 0xFF, 0xFF,
    0xFF, 0xFF, 0xFF, 0xAA, 0x9A, 0x64, 0x33, 0x4A, 0xAA, 0x88, 0x88, 0x88, 0x88, 0x99, 0xFF, 0xF0,
    0x00, 0x0F, 0xFF, 0xFF, 0xF0, 0xFF, 0xFF, 0xFF, 0xAA, 0xA8, 0x44, 0x4A, 0xAA, 0x88, 0x88, 0x89,
    0x9F, 0xFF, 0xFF, 0xF0, 0x00, 0x00, 0x00, 0x00, 0x00, 0x00, 0xFF, 0xFF, 0xFF, 0xFF, 0xFF, 0xFF,
    0xFF, 0xFF, 0xFF, 0xFF, 0xFF, 0xFF, 0xF0, 0x00, 0x00, 0x00, 0x00, 0x00, 0x00, 0x00, 0x00, 0x0F,
    0xFF, 0xFF, 0xFF, 0xFF, 0xFF, 0xFF, 0xFF, 0xFF, 0xFF, 0x00, 0x00, 0x00, 0x00, 0x00, 0x00, 0x00,
    0x00, 0x00, 0x00, 0x00, 0x00, 0x0F, 0xFF, 0xFF, 0xFF, 0xFF, 0xFF, 0x00, 0x00, 0x00, 0x00, 0x00,
    0x00, 0x00, 0x00, 0x00, 0x00, 0x00, 0x00, 0x00, 0x00, 0x00, 0x00, 0x00, 0x00, 0x00, 0x00, 0x00,
    0x00, 0x00, 0x00, 0x00, 0x00, 0x00, 0x00, 0x00, 0x00, 0x00, 0x00, 0x00, 0x00, 0x00, 0x00, 0x00,
    0x00, 0x00, 0x00, 0x00, 0x00, 0x00, 0x00, 0x00, 0x00, 0x00, 0x00, 0x00, 0x00, 0x00, 0x00, 0x00,
    0x00, 0x00, 0x00, 0x00, 0x00, 0x00, 0x00, 0x00, 0x00, 0x00, 0x00, 0x00, 0x00, 0x00, 0x00, 0x00,
    0x00, 0x00, 0x00, 0x00, 0x00, 0x00, 0x00, 0x00, 0x00, 0x00, 0x00, 0x00, 0x00, 0x00, 0x00, 0x00,
};
unsigned short ui_input_analog_stick_left_pal[] = {0x7BDE, 0xD6B5, 0xC635, 0xB5B1, 0x9CEB, 0x8C69, 0x7BE5, 0x6B61, 0x5299, 0x318F, 0x210B, 0x003F, 0x003F, 0x003F, 0x003F, 0x1085};
unsigned char ui_input_analog_stick2_png[] = {
    0x00, 0x00, 0x00, 0x00, 0x00, 0x00, 0x0F, 0xFF, 0xFF, 0xFF, 0xFF, 0x00, 0x00, 0x00, 0x00, 0x00,
    0x00, 0x00, 0x00, 0x00, 0x00, 0xFF, 0xFF, 0xFF, 0xFF, 0xFF, 0xFF, 0xFF, 0xF0, 0x00, 0x00, 0x00,
    0x00, 0x00, 0x00, 0x00, 0xFF, 0xFF, 0xFF, 0xFF, 0xFF, 0xFF, 0xFF, 0xFF, 0xFF, 0xF0, 0x00, 0x00,
    0x00, 0x00, 0x00, 0xFF, 0xFF, 0xFF, 0x88, 0x65, 0x55, 0x55, 0x68, 0x8F, 0xFF, 0xFF, 0xF0, 0x00,
    0x00, 0x00, 0x0F, 0xFF, 0xFF, 0x44, 0x35, 0x44, 0x89, 0x84, 0x45, 0x34, 0x4F, 0xFF, 0xFF, 0x00,
    0x00, 0x00, 0xFF, 0xFF, 0x63, 0x64, 0x23, 0x55, 0x55, 0x55, 0x53, 0x24, 0x63, 0x6F, 0xFF, 0xF0,
    0x00, 0x0F, 0xFF, 0xF4, 0x34, 0x65, 0x43, 0x22, 0x22, 0x22, 0x23, 0x45, 0x64, 0x34, 0xFF, 0xFF,
    0x00, 0x0F, 0xFF, 0x64, 0x41, 0x45, 0x65, 0x54, 0x44, 0x44, 0x55, 0x65, 0x41, 0x44, 0x6F, 0xFF,
    0x00, 0x0F, 0xFF, 0x44, 0x44, 0x21, 0x45, 0x66, 0x66, 0x66, 0x65, 0x41, 0x24, 0x44, 0x4F, 0xFF,
    0x00, 0x0F, 0xFF, 0x54, 0x33, 0x44, 0x22, 0x21, 0x11, 0x11, 0x22, 0x24, 0x43, 0x34, 0x5F, 0xFF,
    0x00, 0x0F, 0xFF, 0xF4, 0x32, 0x23, 0x34, 0x44, 0x44, 0x44, 0x44, 0x33, 0x22, 0x34, 0x9F, 0xFF,
    0x00, 0x00, 0xFF, 0xFF, 0x74, 0x22, 0x22, 0x22, 0x22, 0x22, 0x22, 0x22, 0x24, 0x79, 0xFF, 0xF0,
    0x00, 0x00, 0x0F, 0xFF, 0xF9, 0x85, 0x43, 0x21, 0x11, 0x11, 0x22, 0x45, 0x89, 0x9F, 0xFF, 0x00,
    0x00, 0x00, 0x00, 0xFF, 0xFF, 0xF9, 0x87, 0x76, 0x66, 0x66, 0x77, 0x89, 0x9F, 0xFF, 0xF0, 0x00,
    0x00, 0x00, 0x00, 0x00, 0xFF, 0xFF, 0xF9, 0x98, 0x88, 0x88, 0x99, 0xFF, 0xFF, 0xF0, 0x00, 0x00,
    0x00, 0x00, 0x00, 0x00, 0x00, 0xFF, 0xF9, 0x66, 0x66, 0x67, 0x7F, 0xF0, 0x00, 0x00, 0x00, 0x00,
    0x00, 0x00, 0x00, 0x00, 0x00, 0xFF, 0xF9, 0x64, 0x44, 0x56, 0x8F, 0xF0, 0x00, 0x00, 0x00, 0x00,
    0x00, 0x00, 0x00, 0x0F, 0xFF, 0xFF, 0xF9, 0x74, 0x43, 0x44, 0x9F, 0xFF, 0xFF, 0x00, 0x00, 0x00,
    0x00, 0x00, 0x0F, 0xFF, 0xFF, 0xFF, 0xA9, 0x74, 0x43, 0x46, 0xFF, 0xFF, 0xFF, 0xFF, 0x00, 0x00,
    0x00, 0x0F, 0xFF, 0xFF, 0x99, 0x88, 0xAA, 0x74, 0x43, 0x48, 0xAF, 0x89, 0x9F, 0xFF, 0xFF, 0x00,
    0x00, 0xFF, 0xF9, 0x98, 0x88, 0x88, 0xAA, 0x84, 0x34, 0x4A, 0xAF, 0x88, 0x88, 0x99, 0xFF, 0xF0,
    0x00, 0xFF, 0xF8, 0x88, 0x88, 0x88, 0xAA, 0x84, 0x34, 0x6A, 0xA8, 0x88, 0x88, 0x88, 0xFF, 0xF0,
    0x00, 0xFF, 0xF8, 0x88, 0x88, 0x88, 0x8A, 0xA4, 0x34, 0x8A, 0xA8, 0x88, 0x88, 0x88, 0xFF, 0xF0,
    0x00, 0xFF, 0xF9, 0x98, 0x88, 0x88, 0x8A, 0xA4, 0x44, 0xAA, 0x88, 0x88, 0x88, 0x99, 0xFF, 0xF0,
    0x00, 0xFF, 0xFF, 0xFF, 0x99, 0x88, 0x8A, 0xA6, 0x46, 0xAA, 0x88, 0x89, 0x9F, 0xFF, 0xFF, 0xF0,
    0x00, 0x00, 0xFF, 0xFF, 0xFF, 0xFF, 0xFF, 0xFF, 0xFF, 0xFF, 0xFF, 0xFF, 0xFF, 0xFF, 0xF0, 0x00,
    0x00, 0x00, 0x00, 0x0F, 0xFF, 0xFF, 0xFF, 0xFF, 0xFF, 0xFF, 0xFF, 0xFF, 0xFF, 0x00, 0x00, 0x00,
    0x00, 0x00, 0x00, 0x00, 0x00, 0x0F, 0xFF, 0xFF, 0xFF, 0xFF, 0xFF, 0x00, 0x00, 0x00, 0x00, 0x00,
    0x00, 0x00, 0x00, 0x00, 0x00, 0x00, 0x00, 0x00, 0x00, 0x00, 0x00, 0x00, 0x00, 0x00, 0x00, 0x00,
    0x00, 0x00, 0x00, 0x00, 0x00, 0x00, 0x00, 0x00, 0x00, 0x00, 0x00, 0x00, 0x00, 0x00, 0x00, 0x00,
    0x00, 0x00, 0x00, 0x00, 0x00, 0x00, 0x00, 0x00, 0x00, 0x00, 0x00, 0x00, 0x00, 0x00, 0x00, 0x00,
    0x00, 0x00, 0x00, 0x00, 0x00, 0x00, 0x00, 0x00, 0x00, 0x00, 0x00, 0x00, 0x00, 0x00, 0x00, 0x00,
};
unsigned short ui_input_analog_stick2_pal[] = {0x7BDE, 0xD6B5, 0xC635, 0xB5B1, 0x9CEB, 0x8C69, 0x7BE5, 0x6B61, 0x5299, 0x318F, 0x210B, 0x003F, 0x003F, 0x003F, 0x003F, 0x1085};
unsigned char ui_input_analog_stick_right_png[] = {
    0x00, 0x00, 0x00, 0x00, 0x00, 0x00, 0x00, 0x00, 0x00, 0x00, 0x00, 0x00, 0x00, 0x00, 0x00, 0x00,
    0x00, 0x00, 0x00, 0x00, 0x00, 0x00, 0x00, 0x00, 0x00, 0x00, 0x00, 0x00, 0x00, 0x00, 0x00, 0x00,
    0x00, 0x00, 0x00, 0x00, 0x00, 0x00, 0x00, 0x00, 0x00, 0x00, 0x00, 0x00, 0x00, 0x00, 0x00, 0x00,
    0x00, 0x00, 0x0F, 0xFF, 0xFF, 0x00, 0x00, 0x00, 0x00, 0x00, 0x00, 0x00, 0x00, 0x00, 0x00, 0x00,
    0x00, 0x00, 0x00, 0x00, 0x00, 0x0F, 0xFF, 0xFF, 0xFF, 0xFF, 0x00, 0x00, 0x00, 0x00, 0x00, 0x00,
    0x00, 0x00, 0x00, 0x00, 0x00, 0x00, 0x00, 0x00, 0x00, 0xFF, 0xFF, 0xFF, 0xFF, 0xFF, 0xFF, 0x00,
    0x00, 0x00, 0x00, 0x00, 0x00, 0x00, 0x00, 0x00, 0x00, 0x00, 0x00, 0x00, 0x0F, 0xFF, 0xF6, 0x44,
    0x36, 0x8F, 0xFF, 0xFF, 0x00, 0x00, 0x00, 0x00, 0x00, 0x00, 0x00, 0x00, 0x00, 0x00, 0x00, 0x00,
    0x0F, 0xFF, 0x64, 0x43, 0x46, 0x44, 0x8F, 0xFF, 0xF0, 0x00, 0x00, 0x00, 0x00, 0x00, 0x00, 0x00,
    0x00, 0x00, 0x00, 0x00, 0x0F, 0xF9, 0x43, 0x41, 0x46, 0x43, 0x58, 0xFF, 0xFF, 0x00, 0x00, 0x00,
    0x00, 0x00, 0x00, 0x00, 0x00, 0x00, 0x00, 0x00, 0x0F, 0xF9, 0x33, 0x42, 0x45, 0x43, 0x54, 0x5F,
    0xFF, 0xF0, 0x00, 0x00, 0x00, 0x00, 0x00, 0x00, 0x00, 0x00, 0x00, 0x00, 0x0F, 0xF9, 0x32, 0x42,
    0x36, 0x33, 0x54, 0x85, 0xFF, 0xFF, 0x00, 0x00, 0x00, 0x00, 0x00, 0x00, 0x00, 0x00, 0x00, 0x00,
    0x0F, 0xF9, 0x42, 0x24, 0x14, 0x52, 0x25, 0x89, 0x5F, 0xFF, 0xF0, 0x00, 0x00, 0x00, 0x00, 0x00,
    0x00, 0x00, 0x00, 0x00, 0x00, 0xFF, 0x82, 0x24, 0x31, 0x64, 0x22, 0x58, 0x85, 0xFF, 0xF0, 0x00,
    0x00, 0x00, 0x00, 0x00, 0x00, 0x00, 0x00, 0x00, 0x00, 0xFF, 0x95, 0x22, 0x42, 0x16, 0x42, 0x25,
    0x44, 0x6F, 0xFF, 0x00, 0x00, 0x00, 0x00, 0x00, 0x00, 0x00, 0x00, 0x00, 0x00, 0x0F, 0xF8, 0x22,
    0x24, 0x11, 0x64, 0x22, 0x54, 0x58, 0xFF, 0x00, 0x00, 0x00, 0x00, 0x00, 0x00, 0x00, 0x00, 0x00,
    0x00, 0x0F, 0xF9, 0x72, 0x22, 0x41, 0x16, 0x42, 0x23, 0x33, 0xFF, 0xF0, 0x00, 0x00, 0x00, 0x00,
    0x00, 0x00, 0x00, 0x00, 0x00, 0x0F, 0xF9, 0x96, 0x11, 0x24, 0x11, 0x65, 0x34, 0x24, 0x8F, 0xF0,
    0x00, 0x00, 0x00, 0x00, 0x0F, 0xFF, 0xFF, 0xFF, 0xFF, 0xFF, 0xF7, 0x88, 0x61, 0x12, 0x42, 0x14,
    0x66, 0x66, 0x6F, 0xFF, 0x00, 0x00, 0x00, 0xFF, 0xFF, 0xFF, 0xFF, 0xFF, 0xFF, 0xFF, 0x65, 0x68,
    0x86, 0x12, 0x24, 0x31, 0x34, 0x44, 0x3F, 0xFF, 0x00, 0x00, 0xFF, 0xFF, 0xFF, 0xFF, 0xFF, 0xFF,
    0xFA, 0xF9, 0x45, 0x46, 0x88, 0x61, 0x22, 0x44, 0x22, 0x12, 0x4F, 0xFF, 0x00, 0xFF, 0xFF, 0xF9,
    0x98, 0x88, 0x88, 0x88, 0xAA, 0xA4, 0x44, 0x44, 0x68, 0x97, 0x32, 0x22, 0x44, 0x44, 0x4F, 0xFF,
    0x0F, 0xFF, 0x99, 0x88, 0x88, 0x88, 0x88, 0x88, 0xAA, 0x94, 0x43, 0x34, 0x57, 0x99, 0x84, 0x22,
    0x23, 0x34, 0x4F, 0xFF, 0x0F, 0xFF, 0x88, 0x88, 0x88, 0x88, 0x88, 0x8A, 0xAA, 0x64, 0x33, 0x44,
    0x6A, 0xFF, 0xF9, 0x74, 0x43, 0x44, 0x6F, 0xF0, 0x0F, 0xFF, 0x88, 0x88, 0x88, 0x88, 0x88, 0x8A,
    0xAA, 0x43, 0x34, 0x48, 0x9A, 0xFF, 0xFF, 0xF9, 0x74, 0x46, 0xFF, 0xF0, 0x0F, 0xFF, 0x99, 0x88,
    0x88, 0x88, 0x88, 0xAA, 0xA4, 0x33, 0x46, 0xA9, 0xAA, 0xFF, 0xFF, 0xFF, 0xFF, 0xFF, 0xFF, 0x00,
    0x0F, 0xFF, 0xFF, 0xF9, 0x98, 0x88, 0x88, 0xAA, 0xA4, 0x44, 0x8A, 0xAA, 0xFF, 0xFF, 0xFF, 0x0F,
    0xFF, 0xFF, 0xF0, 0x00, 0x00, 0x0F, 0xFF, 0xFF, 0xFF, 0xFF, 0xFF, 0xFF, 0xFF, 0xFF, 0xFF, 0xFF,
    0xFF, 0xFF, 0x00, 0x00, 0x00, 0x00, 0x00, 0x00, 0x00, 0x00, 0x00, 0xFF, 0xFF, 0xFF, 0xFF, 0xFF,
    0xFF, 0xFF, 0xFF, 0xFF, 0xF0, 0x00, 0x00, 0x00, 0x00, 0x00, 0x00, 0x00, 0x00, 0x00, 0x00, 0x00,
    0x00, 0xFF, 0xFF, 0xFF, 0xFF, 0xFF, 0xF0, 0x00, 0x00, 0x00, 0x00, 0x00, 0x00, 0x00, 0x00, 0x00,
    0x00, 0x00, 0x00, 0x00, 0x00, 0x00, 0x00, 0x00, 0x00, 0x00, 0x00, 0x00, 0x00, 0x00, 0x00, 0x00,
    0x00, 0x00, 0x00, 0x00, 0x00, 0x00, 0x00, 0x00, 0x00, 0x00, 0x00, 0x00, 0x00, 0x00, 0x00, 0x00,
    0x00, 0x00, 0x00, 0x00, 0x00, 0x00, 0x00, 0x00, 0x00, 0x00, 0x00, 0x00, 0x00, 0x00, 0x00, 0x00,
    0x00, 0x00, 0x00, 0x00, 0x00, 0x00, 0x00, 0x00, 0x00, 0x00, 0x00, 0x00, 0x00, 0x00, 0x00, 0x00,
    0x00, 0x00, 0x00, 0x00, 0x00, 0x00, 0x00, 0x00, 0x00, 0x00, 0x00, 0x00, 0x00, 0x00, 0x00, 0x00,
};
unsigned short ui_input_analog_stick_right_pal[] = {0x7BDE, 0xD6B5, 0xC635, 0xB5B1, 0x9CEB, 0x8C69, 0x7BE5, 0x6B61, 0x5299, 0x318F, 0x210B, 0x003F, 0x003F, 0x003F, 0x003F, 0x1085};
unsigned char ui_input_analog_stick3_png[] = {
    0x00, 0x00, 0x00, 0x00, 0x00, 0x0F, 0xFF, 0xFF, 0xFF, 0xFF, 0x00, 0x00, 0x00, 0x00, 0x00, 0x00,
    0x00, 0x00, 0x00, 0x00, 0xFF, 0xFF, 0xFF, 0xFF, 0xFF, 0xFF, 0xFF, 0xF0, 0x00, 0x00, 0x00, 0x00,
    0x00, 0x00, 0x00, 0xFF, 0xFF, 0xFF, 0xFF, 0xFF, 0xFF, 0xFF, 0xFF, 0xFF, 0xF0, 0x00, 0x00, 0x00,
    0x00, 0x00, 0xFF, 0xFF, 0xFF, 0x88, 0x65, 0x55, 0x55, 0x68, 0x8F, 0xFF, 0xFF, 0xF0, 0x00, 0x00,
    0x00, 0x0F, 0xFF, 0xFF, 0x44, 0x35, 0x44, 0x89, 0x84, 0x45, 0x34, 0x4F, 0xFF, 0xFF, 0x00, 0x00,
    0x00, 0xFF, 0xFF, 0x63, 0x64, 0x23, 0x55, 0x55, 0x55, 0x53, 0x24, 0x63, 0x6F, 0xFF, 0xF0, 0x00,
    0x0F, 0xFF, 0xF4, 0x34, 0x65, 0x43, 0x22, 0x22, 0x22, 0x23, 0x45, 0x64, 0x34, 0xFF, 0xFF, 0x00,
    0x0F, 0xFF, 0x64, 0x41, 0x45, 0x65, 0x54, 0x44, 0x44, 0x55, 0x65, 0x41, 0x44, 0x6F, 0xFF, 0x00,
    0x0F, 0xFF, 0x44, 0x44, 0x21, 0x45, 0x66, 0x66, 0x66, 0x65, 0x41, 0x24, 0x44, 0x4F, 0xFF, 0x00,
    0x0F, 0xFF, 0x54, 0x33, 0x44, 0x22, 0x21, 0x11, 0x11, 0x22, 0x24, 0x43, 0x34, 0x5F, 0xFF, 0x00,
    0x0F, 0xFF, 0x94, 0x32, 0x23, 0x34, 0x44, 0x44, 0x44, 0x44, 0x33, 0x22, 0x34, 0xFF, 0xFF, 0x00,
    0x00, 0xFF, 0xF9, 0x74, 0x22, 0x22, 0x22, 0x22, 0x22, 0x22, 0x22, 0x24, 0x7F, 0xFF, 0xF0, 0x00,
    0x00, 0x0F, 0xFF, 0x99, 0x85, 0x42, 0x21, 0x11, 0x11, 0x23, 0x45, 0x89, 0xFF, 0xFF, 0x00, 0x00,
    0x00, 0x00, 0xFF, 0xFF, 0x99, 0x87, 0x76, 0x66, 0x66, 0x77, 0x89, 0xFF, 0xFF, 0xF0, 0x00, 0x00,
    0x00, 0x00, 0x00, 0xFF, 0xFF, 0xF9, 0x98, 0x88, 0x88, 0x99, 0xFF, 0xFF, 0xF0, 0x00, 0x00, 0x00,
    0x00, 0x00, 0x00, 0x00, 0x00, 0xFF, 0x77, 0x66, 0x66, 0x69, 0xFF, 0xF0, 0x00, 0x00, 0x00, 0x00,
    0x00, 0x00, 0x00, 0x00, 0x00, 0xFF, 0x86, 0x54, 0x44, 0x69, 0xFF, 0xF0, 0x00, 0x00, 0x00, 0x00,
    0x00, 0x00, 0x00, 0x0F, 0xFF, 0xFF, 0x94, 0x43, 0x44, 0x79, 0xFF, 0xFF, 0xFF, 0x00, 0x00, 0x00,
    0x00, 0x00, 0x0F, 0xFF, 0xFF, 0xFF, 0xF6, 0x43, 0x44, 0x79, 0xAF, 0xFF, 0xFF, 0xFF, 0x00, 0x00,
    0x00, 0x0F, 0xFF, 0xFF, 0x99, 0x8F, 0xA8, 0x43, 0x44, 0x7A, 0xA8, 0x89, 0x9F, 0xFF, 0xFF, 0x00,
    0x00, 0xFF, 0xF9, 0x98, 0x88, 0x8F, 0xAA, 0x44, 0x34, 0x8A, 0xA8, 0x88, 0x88, 0x99, 0xFF, 0xF0,
    0x00, 0xFF, 0xF8, 0x88, 0x88, 0x88, 0xAA, 0x64, 0x34, 0x8A, 0xA8, 0x88, 0x88, 0x88, 0xFF, 0xF0,
    0x00, 0xFF, 0xF8, 0x88, 0x88, 0x88, 0xAA, 0x84, 0x34, 0xAA, 0x88, 0x88, 0x88, 0x88, 0xFF, 0xF0,
    0x00, 0xFF, 0xF9, 0x98, 0x88, 0x88, 0x8A, 0xA4, 0x44, 0xAA, 0x88, 0x88, 0x88, 0x99, 0xFF, 0xF0,
    0x00, 0xFF, 0xFF, 0xFF, 0x99, 0x88, 0x8A, 0xA6, 0x46, 0xAA, 0x88, 0x89, 0x9F, 0xFF, 0xFF, 0xF0,
    0x00, 0x00, 0xFF, 0xFF, 0xFF, 0xFF, 0xFF, 0xFF, 0xFF, 0xFF, 0xFF, 0xFF, 0xFF, 0xFF, 0xF0, 0x00,
    0x00, 0x00, 0x00, 0x0F, 0xFF, 0xFF, 0xFF, 0xFF, 0xFF, 0xFF, 0xFF, 0xFF, 0xFF, 0x00, 0x00, 0x00,
    0x00, 0x00, 0x00, 0x00, 0x00, 0x0F, 0xFF, 0xFF, 0xFF, 0xFF, 0xFF, 0x00, 0x00, 0x00, 0x00, 0x00,
    0x00, 0x00, 0x00, 0x00, 0x00, 0x00, 0x00, 0x00, 0x00, 0x00, 0x00, 0x00, 0x00, 0x00, 0x00, 0x00,
    0x00, 0x00, 0x00, 0x00, 0x00, 0x00, 0x00, 0x00, 0x00, 0x00, 0x00, 0x00, 0x00, 0x00, 0x00, 0x00,
    0x00, 0x00, 0x00, 0x00, 0x00, 0x00, 0x00, 0x00, 0x00, 0x00, 0x00, 0x00, 0x00, 0x00, 0x00, 0x00,
    0x00, 0x00, 0x00, 0x00, 0x00, 0x00, 0x00, 0x00, 0x00, 0x00, 0x00, 0x00, 0x00, 0x00, 0x00, 0x00,
};
unsigned short ui_input_analog_stick3_pal[] = {0x7BDE, 0xD6B5, 0xC635, 0xB5B1, 0x9CEB, 0x8C69, 0x7BE5, 0x6B61, 0x5299, 0x318F, 0x210B, 0x003F, 0x003F, 0x003F, 0x003F, 0x1085};
unsigned char ui_input_analog_stick_down_png[] = {
    0x00, 0x00, 0x00, 0x00, 0x00, 0x00, 0x00, 0x00, 0x00, 0x00, 0x00, 0x00, 0x00, 0x00, 0x00, 0x00,
    0x00, 0x00, 0x00, 0x00, 0x00, 0x00, 0x00, 0x00, 0x00, 0x00, 0x00, 0x00, 0x00, 0x00, 0x00, 0x00,
    0x00, 0x00, 0x00, 0x00, 0x00, 0x00, 0x00, 0x00, 0x00, 0x00, 0x00, 0x00, 0x00, 0x00, 0x00, 0x00,
    0x00, 0x00, 0x00, 0x00, 0x00, 0x00, 0x00, 0x00, 0x00, 0x00, 0x00, 0x00, 0x00, 0x00, 0x00, 0x00,
    0x00, 0x00, 0x00, 0x00, 0x00, 0x00, 0x00, 0xFF, 0xFF, 0xF0, 0x00, 0x00, 0x00, 0x00, 0x00, 0x00,
    0x00, 0x00, 0x00, 0x00, 0x00, 0x0F, 0xFF, 0xFF, 0xFF, 0xFF, 0xFF, 0x00, 0x00, 0x00, 0x00, 0x00,
    0x00, 0x00, 0x00, 0x00, 0x0F, 0xFF, 0xFF, 0xFF, 0xFF, 0xFF, 0xFF, 0xFF, 0x00, 0x00, 0x00, 0x00,
    0x00, 0x00, 0x00, 0x00, 0xFF, 0xFF, 0xF8, 0x76, 0x66, 0x78, 0xFF, 0xFF, 0xF0, 0x00, 0x00, 0x00,
    0x00, 0x00, 0x00, 0x0F, 0xFF, 0xF8, 0x55, 0x55, 0x55, 0x55, 0x58, 0xFF, 0xFF, 0x00, 0x00, 0x00,
    0x00, 0x00, 0x00, 0xFF, 0xF9, 0x65, 0x54, 0x33, 0x33, 0x34, 0x55, 0x69, 0xFF, 0xF0, 0x00, 0x00,
    0x00, 0x00, 0x0F, 0xFF, 0x85, 0x54, 0x33, 0x55, 0x55, 0x53, 0x34, 0x55, 0x8F, 0xFF, 0x00, 0x00,
    0x00, 0x00, 0xFF, 0xF8, 0x54, 0x43, 0x55, 0x43, 0x33, 0x45, 0x53, 0x44, 0x58, 0xFF, 0xF0, 0x00,
    0x00, 0x00, 0xFF, 0x95, 0x44, 0x35, 0x43, 0x33, 0x33, 0x33, 0x45, 0x34, 0x45, 0x9F, 0xF0, 0x00,
    0x00, 0x0F, 0xFF, 0x74, 0x43, 0x44, 0x33, 0x55, 0x55, 0x53, 0x34, 0x43, 0x44, 0x7F, 0xFF, 0x00,
    0x00, 0x0F, 0xF9, 0x54, 0x23, 0x44, 0x34, 0x43, 0x33, 0x44, 0x34, 0x43, 0x24, 0x59, 0xFF, 0x00,
    0x00, 0xFF, 0xF7, 0x34, 0x24, 0x43, 0x55, 0x24, 0x64, 0x25, 0x53, 0x44, 0x24, 0x37, 0xFF, 0xF0,
    0x00, 0xFF, 0xF5, 0x34, 0x24, 0x43, 0x55, 0x26, 0x96, 0x25, 0x53, 0x44, 0x24, 0x35, 0xFF, 0xF0,
    0x00, 0xFF, 0xF3, 0x34, 0x24, 0x43, 0x55, 0x24, 0x64, 0x25, 0x53, 0x44, 0x24, 0x33, 0xFF, 0xF0,
    0x00, 0xFF, 0xF3, 0x34, 0x24, 0x53, 0x55, 0x43, 0x33, 0x45, 0x53, 0x54, 0x24, 0x33, 0xFF, 0xF0,
    0x00, 0xFF, 0xF5, 0x34, 0x33, 0x53, 0x35, 0x54, 0x34, 0x55, 0x33, 0x53, 0x34, 0x35, 0xFF, 0xF0,
    0x00, 0xFF, 0xF7, 0x34, 0x42, 0x45, 0x32, 0x55, 0x55, 0x52, 0x35, 0x42, 0x44, 0x37, 0xFF, 0xF0,
    0x00, 0xFF, 0xF9, 0x44, 0x43, 0x25, 0x54, 0x22, 0x22, 0x24, 0x55, 0x23, 0x44, 0x49, 0xFF, 0xF0,
    0x00, 0xFF, 0xFF, 0x73, 0x44, 0x32, 0x35, 0x55, 0x55, 0x55, 0x32, 0x34, 0x43, 0x7F, 0xFF, 0xF0,
    0x00, 0xFF, 0xFF, 0xF4, 0x34, 0x44, 0x22, 0x33, 0x33, 0x32, 0x24, 0x44, 0x34, 0xFF, 0xFF, 0xF0,
    0x00, 0xFF, 0xFF, 0xF9, 0x43, 0x44, 0x55, 0x33, 0x23, 0x35, 0x54, 0x43, 0x49, 0xFF, 0xFF, 0xF0,
    0x00, 0x00, 0xFF, 0xFF, 0x94, 0x34, 0x45, 0x55, 0x55, 0x55, 0x44, 0x34, 0x9F, 0xFF, 0xF0, 0x00,
    0x00, 0x00, 0x00, 0xFF, 0xFF, 0x72, 0x23, 0x33, 0x33, 0x33, 0x22, 0x7F, 0xFF, 0xF0, 0x00, 0x00,
    0x00, 0x00, 0x00, 0x0F, 0xFF, 0xF9, 0x73, 0x11, 0x11, 0x13, 0x79, 0xFF, 0xFF, 0x00, 0x00, 0x00,
    0x00, 0x00, 0x00, 0x00, 0xFF, 0xFF, 0xFF, 0x87, 0x77, 0x8F, 0xFF, 0xFF, 0xF0, 0x00, 0x00, 0x00,
    0x00, 0x00, 0x00, 0x00, 0x00, 0xFF, 0xFF, 0xFF, 0xFF, 0xFF, 0xFF, 0xF0, 0x00, 0x00, 0x00, 0x00,
    0x00, 0x00, 0x00, 0x00, 0x00, 0x00, 0xFF, 0xFF, 0xFF, 0xFF, 0xF0, 0x00, 0x00, 0x00, 0x00, 0x00,
    0x00, 0x00, 0x00, 0x00, 0x00, 0x00, 0x00, 0x0F, 0xFF, 0x00, 0x00, 0x00, 0x00, 0x00, 0x00, 0x00,
};
unsigned short ui_input_analog_stick_down_pal[] = {0x7BDE, 0xD6B5, 0xC635, 0xB5B1, 0x9CEB, 0x8C69, 0x7BE5, 0x6B61, 0x5299, 0x318F, 0x210B, 0x003F, 0x003F, 0x003F, 0x003F, 0x1085};
unsigned char ui_input_analog_stick_up_png[] = {
    0x00, 0x00, 0x00, 0x00, 0x00, 0x00, 0xFF, 0xFF, 0xFF, 0xFF, 0xF0, 0x00, 0x00, 0x00, 0x00, 0x00,
    0x00, 0x00, 0x00, 0x00, 0x0F, 0xFF, 0xFF, 0xFF, 0xFF, 0xFF, 0xFF, 0xFF, 0x00, 0x00, 0x00, 0x00,
    0x00, 0x00, 0x00, 0x0F, 0xFF, 0xFF, 0xF9, 0x99, 0x99, 0x99, 0xFF, 0xFF, 0xFF, 0x00, 0x00, 0x00,
    0x00, 0x00, 0x00, 0xFF, 0xFF, 0x98, 0x65, 0x44, 0x34, 0x45, 0x68, 0x9F, 0xFF, 0xF0, 0x00, 0x00,
    0x00, 0x00, 0x0F, 0xFF, 0xF9, 0x63, 0x33, 0x32, 0x32, 0x33, 0x33, 0x69, 0xFF, 0xFF, 0x00, 0x00,
    0x00, 0x00, 0xFF, 0xFF, 0x63, 0x44, 0x44, 0x45, 0x55, 0x44, 0x44, 0x43, 0x6F, 0xFF, 0xF0, 0x00,
    0x00, 0x0F, 0xFF, 0xF4, 0x44, 0x45, 0x56, 0x66, 0x66, 0x66, 0x55, 0x44, 0x44, 0xFF, 0xFF, 0x00,
    0x00, 0x0F, 0xFF, 0x64, 0x55, 0x66, 0x66, 0x66, 0x66, 0x66, 0x66, 0x65, 0x54, 0x6F, 0xFF, 0x00,
    0x00, 0xFF, 0xF8, 0x45, 0x66, 0x66, 0x66, 0x66, 0x66, 0x66, 0x66, 0x66, 0x65, 0x48, 0xFF, 0xF0,
    0x00, 0xFF, 0xF5, 0x55, 0x66, 0x66, 0x66, 0x66, 0x66, 0x66, 0x66, 0x66, 0x65, 0x55, 0xFF, 0xF0,
    0x00, 0xFF, 0xF5, 0x56, 0x66, 0x66, 0x66, 0x77, 0x77, 0x76, 0x66, 0x66, 0x66, 0x55, 0xFF, 0xF0,
    0x00, 0xFF, 0xF5, 0x56, 0x66, 0x66, 0x67, 0x54, 0x44, 0x57, 0x66, 0x66, 0x66, 0x55, 0xFF, 0xF0,
    0x00, 0xFF, 0xF8, 0x56, 0x66, 0x66, 0x64, 0x43, 0x33, 0x44, 0x66, 0x66, 0x66, 0x58, 0xFF, 0xF0,
    0x00, 0x0F, 0xFF, 0x85, 0x66, 0x66, 0x64, 0x43, 0x33, 0x44, 0x66, 0x66, 0x65, 0x8F, 0xFF, 0x00,
    0x00, 0x0F, 0xFF, 0xF6, 0x66, 0x66, 0x64, 0x43, 0x33, 0x44, 0x66, 0x66, 0x66, 0xFF, 0xFF, 0x00,
    0x00, 0x00, 0xFF, 0xFF, 0x86, 0x66, 0x67, 0x43, 0x33, 0x47, 0x66, 0x66, 0x8F, 0xFF, 0xF0, 0x00,
    0x00, 0x00, 0x0F, 0xFF, 0xFF, 0x86, 0x67, 0x43, 0x33, 0x47, 0x66, 0x8F, 0xFF, 0xFF, 0x00, 0x00,
    0x00, 0x00, 0x00, 0x0F, 0xFF, 0xFF, 0xA9, 0x43, 0x33, 0x49, 0xAF, 0xFF, 0xFF, 0x00, 0x00, 0x00,
    0x00, 0x00, 0x0F, 0xFF, 0xFF, 0xFF, 0xAA, 0x44, 0x34, 0x4A, 0xAF, 0xFF, 0xFF, 0xFF, 0x00, 0x00,
    0x00, 0x0F, 0xFF, 0xFF, 0x99, 0x88, 0xAA, 0x64, 0x34, 0x6A, 0xA8, 0x89, 0x9F, 0xFF, 0xFF, 0x00,
    0x00, 0xFF, 0xF9, 0x98, 0x88, 0x88, 0xAA, 0x84, 0x34, 0x8A, 0xA8, 0x88, 0x88, 0x99, 0xFF, 0xF0,
    0x00, 0xFF, 0xF8, 0x88, 0x88, 0x88, 0xAA, 0xA4, 0x34, 0xAA, 0xA8, 0x88, 0x88, 0x88, 0xFF, 0xF0,
    0x00, 0xFF, 0xF8, 0x88, 0x88, 0x88, 0xAA, 0xA4, 0x24, 0xAA, 0xA8, 0x88, 0x88, 0x88, 0xFF, 0xF0,
    0x00, 0xFF, 0xF9, 0x98, 0x88, 0x88, 0x8A, 0xA4, 0x24, 0xAA, 0x88, 0x88, 0x88, 0x99, 0xFF, 0xF0,
    0x00, 0xFF, 0xFF, 0xFF, 0x99, 0x88, 0x8A, 0xA4, 0x34, 0xAA, 0x88, 0x89, 0x9F, 0xFF, 0xFF, 0xF0,
    0x00, 0x00, 0xFF, 0xFF, 0xFF, 0xFF, 0xFF, 0xFF, 0xFF, 0xFF, 0xFF, 0xFF, 0xFF, 0xFF, 0xF0, 0x00,
    0x00, 0x00, 0x00, 0x0F, 0xFF, 0xFF, 0xFF, 0xFF, 0xFF, 0xFF, 0xFF, 0xFF, 0xFF, 0x00, 0x00, 0x00,
    0x00, 0x00, 0x00, 0x00, 0x00, 0x0F, 0xFF, 0xFF, 0xFF, 0xFF, 0xFF, 0x00, 0x00, 0x00, 0x00, 0x00,
    0x00, 0x00, 0x00, 0x00, 0x00, 0x00, 0x00, 0x00, 0x00, 0x00, 0x00, 0x00, 0x00, 0x00, 0x00, 0x00,
    0x00, 0x00, 0x00, 0x00, 0x00, 0x00, 0x00, 0x00, 0x00, 0x00, 0x00, 0x00, 0x00, 0x00, 0x00, 0x00,
    0x00, 0x00, 0x00, 0x00, 0x00, 0x00, 0x00, 0x00, 0x00, 0x00, 0x00, 0x00, 0x00, 0x00, 0x00, 0x00,
    0x00, 0x00, 0x00, 0x00, 0x00, 0x00, 0x00, 0x00, 0x00, 0x00, 0x00, 0x00, 0x00, 0x00, 0x00, 0x00,
};
unsigned short ui_input_analog_stick_up_pal[] = {0x7BDE, 0xD6B5, 0xC635, 0xB5B1, 0x9CEB, 0x8C69, 0x7BE5, 0x6B61, 0x5299, 0x318F, 0x210B, 0x003F, 0x003F, 0x003F, 0x003F, 0x1085};
unsigned char ui_input_mash_bar_png[] = {
    0x00, 0x00, 0x00, 0xFF, 0xFF, 0xFF, 0xFF, 0xFF, 0xFF, 0xFF, 0xFF, 0xFF, 0xFF, 0xFF, 0xFF, 0xFF,
    0xFF, 0xFF, 0xFF, 0xFF, 0xFF, 0xFF, 0xFF, 0xFF, 0xFF, 0xFF, 0xFF, 0xFF, 0xFF, 0xFF, 0xFF, 0xFF,
    0xFF, 0xFF, 0xFF, 0x00, 0x00, 0x00, 0x0F, 0xFF, 0xFF, 0xFF, 0xFF, 0xFF, 0xFF, 0xFF, 0xFF, 0xFF,
    0xFF, 0xFF, 0xFF, 0xFF, 0xFF, 0xFF, 0xFF, 0xFF, 0xFF, 0xFF, 0xFF, 0xFF, 0xFF, 0xFF, 0xFF, 0xFF,
    0xFF, 0xFF, 0xFF, 0xFF, 0xFF, 0xFF, 0xFF, 0xF0, 0x00, 0x00, 0xFF, 0xF1, 0x22, 0x22, 0x22, 0x22,
    0x22, 0x22, 0x22, 0x22, 0x22, 0x22, 0x22, 0x22, 0x22, 0x22, 0x22, 0x22, 0x22, 0x22, 0x22, 0x22,
    0x22, 0x22, 0x22, 0x22, 0x22, 0x22, 0x22, 0x22, 0x22, 0x22, 0x2F, 0xFF, 0x00, 0x00, 0xFF, 0x11,
    0x11, 0x11, 0x11, 0x11, 0x11, 0x11, 0x11, 0x11, 0x11, 0x11, 0x11, 0x11, 0x11, 0x11, 0x11, 0x11,
    0x11, 0x11, 0x11, 0x11, 0x11, 0x11, 0x11, 0x11, 0x11, 0x11, 0x11, 0x11, 0x11, 0x12, 0x34, 0xFF,
    0x00, 0x00, 0xFF, 0x21, 0x88, 0x88, 0x88, 0x88, 0x88, 0x88, 0x88, 0x88, 0x88, 0x88, 0x88, 0x88,
    0x88, 0x88, 0x88, 0x88, 0x88, 0x88, 0x88, 0x88, 0x88, 0x88, 0x88, 0x88, 0x88, 0x88, 0x88, 0x88,
    0x88, 0x88, 0x34, 0xFF, 0x00, 0x00, 0xFF, 0x21, 0x88, 0x88, 0x88, 0x88, 0x88, 0x88, 0x88, 0x88,
    0x88, 0x88, 0x88, 0x88, 0x88, 0x88, 0x88, 0x88, 0x88, 0x88, 0x88, 0x88, 0x88, 0x88, 0x88, 0x88,
    0x88, 0x88, 0x88, 0x88, 0x88, 0x88, 0x34, 0xFF, 0x00, 0x00, 0xFF, 0x21, 0x88, 0x88, 0x88, 0x88,
    0x88, 0x88, 0x88, 0x88, 0x88, 0x88, 0x88, 0x88, 0x88, 0x88, 0x88, 0x88, 0x88, 0x88, 0x88, 0x88,
    0x88, 0x88, 0x88, 0x88, 0x88, 0x88, 0x88, 0x88, 0x88, 0x88, 0x34, 0xFF, 0x00, 0x00, 0xFF, 0x21,
    0x88, 0x88, 0x88, 0x88, 0x88, 0x88, 0x88, 0x88, 0x88, 0x88, 0x88, 0x88, 0x88, 0x88, 0x88, 0x88,
    0x88, 0x88, 0x88, 0x88, 0x88, 0x88, 0x88, 0x88, 0x88, 0x88, 0x88, 0x88, 0x88, 0x88, 0x34, 0xFF,
    0x00, 0x00, 0xFF, 0x21, 0x88, 0x88, 0x88, 0x88, 0x88, 0x88, 0x88, 0x88, 0x88, 0x88, 0x88, 0x88,
    0x88, 0x88, 0x88, 0x88, 0x88, 0x88, 0x88, 0x88, 0x88, 0x88, 0x88, 0x88, 0x88, 0x88, 0x88, 0x88,
    0x88, 0x88, 0x34, 0xFF, 0x00, 0x00, 0xFF, 0x33, 0x13, 0x33, 0x33, 0x33, 0x33, 0x33, 0x33, 0x33,
    0x33, 0x33, 0x33, 0x33, 0x33, 0x33, 0x33, 0x33, 0x33, 0x33, 0x33, 0x33, 0x33, 0x33, 0x33, 0x33,
    0x33, 0x33, 0x33, 0x33, 0x33, 0x33, 0x44, 0xFF, 0x00, 0x00, 0xFF, 0xF3, 0x44, 0x44, 0x44, 0x44,
    0x44, 0x44, 0x44, 0x44, 0x44, 0x44, 0x44, 0x44, 0x44, 0x44, 0x44, 0x44, 0x44, 0x44, 0x44, 0x44,
    0x44, 0x44, 0x44, 0x44, 0x44, 0x44, 0x44, 0x44, 0x44, 0x44, 0x4F, 0xFF, 0x00, 0x00, 0x0F, 0xFF,
    0xFF, 0xFF, 0xFF, 0xFF, 0xFF, 0xFF, 0xFF, 0xFF, 0xFF, 0xFF, 0xFF, 0xFF, 0xFF, 0xFF, 0xFF, 0xFF,
    0xFF, 0xFF, 0xFF, 0xFF, 0xFF, 0xFF, 0xFF, 0xFF, 0xFF, 0xFF, 0xFF, 0xFF, 0xFF, 0xFF, 0xFF, 0xF0,
    0x00, 0x00, 0x00, 0xFF, 0xFF, 0xFF, 0xFF, 0xFF, 0xFF, 0xFF, 0xFF, 0xFF, 0xFF, 0xFF, 0xFF, 0xFF,
    0xFF, 0xFF, 0xFF, 0xFF, 0xFF, 0xFF, 0xFF, 0xFF, 0xFF, 0xFF, 0xFF, 0xFF, 0xFF, 0xFF, 0xFF, 0xFF,
    0xFF, 0xFF, 0xFF, 0x00, 0x00, 0x00, 0x00, 0x00, 0x00, 0x00, 0x00, 0x00, 0x00, 0x00, 0x00, 0x00,
    0x00, 0x00, 0x00, 0x00, 0x00, 0x00, 0x00, 0x00, 0x00, 0x00, 0x00, 0x00, 0x00, 0x00, 0x00, 0x00,
    0x00, 0x00, 0x00, 0x00, 0x00, 0x00, 0x00, 0x00, 0x00, 0x00, 0x00, 0x00, 0x00, 0x00, 0x00, 0x00,
    0x00, 0x00, 0x00, 0x00, 0x00, 0x00, 0x00, 0x00, 0x00, 0x00, 0x00, 0x00, 0x00, 0x00, 0x00, 0x00,
    0x00, 0x00, 0x00, 0x00, 0x00, 0x00, 0x00, 0x00, 0x00, 0x00, 0x00, 0x00, 0x00, 0x00, 0x00, 0x00,
    0x00, 0x00, 0x00, 0x00, 0x00, 0x00, 0x00, 0x00, 0x00, 0x00, 0x00, 0x00, 0x00, 0x00, 0x00, 0x00,
    0x00, 0x00, 0x00, 0x00, 0x00, 0x00, 0x00, 0x00, 0x00, 0x00, 0x00, 0x00, 0x00, 0x00, 0x00, 0x00,
};
unsigned short ui_input_mash_bar_pal[] = {0x7BDE, 0xA2CB, 0x9281, 0x7181, 0x5901, 0x5083, 0x58B1, 0x0171, 0x0025, 0xC111, 0x80A5, 0xA88D, 0x11F5, 0x6935, 0x9129, 0x1885};
unsigned char ui_ok_png[] = {
    0x00, 0x00, 0x00, 0x00, 0x00, 0x00, 0x00, 0x00, 0x00, 0x00, 0x00, 0x00, 0x00, 0x00, 0x00, 0x00,
    0x00, 0x00, 0x00, 0x00, 0x00, 0x00, 0x00, 0x00, 0x00, 0x00, 0x77, 0x77, 0x77, 0x77, 0x77, 0x77,
    0x77, 0x77, 0x00, 0x00, 0x00, 0x07, 0x7E, 0xEE, 0xEE, 0xEE, 0xEE, 0xEE, 0xEE, 0xE7, 0x70, 0x00,
    0x00, 0x07, 0xEE, 0xCC, 0xFF, 0xF9, 0xCF, 0x9C, 0xF9, 0xCC, 0x70, 0x00, 0x00, 0x07, 0xEC, 0xCF,
    0x99, 0x9F, 0x9F, 0x9F, 0x9C, 0xCC, 0x70, 0x00, 0x00, 0x07, 0xEC, 0xCF, 0x9C, 0xCF, 0x9F, 0xF9,
    0xCC, 0xCC, 0x70, 0x00, 0x00, 0x07, 0xEC, 0xCF, 0x9C, 0xCF, 0x9F, 0x9F, 0x9C, 0xCC, 0x70, 0x00,
    0x00, 0x07, 0xEC, 0xC9, 0xFF, 0xF9, 0xAF, 0x99, 0xF9, 0xCC, 0x70, 0x00, 0x00, 0x07, 0x7C, 0xCC,
    0x99, 0x9A, 0xC9, 0x9C, 0x99, 0xC7, 0x70, 0x00, 0x00, 0x00, 0x77, 0x77, 0x76, 0x66, 0x66, 0x66,
    0x77, 0x77, 0x00, 0x00, 0x00, 0x00, 0x00, 0x00, 0x5B, 0xBB, 0xBB, 0xBB, 0x50, 0x00, 0x00, 0x00,
    0x00, 0x00, 0x00, 0x00, 0x05, 0x88, 0x88, 0x85, 0x00, 0x00, 0x00, 0x00, 0x00, 0x00, 0x00, 0x00,
    0x00, 0x58, 0x88, 0x50, 0x00, 0x00, 0x00, 0x00, 0x00, 0x00, 0x00, 0x00, 0x00, 0x05, 0x85, 0x00,
    0x00, 0x00, 0x00, 0x00, 0x00, 0x00, 0x00, 0x00, 0x00, 0x00, 0x50, 0x00, 0x00, 0x00, 0x00, 0x00,
};
unsigned short ui_ok_pal[] = {0x8420, 0x0001, 0x0001, 0x0001, 0x0001, 0x03CB, 0x03D9, 0x039D, 0x0FC9, 0x257F, 0x263F, 0xA7DD, 0x46BF, 0xCE73, 0x977F, 0xFFFF};
unsigned char ui_input_start_button_png[] = {
    0x00, 0x00, 0x00, 0x00, 0x00, 0x00, 0x00, 0x00, 0x00, 0x00, 0x00, 0x00, 0x00, 0x00, 0x00, 0x00,
    0x00, 0x00, 0x00, 0x00, 0x00, 0x00, 0x00, 0x00, 0x00, 0x00, 0x00, 0x00, 0x00, 0x00, 0x00, 0x00,
    0x00, 0xFF, 0xFF, 0xFF, 0xFF, 0xFF, 0xF0, 0x00, 0x00, 0x00, 0x00, 0x00, 0x00, 0x00, 0x00, 0x00,
    0x00, 0x00, 0x00, 0x00, 0x00, 0x00, 0x00, 0x00, 0xFF, 0xFF, 0xFF, 0xFF, 0xFF, 0xFF, 0xFF, 0xF0,
    0x00, 0x00, 0x00, 0x00, 0x00, 0x00, 0x00, 0x00, 0x00, 0x00, 0x00, 0x00, 0x00, 0x00, 0x00, 0xFF,
    0xFF, 0xFA, 0xA8, 0x88, 0x88, 0x8A, 0xAF, 0xFF, 0xF0, 0x00, 0x00, 0x00, 0x00, 0x00, 0x00, 0x00,
    0x00, 0x00, 0x00, 0x00, 0x00, 0x00, 0x0F, 0xFF, 0xA9, 0x88, 0x88, 0x88, 0x88, 0x88, 0x89, 0xAF,
    0xFF, 0x00, 0x00, 0x00, 0x00, 0x00, 0x00, 0x00, 0x00, 0x00, 0x00, 0x00, 0x00, 0x00, 0xFF, 0xF8,
    0x88, 0x88, 0x88, 0x88, 0x88, 0x88, 0x88, 0x88, 0xFF, 0xF0, 0x00, 0x00, 0x00, 0x00, 0x00, 0x00,
    0x00, 0x00, 0x00, 0x00, 0x00, 0x0F, 0xFF, 0x78, 0x88, 0x88, 0x88, 0x88, 0x88, 0x88, 0x88, 0x88,
    0x7F, 0xFF, 0x00, 0x00, 0x00, 0x00, 0x00, 0x00, 0x00, 0x00, 0x00, 0x00, 0x00, 0xFF, 0xF7, 0x88,
    0x88, 0x88, 0x88, 0x88, 0x88, 0x88, 0x88, 0x88, 0x87, 0xFF, 0xF0, 0x00, 0x00, 0x00, 0x00, 0x00,
    0x00, 0x00, 0x00, 0x00, 0x0F, 0xFF, 0x78, 0x88, 0x88, 0x88, 0x88, 0x88, 0x88, 0x88, 0x88, 0x88,
    0x88, 0x8F, 0xFF, 0x00, 0x00, 0x00, 0x00, 0x00, 0x00, 0x00, 0x00, 0x00, 0xFF, 0xFA, 0x88, 0x88,
    0x88, 0x88, 0x88, 0x88, 0x88, 0x88, 0x88, 0x88, 0x88, 0x8A, 0xFF, 0xF0, 0x00, 0x00, 0x00, 0x00,
    0x00, 0x00, 0x00, 0x0F, 0xFF, 0xF8, 0x88, 0x88, 0x88, 0x88, 0x88, 0x88, 0x88, 0x88, 0x88, 0x88,
    0x88, 0x88, 0xFF, 0xFF, 0x00, 0x00, 0x00, 0x00, 0x00, 0x00, 0x00, 0xFF, 0xF2, 0xE8, 0x88, 0x88,
    0x88, 0x88, 0x88, 0x88, 0x88, 0x88, 0x88, 0x88, 0x88, 0x88, 0xE2, 0xFF, 0xF0, 0x00, 0x00, 0x00,
    0x00, 0x00, 0x0F, 0xFF, 0x2C, 0xE8, 0x88, 0x88, 0x88, 0x88, 0x88, 0x88, 0x88, 0x88, 0x88, 0x88,
    0x88, 0x88, 0xEC, 0x2F, 0xFF, 0x00, 0x00, 0x00, 0x00, 0x00, 0x0F, 0xF2, 0xCD, 0xE8, 0x88, 0x88,
    0x88, 0x88, 0x88, 0x88, 0x88, 0x88, 0x88, 0x88, 0x88, 0x88, 0xED, 0xC2, 0xFF, 0x00, 0x00, 0x00,
    0x00, 0x00, 0xFF, 0xFC, 0xCD, 0xE7, 0x88, 0x88, 0x88, 0x88, 0x88, 0x88, 0x88, 0x88, 0x88, 0x88,
    0x88, 0x88, 0xED, 0xCC, 0xFF, 0xF0, 0x00, 0x00, 0x00, 0x00, 0xFF, 0x2C, 0xCD, 0xE7, 0x78, 0x88,
    0x88, 0x88, 0x88, 0x88, 0x88, 0x88, 0x88, 0x88, 0x88, 0x87, 0xED, 0xCC, 0x2F, 0xF0, 0x00, 0x00,
    0x00, 0x0F, 0xFF, 0xDC, 0xCD, 0xE8, 0x67, 0x88, 0x88, 0x88, 0x88, 0x88, 0x88, 0x88, 0x88, 0x88,
    0x88, 0x77, 0xED, 0xCC, 0xDF, 0xFF, 0x00, 0x00, 0x00, 0x0F, 0xFF, 0xCC, 0xCD, 0xEA, 0x85, 0x67,
    0x88, 0x88, 0x88, 0x88, 0x88, 0x88, 0x88, 0x88, 0x86, 0x58, 0xED, 0xCC, 0xCF, 0xFF, 0x00, 0x00,
    0x00, 0x0F, 0xFF, 0xCC, 0xCD, 0xEA, 0xA7, 0x55, 0x78, 0x88, 0x88, 0x88, 0x88, 0x88, 0x88, 0x86,
    0x34, 0x5A, 0xED, 0xCC, 0xCF, 0xFF, 0x00, 0x00, 0x00, 0x0F, 0xFF, 0xCC, 0xCD, 0x2A, 0xAA, 0x65,
    0x55, 0x78, 0x88, 0x88, 0x88, 0x88, 0x87, 0x41, 0x14, 0x9A, 0x2D, 0xCC, 0xCF, 0xFF, 0x00, 0x00,
    0x00, 0x0F, 0xFF, 0xCC, 0xCD, 0xDE, 0xAA, 0xA8, 0x55, 0x55, 0x78, 0x88, 0x88, 0x74, 0x31, 0x11,
    0x59, 0xAE, 0xDD, 0xCC, 0xCF, 0xFF, 0x00, 0x00, 0x00, 0x0F, 0xFF, 0xDC, 0xCC, 0xD2, 0xAA, 0xAA,
    0x87, 0x55, 0x54, 0x44, 0x33, 0x11, 0x11, 0x37, 0x9A, 0xA2, 0xDC, 0xCC, 0xDF, 0xFF, 0x00, 0x00,
    0x00, 0x0F, 0xFF, 0xDC, 0xCB, 0xDD, 0xEA, 0xAA, 0xAA, 0x87, 0x66, 0x54, 0x44, 0x33, 0x48, 0xAA,
    0xAA, 0xED, 0xDB, 0xCC, 0xDF, 0xFF, 0x00, 0x00, 0x00, 0x00, 0xFF, 0x2C, 0xBB, 0xCD, 0xDE, 0xAA,
    0xAA, 0xAA, 0xA8, 0x88, 0x88, 0x8A, 0xAA, 0xAA, 0xAE, 0xDD, 0xCB, 0xBC, 0x2F, 0xF0, 0x00, 0x00,
    0x00, 0x00, 0xFF, 0xFD, 0xBB, 0xBC, 0xDD, 0xEA, 0xAA, 0xAA, 0xAA, 0xAA, 0xAA, 0xAA, 0xAA, 0xAA,
    0xED, 0xDC, 0xBB, 0xBD, 0xFF, 0xF0, 0x00, 0x00, 0x00, 0x00, 0x0F, 0xFF, 0xDB, 0xBB, 0xCD, 0xD2,
    0xAA, 0xAA, 0xAA, 0xAA, 0xAA, 0xAA, 0xAA, 0xA2, 0xDD, 0xCB, 0xBB, 0xCF, 0xFF, 0x00, 0x00, 0x00,
    0x00, 0x00, 0x0F, 0xFF, 0xFC, 0xBB, 0xBC, 0xDD, 0xD2, 0xEA, 0xAA, 0xAA, 0xAA, 0xAA, 0xE2, 0xDD,
    0xDC, 0xBB, 0xBC, 0xFF, 0xFF, 0x00, 0x00, 0x00, 0x00, 0x00, 0x00, 0xFF, 0xFF, 0xCB, 0xBB, 0xBC,
    0xDD, 0xD2, 0x2E, 0xEE, 0xEE, 0x22, 0xDD, 0xDC, 0xBB, 0xBB, 0xCF, 0xFF, 0xF0, 0x00, 0x00, 0x00,
    0x00, 0x00, 0x00, 0x0F, 0xFF, 0xFC, 0xBB, 0xBB, 0xBC, 0xCD, 0xDD, 0xDD, 0xDD, 0xDD, 0xCC, 0xBB,
    0xBB, 0xBC, 0xFF, 0xFF, 0x00, 0x00, 0x00, 0x00, 0x00, 0x00, 0x00, 0x00, 0xFF, 0xFF, 0xDC, 0xBB,
    0xBB, 0xBB, 0xCC, 0xCC, 0xCC, 0xCB, 0xBB, 0xBB, 0xBB, 0xCF, 0xFF, 0xF0, 0x00, 0x00, 0x00, 0x00,
    0x00, 0x00, 0x00, 0x00, 0x0F, 0xFF, 0xF2, 0xCB, 0xBB, 0xBB, 0xBB, 0xBB, 0xBB, 0xBB, 0xBB, 0xBB,
    0xC2, 0xFF, 0xFF, 0x00, 0x00, 0x00, 0x00, 0x00, 0x00, 0x00, 0x00, 0x00, 0x00, 0xFF, 0xFF, 0xF2,
    0xDD, 0xCC, 0xBB, 0xBB, 0xBB, 0xBC, 0xCD, 0xD2, 0xFF, 0xFF, 0xF0, 0x00, 0x00, 0x00, 0x00, 0x00,
    0x00, 0x00, 0x00, 0x00, 0x00, 0x00, 0xFF, 0xFF, 0xFF, 0x2D, 0xDD, 0xDD, 0xDD, 0xDD, 0x2F, 0xFF,
    0xFF, 0xF0, 0x00, 0x00, 0x00, 0x00, 0x00, 0x00, 0x00, 0x00, 0x00, 0x00, 0x00, 0x00, 0x00, 0xFF,
    0xFF, 0xFF, 0xFF, 0xFF, 0xFF, 0xFF, 0xFF, 0xFF, 0xF0, 0x00, 0x00, 0x00, 0x00, 0x00, 0x00, 0x00,
    0x00, 0x00, 0x00, 0x00, 0x00, 0x00, 0x00, 0x00, 0x0F, 0xFF, 0xFF, 0xFF, 0xFF, 0xFF, 0xFF, 0x00,
    0x00, 0x00, 0x00, 0x00, 0x00, 0x00, 0x00, 0x00, 0x00, 0x00, 0x00, 0x00, 0x00, 0x00, 0x00, 0x00,
    0x00, 0x00, 0x00, 0x00, 0x00, 0x00, 0x00, 0x00, 0x00, 0x00, 0x00, 0x00, 0x00, 0x00, 0x00, 0x00,
    0x00, 0x00, 0x00, 0x00, 0x00, 0x00, 0x00, 0x00, 0x00, 0x00, 0x00, 0x00, 0x00, 0x00, 0x00, 0x00,
    0x00, 0x00, 0x00, 0x00, 0x00, 0x00, 0x00, 0x00, 0x00, 0x00, 0x00, 0x00, 0x00, 0x00, 0x00, 0x00,
    0x00, 0x00, 0x00, 0x00, 0x00, 0x00, 0x00, 0x00, 0x00, 0x00, 0x00, 0x00, 0x00, 0x00, 0x00, 0x00,
    0x00, 0x00, 0x00, 0x00, 0x00, 0x00, 0x00, 0x00, 0x00, 0x00, 0x00, 0x00, 0x00, 0x00, 0x00, 0x00,
    0x00, 0x00, 0x00, 0x00, 0x00, 0x00, 0x00, 0x00, 0x00, 0x00, 0x00, 0x00, 0x00, 0x00, 0x00, 0x00,
    0x00, 0x00, 0x00, 0x00, 0x00, 0x00, 0x00, 0x00, 0x00, 0x00, 0x00, 0x00, 0x00, 0x00, 0x00, 0x00,
};
unsigned short ui_input_start_button_pal[] = {0x7BDE, 0xB5AD, 0x4211, 0xCAD7, 0xBA11, 0xA94B, 0xA109, 0x9885, 0x8843, 0x6843, 0x4843, 0x9CE7, 0x8421, 0x6B5B, 0x3001, 0x1085};
unsigned char ui_input_start_button2_png[] = {
    0x00, 0x00, 0x00, 0x00, 0x00, 0x00, 0x00, 0x00, 0x00, 0x00, 0x00, 0x00, 0x00, 0x00, 0x00, 0x00,
    0x00, 0x00, 0x00, 0x00, 0x00, 0x00, 0x00, 0x00, 0x00, 0x00, 0x00, 0x00, 0x00, 0x00, 0x00, 0x00,
    0x00, 0xFF, 0xFF, 0xFF, 0xFF, 0xFF, 0xF0, 0x00, 0x00, 0x00, 0x00, 0x00, 0x00, 0x00, 0x00, 0x00,
    0x00, 0x00, 0x00, 0x00, 0x00, 0x00, 0x00, 0x00, 0xFF, 0xFF, 0xFF, 0xFF, 0xFF, 0xFF, 0xFF, 0xF0,
    0x00, 0x00, 0x00, 0x00, 0x00, 0x00, 0x00, 0x00, 0x00, 0x00, 0x00, 0x00, 0x00, 0x00, 0x00, 0xFF,
    0xFF, 0xFA, 0xA8, 0x88, 0x88, 0x8A, 0xAF, 0xFF, 0xF0, 0x00, 0x00, 0x00, 0x00, 0x00, 0x00, 0x00,
    0x00, 0x00, 0x00, 0x00, 0x00, 0x00, 0x0F, 0xFF, 0xA9, 0x88, 0x88, 0x88, 0x88, 0x88, 0x89, 0xAF,
    0xFF, 0x00, 0x00, 0x00, 0x00, 0x00, 0x00, 0x00, 0x00, 0x00, 0x00, 0x00, 0x00, 0x00, 0xFF, 0xF8,
    0x88, 0x88, 0x88, 0x88, 0x88, 0x88, 0x88, 0x88, 0xFF, 0xF0, 0x00, 0x00, 0x00, 0x00, 0x00, 0x00,
    0x00, 0x00, 0x00, 0x00, 0x00, 0x0F, 0xFF, 0x78, 0x88, 0x88, 0x88, 0x88, 0x88, 0x88, 0x88, 0x88,
    0x7F, 0xFF, 0x00, 0x00, 0x00, 0x00, 0x00, 0x00, 0x00, 0x00, 0x00, 0x00, 0x00, 0xFF, 0xF7, 0x88,
    0x88, 0x88, 0x88, 0x88, 0x88, 0x88, 0x88, 0x88, 0x87, 0xFF, 0xF0, 0x00, 0x00, 0x00, 0x00, 0x00,
    0x00, 0x00, 0x00, 0x00, 0x0F, 0xFF, 0x78, 0x88, 0x88, 0x88, 0x88, 0x88, 0x88, 0x88, 0x88, 0x88,
    0x88, 0x8F, 0xFF, 0x00, 0x00, 0x00, 0x00, 0x00, 0x00, 0x00, 0x00, 0x00, 0xFF, 0xFA, 0x88, 0x88,
    0x88, 0x88, 0x88, 0x88, 0x88, 0x88, 0x88, 0x88, 0x88, 0x8A, 0xFF, 0xF0, 0x00, 0x00, 0x00, 0x00,
    0x00, 0x00, 0x00, 0x0F, 0xFF, 0xF8, 0x88, 0x88, 0x88, 0x88, 0x88, 0x88, 0x88, 0x88, 0x88, 0x88,
    0x88, 0x88, 0xFF, 0xFF, 0x00, 0x00, 0x00, 0x00, 0x00, 0x00, 0x00, 0xFF, 0xF2, 0xE8, 0x88, 0x88,
    0x88, 0x88, 0x88, 0x88, 0x88, 0x88, 0x88, 0x88, 0x88, 0x88, 0xE2, 0xFF, 0xF0, 0x00, 0x00, 0x00,
    0x00, 0x00, 0x0F, 0xFF, 0x2C, 0xE8, 0x88, 0x88, 0x88, 0x88, 0x88, 0x88, 0x88, 0x88, 0x88, 0x88,
    0x88, 0x88, 0xEC, 0x2F, 0xFF, 0x00, 0x00, 0x00, 0x00, 0x00, 0x0F, 0xF2, 0xCD, 0xE8, 0x88, 0x88,
    0x88, 0x88, 0x88, 0x88, 0x88, 0x88, 0x88, 0x88, 0x88, 0x88, 0xED, 0xC2, 0xFF, 0x00, 0x00, 0x00,
    0x00, 0x00, 0xFF, 0xFC, 0xCD, 0xE7, 0x88, 0x88, 0x88, 0x88, 0x88, 0x88, 0x88, 0x88, 0x88, 0x88,
    0x88, 0x88, 0xED, 0xCC, 0xFF, 0xF0, 0x00, 0x00, 0x00, 0x00, 0xFF, 0x2C, 0xCD, 0xE7, 0x78, 0x88,
    0x88, 0x88, 0x88, 0x88, 0x88, 0x88, 0x88, 0x88, 0x88, 0x87, 0xED, 0xCC, 0x2F, 0xF0, 0x00, 0x00,
    0x00, 0x0F, 0xFF, 0xDC, 0xCD, 0xE8, 0x67, 0x88, 0x88, 0x88, 0x88, 0x88, 0x88, 0x88, 0x88, 0x88,
    0x88, 0x77, 0xED, 0xCC, 0xDF, 0xFF, 0x00, 0x00, 0x00, 0x0F, 0xFF, 0xCC, 0xCD, 0xEA, 0x85, 0x67,
    0x88, 0x88, 0x88, 0x88, 0x88, 0x88, 0x88, 0x88, 0x86, 0x58, 0xED, 0xCC, 0xCF, 0xFF, 0x00, 0x00,
    0x00, 0x0F, 0xFF, 0xCC, 0xCD, 0xEA, 0xA7, 0x55, 0x78, 0x88, 0x88, 0x88, 0x88, 0x88, 0x88, 0x86,
    0x34, 0x5A, 0xED, 0xCC, 0xCF, 0xFF, 0x00, 0x00, 0x00, 0x0F, 0xFF, 0xCC, 0xCD, 0x2A, 0xAA, 0x65,
    0x55, 0x78, 0x88, 0x88, 0x88, 0x88, 0x87, 0x41, 0x14, 0x9A, 0x2D, 0xCC, 0xCF, 0xFF, 0x00, 0x00,
    0x00, 0x0F, 0xFF, 0xCC, 0xCD, 0xDE, 0xAA, 0xA8, 0x55, 0x55, 0x78, 0x88, 0x88, 0x74, 0x31, 0x11,
    0x59, 0xAE, 0xDD, 0xCC, 0xCF, 0xFF, 0x00, 0x00, 0x00, 0x0F, 0xFF, 0xDC, 0xCC, 0xD2, 0xAA, 0xAA,
    0x87, 0x55, 0x54, 0x44, 0x33, 0x11, 0x11, 0x37, 0x9A, 0xA2, 0xDC, 0xCC, 0xDF, 0xFF, 0x00, 0x00,
    0x00, 0x0F, 0xFF, 0xDC, 0xCB, 0xDD, 0xEA, 0xAA, 0xAA, 0x87, 0x66, 0x54, 0x44, 0x33, 0x48, 0xAA,
    0xAA, 0xED, 0xDB, 0xCC, 0xDF, 0xFF, 0x00, 0x00, 0x00, 0x00, 0xFF, 0x2C, 0xBB, 0xCD, 0xDE, 0xAA,
    0xAA, 0xAA, 0xA8, 0x88, 0x88, 0x8A, 0xAA, 0xAA, 0xAE, 0xDD, 0xCB, 0xBC, 0x2F, 0xF0, 0x00, 0x00,
    0x00, 0x00, 0xFF, 0xFD, 0xBB, 0xBC, 0xDD, 0xEA, 0xAA, 0xAA, 0xAA, 0xAA, 0xAA, 0xAA, 0xAA, 0xAA,
    0xED, 0xDC, 0xBB, 0xBD, 0xFF, 0xF0, 0x00, 0x00, 0x00, 0x00, 0x0F, 0xFF, 0xDB, 0xBB, 0xCD, 0xD2,
    0xAA, 0xAA, 0xAA, 0xAA, 0xAA, 0xAA, 0xAA, 0xA2, 0xDD, 0xCB, 0xBB, 0xCF, 0xFF, 0x00, 0x00, 0x00,
    0x00, 0x00, 0x0F, 0xFF, 0xFC, 0xBB, 0xBC, 0xDD, 0xD2, 0xEA, 0xAA, 0xAA, 0xAA, 0xAA, 0xE2, 0xDD,
    0xDC, 0xBB, 0xBC, 0xFF, 0xFF, 0x00, 0x00, 0x00, 0x00, 0x00, 0x00, 0xFF, 0xFF, 0xCB, 0xBB, 0xBC,
    0xDD, 0xD2, 0x2E, 0xEE, 0xEE, 0x22, 0xDD, 0xDC, 0xBB, 0xBB, 0xCF, 0xFF, 0xF0, 0x00, 0x00, 0x00,
    0x00, 0x00, 0x00, 0x0F, 0xFF, 0xFC, 0xBB, 0xBB, 0xBC, 0xCD, 0xDD, 0xDD, 0xDD, 0xDD, 0xCC, 0xBB,
    0xBB, 0xBC, 0xFF, 0xFF, 0x00, 0x00, 0x00, 0x00, 0x00, 0x00, 0x00, 0x00, 0xFF, 0xFF, 0xDC, 0xBB,
    0xBB, 0xBB, 0xCC, 0xCC, 0xCC, 0xCB, 0xBB, 0xBB, 0xBB, 0xCF, 0xFF, 0xF0, 0x00, 0x00, 0x00, 0x00,
    0x00, 0x00, 0x00, 0x00, 0x0F, 0xFF, 0xF2, 0xCB, 0xBB, 0xBB, 0xBB, 0xBB, 0xBB, 0xBB, 0xBB, 0xBB,
    0xC2, 0xFF, 0xFF, 0x00, 0x00, 0x00, 0x00, 0x00, 0x00, 0x00, 0x00, 0x00, 0x00, 0xFF, 0xFF, 0xF2,
    0xDD, 0xCC, 0xBB, 0xBB, 0xBB, 0xBC, 0xCD, 0xD2, 0xFF, 0xFF, 0xF0, 0x00, 0x00, 0x00, 0x00, 0x00,
    0x00, 0x00, 0x00, 0x00, 0x00, 0x00, 0xFF, 0xFF, 0xFF, 0x2D, 0xDD, 0xDD, 0xDD, 0xDD, 0x2F, 0xFF,
    0xFF, 0xF0, 0x00, 0x00, 0x00, 0x00, 0x00, 0x00, 0x00, 0x00, 0x00, 0x00, 0x00, 0x00, 0x00, 0xFF,
    0xFF, 0xFF, 0xFF, 0xFF, 0xFF, 0xFF, 0xFF, 0xFF, 0xF0, 0x00, 0x00, 0x00, 0x00, 0x00, 0x00, 0x00,
    0x00, 0x00, 0x00, 0x00, 0x00, 0x00, 0x00, 0x00, 0x0F, 0xFF, 0xFF, 0xFF, 0xFF, 0xFF, 0xFF, 0x00,
    0x00, 0x00, 0x00, 0x00, 0x00, 0x00, 0x00, 0x00, 0x00, 0x00, 0x00, 0x00, 0x00, 0x00, 0x00, 0x00,
    0x00, 0x00, 0x00, 0x00, 0x00, 0x00, 0x00, 0x00, 0x00, 0x00, 0x00, 0x00, 0x00, 0x00, 0x00, 0x00,
    0x00, 0x00, 0x00, 0x00, 0x00, 0x00, 0x00, 0x00, 0x00, 0x00, 0x00, 0x00, 0x00, 0x00, 0x00, 0x00,
    0x00, 0x00, 0x00, 0x00, 0x00, 0x00, 0x00, 0x00, 0x00, 0x00, 0x00, 0x00, 0x00, 0x00, 0x00, 0x00,
    0x00, 0x00, 0x00, 0x00, 0x00, 0x00, 0x00, 0x00, 0x00, 0x00, 0x00, 0x00, 0x00, 0x00, 0x00, 0x00,
    0x00, 0x00, 0x00, 0x00, 0x00, 0x00, 0x00, 0x00, 0x00, 0x00, 0x00, 0x00, 0x00, 0x00, 0x00, 0x00,
    0x00, 0x00, 0x00, 0x00, 0x00, 0x00, 0x00, 0x00, 0x00, 0x00, 0x00, 0x00, 0x00, 0x00, 0x00, 0x00,
    0x00, 0x00, 0x00, 0x00, 0x00, 0x00, 0x00, 0x00, 0x00, 0x00, 0x00, 0x00, 0x00, 0x00, 0x00, 0x00,
};
unsigned short ui_input_start_button2_pal[] = {0x7BDE, 0xB5AD, 0x4211, 0xCAD7, 0xBA11, 0xA94B, 0xA109, 0x9885, 0x8843, 0x6843, 0x4843, 0x9CE7, 0x8421, 0x6B5B, 0x3001, 0x1085};
unsigned char ui_input_start_text_png[] = {
    0x00, 0x11, 0x11, 0x1F, 0x11, 0xF1, 0x1F, 0x11, 0x1F, 0x00, 0x00, 0x00, 0x01, 0xFF, 0xF1, 0xF1,
    0xF1, 0xF1, 0xF1, 0xF1, 0xFF, 0x00, 0x00, 0x00, 0x0F, 0x1F, 0x01, 0xF1, 0xF1, 0xF1, 0xF1, 0xF1,
    0xF0, 0x00, 0x00, 0x00, 0x00, 0xF1, 0xF1, 0xF1, 0x11, 0xF1, 0x1F, 0xF1, 0xF0, 0x00, 0x00, 0x00,
    0x01, 0x1F, 0xF1, 0xF1, 0xF1, 0xF1, 0xF1, 0xF1, 0xF0, 0x00, 0x00, 0x00, 0x0F, 0xFF, 0x0F, 0xFF,
    0xFF, 0xFF, 0xFF, 0xFF, 0xF0, 0x00, 0x00, 0x00, 0x00, 0x00, 0x00, 0x00, 0x00, 0x00, 0x00, 0x00,
    0x00, 0x00, 0x00, 0x00, 0x00, 0x00, 0x00, 0x00, 0x00, 0x00, 0x00, 0x00, 0x00, 0x00, 0x00, 0x00,
};
unsigned short ui_input_start_text_pal[] = {0x7BDE, 0xF7BD, 0x0001, 0x0001, 0x0001, 0x0001, 0x0001, 0x0001, 0x0001, 0x0001, 0x0001, 0x0001, 0x0001, 0x0001, 0x0001, 0x4211};
unsigned char ui_hammer_png[] = {
    0x00, 0x00, 0x00, 0x00, 0x00, 0x00, 0x00, 0x00, 0x00, 0x00, 0x00, 0x00, 0x00, 0x00, 0x00, 0x00,
    0x00, 0x00, 0x00, 0x00, 0x00, 0x00, 0x00, 0x00, 0x00, 0x00, 0x00, 0x00, 0x00, 0x00, 0x00, 0x00,
    0x00, 0x00, 0x00, 0x00, 0x00, 0x00, 0x00, 0x00, 0x00, 0x00, 0x00, 0x00, 0x00, 0x00, 0x00, 0x00,
    0x00, 0x00, 0x00, 0x00, 0x00, 0x00, 0x00, 0x00, 0x00, 0x00, 0x00, 0x00, 0x00, 0x00, 0x00, 0x00,
    0x00, 0x00, 0x00, 0x00, 0x00, 0x00, 0x88, 0x88, 0x88, 0x00, 0x00, 0x08, 0x88, 0x00, 0x00, 0x00,
    0x00, 0x00, 0x00, 0x00, 0x00, 0x88, 0x88, 0x88, 0x88, 0x88, 0x00, 0x88, 0x88, 0x80, 0x00, 0x00,
    0x00, 0x00, 0x00, 0x00, 0x08, 0x88, 0x86, 0x55, 0x56, 0x88, 0x88, 0x86, 0x46, 0x88, 0x00, 0x00,
    0x00, 0x00, 0x00, 0x00, 0x88, 0x86, 0x54, 0x44, 0x45, 0x68, 0x88, 0x64, 0x55, 0x88, 0x00, 0x00,
    0x00, 0x00, 0x00, 0x00, 0x88, 0x75, 0x44, 0x64, 0x44, 0x56, 0x87, 0x55, 0x56, 0x88, 0x00, 0x00,
    0x00, 0x00, 0x00, 0x08, 0x87, 0x65, 0x44, 0x56, 0x44, 0x45, 0x68, 0x75, 0x68, 0x80, 0x00, 0x00,
    0x00, 0x00, 0x00, 0x08, 0x87, 0x55, 0x44, 0x45, 0x64, 0x44, 0x56, 0x87, 0x88, 0x00, 0x00, 0x00,
    0x00, 0x00, 0x00, 0x08, 0x86, 0x55, 0x54, 0x44, 0x46, 0x46, 0x45, 0x68, 0x88, 0x00, 0x00, 0x00,
    0x00, 0x00, 0x00, 0x08, 0x86, 0x57, 0x55, 0x44, 0x46, 0x44, 0x64, 0x56, 0x88, 0x80, 0x00, 0x00,
    0x00, 0x00, 0x00, 0x08, 0x86, 0x55, 0x75, 0x54, 0x44, 0x44, 0x44, 0x45, 0x68, 0x88, 0x00, 0x00,
    0x00, 0x00, 0x00, 0x08, 0x87, 0x65, 0x56, 0x57, 0x44, 0x44, 0x44, 0x55, 0x66, 0x88, 0x00, 0x00,
    0x00, 0x00, 0x00, 0x08, 0x88, 0x66, 0x55, 0x55, 0x64, 0x44, 0x45, 0x66, 0x55, 0x88, 0x00, 0x00,
    0x00, 0x00, 0x00, 0x00, 0x88, 0x86, 0x65, 0x55, 0x66, 0x44, 0x46, 0x53, 0x33, 0x88, 0x00, 0x00,
    0x00, 0x00, 0x00, 0x00, 0x08, 0x88, 0x66, 0x55, 0x57, 0x55, 0x64, 0x32, 0x23, 0x88, 0x00, 0x00,
    0x00, 0x00, 0x00, 0x00, 0x08, 0x87, 0x86, 0x65, 0x55, 0x56, 0x43, 0x22, 0x34, 0x88, 0x00, 0x00,
    0x00, 0x00, 0x00, 0x00, 0x88, 0x67, 0x77, 0x66, 0x55, 0x56, 0x32, 0x22, 0x36, 0x88, 0x00, 0x00,
    0x00, 0x00, 0x00, 0x08, 0x86, 0x45, 0x77, 0x86, 0x65, 0x64, 0x32, 0x23, 0x48, 0x80, 0x00, 0x00,
    0x00, 0x00, 0x00, 0x88, 0x64, 0x45, 0x78, 0x88, 0x76, 0x64, 0x33, 0x34, 0x88, 0x80, 0x00, 0x00,
    0x00, 0x00, 0x08, 0x86, 0x44, 0x56, 0x88, 0x88, 0x87, 0x63, 0x33, 0x48, 0x88, 0x00, 0x00, 0x00,
    0x00, 0x00, 0x88, 0x64, 0x45, 0x68, 0x80, 0x08, 0x88, 0x74, 0x44, 0x88, 0x80, 0x00, 0x00, 0x00,
    0x00, 0x00, 0x88, 0x44, 0x56, 0x88, 0x00, 0x00, 0x88, 0x88, 0x88, 0x88, 0x00, 0x00, 0x00, 0x00,
    0x00, 0x00, 0x88, 0x45, 0x68, 0x80, 0x00, 0x00, 0x00, 0x88, 0x88, 0x00, 0x00, 0x00, 0x00, 0x00,
    0x00, 0x00, 0x88, 0x88, 0x88, 0x00, 0x00, 0x00, 0x00, 0x00, 0x00, 0x00, 0x00, 0x00, 0x00, 0x00,
    0x00, 0x00, 0x08, 0x88, 0x80, 0x00, 0x00, 0x00, 0x00, 0x00, 0x00, 0x00, 0x00, 0x00, 0x00, 0x00,
    0x00, 0x00, 0x00, 0x00, 0x00, 0x00, 0x00, 0x00, 0x00, 0x00, 0x00, 0x00, 0x00, 0x00, 0x00, 0x00,
    0x00, 0x00, 0x00, 0x00, 0x00, 0x00, 0x00, 0x00, 0x00, 0x00, 0x00, 0x00, 0x00, 0x00, 0x00, 0x00,
    0x00, 0x00, 0x00, 0x00, 0x00, 0x00, 0x00, 0x00, 0x00, 0x00, 0x00, 0x00, 0x00, 0x00, 0x00, 0x00,
    0x00, 0x00, 0x00, 0x00, 0x00, 0x00, 0x00, 0x00, 0x00, 0x00, 0x00, 0x00, 0x00, 0x00, 0x00, 0x00,
};
unsigned short ui_hammer_pal[] = {0x3106, 0xFFFF, 0xEE9B, 0xD54D, 0xCC49, 0xA389, 0x7A87, 0x69C9, 0x3107, 0x0001, 0x0001, 0x0001, 0x0001, 0x0001, 0x0001, 0x0001};
unsigned short ui_hammer_disabled_pal[] = {0x739C, 0xDEF7, 0xC631, 0xB5AD, 0xAD6B, 0x9CE7, 0x8C63, 0x8421, 0x739D, 0x6319, 0x6319, 0x6319, 0x6319, 0x6319, 0x6319, 0x6319};
unsigned char ui_super_hammer_png[] = {
    0x00, 0x00, 0x00, 0x00, 0x00, 0x00, 0x00, 0x00, 0x00, 0x00, 0x00, 0x00, 0x00, 0x00, 0x00, 0x00,
    0x00, 0x00, 0x00, 0x00, 0x00, 0x00, 0x00, 0x00, 0x00, 0x00, 0x00, 0x00, 0x00, 0x00, 0x00, 0x00,
    0x00, 0x00, 0x00, 0x00, 0x00, 0x00, 0x00, 0x00, 0x00, 0x00, 0x00, 0x00, 0x00, 0x00, 0x00, 0x00,
    0x00, 0x00, 0x00, 0x00, 0x00, 0x00, 0x00, 0x00, 0x00, 0x00, 0x00, 0x00, 0x00, 0x00, 0x00, 0x00,
    0x00, 0x00, 0x00, 0x00, 0x00, 0x00, 0x77, 0x77, 0x77, 0x00, 0x00, 0xBB, 0xB0, 0x00, 0x00, 0x00,
    0x00, 0x00, 0x00, 0x00, 0x00, 0x77, 0x77, 0x77, 0x77, 0x70, 0x0B, 0xBB, 0xBB, 0x00, 0x00, 0x00,
    0x00, 0x00, 0x00, 0x00, 0x07, 0x77, 0x64, 0x44, 0x55, 0x77, 0xBB, 0x99, 0xAB, 0xB0, 0x00, 0x00,
    0x00, 0x00, 0x00, 0x00, 0x77, 0x55, 0x43, 0x23, 0x44, 0x47, 0x79, 0x88, 0x9B, 0xB0, 0x00, 0x00,
    0x00, 0x00, 0x00, 0x07, 0x75, 0x43, 0x33, 0x22, 0x34, 0x44, 0x6A, 0x88, 0x9B, 0xB0, 0x00, 0x00,
    0x00, 0x00, 0x00, 0x07, 0x75, 0x32, 0x23, 0x32, 0x23, 0x44, 0x46, 0xA9, 0xBB, 0x00, 0x00, 0x00,
    0x00, 0x00, 0x00, 0x77, 0x55, 0x53, 0x22, 0x33, 0x22, 0x34, 0x44, 0x6B, 0xB0, 0x00, 0x00, 0x00,
    0x00, 0x00, 0x00, 0x77, 0x54, 0x45, 0x32, 0x23, 0x32, 0x23, 0x44, 0x47, 0x70, 0x00, 0x00, 0x00,
    0x00, 0x00, 0x00, 0x77, 0x54, 0x44, 0x53, 0x22, 0x33, 0x22, 0x34, 0x44, 0x77, 0x00, 0x00, 0x00,
    0x00, 0x00, 0x00, 0x77, 0x56, 0x44, 0x44, 0x32, 0x23, 0x32, 0x23, 0x44, 0x67, 0x70, 0x00, 0x00,
    0x00, 0x00, 0x00, 0x77, 0x55, 0x64, 0x44, 0x43, 0x22, 0x33, 0x23, 0x45, 0x67, 0x77, 0x00, 0x00,
    0x00, 0x00, 0x00, 0x77, 0x75, 0x56, 0x44, 0x45, 0x32, 0x23, 0x44, 0x57, 0x76, 0x77, 0x00, 0x00,
    0x00, 0x00, 0x00, 0x07, 0x77, 0x55, 0x64, 0x44, 0x53, 0x34, 0x45, 0x75, 0x55, 0x77, 0x00, 0x00,
    0x00, 0x00, 0x00, 0x00, 0x77, 0x75, 0x56, 0x44, 0x45, 0x44, 0x57, 0x55, 0x55, 0x77, 0x00, 0x00,
    0x00, 0x00, 0x00, 0x00, 0x0B, 0x77, 0x55, 0x64, 0x45, 0x55, 0x75, 0x55, 0x56, 0x77, 0x00, 0x00,
    0x00, 0x00, 0x00, 0x00, 0xBB, 0xB7, 0x75, 0x56, 0x55, 0x57, 0x55, 0x55, 0x56, 0x70, 0x00, 0x00,
    0x00, 0x00, 0x00, 0x0B, 0xBB, 0x8A, 0x77, 0x55, 0x65, 0x57, 0x55, 0x55, 0x67, 0x70, 0x00, 0x00,
    0x00, 0x00, 0x00, 0xBB, 0xB8, 0x89, 0xA7, 0x76, 0x66, 0x75, 0x55, 0x56, 0x77, 0x00, 0x00, 0x00,
    0x00, 0x00, 0x0B, 0xBB, 0x88, 0x9B, 0xBB, 0x77, 0x66, 0x75, 0x55, 0x67, 0x77, 0x00, 0x00, 0x00,
    0x00, 0x00, 0xBB, 0xB8, 0x89, 0xBB, 0xB0, 0x77, 0x76, 0x75, 0x56, 0x77, 0x70, 0x00, 0x00, 0x00,
    0x00, 0x00, 0xBB, 0x98, 0x9B, 0xBB, 0x00, 0x07, 0x77, 0x77, 0x77, 0x77, 0x00, 0x00, 0x00, 0x00,
    0x00, 0x00, 0xBB, 0x99, 0xBB, 0xB0, 0x00, 0x00, 0x07, 0x77, 0x77, 0x00, 0x00, 0x00, 0x00, 0x00,
    0x00, 0x00, 0xBB, 0xBB, 0xBB, 0x00, 0x00, 0x00, 0x00, 0x00, 0x00, 0x00, 0x00, 0x00, 0x00, 0x00,
    0x00, 0x00, 0x0B, 0xBB, 0xB0, 0x00, 0x00, 0x00, 0x00, 0x00, 0x00, 0x00, 0x00, 0x00, 0x00, 0x00,
    0x00, 0x00, 0x00, 0x00, 0x00, 0x00, 0x00, 0x00, 0x00, 0x00, 0x00, 0x00, 0x00, 0x00, 0x00, 0x00,
    0x00, 0x00, 0x00, 0x00, 0x00, 0x00, 0x00, 0x00, 0x00, 0x00, 0x00, 0x00, 0x00, 0x00, 0x00, 0x00,
    0x00, 0x00, 0x00, 0x00, 0x00, 0x00, 0x00, 0x00, 0x00, 0x00, 0x00, 0x00, 0x00, 0x00, 0x00, 0x00,
    0x00, 0x00, 0x00, 0x00, 0x00, 0x00, 0x00, 0x00, 0x00, 0x00, 0x00, 0x00, 0x00, 0x00, 0x00, 0x00,
};
unsigned short ui_super_hammer_pal[] = {0x3106, 0xFFFF, 0xE737, 0xBDAD, 0x8BE3, 0x5ADD, 0x4217, 0x2951, 0xD4CD, 0xCBC9, 0x7A07, 0x3107, 0x0001, 0x0001, 0x0001, 0x0001};
